timestamp,location_name,temperature_current,humidity,rainfall,disease_risk,disease_name,pathogen,condition_match_score,risk_category
2026-05-23 00:00:00,Nuwara Eliya,16.71,81.78,0.53,7.42,Blister Blight (dormant/low risk),Exobasidium vexans,1.0,Low
2026-05-23 01:00:00,Nuwara Eliya,16.94,82.1,0.06,15.45,Blister Blight,Exobasidium vexans,1.0,Moderate
2026-05-23 02:00:00,Nuwara Eliya,16.81,78.44,0.0,13.7,Blister Blight,Exobasidium vexans,0.938,Moderate
2026-05-23 03:00:00,Nuwara Eliya,11.64,91.0,3.44,12.74,Blister Blight,Exobasidium vexans,0.866,Moderate
2026-05-23 04:00:00,Nuwara Eliya,16.81,94.2,0.34,21.64,Blister Blight,Exobasidium vexans,1.0,High
2026-05-23 05:00:00,Nuwara Eliya,10.49,95.0,2.69,15.92,Blister Blight,Exobasidium vexans,0.82,High
2026-05-23 06:00:00,Nuwara Eliya,10.0,95.0,6.92,13.89,Blister Blight,Exobasidium vexans,0.8,Moderate
2026-05-23 07:00:00,Nuwara Eliya,13.98,90.2,0.29,17.08,Blister Blight,Exobasidium vexans,0.959,High
2026-05-23 08:00:00,Nuwara Eliya,12.0,95.0,1.62,19.23,Blister Blight,Exobasidium vexans,0.88,High
2026-05-23 09:00:00,Nuwara Eliya,15.27,85.46,0.0,17.95,Blister Blight,Exobasidium vexans,1.0,High
2026-05-23 10:00:00,Nuwara Eliya,13.91,80.22,0.0,7.45,Blister Blight (dormant/low risk),Exobasidium vexans,0.956,Low
2026-05-23 11:00:00,Nuwara Eliya,11.84,85.26,0.0,12.7,Blister Blight,Exobasidium vexans,0.874,Moderate
2026-05-23 12:00:00,Nuwara Eliya,13.37,91.4,6.01,14.08,Blister Blight,Exobasidium vexans,0.935,Moderate
2026-05-23 13:00:00,Nuwara Eliya,13.6,73.69,0.0,12.78,Blister Blight,Exobasidium vexans,0.692,Moderate
2026-05-23 14:00:00,Nuwara Eliya,15.55,82.07,1.84,9.95,Blister Blight (dormant/low risk),Exobasidium vexans,1.0,Low
2026-05-23 15:00:00,Nuwara Eliya,17.6,76.02,0.33,14.1,Blister Blight,Exobasidium vexans,0.841,Moderate
2026-05-23 16:00:00,Nuwara Eliya,14.53,79.59,0.0,15.53,Blister Blight,Exobasidium vexans,0.965,Moderate
2026-05-23 17:00:00,Nuwara Eliya,20.08,78.93,0.0,15.07,Blister Blight,Exobasidium vexans,0.957,Moderate
2026-05-23 18:00:00,Nuwara Eliya,17.54,79.96,0.0,19.01,Blister Blight,Exobasidium vexans,0.998,High
2026-05-23 19:00:00,Nuwara Eliya,20.03,93.72,6.46,17.3,Blister Blight,Exobasidium vexans,1.0,High
2026-05-23 20:00:00,Nuwara Eliya,17.25,83.11,0.0,10.63,Blister Blight (dormant/low risk),Exobasidium vexans,1.0,Low
2026-05-23 21:00:00,Nuwara Eliya,16.64,80.59,3.02,10.29,Blister Blight (dormant/low risk),Exobasidium vexans,1.0,Low
2026-05-23 22:00:00,Nuwara Eliya,18.03,87.67,0.04,12.21,Blister Blight,Exobasidium vexans,1.0,Moderate
2026-05-23 23:00:00,Nuwara Eliya,18.46,90.27,4.42,16.75,Blister Blight,Exobasidium vexans,1.0,High
2026-05-23 00:00:00,Kandy,23.45,71.05,0.0,11.71,Grey Blight,Pestalotiopsis spp.,0.842,Moderate
2026-05-23 01:00:00,Kandy,21.12,76.44,3.09,16.57,Grey Blight,Pestalotiopsis spp.,1.0,High
2026-05-23 02:00:00,Kandy,19.86,80.62,0.56,12.06,Grey Blight,Pestalotiopsis spp.,0.994,Moderate
2026-05-23 03:00:00,Kandy,20.14,71.45,0.38,16.76,Grey Blight,Pestalotiopsis spp.,0.858,High
2026-05-23 04:00:00,Kandy,21.98,82.16,1.5,20.18,Grey Blight,Pestalotiopsis spp.,1.0,High
2026-05-23 05:00:00,Kandy,21.79,81.96,1.66,15.07,Grey Blight,Pestalotiopsis spp.,1.0,Moderate
2026-05-23 06:00:00,Kandy,23.31,78.52,0.0,10.03,Grey Blight (dormant/low risk),Pestalotiopsis spp.,1.0,Low
2026-05-23 07:00:00,Kandy,21.01,74.13,0.83,15.67,Grey Blight,Pestalotiopsis spp.,0.965,Moderate
2026-05-23 08:00:00,Kandy,18.0,78.51,0.77,19.57,Grey Blight,Pestalotiopsis spp.,0.92,High
2026-05-23 09:00:00,Kandy,20.69,74.15,0.82,16.76,Grey Blight,Pestalotiopsis spp.,0.966,High
2026-05-23 10:00:00,Kandy,22.84,70.1,0.0,12.22,Grey Blight,Pestalotiopsis spp.,0.804,Moderate
2026-05-23 11:00:00,Kandy,25.11,76.47,0.0,12.77,Grey Blight,Pestalotiopsis spp.,0.996,Moderate
2026-05-23 12:00:00,Kandy,22.96,69.41,0.77,11.91,Grey Blight,Pestalotiopsis spp.,0.776,Moderate
2026-05-23 13:00:00,Kandy,23.94,59.42,0.0,12.71,Grey Blight,Pestalotiopsis spp.,0.4,Moderate
2026-05-23 14:00:00,Kandy,29.33,58.68,0.0,8.97,Grey Blight (dormant/low risk),Pestalotiopsis spp.,0.227,Low
2026-05-23 15:00:00,Kandy,22.1,58.51,0.0,8.7,Grey Blight (dormant/low risk),Pestalotiopsis spp.,0.4,Low
2026-05-23 16:00:00,Kandy,26.68,62.66,0.0,9.24,Grey Blight (dormant/low risk),Pestalotiopsis spp.,0.439,Low
2026-05-23 17:00:00,Kandy,25.49,70.6,1.36,12.26,Grey Blight,Pestalotiopsis spp.,0.804,Moderate
2026-05-23 18:00:00,Kandy,28.15,66.73,1.35,7.69,Grey Blight (dormant/low risk),Pestalotiopsis spp.,0.543,Low
2026-05-23 19:00:00,Kandy,23.21,72.83,0.0,18.18,Grey Blight,Pestalotiopsis spp.,0.913,High
2026-05-23 20:00:00,Kandy,25.54,68.09,0.0,16.05,Grey Blight,Pestalotiopsis spp.,0.702,High
2026-05-23 21:00:00,Kandy,25.33,82.66,0.0,14.02,Grey Blight,Pestalotiopsis spp.,0.987,Moderate
2026-05-23 22:00:00,Kandy,26.32,82.69,4.06,5.78,Grey Blight (dormant/low risk),Pestalotiopsis spp.,0.947,Low
2026-05-23 23:00:00,Kandy,23.9,68.9,0.0,7.92,Grey Blight (dormant/low risk),Pestalotiopsis spp.,0.756,Low
2026-05-23 00:00:00,Ratnapura,32.4,78.04,4.08,17.63,Brown Blight,Colletotrichum / Glomerella spp.,0.826,High
2026-05-23 01:00:00,Ratnapura,29.77,71.31,0.27,10.91,Brown Blight,Colletotrichum / Glomerella spp.,0.652,Moderate
2026-05-23 02:00:00,Ratnapura,25.48,81.63,2.41,16.76,Brown Blight,Colletotrichum / Glomerella spp.,1.0,High
2026-05-23 03:00:00,Ratnapura,30.43,75.84,1.32,12.42,Brown Blight,Colletotrichum / Glomerella spp.,0.816,Moderate
2026-05-23 04:00:00,Ratnapura,26.88,84.57,3.24,9.8,Brown Blight (dormant/low risk),Colletotrichum / Glomerella spp.,1.0,Low
2026-05-23 05:00:00,Ratnapura,26.67,86.4,0.0,9.52,Brown Blight (dormant/low risk),Colletotrichum / Glomerella spp.,1.0,Low
2026-05-23 06:00:00,Ratnapura,26.74,79.8,0.33,18.15,Brown Blight,Colletotrichum / Glomerella spp.,0.992,High
2026-05-23 07:00:00,Ratnapura,26.24,83.36,0.0,12.52,Brown Blight,Colletotrichum / Glomerella spp.,1.0,Moderate
2026-05-23 08:00:00,Ratnapura,27.78,76.74,0.0,14.23,Brown Blight,Colletotrichum / Glomerella spp.,0.87,Moderate
2026-05-23 09:00:00,Ratnapura,27.7,82.66,0.0,9.66,Brown Blight (dormant/low risk),Colletotrichum / Glomerella spp.,1.0,Low
2026-05-23 10:00:00,Ratnapura,25.73,72.45,0.0,21.08,Brown Blight,Colletotrichum / Glomerella spp.,0.698,High
2026-05-23 11:00:00,Ratnapura,27.17,75.12,0.0,16.72,Brown Blight,Colletotrichum / Glomerella spp.,0.805,High
2026-05-23 12:00:00,Ratnapura,29.66,68.14,0.0,15.83,Brown Blight,Colletotrichum / Glomerella spp.,0.526,High
2026-05-23 13:00:00,Ratnapura,25.57,70.27,0.0,15.27,Brown Blight,Colletotrichum / Glomerella spp.,0.611,Moderate
2026-05-23 14:00:00,Ratnapura,28.62,70.87,0.0,10.72,Brown Blight (dormant/low risk),Colletotrichum / Glomerella spp.,0.635,Low
2026-05-23 15:00:00,Ratnapura,27.5,65.0,0.0,8.8,Brown Blight (dormant/low risk),Colletotrichum / Glomerella spp.,0.4,Low
2026-05-23 16:00:00,Ratnapura,33.47,78.64,7.88,14.46,Brown Blight,Colletotrichum / Glomerella spp.,0.807,Moderate
2026-05-23 17:00:00,Ratnapura,27.16,76.42,2.24,11.02,Brown Blight,Colletotrichum / Glomerella spp.,0.857,Moderate
2026-05-23 18:00:00,Ratnapura,29.24,83.33,0.0,11.28,Brown Blight,Colletotrichum / Glomerella spp.,1.0,Moderate
2026-05-23 19:00:00,Ratnapura,27.8,73.54,0.0,8.9,Brown Blight (dormant/low risk),Colletotrichum / Glomerella spp.,0.742,Low
2026-05-23 20:00:00,Ratnapura,33.67,67.63,0.0,17.06,Brown Blight,Colletotrichum / Glomerella spp.,0.358,High
2026-05-23 21:00:00,Ratnapura,30.58,69.73,0.0,11.99,Brown Blight,Colletotrichum / Glomerella spp.,0.566,Moderate
2026-05-23 22:00:00,Ratnapura,30.3,83.09,6.77,4.77,Brown Blight (dormant/low risk),Colletotrichum / Glomerella spp.,0.988,Low
2026-05-23 23:00:00,Ratnapura,28.86,77.8,0.0,12.41,Brown Blight,Colletotrichum / Glomerella spp.,0.912,Moderate
2026-05-24 00:00:00,Nuwara Eliya,14.62,84.69,2.19,13.92,Blister Blight,Exobasidium vexans,0.985,Moderate
2026-05-24 01:00:00,Nuwara Eliya,12.03,90.42,0.65,16.73,Blister Blight,Exobasidium vexans,0.881,High
2026-05-24 02:00:00,Nuwara Eliya,14.29,83.21,0.0,7.67,Blister Blight (dormant/low risk),Exobasidium vexans,0.972,Low
2026-05-24 03:00:00,Nuwara Eliya,14.94,76.91,0.98,14.98,Blister Blight,Exobasidium vexans,0.874,Moderate
2026-05-24 04:00:00,Nuwara Eliya,15.86,87.89,0.76,11.84,Blister Blight,Exobasidium vexans,1.0,Moderate
2026-05-24 05:00:00,Nuwara Eliya,13.49,95.0,4.87,17.32,Blister Blight,Exobasidium vexans,0.94,High
2026-05-24 06:00:00,Nuwara Eliya,11.79,89.89,0.0,14.22,Blister Blight,Exobasidium vexans,0.872,Moderate
2026-05-24 07:00:00,Nuwara Eliya,12.62,95.0,5.66,9.63,Blister Blight (dormant/low risk),Exobasidium vexans,0.905,Low
2026-05-24 08:00:00,Nuwara Eliya,10.0,87.76,0.0,9.18,Blister Blight (dormant/low risk),Exobasidium vexans,0.8,Low
2026-05-24 09:00:00,Nuwara Eliya,10.0,95.0,7.96,12.74,Blister Blight,Exobasidium vexans,0.8,Moderate
2026-05-24 10:00:00,Nuwara Eliya,12.81,88.95,5.08,13.73,Blister Blight,Exobasidium vexans,0.912,Moderate
2026-05-24 11:00:00,Nuwara Eliya,13.26,84.1,1.11,15.36,Blister Blight,Exobasidium vexans,0.93,Moderate
2026-05-24 12:00:00,Nuwara Eliya,14.94,75.25,0.0,12.28,Blister Blight,Exobasidium vexans,0.808,Moderate
2026-05-24 13:00:00,Nuwara Eliya,12.63,70.87,0.49,14.11,Blister Blight,Exobasidium vexans,0.54,Moderate
2026-05-24 14:00:00,Nuwara Eliya,12.84,77.71,0.0,10.04,Blister Blight (dormant/low risk),Exobasidium vexans,0.822,Low
2026-05-24 15:00:00,Nuwara Eliya,18.14,79.08,0.0,8.63,Blister Blight (dormant/low risk),Exobasidium vexans,0.963,Low
2026-05-24 16:00:00,Nuwara Eliya,14.1,80.72,1.94,12.66,Blister Blight,Exobasidium vexans,0.964,Moderate
2026-05-24 17:00:00,Nuwara Eliya,17.17,83.66,2.39,13.87,Blister Blight,Exobasidium vexans,1.0,Moderate
2026-05-24 18:00:00,Nuwara Eliya,17.07,84.89,0.0,13.9,Blister Blight,Exobasidium vexans,1.0,Moderate
2026-05-24 19:00:00,Nuwara Eliya,17.97,83.15,0.0,15.0,Blister Blight,Exobasidium vexans,1.0,Moderate
2026-05-24 20:00:00,Nuwara Eliya,20.36,80.25,0.83,9.39,Blister Blight (dormant/low risk),Exobasidium vexans,1.0,Low
2026-05-24 21:00:00,Nuwara Eliya,18.45,85.14,0.18,14.24,Blister Blight,Exobasidium vexans,1.0,Moderate
2026-05-24 22:00:00,Nuwara Eliya,19.95,79.77,0.0,11.33,Blister Blight,Exobasidium vexans,0.991,Moderate
2026-05-24 23:00:00,Nuwara Eliya,17.75,81.68,0.04,13.01,Blister Blight,Exobasidium vexans,1.0,Moderate
2026-05-24 00:00:00,Kandy,22.95,75.1,1.8,12.1,Grey Blight,Pestalotiopsis spp.,1.0,Moderate
2026-05-24 01:00:00,Kandy,21.03,79.78,2.57,15.9,Grey Blight,Pestalotiopsis spp.,1.0,High
2026-05-24 02:00:00,Kandy,24.71,73.71,0.0,13.76,Grey Blight,Pestalotiopsis spp.,0.948,Moderate
2026-05-24 03:00:00,Kandy,22.21,70.54,0.0,11.16,Grey Blight,Pestalotiopsis spp.,0.822,Moderate
2026-05-24 04:00:00,Kandy,22.35,86.04,0.0,20.21,Grey Blight,Pestalotiopsis spp.,1.0,High
2026-05-24 05:00:00,Kandy,21.68,74.99,0.0,17.61,Grey Blight,Pestalotiopsis spp.,1.0,High
2026-05-24 06:00:00,Kandy,18.81,88.57,0.0,20.39,Grey Blight,Pestalotiopsis spp.,0.952,High
2026-05-24 07:00:00,Kandy,18.21,75.05,0.0,15.33,Grey Blight,Pestalotiopsis spp.,0.928,Moderate
2026-05-24 08:00:00,Kandy,22.15,73.41,0.0,12.12,Grey Blight,Pestalotiopsis spp.,0.936,Moderate
2026-05-24 09:00:00,Kandy,18.0,81.75,2.86,10.76,Grey Blight,Pestalotiopsis spp.,0.92,Moderate
2026-05-24 10:00:00,Kandy,22.02,68.98,0.0,7.87,Grey Blight (dormant/low risk),Pestalotiopsis spp.,0.759,Low
2026-05-24 11:00:00,Kandy,25.14,71.29,0.36,12.01,Grey Blight,Pestalotiopsis spp.,0.846,Moderate
2026-05-24 12:00:00,Kandy,24.07,64.99,0.02,12.48,Grey Blight,Pestalotiopsis spp.,0.6,Moderate
2026-05-24 13:00:00,Kandy,21.95,62.94,0.0,9.62,Grey Blight (dormant/low risk),Pestalotiopsis spp.,0.518,Low
2026-05-24 14:00:00,Kandy,19.46,66.57,0.38,8.89,Grey Blight (dormant/low risk),Pestalotiopsis spp.,0.641,Low
2026-05-24 15:00:00,Kandy,21.65,59.37,0.0,14.37,Grey Blight,Pestalotiopsis spp.,0.4,Moderate
2026-05-24 16:00:00,Kandy,22.69,67.21,0.43,12.3,Grey Blight,Pestalotiopsis spp.,0.688,Moderate
2026-05-24 17:00:00,Kandy,26.51,69.5,0.0,11.08,Grey Blight,Pestalotiopsis spp.,0.72,Moderate
2026-05-24 18:00:00,Kandy,21.88,68.87,0.0,11.98,Grey Blight,Pestalotiopsis spp.,0.755,Moderate
2026-05-24 19:00:00,Kandy,26.38,74.02,0.3,11.45,Grey Blight,Pestalotiopsis spp.,0.906,Moderate
2026-05-24 20:00:00,Kandy,24.58,79.17,1.79,19.04,Grey Blight,Pestalotiopsis spp.,1.0,High
2026-05-24 21:00:00,Kandy,21.26,68.36,0.0,12.66,Grey Blight,Pestalotiopsis spp.,0.734,Moderate
2026-05-24 22:00:00,Kandy,25.34,61.97,0.0,15.52,Grey Blight,Pestalotiopsis spp.,0.465,Moderate
2026-05-24 23:00:00,Kandy,24.06,72.5,0.0,14.18,Grey Blight,Pestalotiopsis spp.,0.9,Moderate
2026-05-24 00:00:00,Ratnapura,27.93,80.26,0.0,13.04,Brown Blight,Colletotrichum / Glomerella spp.,1.0,Moderate
2026-05-24 01:00:00,Ratnapura,26.0,76.22,1.77,16.26,Brown Blight,Colletotrichum / Glomerella spp.,0.849,High
2026-05-24 02:00:00,Ratnapura,31.88,68.12,0.0,8.22,Brown Blight (dormant/low risk),Colletotrichum / Glomerella spp.,0.45,Low
2026-05-24 03:00:00,Ratnapura,26.92,75.96,0.57,10.16,Brown Blight (dormant/low risk),Colletotrichum / Glomerella spp.,0.838,Low
2026-05-24 04:00:00,Ratnapura,26.86,82.23,1.44,8.23,Brown Blight (dormant/low risk),Colletotrichum / Glomerella spp.,1.0,Low
2026-05-24 05:00:00,Ratnapura,26.24,76.76,0.0,12.76,Brown Blight,Colletotrichum / Glomerella spp.,0.87,Moderate
2026-05-24 06:00:00,Ratnapura,28.53,75.84,0.0,6.07,Brown Blight (dormant/low risk),Colletotrichum / Glomerella spp.,0.834,Low
2026-05-24 07:00:00,Ratnapura,22.87,91.59,0.0,14.51,Brown Blight,Colletotrichum / Glomerella spp.,0.915,Moderate
2026-05-24 08:00:00,Ratnapura,26.09,86.37,3.32,10.26,Brown Blight (dormant/low risk),Colletotrichum / Glomerella spp.,1.0,Low
2026-05-24 09:00:00,Ratnapura,27.27,80.19,0.0,8.11,Brown Blight (dormant/low risk),Colletotrichum / Glomerella spp.,1.0,Low
2026-05-24 10:00:00,Ratnapura,24.58,79.32,1.36,16.93,Brown Blight,Colletotrichum / Glomerella spp.,0.956,High
2026-05-24 11:00:00,Ratnapura,30.17,65.0,0.0,7.85,Brown Blight (dormant/low risk),Colletotrichum / Glomerella spp.,0.393,Low
2026-05-24 12:00:00,Ratnapura,29.49,73.52,0.0,13.17,Brown Blight,Colletotrichum / Glomerella spp.,0.741,Moderate
2026-05-24 13:00:00,Ratnapura,24.37,73.32,0.0,17.71,Brown Blight,Colletotrichum / Glomerella spp.,0.708,High
2026-05-24 14:00:00,Ratnapura,26.46,68.51,1.03,12.91,Brown Blight,Colletotrichum / Glomerella spp.,0.54,Moderate
2026-05-24 15:00:00,Ratnapura,29.9,65.0,0.0,18.14,Brown Blight,Colletotrichum / Glomerella spp.,0.4,High
2026-05-24 16:00:00,Ratnapura,30.48,65.0,0.0,13.73,Brown Blight,Colletotrichum / Glomerella spp.,0.381,Moderate
2026-05-24 17:00:00,Ratnapura,32.12,77.74,0.0,13.05,Brown Blight,Colletotrichum / Glomerella spp.,0.825,Moderate
2026-05-24 18:00:00,Ratnapura,28.61,77.1,1.08,7.69,Brown Blight (dormant/low risk),Colletotrichum / Glomerella spp.,0.884,Low
2026-05-24 19:00:00,Ratnapura,30.98,76.68,0.0,11.45,Brown Blight,Colletotrichum / Glomerella spp.,0.828,Moderate
2026-05-24 20:00:00,Ratnapura,30.67,70.77,0.0,10.42,Brown Blight (dormant/low risk),Colletotrichum / Glomerella spp.,0.604,Low
2026-05-24 21:00:00,Ratnapura,32.28,82.17,0.0,16.82,Brown Blight,Colletotrichum / Glomerella spp.,0.909,High
2026-05-24 22:00:00,Ratnapura,32.5,73.81,4.28,12.84,Brown Blight,Colletotrichum / Glomerella spp.,0.652,Moderate
2026-05-24 23:00:00,Ratnapura,28.53,77.74,0.0,12.02,Brown Blight,Colletotrichum / Glomerella spp.,0.91,Moderate
2026-05-25 00:00:00,Nuwara Eliya,15.13,74.28,0.0,12.76,Blister Blight,Exobasidium vexans,0.771,Moderate
2026-05-25 01:00:00,Nuwara Eliya,17.33,72.7,0.0,16.18,Blister Blight,Exobasidium vexans,0.708,High
2026-05-25 02:00:00,Nuwara Eliya,11.8,74.02,0.74,5.78,Blister Blight (dormant/low risk),Exobasidium vexans,0.633,Low
2026-05-25 03:00:00,Nuwara Eliya,13.59,80.76,0.89,9.54,Blister Blight (dormant/low risk),Exobasidium vexans,0.944,Low
2026-05-25 04:00:00,Nuwara Eliya,12.31,95.0,4.18,16.99,Blister Blight,Exobasidium vexans,0.892,High
2026-05-25 05:00:00,Nuwara Eliya,13.47,95.0,4.28,15.83,Blister Blight,Exobasidium vexans,0.939,High
2026-05-25 06:00:00,Nuwara Eliya,10.99,90.71,0.0,14.36,Blister Blight,Exobasidium vexans,0.84,Moderate
2026-05-25 07:00:00,Nuwara Eliya,10.0,95.0,0.0,13.75,Blister Blight,Exobasidium vexans,0.8,Moderate
2026-05-25 08:00:00,Nuwara Eliya,10.32,94.74,1.85,14.48,Blister Blight,Exobasidium vexans,0.813,Moderate
2026-05-25 09:00:00,Nuwara Eliya,10.0,90.26,4.13,9.53,Blister Blight (dormant/low risk),Exobasidium vexans,0.8,Low
2026-05-25 10:00:00,Nuwara Eliya,15.28,82.66,0.8,7.47,Blister Blight (dormant/low risk),Exobasidium vexans,1.0,Low
2026-05-25 11:00:00,Nuwara Eliya,13.75,95.0,2.09,13.15,Blister Blight,Exobasidium vexans,0.95,Moderate
2026-05-25 12:00:00,Nuwara Eliya,13.96,83.67,2.11,9.97,Blister Blight (dormant/low risk),Exobasidium vexans,0.958,Low
2026-05-25 13:00:00,Nuwara Eliya,13.23,82.65,3.34,14.59,Blister Blight,Exobasidium vexans,0.929,Moderate
2026-05-25 14:00:00,Nuwara Eliya,17.0,81.38,3.3,13.11,Blister Blight,Exobasidium vexans,1.0,Moderate
2026-05-25 15:00:00,Nuwara Eliya,18.19,86.06,5.12,16.63,Blister Blight,Exobasidium vexans,1.0,High
2026-05-25 16:00:00,Nuwara Eliya,16.96,85.79,3.43,11.74,Blister Blight,Exobasidium vexans,1.0,Moderate
2026-05-25 17:00:00,Nuwara Eliya,18.8,80.58,1.86,8.95,Blister Blight (dormant/low risk),Exobasidium vexans,1.0,Low
2026-05-25 18:00:00,Nuwara Eliya,18.1,80.59,1.7,11.28,Blister Blight,Exobasidium vexans,1.0,Moderate
2026-05-25 19:00:00,Nuwara Eliya,16.04,78.67,0.0,22.32,Blister Blight,Exobasidium vexans,0.947,High
2026-05-25 20:00:00,Nuwara Eliya,17.63,85.31,2.43,12.76,Blister Blight,Exobasidium vexans,1.0,Moderate
2026-05-25 21:00:00,Nuwara Eliya,16.56,79.74,0.0,19.91,Blister Blight,Exobasidium vexans,0.99,High
2026-05-25 22:00:00,Nuwara Eliya,16.64,76.92,0.0,10.74,Blister Blight (dormant/low risk),Exobasidium vexans,0.877,Low
2026-05-25 23:00:00,Nuwara Eliya,17.09,74.94,0.0,8.59,Blister Blight (dormant/low risk),Exobasidium vexans,0.798,Low
2026-05-25 00:00:00,Kandy,23.16,65.37,0.0,9.44,Grey Blight (dormant/low risk),Pestalotiopsis spp.,0.615,Low
2026-05-25 01:00:00,Kandy,25.03,70.54,0.0,15.8,Grey Blight,Pestalotiopsis spp.,0.82,High
2026-05-25 02:00:00,Kandy,18.0,81.65,0.0,8.78,Grey Blight (dormant/low risk),Pestalotiopsis spp.,0.92,Low
2026-05-25 03:00:00,Kandy,22.22,76.67,2.46,11.32,Grey Blight,Pestalotiopsis spp.,1.0,Moderate
2026-05-25 04:00:00,Kandy,25.65,89.36,5.09,12.5,Grey Blight,Pestalotiopsis spp.,0.974,Moderate
2026-05-25 05:00:00,Kandy,26.49,69.7,0.0,13.07,Grey Blight,Pestalotiopsis spp.,0.728,Moderate
2026-05-25 06:00:00,Kandy,23.39,77.76,1.68,11.53,Grey Blight,Pestalotiopsis spp.,1.0,Moderate
2026-05-25 07:00:00,Kandy,22.77,86.39,0.4,15.86,Grey Blight,Pestalotiopsis spp.,1.0,High
2026-05-25 08:00:00,Kandy,18.0,85.32,0.1,7.76,Grey Blight (dormant/low risk),Pestalotiopsis spp.,0.92,Low
2026-05-25 09:00:00,Kandy,20.02,80.8,4.39,16.26,Grey Blight,Pestalotiopsis spp.,1.0,High
2026-05-25 10:00:00,Kandy,24.34,68.79,0.91,8.23,Grey Blight (dormant/low risk),Pestalotiopsis spp.,0.752,Low
2026-05-25 11:00:00,Kandy,23.27,73.32,0.0,16.36,Grey Blight,Pestalotiopsis spp.,0.933,High
2026-05-25 12:00:00,Kandy,23.68,64.64,0.0,12.28,Grey Blight,Pestalotiopsis spp.,0.586,Moderate
2026-05-25 13:00:00,Kandy,20.89,67.01,0.0,11.0,Grey Blight,Pestalotiopsis spp.,0.68,Moderate
2026-05-25 14:00:00,Kandy,22.01,62.45,0.0,13.44,Grey Blight,Pestalotiopsis spp.,0.498,Moderate
2026-05-25 15:00:00,Kandy,24.0,57.74,0.0,13.58,Grey Blight,Pestalotiopsis spp.,0.4,Moderate
2026-05-25 16:00:00,Kandy,22.5,69.32,2.32,11.3,Grey Blight,Pestalotiopsis spp.,0.773,Moderate
2026-05-25 17:00:00,Kandy,24.0,71.14,0.0,15.35,Grey Blight,Pestalotiopsis spp.,0.846,Moderate
2026-05-25 18:00:00,Kandy,26.3,83.39,3.46,10.3,Grey Blight (dormant/low risk),Pestalotiopsis spp.,0.948,Low
2026-05-25 19:00:00,Kandy,25.97,68.92,0.29,13.09,Grey Blight,Pestalotiopsis spp.,0.718,Moderate
2026-05-25 20:00:00,Kandy,28.92,68.25,0.59,11.14,Grey Blight,Pestalotiopsis spp.,0.573,Moderate
2026-05-25 21:00:00,Kandy,25.19,62.59,0.0,15.3,Grey Blight,Pestalotiopsis spp.,0.496,Moderate
2026-05-25 22:00:00,Kandy,24.12,71.43,0.0,13.21,Grey Blight,Pestalotiopsis spp.,0.857,Moderate
2026-05-25 23:00:00,Kandy,25.53,59.22,0.0,15.37,Grey Blight,Pestalotiopsis spp.,0.379,Moderate
2026-05-25 00:00:00,Ratnapura,31.62,70.49,0.0,8.86,Brown Blight (dormant/low risk),Colletotrichum / Glomerella spp.,0.555,Low
2026-05-25 01:00:00,Ratnapura,29.44,81.49,2.25,11.04,Brown Blight,Colletotrichum / Glomerella spp.,1.0,Moderate
2026-05-25 02:00:00,Ratnapura,26.31,81.47,0.0,9.46,Brown Blight (dormant/low risk),Colletotrichum / Glomerella spp.,1.0,Low
2026-05-25 03:00:00,Ratnapura,24.61,87.2,2.9,11.26,Brown Blight,Colletotrichum / Glomerella spp.,0.984,Moderate
2026-05-25 04:00:00,Ratnapura,26.88,85.47,1.44,13.62,Brown Blight,Colletotrichum / Glomerella spp.,1.0,Moderate
2026-05-25 05:00:00,Ratnapura,23.89,86.98,2.23,13.56,Brown Blight,Colletotrichum / Glomerella spp.,0.956,Moderate
2026-05-25 06:00:00,Ratnapura,28.0,96.96,7.13,16.17,Brown Blight,Colletotrichum / Glomerella spp.,1.0,High
2026-05-25 07:00:00,Ratnapura,24.85,79.32,0.0,13.61,Brown Blight,Colletotrichum / Glomerella spp.,0.967,Moderate
2026-05-25 08:00:00,Ratnapura,24.51,92.77,4.38,11.33,Brown Blight,Colletotrichum / Glomerella spp.,0.98,Moderate
2026-05-25 09:00:00,Ratnapura,24.15,75.15,0.0,17.31,Brown Blight,Colletotrichum / Glomerella spp.,0.772,High
2026-05-25 10:00:00,Ratnapura,26.08,79.44,0.27,9.52,Brown Blight (dormant/low risk),Colletotrichum / Glomerella spp.,0.978,Low
2026-05-25 11:00:00,Ratnapura,26.09,82.83,0.0,3.34,Brown Blight (dormant/low risk),Colletotrichum / Glomerella spp.,1.0,Low
2026-05-25 12:00:00,Ratnapura,27.65,77.56,0.0,13.14,Brown Blight,Colletotrichum / Glomerella spp.,0.902,Moderate
2026-05-25 13:00:00,Ratnapura,27.98,72.72,2.91,13.3,Brown Blight,Colletotrichum / Glomerella spp.,0.709,Moderate
2026-05-25 14:00:00,Ratnapura,32.04,65.0,0.0,12.73,Brown Blight,Colletotrichum / Glomerella spp.,0.318,Moderate
2026-05-25 15:00:00,Ratnapura,28.44,68.76,0.0,12.95,Brown Blight,Colletotrichum / Glomerella spp.,0.55,Moderate
2026-05-25 16:00:00,Ratnapura,28.46,68.7,0.0,6.08,Brown Blight (dormant/low risk),Colletotrichum / Glomerella spp.,0.548,Low
2026-05-25 17:00:00,Ratnapura,30.69,76.2,2.31,10.11,Brown Blight (dormant/low risk),Colletotrichum / Glomerella spp.,0.82,Low
2026-05-25 18:00:00,Ratnapura,29.39,73.11,0.0,16.79,Brown Blight,Colletotrichum / Glomerella spp.,0.724,High
2026-05-25 19:00:00,Ratnapura,32.5,69.59,0.0,7.82,Brown Blight (dormant/low risk),Colletotrichum / Glomerella spp.,0.484,Low
2026-05-25 20:00:00,Ratnapura,30.7,72.64,0.0,11.91,Brown Blight,Colletotrichum / Glomerella spp.,0.678,Moderate
2026-05-25 21:00:00,Ratnapura,30.46,74.42,0.71,12.82,Brown Blight,Colletotrichum / Glomerella spp.,0.758,Moderate
2026-05-25 22:00:00,Ratnapura,30.57,71.79,0.0,8.57,Brown Blight (dormant/low risk),Colletotrichum / Glomerella spp.,0.649,Low
2026-05-25 23:00:00,Ratnapura,31.93,82.31,4.75,11.73,Brown Blight,Colletotrichum / Glomerella spp.,0.923,Moderate
2026-05-26 00:00:00,Nuwara Eliya,20.5,72.57,0.0,11.66,Blister Blight,Exobasidium vexans,0.703,Moderate
2026-05-26 01:00:00,Nuwara Eliya,15.42,85.66,0.82,10.06,Blister Blight (dormant/low risk),Exobasidium vexans,1.0,Low
2026-05-26 02:00:00,Nuwara Eliya,17.71,88.48,3.91,19.88,Blister Blight,Exobasidium vexans,1.0,High
2026-05-26 03:00:00,Nuwara Eliya,12.74,84.94,0.87,14.05,Blister Blight,Exobasidium vexans,0.91,Moderate
2026-05-26 04:00:00,Nuwara Eliya,13.02,95.0,8.27,21.65,Blister Blight,Exobasidium vexans,0.921,High
2026-05-26 05:00:00,Nuwara Eliya,14.92,91.09,0.33,20.51,Blister Blight,Exobasidium vexans,0.997,High
2026-05-26 06:00:00,Nuwara Eliya,13.09,89.65,3.11,15.49,Blister Blight,Exobasidium vexans,0.924,Moderate
2026-05-26 07:00:00,Nuwara Eliya,12.74,85.19,0.0,10.69,Blister Blight (dormant/low risk),Exobasidium vexans,0.91,Low
2026-05-26 08:00:00,Nuwara Eliya,10.0,95.0,0.57,17.55,Blister Blight,Exobasidium vexans,0.8,High
2026-05-26 09:00:00,Nuwara Eliya,12.08,88.27,2.48,16.79,Blister Blight,Exobasidium vexans,0.883,High
2026-05-26 10:00:00,Nuwara Eliya,16.44,93.22,4.19,15.15,Blister Blight,Exobasidium vexans,1.0,Moderate
2026-05-26 11:00:00,Nuwara Eliya,11.15,95.0,5.49,14.6,Blister Blight,Exobasidium vexans,0.846,Moderate
2026-05-26 12:00:00,Nuwara Eliya,15.07,73.28,0.0,13.05,Blister Blight,Exobasidium vexans,0.731,Moderate
2026-05-26 13:00:00,Nuwara Eliya,15.59,71.62,0.0,16.26,Blister Blight,Exobasidium vexans,0.665,High
2026-05-26 14:00:00,Nuwara Eliya,14.27,74.09,1.21,13.89,Blister Blight,Exobasidium vexans,0.734,Moderate
2026-05-26 15:00:00,Nuwara Eliya,17.32,73.1,1.1,16.08,Blister Blight,Exobasidium vexans,0.724,High
2026-05-26 16:00:00,Nuwara Eliya,17.7,72.44,0.21,10.39,Blister Blight (dormant/low risk),Exobasidium vexans,0.698,Low
2026-05-26 17:00:00,Nuwara Eliya,17.14,83.41,0.0,10.69,Blister Blight (dormant/low risk),Exobasidium vexans,1.0,Low
2026-05-26 18:00:00,Nuwara Eliya,17.14,94.04,7.21,15.36,Blister Blight,Exobasidium vexans,1.0,Moderate
2026-05-26 19:00:00,Nuwara Eliya,14.5,86.88,0.99,9.12,Blister Blight (dormant/low risk),Exobasidium vexans,0.98,Low
2026-05-26 20:00:00,Nuwara Eliya,16.69,79.32,0.0,11.18,Blister Blight,Exobasidium vexans,0.973,Moderate
2026-05-26 21:00:00,Nuwara Eliya,17.12,83.98,0.95,15.05,Blister Blight,Exobasidium vexans,1.0,Moderate
2026-05-26 22:00:00,Nuwara Eliya,20.28,85.82,0.31,17.73,Blister Blight,Exobasidium vexans,1.0,High
2026-05-26 23:00:00,Nuwara Eliya,20.38,79.12,0.0,15.06,Blister Blight,Exobasidium vexans,0.965,Moderate
2026-05-26 00:00:00,Kandy,22.43,77.03,0.71,19.23,Grey Blight,Pestalotiopsis spp.,1.0,High
2026-05-26 01:00:00,Kandy,24.1,66.95,0.86,15.07,Grey Blight,Pestalotiopsis spp.,0.678,Moderate
2026-05-26 02:00:00,Kandy,23.17,70.51,2.07,14.15,Grey Blight,Pestalotiopsis spp.,0.82,Moderate
2026-05-26 03:00:00,Kandy,21.05,71.62,2.7,19.22,Grey Blight,Pestalotiopsis spp.,0.865,High
2026-05-26 04:00:00,Kandy,24.02,67.56,0.72,11.09,Grey Blight,Pestalotiopsis spp.,0.702,Moderate
2026-05-26 05:00:00,Kandy,22.77,73.1,0.43,8.72,Grey Blight (dormant/low risk),Pestalotiopsis spp.,0.924,Low
2026-05-26 06:00:00,Kandy,20.05,81.51,0.0,10.63,Grey Blight (dormant/low risk),Pestalotiopsis spp.,1.0,Low
2026-05-26 07:00:00,Kandy,20.81,81.53,0.0,15.54,Grey Blight,Pestalotiopsis spp.,1.0,Moderate
2026-05-26 08:00:00,Kandy,21.94,80.65,0.65,13.38,Grey Blight,Pestalotiopsis spp.,1.0,Moderate
2026-05-26 09:00:00,Kandy,19.22,73.55,0.0,13.95,Grey Blight,Pestalotiopsis spp.,0.911,Moderate
2026-05-26 10:00:00,Kandy,24.39,70.65,0.0,12.12,Grey Blight,Pestalotiopsis spp.,0.826,Moderate
2026-05-26 11:00:00,Kandy,20.44,77.27,0.0,18.7,Grey Blight,Pestalotiopsis spp.,1.0,High
2026-05-26 12:00:00,Kandy,21.61,68.76,0.44,9.03,Grey Blight (dormant/low risk),Pestalotiopsis spp.,0.75,Low
2026-05-26 13:00:00,Kandy,22.03,65.6,0.51,11.45,Grey Blight,Pestalotiopsis spp.,0.624,Moderate
2026-05-26 14:00:00,Kandy,19.89,73.35,0.0,17.88,Grey Blight,Pestalotiopsis spp.,0.93,High
2026-05-26 15:00:00,Kandy,23.32,64.06,0.0,13.9,Grey Blight,Pestalotiopsis spp.,0.562,Moderate
2026-05-26 16:00:00,Kandy,21.71,65.98,0.81,11.92,Grey Blight,Pestalotiopsis spp.,0.639,Moderate
2026-05-26 17:00:00,Kandy,25.44,57.33,0.0,13.39,Grey Blight,Pestalotiopsis spp.,0.382,Moderate
2026-05-26 18:00:00,Kandy,23.2,63.63,0.0,5.83,Grey Blight (dormant/low risk),Pestalotiopsis spp.,0.545,Low
2026-05-26 19:00:00,Kandy,25.31,65.71,0.0,17.97,Grey Blight,Pestalotiopsis spp.,0.616,High
2026-05-26 20:00:00,Kandy,23.02,70.59,0.0,13.59,Grey Blight,Pestalotiopsis spp.,0.824,Moderate
2026-05-26 21:00:00,Kandy,21.8,70.68,2.27,14.93,Grey Blight,Pestalotiopsis spp.,0.827,Moderate
2026-05-26 22:00:00,Kandy,22.61,72.8,2.25,13.88,Grey Blight,Pestalotiopsis spp.,0.912,Moderate
2026-05-26 23:00:00,Kandy,25.98,64.96,4.06,13.48,Grey Blight,Pestalotiopsis spp.,0.559,Moderate
2026-05-26 00:00:00,Ratnapura,28.03,76.54,0.0,14.58,Brown Blight,Colletotrichum / Glomerella spp.,0.862,Moderate
2026-05-26 01:00:00,Ratnapura,29.55,76.68,0.0,14.46,Brown Blight,Colletotrichum / Glomerella spp.,0.867,Moderate
2026-05-26 02:00:00,Ratnapura,30.53,65.01,0.0,16.6,Brown Blight,Colletotrichum / Glomerella spp.,0.379,High
2026-05-26 03:00:00,Ratnapura,24.88,70.56,0.0,13.58,Brown Blight,Colletotrichum / Glomerella spp.,0.618,Moderate
2026-05-26 04:00:00,Ratnapura,26.38,84.7,0.0,7.51,Brown Blight (dormant/low risk),Colletotrichum / Glomerella spp.,1.0,Low
2026-05-26 05:00:00,Ratnapura,25.53,81.29,0.0,17.49,Brown Blight,Colletotrichum / Glomerella spp.,1.0,High
2026-05-26 06:00:00,Ratnapura,22.67,88.36,0.17,13.73,Brown Blight,Colletotrichum / Glomerella spp.,0.907,Moderate
2026-05-26 07:00:00,Ratnapura,26.7,83.74,0.0,10.23,Brown Blight (dormant/low risk),Colletotrichum / Glomerella spp.,1.0,Low
2026-05-26 08:00:00,Ratnapura,23.77,80.34,0.0,5.72,Brown Blight (dormant/low risk),Colletotrichum / Glomerella spp.,0.951,Low
2026-05-26 09:00:00,Ratnapura,26.81,77.61,0.0,12.0,Brown Blight,Colletotrichum / Glomerella spp.,0.904,Moderate
2026-05-26 10:00:00,Ratnapura,25.74,72.03,0.0,13.31,Brown Blight,Colletotrichum / Glomerella spp.,0.681,Moderate
2026-05-26 11:00:00,Ratnapura,23.78,79.01,0.0,11.96,Brown Blight,Colletotrichum / Glomerella spp.,0.912,Moderate
2026-05-26 12:00:00,Ratnapura,24.52,70.99,0.0,15.37,Brown Blight,Colletotrichum / Glomerella spp.,0.62,Moderate
2026-05-26 13:00:00,Ratnapura,27.01,66.11,0.0,9.14,Brown Blight (dormant/low risk),Colletotrichum / Glomerella spp.,0.444,Low
2026-05-26 14:00:00,Ratnapura,27.86,66.34,0.0,16.75,Brown Blight,Colletotrichum / Glomerella spp.,0.454,High
2026-05-26 15:00:00,Ratnapura,27.75,65.0,0.0,12.38,Brown Blight,Colletotrichum / Glomerella spp.,0.4,Moderate
2026-05-26 16:00:00,Ratnapura,28.69,69.63,0.0,7.61,Brown Blight (dormant/low risk),Colletotrichum / Glomerella spp.,0.585,Low
2026-05-26 17:00:00,Ratnapura,29.7,79.9,0.0,9.3,Brown Blight (dormant/low risk),Colletotrichum / Glomerella spp.,0.996,Low
2026-05-26 18:00:00,Ratnapura,29.51,75.29,0.0,8.76,Brown Blight (dormant/low risk),Colletotrichum / Glomerella spp.,0.812,Low
2026-05-26 19:00:00,Ratnapura,31.87,84.62,3.75,13.01,Brown Blight,Colletotrichum / Glomerella spp.,0.925,Moderate
2026-05-26 20:00:00,Ratnapura,28.55,73.46,0.0,10.79,Brown Blight,Colletotrichum / Glomerella spp.,0.738,Moderate
2026-05-26 21:00:00,Ratnapura,28.02,68.42,0.0,9.01,Brown Blight (dormant/low risk),Colletotrichum / Glomerella spp.,0.537,Low
2026-05-26 22:00:00,Ratnapura,30.95,70.1,0.0,9.24,Brown Blight (dormant/low risk),Colletotrichum / Glomerella spp.,0.566,Low
2026-05-26 23:00:00,Ratnapura,29.34,75.21,0.0,7.93,Brown Blight (dormant/low risk),Colletotrichum / Glomerella spp.,0.808,Low
2026-05-27 00:00:00,Nuwara Eliya,19.16,95.0,8.46,19.84,Blister Blight,Exobasidium vexans,1.0,High
2026-05-27 01:00:00,Nuwara Eliya,16.96,80.81,2.59,17.25,Blister Blight,Exobasidium vexans,1.0,High
2026-05-27 02:00:00,Nuwara Eliya,18.56,82.03,2.12,11.77,Blister Blight,Exobasidium vexans,1.0,Moderate
2026-05-27 03:00:00,Nuwara Eliya,13.92,86.92,0.65,13.43,Blister Blight,Exobasidium vexans,0.957,Moderate
2026-05-27 04:00:00,Nuwara Eliya,12.27,95.0,6.47,15.06,Blister Blight,Exobasidium vexans,0.891,Moderate
2026-05-27 05:00:00,Nuwara Eliya,13.98,91.46,3.01,12.52,Blister Blight,Exobasidium vexans,0.959,Moderate
2026-05-27 06:00:00,Nuwara Eliya,10.43,95.0,3.45,24.07,Blister Blight,Exobasidium vexans,0.817,High
2026-05-27 07:00:00,Nuwara Eliya,10.0,95.0,1.24,16.41,Blister Blight,Exobasidium vexans,0.8,High
2026-05-27 08:00:00,Nuwara Eliya,10.36,95.0,3.27,21.12,Blister Blight,Exobasidium vexans,0.814,High
2026-05-27 09:00:00,Nuwara Eliya,12.21,87.45,0.0,15.39,Blister Blight,Exobasidium vexans,0.888,Moderate
2026-05-27 10:00:00,Nuwara Eliya,11.28,86.9,0.65,14.03,Blister Blight,Exobasidium vexans,0.851,Moderate
2026-05-27 11:00:00,Nuwara Eliya,12.89,87.85,1.0,12.42,Blister Blight,Exobasidium vexans,0.916,Moderate
2026-05-27 12:00:00,Nuwara Eliya,12.77,78.61,3.02,13.63,Blister Blight,Exobasidium vexans,0.855,Moderate
2026-05-27 13:00:00,Nuwara Eliya,13.01,78.96,6.1,13.13,Blister Blight,Exobasidium vexans,0.879,Moderate
2026-05-27 14:00:00,Nuwara Eliya,15.91,82.04,1.43,8.84,Blister Blight (dormant/low risk),Exobasidium vexans,1.0,Low
2026-05-27 15:00:00,Nuwara Eliya,13.84,69.02,0.0,11.85,Blister Blight,Exobasidium vexans,0.514,Moderate
2026-05-27 16:00:00,Nuwara Eliya,16.52,70.17,0.0,14.16,Blister Blight,Exobasidium vexans,0.607,Moderate
2026-05-27 17:00:00,Nuwara Eliya,18.49,83.04,1.47,10.11,Blister Blight (dormant/low risk),Exobasidium vexans,1.0,Low
2026-05-27 18:00:00,Nuwara Eliya,21.11,87.12,7.75,19.4,Blister Blight,Exobasidium vexans,1.0,High
2026-05-27 19:00:00,Nuwara Eliya,15.89,78.75,0.78,14.39,Blister Blight,Exobasidium vexans,0.95,Moderate
2026-05-27 20:00:00,Nuwara Eliya,19.54,76.4,1.35,15.4,Blister Blight,Exobasidium vexans,0.856,Moderate
2026-05-27 21:00:00,Nuwara Eliya,16.62,87.69,0.0,22.67,Blister Blight,Exobasidium vexans,1.0,High
2026-05-27 22:00:00,Nuwara Eliya,17.98,81.46,3.7,11.23,Blister Blight,Exobasidium vexans,1.0,Moderate
2026-05-27 23:00:00,Nuwara Eliya,16.49,94.5,3.92,18.52,Blister Blight,Exobasidium vexans,1.0,High
2026-05-27 00:00:00,Kandy,25.13,73.97,0.0,15.55,Grey Blight,Pestalotiopsis spp.,0.954,Moderate
2026-05-27 01:00:00,Kandy,27.04,62.32,0.0,8.58,Grey Blight (dormant/low risk),Pestalotiopsis spp.,0.411,Low
2026-05-27 02:00:00,Kandy,21.94,66.45,0.0,8.97,Grey Blight (dormant/low risk),Pestalotiopsis spp.,0.658,Low
2026-05-27 03:00:00,Kandy,24.19,79.73,4.44,15.24,Grey Blight,Pestalotiopsis spp.,1.0,Moderate
2026-05-27 04:00:00,Kandy,21.35,72.68,0.0,16.96,Grey Blight,Pestalotiopsis spp.,0.907,High
2026-05-27 05:00:00,Kandy,24.87,77.72,0.0,15.99,Grey Blight,Pestalotiopsis spp.,1.0,High
2026-05-27 06:00:00,Kandy,21.39,75.06,0.0,14.49,Grey Blight,Pestalotiopsis spp.,1.0,Moderate
2026-05-27 07:00:00,Kandy,22.73,80.48,1.09,6.83,Grey Blight (dormant/low risk),Pestalotiopsis spp.,1.0,Low
2026-05-27 08:00:00,Kandy,18.69,81.72,0.0,14.18,Grey Blight,Pestalotiopsis spp.,0.948,Moderate
2026-05-27 09:00:00,Kandy,19.35,73.15,0.0,15.76,Grey Blight,Pestalotiopsis spp.,0.9,High
2026-05-27 10:00:00,Kandy,21.75,80.0,0.64,14.53,Grey Blight,Pestalotiopsis spp.,1.0,Moderate
2026-05-27 11:00:00,Kandy,21.15,64.53,0.0,18.54,Grey Blight,Pestalotiopsis spp.,0.581,High
2026-05-27 12:00:00,Kandy,23.87,62.68,0.0,15.53,Grey Blight,Pestalotiopsis spp.,0.507,Moderate
2026-05-27 13:00:00,Kandy,21.97,64.84,0.0,16.69,Grey Blight,Pestalotiopsis spp.,0.594,High
2026-05-27 14:00:00,Kandy,23.74,62.89,0.0,11.41,Grey Blight,Pestalotiopsis spp.,0.516,Moderate
2026-05-27 15:00:00,Kandy,21.63,63.02,1.66,12.09,Grey Blight,Pestalotiopsis spp.,0.521,Moderate
2026-05-27 16:00:00,Kandy,26.15,67.22,0.0,12.57,Grey Blight,Pestalotiopsis spp.,0.643,Moderate
2026-05-27 17:00:00,Kandy,27.22,60.03,0.0,15.23,Grey Blight,Pestalotiopsis spp.,0.312,Moderate
2026-05-27 18:00:00,Kandy,26.72,75.69,4.98,15.32,Grey Blight,Pestalotiopsis spp.,0.931,Moderate
2026-05-27 19:00:00,Kandy,26.04,62.51,0.0,9.43,Grey Blight (dormant/low risk),Pestalotiopsis spp.,0.459,Low
2026-05-27 20:00:00,Kandy,29.48,76.47,3.21,18.22,Grey Blight,Pestalotiopsis spp.,0.821,High
2026-05-27 21:00:00,Kandy,27.33,77.17,0.0,8.87,Grey Blight (dormant/low risk),Pestalotiopsis spp.,0.907,Low
2026-05-27 22:00:00,Kandy,28.74,78.05,1.26,17.38,Grey Blight,Pestalotiopsis spp.,0.85,High
2026-05-27 23:00:00,Kandy,23.4,80.15,1.02,9.73,Grey Blight (dormant/low risk),Pestalotiopsis spp.,1.0,Low
2026-05-27 00:00:00,Ratnapura,28.22,72.9,0.43,12.11,Brown Blight,Colletotrichum / Glomerella spp.,0.716,Moderate
2026-05-27 01:00:00,Ratnapura,30.05,67.43,0.0,8.57,Brown Blight (dormant/low risk),Colletotrichum / Glomerella spp.,0.495,Low
2026-05-27 02:00:00,Ratnapura,29.78,76.01,0.0,9.2,Brown Blight (dormant/low risk),Colletotrichum / Glomerella spp.,0.84,Low
2026-05-27 03:00:00,Ratnapura,29.77,73.16,0.36,14.04,Brown Blight,Colletotrichum / Glomerella spp.,0.726,Moderate
2026-05-27 04:00:00,Ratnapura,26.4,85.73,0.0,10.59,Brown Blight (dormant/low risk),Colletotrichum / Glomerella spp.,1.0,Low
2026-05-27 05:00:00,Ratnapura,25.83,82.43,0.0,13.28,Brown Blight,Colletotrichum / Glomerella spp.,1.0,Moderate
2026-05-27 06:00:00,Ratnapura,26.66,90.56,1.68,9.95,Brown Blight (dormant/low risk),Colletotrichum / Glomerella spp.,1.0,Low
2026-05-27 07:00:00,Ratnapura,24.73,82.27,0.0,17.46,Brown Blight,Colletotrichum / Glomerella spp.,0.989,High
2026-05-27 08:00:00,Ratnapura,25.21,91.19,5.51,14.77,Brown Blight,Colletotrichum / Glomerella spp.,1.0,Moderate
2026-05-27 09:00:00,Ratnapura,22.95,77.8,0.0,13.05,Brown Blight,Colletotrichum / Glomerella spp.,0.83,Moderate
2026-05-27 10:00:00,Ratnapura,25.46,81.02,0.0,15.13,Brown Blight,Colletotrichum / Glomerella spp.,1.0,Moderate
2026-05-27 11:00:00,Ratnapura,25.65,81.74,0.0,15.34,Brown Blight,Colletotrichum / Glomerella spp.,1.0,Moderate
2026-05-27 12:00:00,Ratnapura,23.89,71.42,0.95,13.79,Brown Blight,Colletotrichum / Glomerella spp.,0.612,Moderate
2026-05-27 13:00:00,Ratnapura,27.96,73.24,1.71,7.82,Brown Blight (dormant/low risk),Colletotrichum / Glomerella spp.,0.73,Low
2026-05-27 14:00:00,Ratnapura,25.8,75.18,1.49,10.57,Brown Blight (dormant/low risk),Colletotrichum / Glomerella spp.,0.807,Low
2026-05-27 15:00:00,Ratnapura,25.85,68.85,0.0,13.13,Brown Blight,Colletotrichum / Glomerella spp.,0.554,Moderate
2026-05-27 16:00:00,Ratnapura,29.09,68.71,0.0,9.64,Brown Blight (dormant/low risk),Colletotrichum / Glomerella spp.,0.548,Low
2026-05-27 17:00:00,Ratnapura,30.59,73.94,0.0,7.23,Brown Blight (dormant/low risk),Colletotrichum / Glomerella spp.,0.734,Low
2026-05-27 18:00:00,Ratnapura,33.45,74.76,0.0,13.16,Brown Blight,Colletotrichum / Glomerella spp.,0.652,Moderate
2026-05-27 19:00:00,Ratnapura,33.87,68.09,0.0,7.63,Brown Blight (dormant/low risk),Colletotrichum / Glomerella spp.,0.369,Low
2026-05-27 20:00:00,Ratnapura,28.18,77.21,0.0,15.46,Brown Blight,Colletotrichum / Glomerella spp.,0.888,Moderate
2026-05-27 21:00:00,Ratnapura,27.72,78.78,0.01,12.58,Brown Blight,Colletotrichum / Glomerella spp.,0.951,Moderate
2026-05-27 22:00:00,Ratnapura,29.44,75.39,0.0,10.17,Brown Blight (dormant/low risk),Colletotrichum / Glomerella spp.,0.816,Low
2026-05-27 23:00:00,Ratnapura,29.21,73.93,0.0,10.44,Brown Blight (dormant/low risk),Colletotrichum / Glomerella spp.,0.757,Low
2026-05-28 00:00:00,Nuwara Eliya,17.76,80.92,0.0,10.97,Blister Blight,Exobasidium vexans,1.0,Moderate
2026-05-28 01:00:00,Nuwara Eliya,16.53,84.83,1.91,12.28,Blister Blight,Exobasidium vexans,1.0,Moderate
2026-05-28 02:00:00,Nuwara Eliya,15.38,84.21,0.51,12.4,Blister Blight,Exobasidium vexans,1.0,Moderate
2026-05-28 03:00:00,Nuwara Eliya,13.07,83.74,0.0,9.18,Blister Blight (dormant/low risk),Exobasidium vexans,0.923,Low
2026-05-28 04:00:00,Nuwara Eliya,11.56,95.0,1.26,20.2,Blister Blight,Exobasidium vexans,0.862,High
2026-05-28 05:00:00,Nuwara Eliya,13.68,95.0,10.38,13.71,Blister Blight,Exobasidium vexans,0.947,Moderate
2026-05-28 06:00:00,Nuwara Eliya,11.42,95.0,12.55,15.88,Blister Blight,Exobasidium vexans,0.857,High
2026-05-28 07:00:00,Nuwara Eliya,12.99,86.56,0.57,16.89,Blister Blight,Exobasidium vexans,0.92,High
2026-05-28 08:00:00,Nuwara Eliya,10.0,95.0,4.3,10.52,Blister Blight (dormant/low risk),Exobasidium vexans,0.8,Low
2026-05-28 09:00:00,Nuwara Eliya,10.0,87.32,0.3,14.16,Blister Blight,Exobasidium vexans,0.8,Moderate
2026-05-28 10:00:00,Nuwara Eliya,10.17,91.83,0.0,17.13,Blister Blight,Exobasidium vexans,0.807,High
2026-05-28 11:00:00,Nuwara Eliya,13.96,91.7,3.23,15.47,Blister Blight,Exobasidium vexans,0.958,Moderate
2026-05-28 12:00:00,Nuwara Eliya,14.24,68.2,0.0,10.36,Blister Blight (dormant/low risk),Exobasidium vexans,0.498,Low
2026-05-28 13:00:00,Nuwara Eliya,12.22,94.77,9.69,16.91,Blister Blight,Exobasidium vexans,0.889,High
2026-05-28 14:00:00,Nuwara Eliya,17.78,79.78,1.95,20.9,Blister Blight,Exobasidium vexans,0.991,High
2026-05-28 15:00:00,Nuwara Eliya,13.0,73.51,0.0,11.22,Blister Blight,Exobasidium vexans,0.66,Moderate
2026-05-28 16:00:00,Nuwara Eliya,16.83,79.05,0.22,14.13,Blister Blight,Exobasidium vexans,0.962,Moderate
2026-05-28 17:00:00,Nuwara Eliya,19.99,74.2,0.0,15.98,Blister Blight,Exobasidium vexans,0.768,High
2026-05-28 18:00:00,Nuwara Eliya,18.3,87.76,5.73,13.5,Blister Blight,Exobasidium vexans,1.0,Moderate
2026-05-28 19:00:00,Nuwara Eliya,19.43,80.74,3.76,12.52,Blister Blight,Exobasidium vexans,1.0,Moderate
2026-05-28 20:00:00,Nuwara Eliya,17.89,85.89,0.0,13.01,Blister Blight,Exobasidium vexans,1.0,Moderate
2026-05-28 21:00:00,Nuwara Eliya,17.19,83.95,0.0,17.09,Blister Blight,Exobasidium vexans,1.0,High
2026-05-28 22:00:00,Nuwara Eliya,13.65,88.98,2.16,15.19,Blister Blight,Exobasidium vexans,0.946,Moderate
2026-05-28 23:00:00,Nuwara Eliya,20.37,78.68,0.0,12.4,Blister Blight,Exobasidium vexans,0.947,Moderate
2026-05-28 00:00:00,Kandy,25.0,74.34,0.0,15.17,Grey Blight,Pestalotiopsis spp.,0.974,Moderate
2026-05-28 01:00:00,Kandy,21.68,68.84,0.0,9.92,Grey Blight (dormant/low risk),Pestalotiopsis spp.,0.754,Low
2026-05-28 02:00:00,Kandy,22.77,76.28,0.0,14.54,Grey Blight,Pestalotiopsis spp.,1.0,Moderate
2026-05-28 03:00:00,Kandy,21.53,74.09,2.52,9.97,Grey Blight (dormant/low risk),Pestalotiopsis spp.,0.964,Low
2026-05-28 04:00:00,Kandy,22.6,79.75,0.24,18.64,Grey Blight,Pestalotiopsis spp.,1.0,High
2026-05-28 05:00:00,Kandy,21.93,75.17,0.7,17.53,Grey Blight,Pestalotiopsis spp.,1.0,High
2026-05-28 06:00:00,Kandy,22.35,81.08,0.0,8.12,Grey Blight (dormant/low risk),Pestalotiopsis spp.,1.0,Low
2026-05-28 07:00:00,Kandy,22.81,77.51,0.72,14.52,Grey Blight,Pestalotiopsis spp.,1.0,Moderate
2026-05-28 08:00:00,Kandy,21.82,80.95,0.85,9.58,Grey Blight (dormant/low risk),Pestalotiopsis spp.,1.0,Low
2026-05-28 09:00:00,Kandy,21.24,75.27,0.0,15.45,Grey Blight,Pestalotiopsis spp.,1.0,Moderate
2026-05-28 10:00:00,Kandy,23.75,72.11,0.0,14.16,Grey Blight,Pestalotiopsis spp.,0.884,Moderate
2026-05-28 11:00:00,Kandy,25.13,78.49,0.0,17.12,Grey Blight,Pestalotiopsis spp.,0.995,High
2026-05-28 12:00:00,Kandy,19.79,66.86,0.0,6.63,Grey Blight (dormant/low risk),Pestalotiopsis spp.,0.666,Low
2026-05-28 13:00:00,Kandy,21.74,68.04,0.41,9.95,Grey Blight (dormant/low risk),Pestalotiopsis spp.,0.722,Low
2026-05-28 14:00:00,Kandy,24.43,70.68,0.0,20.65,Grey Blight,Pestalotiopsis spp.,0.827,High
2026-05-28 15:00:00,Kandy,23.24,68.05,0.0,12.37,Grey Blight,Pestalotiopsis spp.,0.722,Moderate
2026-05-28 16:00:00,Kandy,25.17,66.32,0.0,12.89,Grey Blight,Pestalotiopsis spp.,0.646,Moderate
2026-05-28 17:00:00,Kandy,24.77,80.76,7.36,12.22,Grey Blight,Pestalotiopsis spp.,1.0,Moderate
2026-05-28 18:00:00,Kandy,27.06,67.05,0.0,8.76,Grey Blight (dormant/low risk),Pestalotiopsis spp.,0.6,Low
2026-05-28 19:00:00,Kandy,22.69,73.46,0.0,14.24,Grey Blight,Pestalotiopsis spp.,0.938,Moderate
2026-05-28 20:00:00,Kandy,24.72,69.05,0.0,14.06,Grey Blight,Pestalotiopsis spp.,0.762,Moderate
2026-05-28 21:00:00,Kandy,27.03,67.71,0.0,11.28,Grey Blight,Pestalotiopsis spp.,0.627,Moderate
2026-05-28 22:00:00,Kandy,25.92,68.09,0.0,14.14,Grey Blight,Pestalotiopsis spp.,0.687,Moderate
2026-05-28 23:00:00,Kandy,24.16,68.49,0.0,14.89,Grey Blight,Pestalotiopsis spp.,0.74,Moderate
2026-05-28 00:00:00,Ratnapura,28.99,94.67,5.55,10.23,Brown Blight (dormant/low risk),Colletotrichum / Glomerella spp.,1.0,Low
2026-05-28 01:00:00,Ratnapura,27.68,77.63,0.0,13.97,Brown Blight,Colletotrichum / Glomerella spp.,0.905,Moderate
2026-05-28 02:00:00,Ratnapura,27.28,76.8,1.31,11.5,Brown Blight,Colletotrichum / Glomerella spp.,0.872,Moderate
2026-05-28 03:00:00,Ratnapura,27.21,73.64,0.0,10.15,Brown Blight (dormant/low risk),Colletotrichum / Glomerella spp.,0.746,Low
2026-05-28 04:00:00,Ratnapura,27.83,78.59,0.0,15.85,Brown Blight,Colletotrichum / Glomerella spp.,0.944,High
2026-05-28 05:00:00,Ratnapura,26.47,97.42,4.06,9.65,Brown Blight (dormant/low risk),Colletotrichum / Glomerella spp.,1.0,Low
2026-05-28 06:00:00,Ratnapura,26.56,83.41,0.0,12.91,Brown Blight,Colletotrichum / Glomerella spp.,1.0,Moderate
2026-05-28 07:00:00,Ratnapura,30.24,79.88,2.85,12.8,Brown Blight,Colletotrichum / Glomerella spp.,0.986,Moderate
2026-05-28 08:00:00,Ratnapura,25.09,81.99,0.0,14.64,Brown Blight,Colletotrichum / Glomerella spp.,1.0,Moderate
2026-05-28 09:00:00,Ratnapura,22.64,77.38,0.0,11.04,Brown Blight,Colletotrichum / Glomerella spp.,0.801,Moderate
2026-05-28 10:00:00,Ratnapura,27.53,72.5,0.0,12.1,Brown Blight,Colletotrichum / Glomerella spp.,0.7,Moderate
2026-05-28 11:00:00,Ratnapura,24.58,73.98,0.0,16.35,Brown Blight,Colletotrichum / Glomerella spp.,0.742,High
2026-05-28 12:00:00,Ratnapura,25.5,68.67,0.0,8.25,Brown Blight (dormant/low risk),Colletotrichum / Glomerella spp.,0.547,Low
2026-05-28 13:00:00,Ratnapura,32.69,65.0,0.0,14.04,Brown Blight,Colletotrichum / Glomerella spp.,0.292,Moderate
2026-05-28 14:00:00,Ratnapura,30.69,67.0,0.0,8.2,Brown Blight (dormant/low risk),Colletotrichum / Glomerella spp.,0.452,Low
2026-05-28 15:00:00,Ratnapura,30.74,71.9,0.0,14.64,Brown Blight,Colletotrichum / Glomerella spp.,0.646,Moderate
2026-05-28 16:00:00,Ratnapura,28.47,78.85,0.0,14.82,Brown Blight,Colletotrichum / Glomerella spp.,0.954,Moderate
2026-05-28 17:00:00,Ratnapura,29.23,78.36,0.0,11.93,Brown Blight,Colletotrichum / Glomerella spp.,0.934,Moderate
2026-05-28 18:00:00,Ratnapura,32.14,66.65,0.0,10.98,Brown Blight,Colletotrichum / Glomerella spp.,0.38,Moderate
2026-05-28 19:00:00,Ratnapura,28.96,75.18,0.0,8.06,Brown Blight (dormant/low risk),Colletotrichum / Glomerella spp.,0.807,Low
2026-05-28 20:00:00,Ratnapura,29.16,65.98,0.27,14.61,Brown Blight,Colletotrichum / Glomerella spp.,0.439,Moderate
2026-05-28 21:00:00,Ratnapura,34.44,69.23,0.9,12.34,Brown Blight,Colletotrichum / Glomerella spp.,0.392,Moderate
2026-05-28 22:00:00,Ratnapura,28.34,79.23,2.86,14.21,Brown Blight,Colletotrichum / Glomerella spp.,0.969,Moderate
2026-05-28 23:00:00,Ratnapura,30.49,69.61,0.0,6.71,Brown Blight (dormant/low risk),Colletotrichum / Glomerella spp.,0.565,Low
2026-05-29 00:00:00,Nuwara Eliya,19.95,82.72,0.67,16.61,Blister Blight,Exobasidium vexans,1.0,High
2026-05-29 01:00:00,Nuwara Eliya,17.68,78.61,0.43,11.99,Blister Blight,Exobasidium vexans,0.944,Moderate
2026-05-29 02:00:00,Nuwara Eliya,18.21,79.01,1.88,17.4,Blister Blight,Exobasidium vexans,0.96,High
2026-05-29 03:00:00,Nuwara Eliya,15.64,89.06,0.23,19.25,Blister Blight,Exobasidium vexans,1.0,High
2026-05-29 04:00:00,Nuwara Eliya,14.69,94.17,1.07,15.17,Blister Blight,Exobasidium vexans,0.988,Moderate
2026-05-29 05:00:00,Nuwara Eliya,11.65,93.02,3.1,21.04,Blister Blight,Exobasidium vexans,0.866,High
2026-05-29 06:00:00,Nuwara Eliya,10.19,93.66,1.24,14.51,Blister Blight,Exobasidium vexans,0.808,Moderate
2026-05-29 07:00:00,Nuwara Eliya,13.27,89.74,0.71,11.84,Blister Blight,Exobasidium vexans,0.931,Moderate
2026-05-29 08:00:00,Nuwara Eliya,11.55,88.75,0.72,10.32,Blister Blight (dormant/low risk),Exobasidium vexans,0.862,Low
2026-05-29 09:00:00,Nuwara Eliya,10.0,84.41,0.0,10.65,Blister Blight (dormant/low risk),Exobasidium vexans,0.8,Low
2026-05-29 10:00:00,Nuwara Eliya,12.04,90.25,1.56,14.6,Blister Blight,Exobasidium vexans,0.882,Moderate
2026-05-29 11:00:00,Nuwara Eliya,15.43,76.18,0.0,13.78,Blister Blight,Exobasidium vexans,0.847,Moderate
2026-05-29 12:00:00,Nuwara Eliya,10.7,86.04,0.18,12.78,Blister Blight,Exobasidium vexans,0.828,Moderate
2026-05-29 13:00:00,Nuwara Eliya,14.3,70.59,0.39,13.05,Blister Blight,Exobasidium vexans,0.596,Moderate
2026-05-29 14:00:00,Nuwara Eliya,15.75,76.67,0.25,8.33,Blister Blight (dormant/low risk),Exobasidium vexans,0.867,Low
2026-05-29 15:00:00,Nuwara Eliya,13.78,70.32,2.67,8.79,Blister Blight (dormant/low risk),Exobasidium vexans,0.564,Low
2026-05-29 16:00:00,Nuwara Eliya,20.01,67.08,0.0,22.41,Blister Blight,Exobasidium vexans,0.483,High
2026-05-29 17:00:00,Nuwara Eliya,15.86,70.05,0.0,15.43,Blister Blight,Exobasidium vexans,0.602,Moderate
2026-05-29 18:00:00,Nuwara Eliya,18.33,76.77,0.0,12.5,Blister Blight,Exobasidium vexans,0.871,Moderate
2026-05-29 19:00:00,Nuwara Eliya,17.71,81.79,0.31,13.83,Blister Blight,Exobasidium vexans,1.0,Moderate
2026-05-29 20:00:00,Nuwara Eliya,20.23,78.89,1.63,19.52,Blister Blight,Exobasidium vexans,0.956,High
2026-05-29 21:00:00,Nuwara Eliya,18.01,86.2,0.0,13.67,Blister Blight,Exobasidium vexans,1.0,Moderate
2026-05-29 22:00:00,Nuwara Eliya,22.34,87.64,0.0,10.51,Blister Blight (dormant/low risk),Exobasidium vexans,1.0,Low
2026-05-29 23:00:00,Nuwara Eliya,18.32,79.96,0.0,19.62,Blister Blight,Exobasidium vexans,0.998,High
2026-05-29 00:00:00,Kandy,25.8,63.72,0.0,14.87,Grey Blight,Pestalotiopsis spp.,0.517,Moderate
2026-05-29 01:00:00,Kandy,23.38,65.39,0.0,7.42,Grey Blight (dormant/low risk),Pestalotiopsis spp.,0.616,Low
2026-05-29 02:00:00,Kandy,25.01,71.19,4.13,19.77,Grey Blight,Pestalotiopsis spp.,0.847,High
2026-05-29 03:00:00,Kandy,22.31,71.05,0.0,7.55,Grey Blight (dormant/low risk),Pestalotiopsis spp.,0.842,Low
2026-05-29 04:00:00,Kandy,18.95,77.9,0.1,14.16,Grey Blight,Pestalotiopsis spp.,0.958,Moderate
2026-05-29 05:00:00,Kandy,20.06,82.08,2.64,16.37,Grey Blight,Pestalotiopsis spp.,1.0,High
2026-05-29 06:00:00,Kandy,18.81,85.74,1.72,14.47,Grey Blight,Pestalotiopsis spp.,0.952,Moderate
2026-05-29 07:00:00,Kandy,21.15,84.38,2.92,14.77,Grey Blight,Pestalotiopsis spp.,1.0,Moderate
2026-05-29 08:00:00,Kandy,21.9,82.0,0.0,16.94,Grey Blight,Pestalotiopsis spp.,1.0,High
2026-05-29 09:00:00,Kandy,23.2,74.21,1.59,16.75,Grey Blight,Pestalotiopsis spp.,0.968,High
2026-05-29 10:00:00,Kandy,21.91,69.95,0.0,16.52,Grey Blight,Pestalotiopsis spp.,0.798,High
2026-05-29 11:00:00,Kandy,21.59,76.88,0.0,15.56,Grey Blight,Pestalotiopsis spp.,1.0,Moderate
2026-05-29 12:00:00,Kandy,22.76,70.55,0.0,12.86,Grey Blight,Pestalotiopsis spp.,0.822,Moderate
2026-05-29 13:00:00,Kandy,24.82,63.78,0.0,14.83,Grey Blight,Pestalotiopsis spp.,0.551,Moderate
2026-05-29 14:00:00,Kandy,20.6,68.83,0.56,10.5,Grey Blight (dormant/low risk),Pestalotiopsis spp.,0.753,Low
2026-05-29 15:00:00,Kandy,24.11,81.24,7.43,14.38,Grey Blight,Pestalotiopsis spp.,1.0,Moderate
2026-05-29 16:00:00,Kandy,27.09,59.96,0.0,5.08,Grey Blight (dormant/low risk),Pestalotiopsis spp.,0.316,Low
2026-05-29 17:00:00,Kandy,25.89,69.97,0.0,12.36,Grey Blight,Pestalotiopsis spp.,0.763,Moderate
2026-05-29 18:00:00,Kandy,27.78,59.71,0.0,14.64,Grey Blight,Pestalotiopsis spp.,0.289,Moderate
2026-05-29 19:00:00,Kandy,24.89,64.83,0.13,12.53,Grey Blight,Pestalotiopsis spp.,0.593,Moderate
2026-05-29 20:00:00,Kandy,22.69,74.83,0.0,10.19,Grey Blight (dormant/low risk),Pestalotiopsis spp.,0.993,Low
2026-05-29 21:00:00,Kandy,24.55,69.91,0.0,9.88,Grey Blight (dormant/low risk),Pestalotiopsis spp.,0.796,Low
2026-05-29 22:00:00,Kandy,29.1,64.36,0.0,11.64,Grey Blight,Pestalotiopsis spp.,0.41,Moderate
2026-05-29 23:00:00,Kandy,22.01,83.65,0.0,11.52,Grey Blight,Pestalotiopsis spp.,1.0,Moderate
2026-05-29 00:00:00,Ratnapura,30.47,69.76,0.0,9.1,Brown Blight (dormant/low risk),Colletotrichum / Glomerella spp.,0.572,Low
2026-05-29 01:00:00,Ratnapura,27.39,75.78,0.0,11.1,Brown Blight,Colletotrichum / Glomerella spp.,0.831,Moderate
2026-05-29 02:00:00,Ratnapura,29.42,75.53,0.15,8.78,Brown Blight (dormant/low risk),Colletotrichum / Glomerella spp.,0.821,Low
2026-05-29 03:00:00,Ratnapura,25.59,76.63,0.0,14.46,Brown Blight,Colletotrichum / Glomerella spp.,0.865,Moderate
2026-05-29 04:00:00,Ratnapura,23.81,83.64,0.89,14.26,Brown Blight,Colletotrichum / Glomerella spp.,0.952,Moderate
2026-05-29 05:00:00,Ratnapura,26.76,90.07,2.41,8.76,Brown Blight (dormant/low risk),Colletotrichum / Glomerella spp.,1.0,Low
2026-05-29 06:00:00,Ratnapura,28.24,81.8,0.0,9.44,Brown Blight (dormant/low risk),Colletotrichum / Glomerella spp.,1.0,Low
2026-05-29 07:00:00,Ratnapura,26.93,84.16,2.25,14.99,Brown Blight,Colletotrichum / Glomerella spp.,1.0,Moderate
2026-05-29 08:00:00,Ratnapura,24.94,82.93,0.0,12.27,Brown Blight,Colletotrichum / Glomerella spp.,0.998,Moderate
2026-05-29 09:00:00,Ratnapura,27.43,75.21,0.0,9.78,Brown Blight (dormant/low risk),Colletotrichum / Glomerella spp.,0.808,Low
2026-05-29 10:00:00,Ratnapura,27.84,85.9,5.22,10.33,Brown Blight (dormant/low risk),Colletotrichum / Glomerella spp.,1.0,Low
2026-05-29 11:00:00,Ratnapura,26.44,81.01,2.99,8.28,Brown Blight (dormant/low risk),Colletotrichum / Glomerella spp.,1.0,Low
2026-05-29 12:00:00,Ratnapura,24.68,67.36,0.0,11.9,Brown Blight,Colletotrichum / Glomerella spp.,0.482,Moderate
2026-05-29 13:00:00,Ratnapura,27.19,68.36,0.0,7.47,Brown Blight (dormant/low risk),Colletotrichum / Glomerella spp.,0.534,Low
2026-05-29 14:00:00,Ratnapura,27.4,68.83,0.0,12.95,Brown Blight,Colletotrichum / Glomerella spp.,0.553,Moderate
2026-05-29 15:00:00,Ratnapura,27.93,71.43,0.0,8.14,Brown Blight (dormant/low risk),Colletotrichum / Glomerella spp.,0.657,Low
2026-05-29 16:00:00,Ratnapura,32.32,65.0,0.0,14.65,Brown Blight,Colletotrichum / Glomerella spp.,0.307,Moderate
2026-05-29 17:00:00,Ratnapura,29.83,67.36,1.12,10.18,Brown Blight (dormant/low risk),Colletotrichum / Glomerella spp.,0.494,Low
2026-05-29 18:00:00,Ratnapura,32.15,73.33,0.0,12.36,Brown Blight,Colletotrichum / Glomerella spp.,0.647,Moderate
2026-05-29 19:00:00,Ratnapura,29.31,71.78,0.0,14.94,Brown Blight,Colletotrichum / Glomerella spp.,0.671,Moderate
2026-05-29 20:00:00,Ratnapura,32.34,69.87,0.0,14.78,Brown Blight,Colletotrichum / Glomerella spp.,0.501,Moderate
2026-05-29 21:00:00,Ratnapura,28.29,75.34,0.0,9.88,Brown Blight (dormant/low risk),Colletotrichum / Glomerella spp.,0.814,Low
2026-05-29 22:00:00,Ratnapura,33.34,75.03,0.0,13.43,Brown Blight,Colletotrichum / Glomerella spp.,0.668,Moderate
2026-05-29 23:00:00,Ratnapura,30.32,80.39,0.0,5.21,Brown Blight (dormant/low risk),Colletotrichum / Glomerella spp.,0.987,Low
2026-05-30 00:00:00,Nuwara Eliya,19.93,78.39,0.0,13.8,Blister Blight,Exobasidium vexans,0.936,Moderate
2026-05-30 01:00:00,Nuwara Eliya,14.83,89.3,0.13,15.54,Blister Blight,Exobasidium vexans,0.993,Moderate
2026-05-30 02:00:00,Nuwara Eliya,19.26,73.03,0.0,12.73,Blister Blight,Exobasidium vexans,0.721,Moderate
2026-05-30 03:00:00,Nuwara Eliya,10.95,91.49,0.35,18.94,Blister Blight,Exobasidium vexans,0.838,High
2026-05-30 04:00:00,Nuwara Eliya,16.31,95.0,11.66,21.5,Blister Blight,Exobasidium vexans,1.0,High
2026-05-30 05:00:00,Nuwara Eliya,11.95,95.0,4.65,20.05,Blister Blight,Exobasidium vexans,0.878,High
2026-05-30 06:00:00,Nuwara Eliya,14.1,95.0,3.08,20.09,Blister Blight,Exobasidium vexans,0.964,High
2026-05-30 07:00:00,Nuwara Eliya,10.61,95.0,11.7,19.38,Blister Blight,Exobasidium vexans,0.824,High
2026-05-30 08:00:00,Nuwara Eliya,12.4,95.0,4.05,13.85,Blister Blight,Exobasidium vexans,0.896,Moderate
2026-05-30 09:00:00,Nuwara Eliya,16.28,82.02,0.2,14.77,Blister Blight,Exobasidium vexans,1.0,Moderate
2026-05-30 10:00:00,Nuwara Eliya,10.0,95.0,16.36,18.08,Blister Blight,Exobasidium vexans,0.8,High
2026-05-30 11:00:00,Nuwara Eliya,10.21,91.5,2.17,12.87,Blister Blight,Exobasidium vexans,0.808,Moderate
2026-05-30 12:00:00,Nuwara Eliya,17.76,78.47,0.0,18.39,Blister Blight,Exobasidium vexans,0.939,High
2026-05-30 13:00:00,Nuwara Eliya,12.76,74.7,0.0,10.89,Blister Blight,Exobasidium vexans,0.698,Moderate
2026-05-30 14:00:00,Nuwara Eliya,15.66,82.88,4.89,13.77,Blister Blight,Exobasidium vexans,1.0,Moderate
2026-05-30 15:00:00,Nuwara Eliya,19.39,76.38,0.0,15.23,Blister Blight,Exobasidium vexans,0.855,Moderate
2026-05-30 16:00:00,Nuwara Eliya,18.29,72.19,0.0,13.06,Blister Blight,Exobasidium vexans,0.688,Moderate
2026-05-30 17:00:00,Nuwara Eliya,17.12,80.24,0.44,17.2,Blister Blight,Exobasidium vexans,1.0,High
2026-05-30 18:00:00,Nuwara Eliya,20.81,75.11,0.73,16.83,Blister Blight,Exobasidium vexans,0.804,High
2026-05-30 19:00:00,Nuwara Eliya,19.9,83.28,0.47,11.15,Blister Blight,Exobasidium vexans,1.0,Moderate
2026-05-30 20:00:00,Nuwara Eliya,16.05,88.73,0.0,15.04,Blister Blight,Exobasidium vexans,1.0,Moderate
2026-05-30 21:00:00,Nuwara Eliya,16.81,92.19,8.53,17.26,Blister Blight,Exobasidium vexans,1.0,High
2026-05-30 22:00:00,Nuwara Eliya,18.85,89.27,4.75,15.88,Blister Blight,Exobasidium vexans,1.0,High
2026-05-30 23:00:00,Nuwara Eliya,20.07,89.35,0.0,16.67,Blister Blight,Exobasidium vexans,1.0,High
2026-05-30 00:00:00,Kandy,26.57,74.6,2.54,10.19,Grey Blight (dormant/low risk),Pestalotiopsis spp.,0.921,Low
2026-05-30 01:00:00,Kandy,25.03,70.67,0.0,11.71,Grey Blight,Pestalotiopsis spp.,0.826,Moderate
2026-05-30 02:00:00,Kandy,25.05,74.4,1.35,10.25,Grey Blight (dormant/low risk),Pestalotiopsis spp.,0.974,Low
2026-05-30 03:00:00,Kandy,22.79,76.24,0.0,13.02,Grey Blight,Pestalotiopsis spp.,1.0,Moderate
2026-05-30 04:00:00,Kandy,20.61,82.54,0.0,11.04,Grey Blight,Pestalotiopsis spp.,1.0,Moderate
2026-05-30 05:00:00,Kandy,20.46,80.98,0.4,16.22,Grey Blight,Pestalotiopsis spp.,1.0,High
2026-05-30 06:00:00,Kandy,25.39,73.86,0.21,8.56,Grey Blight (dormant/low risk),Pestalotiopsis spp.,0.939,Low
2026-05-30 07:00:00,Kandy,21.67,86.91,1.33,13.48,Grey Blight,Pestalotiopsis spp.,1.0,Moderate
2026-05-30 08:00:00,Kandy,22.86,70.62,0.0,17.79,Grey Blight,Pestalotiopsis spp.,0.825,High
2026-05-30 09:00:00,Kandy,19.95,79.43,0.22,21.67,Grey Blight,Pestalotiopsis spp.,0.998,High
2026-05-30 10:00:00,Kandy,22.24,76.64,0.0,20.98,Grey Blight,Pestalotiopsis spp.,1.0,High
2026-05-30 11:00:00,Kandy,19.71,74.72,0.0,17.96,Grey Blight,Pestalotiopsis spp.,0.977,High
2026-05-30 12:00:00,Kandy,22.57,69.05,0.0,13.82,Grey Blight,Pestalotiopsis spp.,0.762,Moderate
2026-05-30 13:00:00,Kandy,27.0,71.36,0.0,10.54,Grey Blight (dormant/low risk),Pestalotiopsis spp.,0.774,Low
2026-05-30 14:00:00,Kandy,25.66,64.84,0.0,13.88,Grey Blight,Pestalotiopsis spp.,0.567,Moderate
2026-05-30 15:00:00,Kandy,19.32,72.1,2.05,21.65,Grey Blight,Pestalotiopsis spp.,0.857,High
2026-05-30 16:00:00,Kandy,26.25,59.94,1.85,3.63,Grey Blight (dormant/low risk),Pestalotiopsis spp.,0.35,Low
2026-05-30 17:00:00,Kandy,23.21,71.17,0.11,14.59,Grey Blight,Pestalotiopsis spp.,0.847,Moderate
2026-05-30 18:00:00,Kandy,27.05,76.12,0.0,10.39,Grey Blight (dormant/low risk),Pestalotiopsis spp.,0.918,Low
2026-05-30 19:00:00,Kandy,23.37,74.58,0.0,16.29,Grey Blight,Pestalotiopsis spp.,0.983,High
2026-05-30 20:00:00,Kandy,27.31,68.57,0.0,10.59,Grey Blight (dormant/low risk),Pestalotiopsis spp.,0.65,Low
2026-05-30 21:00:00,Kandy,26.26,70.09,0.0,10.04,Grey Blight (dormant/low risk),Pestalotiopsis spp.,0.753,Low
2026-05-30 22:00:00,Kandy,26.01,60.61,0.0,9.01,Grey Blight (dormant/low risk),Pestalotiopsis spp.,0.384,Low
2026-05-30 23:00:00,Kandy,26.94,67.05,0.0,9.88,Grey Blight (dormant/low risk),Pestalotiopsis spp.,0.604,Low
2026-05-30 00:00:00,Ratnapura,30.62,74.12,0.0,13.5,Brown Blight,Colletotrichum / Glomerella spp.,0.74,Moderate
2026-05-30 01:00:00,Ratnapura,29.13,73.16,0.0,6.96,Brown Blight (dormant/low risk),Colletotrichum / Glomerella spp.,0.726,Low
2026-05-30 02:00:00,Ratnapura,27.84,68.68,0.12,7.25,Brown Blight (dormant/low risk),Colletotrichum / Glomerella spp.,0.547,Low
2026-05-30 03:00:00,Ratnapura,28.3,73.8,0.84,8.31,Brown Blight (dormant/low risk),Colletotrichum / Glomerella spp.,0.752,Low
2026-05-30 04:00:00,Ratnapura,26.64,90.66,0.83,16.37,Brown Blight,Colletotrichum / Glomerella spp.,1.0,High
2026-05-30 05:00:00,Ratnapura,25.16,96.35,4.33,21.47,Brown Blight,Colletotrichum / Glomerella spp.,1.0,High
2026-05-30 06:00:00,Ratnapura,27.06,86.3,2.36,14.61,Brown Blight,Colletotrichum / Glomerella spp.,1.0,Moderate
2026-05-30 07:00:00,Ratnapura,25.34,93.65,5.58,16.63,Brown Blight,Colletotrichum / Glomerella spp.,1.0,High
2026-05-30 08:00:00,Ratnapura,23.61,80.42,0.0,10.3,Brown Blight (dormant/low risk),Colletotrichum / Glomerella spp.,0.944,Low
2026-05-30 09:00:00,Ratnapura,27.1,68.09,0.0,8.3,Brown Blight (dormant/low risk),Colletotrichum / Glomerella spp.,0.524,Low
2026-05-30 10:00:00,Ratnapura,22.0,87.6,0.0,19.78,Brown Blight,Colletotrichum / Glomerella spp.,0.88,High
2026-05-30 11:00:00,Ratnapura,25.35,79.2,0.0,11.64,Brown Blight,Colletotrichum / Glomerella spp.,0.968,Moderate
2026-05-30 12:00:00,Ratnapura,25.76,75.37,0.0,23.19,Brown Blight,Colletotrichum / Glomerella spp.,0.815,High
2026-05-30 13:00:00,Ratnapura,30.8,72.87,1.32,11.57,Brown Blight,Colletotrichum / Glomerella spp.,0.683,Moderate
2026-05-30 14:00:00,Ratnapura,30.81,65.52,0.0,17.87,Brown Blight,Colletotrichum / Glomerella spp.,0.388,High
2026-05-30 15:00:00,Ratnapura,29.42,65.0,0.0,12.58,Brown Blight,Colletotrichum / Glomerella spp.,0.4,Moderate
2026-05-30 16:00:00,Ratnapura,29.14,68.56,0.0,6.06,Brown Blight (dormant/low risk),Colletotrichum / Glomerella spp.,0.542,Low
2026-05-30 17:00:00,Ratnapura,28.06,78.33,0.0,15.46,Brown Blight,Colletotrichum / Glomerella spp.,0.933,Moderate
2026-05-30 18:00:00,Ratnapura,30.85,71.22,0.0,11.42,Brown Blight,Colletotrichum / Glomerella spp.,0.615,Moderate
2026-05-30 19:00:00,Ratnapura,30.34,72.45,1.27,13.93,Brown Blight,Colletotrichum / Glomerella spp.,0.684,Moderate
2026-05-30 20:00:00,Ratnapura,30.57,76.53,0.0,15.94,Brown Blight,Colletotrichum / Glomerella spp.,0.838,High
2026-05-30 21:00:00,Ratnapura,30.7,71.6,0.0,13.89,Brown Blight,Colletotrichum / Glomerella spp.,0.636,Moderate
2026-05-30 22:00:00,Ratnapura,30.48,80.53,0.0,11.16,Brown Blight,Colletotrichum / Glomerella spp.,0.981,Moderate
2026-05-30 23:00:00,Ratnapura,29.59,73.32,0.0,10.62,Brown Blight (dormant/low risk),Colletotrichum / Glomerella spp.,0.733,Low
2026-05-31 00:00:00,Nuwara Eliya,17.73,73.41,0.0,14.79,Blister Blight,Exobasidium vexans,0.736,Moderate
2026-05-31 01:00:00,Nuwara Eliya,16.02,85.03,0.73,19.08,Blister Blight,Exobasidium vexans,1.0,High
2026-05-31 02:00:00,Nuwara Eliya,15.31,84.43,0.0,9.9,Blister Blight (dormant/low risk),Exobasidium vexans,1.0,Low
2026-05-31 03:00:00,Nuwara Eliya,15.66,87.58,0.31,9.91,Blister Blight (dormant/low risk),Exobasidium vexans,1.0,Low
2026-05-31 04:00:00,Nuwara Eliya,15.29,89.94,0.0,14.08,Blister Blight,Exobasidium vexans,1.0,Moderate
2026-05-31 05:00:00,Nuwara Eliya,10.0,95.0,1.12,12.76,Blister Blight,Exobasidium vexans,0.8,Moderate
2026-05-31 06:00:00,Nuwara Eliya,12.22,92.01,1.63,14.46,Blister Blight,Exobasidium vexans,0.889,Moderate
2026-05-31 07:00:00,Nuwara Eliya,14.43,95.0,0.62,15.45,Blister Blight,Exobasidium vexans,0.977,Moderate
2026-05-31 08:00:00,Nuwara Eliya,11.89,83.02,0.62,7.56,Blister Blight (dormant/low risk),Exobasidium vexans,0.876,Low
2026-05-31 09:00:00,Nuwara Eliya,14.4,82.59,0.0,14.94,Blister Blight,Exobasidium vexans,0.976,Moderate
2026-05-31 10:00:00,Nuwara Eliya,16.36,90.31,0.0,16.58,Blister Blight,Exobasidium vexans,1.0,High
2026-05-31 11:00:00,Nuwara Eliya,11.75,87.58,0.61,10.85,Blister Blight,Exobasidium vexans,0.87,Moderate
2026-05-31 12:00:00,Nuwara Eliya,16.81,71.51,0.0,14.22,Blister Blight,Exobasidium vexans,0.66,Moderate
2026-05-31 13:00:00,Nuwara Eliya,14.7,77.65,0.0,11.21,Blister Blight,Exobasidium vexans,0.894,Moderate
2026-05-31 14:00:00,Nuwara Eliya,17.42,75.81,0.0,11.11,Blister Blight,Exobasidium vexans,0.832,Moderate
2026-05-31 15:00:00,Nuwara Eliya,14.63,87.37,0.24,18.05,Blister Blight,Exobasidium vexans,0.985,High
2026-05-31 16:00:00,Nuwara Eliya,14.48,83.86,2.61,11.11,Blister Blight,Exobasidium vexans,0.979,Moderate
2026-05-31 17:00:00,Nuwara Eliya,19.62,81.36,0.0,7.24,Blister Blight (dormant/low risk),Exobasidium vexans,1.0,Low
2026-05-31 18:00:00,Nuwara Eliya,15.72,80.98,0.0,7.05,Blister Blight (dormant/low risk),Exobasidium vexans,1.0,Low
2026-05-31 19:00:00,Nuwara Eliya,19.95,86.82,1.03,16.26,Blister Blight,Exobasidium vexans,1.0,High
2026-05-31 20:00:00,Nuwara Eliya,17.33,81.59,0.0,15.33,Blister Blight,Exobasidium vexans,1.0,Moderate
2026-05-31 21:00:00,Nuwara Eliya,19.34,71.41,0.0,12.61,Blister Blight,Exobasidium vexans,0.656,Moderate
2026-05-31 22:00:00,Nuwara Eliya,20.3,80.95,0.22,14.16,Blister Blight,Exobasidium vexans,1.0,Moderate
2026-05-31 23:00:00,Nuwara Eliya,18.84,83.42,2.39,14.24,Blister Blight,Exobasidium vexans,1.0,Moderate
2026-05-31 00:00:00,Kandy,22.17,75.0,2.33,15.55,Grey Blight,Pestalotiopsis spp.,1.0,Moderate
2026-05-31 01:00:00,Kandy,22.55,69.28,3.02,6.46,Grey Blight (dormant/low risk),Pestalotiopsis spp.,0.771,Low
2026-05-31 02:00:00,Kandy,26.78,70.82,0.0,8.49,Grey Blight (dormant/low risk),Pestalotiopsis spp.,0.762,Low
2026-05-31 03:00:00,Kandy,22.18,73.59,0.0,14.54,Grey Blight,Pestalotiopsis spp.,0.944,Moderate
2026-05-31 04:00:00,Kandy,19.61,76.55,0.0,15.19,Grey Blight,Pestalotiopsis spp.,0.984,Moderate
2026-05-31 05:00:00,Kandy,20.56,77.46,0.0,13.85,Grey Blight,Pestalotiopsis spp.,1.0,Moderate
2026-05-31 06:00:00,Kandy,20.79,86.6,2.15,20.14,Grey Blight,Pestalotiopsis spp.,1.0,High
2026-05-31 07:00:00,Kandy,18.0,81.34,1.43,9.15,Grey Blight (dormant/low risk),Pestalotiopsis spp.,0.92,Low
2026-05-31 08:00:00,Kandy,22.52,77.77,0.33,14.96,Grey Blight,Pestalotiopsis spp.,1.0,Moderate
2026-05-31 09:00:00,Kandy,19.02,75.65,1.69,12.19,Grey Blight,Pestalotiopsis spp.,0.961,Moderate
2026-05-31 10:00:00,Kandy,20.28,72.78,0.73,12.95,Grey Blight,Pestalotiopsis spp.,0.911,Moderate
2026-05-31 11:00:00,Kandy,22.06,72.87,1.95,10.99,Grey Blight,Pestalotiopsis spp.,0.915,Moderate
2026-05-31 12:00:00,Kandy,26.81,64.22,0.0,8.71,Grey Blight (dormant/low risk),Pestalotiopsis spp.,0.496,Low
2026-05-31 13:00:00,Kandy,24.21,60.87,0.0,15.14,Grey Blight,Pestalotiopsis spp.,0.435,Moderate
2026-05-31 14:00:00,Kandy,22.85,62.26,0.0,11.11,Grey Blight,Pestalotiopsis spp.,0.49,Moderate
2026-05-31 15:00:00,Kandy,21.68,71.36,3.14,18.11,Grey Blight,Pestalotiopsis spp.,0.854,High
2026-05-31 16:00:00,Kandy,30.0,58.15,0.0,10.87,Grey Blight,Pestalotiopsis spp.,0.2,Moderate
2026-05-31 17:00:00,Kandy,23.93,66.12,0.0,11.49,Grey Blight,Pestalotiopsis spp.,0.645,Moderate
2026-05-31 18:00:00,Kandy,26.84,66.27,0.0,14.13,Grey Blight,Pestalotiopsis spp.,0.577,Moderate
2026-05-31 19:00:00,Kandy,24.49,74.92,0.0,18.78,Grey Blight,Pestalotiopsis spp.,0.997,High
2026-05-31 20:00:00,Kandy,27.92,69.71,0.18,10.81,Grey Blight,Pestalotiopsis spp.,0.672,Moderate
2026-05-31 21:00:00,Kandy,25.8,70.82,0.0,19.29,Grey Blight,Pestalotiopsis spp.,0.801,High
2026-05-31 22:00:00,Kandy,24.92,72.11,0.0,21.26,Grey Blight,Pestalotiopsis spp.,0.884,High
2026-05-31 23:00:00,Kandy,24.63,76.23,0.0,11.71,Grey Blight,Pestalotiopsis spp.,1.0,Moderate
2026-05-31 00:00:00,Ratnapura,28.95,77.57,1.72,10.51,Brown Blight (dormant/low risk),Colletotrichum / Glomerella spp.,0.903,Low
2026-05-31 01:00:00,Ratnapura,28.72,73.35,0.0,14.86,Brown Blight,Colletotrichum / Glomerella spp.,0.734,Moderate
2026-05-31 02:00:00,Ratnapura,29.0,77.14,0.82,10.04,Brown Blight (dormant/low risk),Colletotrichum / Glomerella spp.,0.886,Low
2026-05-31 03:00:00,Ratnapura,27.16,83.37,0.0,12.26,Brown Blight,Colletotrichum / Glomerella spp.,1.0,Moderate
2026-05-31 04:00:00,Ratnapura,25.87,79.74,1.38,11.61,Brown Blight,Colletotrichum / Glomerella spp.,0.99,Moderate
2026-05-31 05:00:00,Ratnapura,28.94,86.01,1.23,11.26,Brown Blight,Colletotrichum / Glomerella spp.,1.0,Moderate
2026-05-31 06:00:00,Ratnapura,22.46,81.39,0.0,7.62,Brown Blight (dormant/low risk),Colletotrichum / Glomerella spp.,0.898,Low
2026-05-31 07:00:00,Ratnapura,27.44,98.0,11.42,18.37,Brown Blight,Colletotrichum / Glomerella spp.,1.0,High
2026-05-31 08:00:00,Ratnapura,22.0,87.64,0.0,19.38,Brown Blight,Colletotrichum / Glomerella spp.,0.88,High
2026-05-31 09:00:00,Ratnapura,24.8,83.45,0.0,7.17,Brown Blight (dormant/low risk),Colletotrichum / Glomerella spp.,0.992,Low
2026-05-31 10:00:00,Ratnapura,28.47,80.35,1.27,10.07,Brown Blight (dormant/low risk),Colletotrichum / Glomerella spp.,1.0,Low
2026-05-31 11:00:00,Ratnapura,24.65,78.46,0.0,11.33,Brown Blight,Colletotrichum / Glomerella spp.,0.924,Moderate
2026-05-31 12:00:00,Ratnapura,22.0,70.44,0.0,16.95,Brown Blight,Colletotrichum / Glomerella spp.,0.498,High
2026-05-31 13:00:00,Ratnapura,26.95,69.07,0.0,12.14,Brown Blight,Colletotrichum / Glomerella spp.,0.563,Moderate
2026-05-31 14:00:00,Ratnapura,27.12,65.0,0.0,7.09,Brown Blight (dormant/low risk),Colletotrichum / Glomerella spp.,0.4,Low
2026-05-31 15:00:00,Ratnapura,31.48,79.3,4.53,8.53,Brown Blight (dormant/low risk),Colletotrichum / Glomerella spp.,0.913,Low
2026-05-31 16:00:00,Ratnapura,31.57,83.04,8.43,11.53,Brown Blight,Colletotrichum / Glomerella spp.,0.937,Moderate
2026-05-31 17:00:00,Ratnapura,28.86,78.83,1.47,9.03,Brown Blight (dormant/low risk),Colletotrichum / Glomerella spp.,0.953,Low
2026-05-31 18:00:00,Ratnapura,31.95,74.28,1.65,11.13,Brown Blight,Colletotrichum / Glomerella spp.,0.693,Moderate
2026-05-31 19:00:00,Ratnapura,28.72,70.68,0.23,8.73,Brown Blight (dormant/low risk),Colletotrichum / Glomerella spp.,0.627,Low
2026-05-31 20:00:00,Ratnapura,30.2,82.4,2.67,9.71,Brown Blight (dormant/low risk),Colletotrichum / Glomerella spp.,0.992,Low
2026-05-31 21:00:00,Ratnapura,32.24,66.64,0.0,9.94,Brown Blight (dormant/low risk),Colletotrichum / Glomerella spp.,0.376,Low
2026-05-31 22:00:00,Ratnapura,27.71,80.52,0.0,12.95,Brown Blight,Colletotrichum / Glomerella spp.,1.0,Moderate
2026-05-31 23:00:00,Ratnapura,30.44,76.49,0.0,12.12,Brown Blight,Colletotrichum / Glomerella spp.,0.842,Moderate
2026-06-01 00:00:00,Nuwara Eliya,13.92,88.26,0.38,18.36,Blister Blight,Exobasidium vexans,0.957,High
2026-06-01 01:00:00,Nuwara Eliya,16.11,85.24,0.0,19.97,Blister Blight,Exobasidium vexans,1.0,High
2026-06-01 02:00:00,Nuwara Eliya,13.77,95.0,4.42,20.71,Blister Blight,Exobasidium vexans,0.951,High
2026-06-01 03:00:00,Nuwara Eliya,18.14,80.7,0.0,8.03,Blister Blight (dormant/low risk),Exobasidium vexans,1.0,Low
2026-06-01 04:00:00,Nuwara Eliya,11.28,93.24,1.45,15.49,Blister Blight,Exobasidium vexans,0.851,Moderate
2026-06-01 05:00:00,Nuwara Eliya,16.89,92.27,1.49,16.21,Blister Blight,Exobasidium vexans,1.0,High
2026-06-01 06:00:00,Nuwara Eliya,10.05,89.32,1.72,9.3,Blister Blight (dormant/low risk),Exobasidium vexans,0.802,Low
2026-06-01 07:00:00,Nuwara Eliya,10.63,95.0,0.0,13.81,Blister Blight,Exobasidium vexans,0.825,Moderate
2026-06-01 08:00:00,Nuwara Eliya,11.74,89.16,0.0,14.39,Blister Blight,Exobasidium vexans,0.87,Moderate
2026-06-01 09:00:00,Nuwara Eliya,10.0,86.7,1.24,5.94,Blister Blight (dormant/low risk),Exobasidium vexans,0.8,Low
2026-06-01 10:00:00,Nuwara Eliya,11.79,86.87,0.0,16.75,Blister Blight,Exobasidium vexans,0.872,High
2026-06-01 11:00:00,Nuwara Eliya,12.91,93.35,13.93,11.55,Blister Blight,Exobasidium vexans,0.916,Moderate
2026-06-01 12:00:00,Nuwara Eliya,10.92,76.64,0.26,14.46,Blister Blight,Exobasidium vexans,0.702,Moderate
2026-06-01 13:00:00,Nuwara Eliya,12.04,85.53,2.89,10.23,Blister Blight (dormant/low risk),Exobasidium vexans,0.882,Low
2026-06-01 14:00:00,Nuwara Eliya,17.59,75.74,0.0,13.77,Blister Blight,Exobasidium vexans,0.83,Moderate
2026-06-01 15:00:00,Nuwara Eliya,15.63,76.84,0.0,15.92,Blister Blight,Exobasidium vexans,0.874,High
2026-06-01 16:00:00,Nuwara Eliya,16.99,72.13,0.0,17.27,Blister Blight,Exobasidium vexans,0.685,High
2026-06-01 17:00:00,Nuwara Eliya,21.21,85.6,4.25,10.0,Blister Blight (dormant/low risk),Exobasidium vexans,1.0,Low
2026-06-01 18:00:00,Nuwara Eliya,17.98,87.65,3.22,12.93,Blister Blight,Exobasidium vexans,1.0,Moderate
2026-06-01 19:00:00,Nuwara Eliya,16.06,92.26,0.0,15.03,Blister Blight,Exobasidium vexans,1.0,Moderate
2026-06-01 20:00:00,Nuwara Eliya,17.53,77.53,1.01,10.35,Blister Blight (dormant/low risk),Exobasidium vexans,0.901,Low
2026-06-01 21:00:00,Nuwara Eliya,20.98,76.19,0.0,10.89,Blister Blight,Exobasidium vexans,0.848,Moderate
2026-06-01 22:00:00,Nuwara Eliya,18.18,81.74,0.0,4.2,Blister Blight (dormant/low risk),Exobasidium vexans,1.0,Low
2026-06-01 23:00:00,Nuwara Eliya,17.28,81.73,0.0,13.46,Blister Blight,Exobasidium vexans,1.0,Moderate
2026-06-01 00:00:00,Kandy,22.26,69.81,0.0,9.28,Grey Blight (dormant/low risk),Pestalotiopsis spp.,0.792,Low
2026-06-01 01:00:00,Kandy,22.3,71.18,0.0,10.73,Grey Blight (dormant/low risk),Pestalotiopsis spp.,0.847,Low
2026-06-01 02:00:00,Kandy,24.0,74.08,4.04,10.77,Grey Blight,Pestalotiopsis spp.,0.963,Moderate
2026-06-01 03:00:00,Kandy,19.78,74.52,0.0,11.43,Grey Blight,Pestalotiopsis spp.,0.972,Moderate
2026-06-01 04:00:00,Kandy,22.04,75.8,1.06,15.34,Grey Blight,Pestalotiopsis spp.,1.0,Moderate
2026-06-01 05:00:00,Kandy,22.49,77.01,0.6,16.03,Grey Blight,Pestalotiopsis spp.,1.0,High
2026-06-01 06:00:00,Kandy,20.96,83.87,0.0,6.7,Grey Blight (dormant/low risk),Pestalotiopsis spp.,1.0,Low
2026-06-01 07:00:00,Kandy,23.65,79.51,3.52,13.7,Grey Blight,Pestalotiopsis spp.,1.0,Moderate
2026-06-01 08:00:00,Kandy,23.53,87.91,3.71,15.74,Grey Blight,Pestalotiopsis spp.,1.0,High
2026-06-01 09:00:00,Kandy,19.1,76.02,0.0,11.49,Grey Blight,Pestalotiopsis spp.,0.964,Moderate
2026-06-01 10:00:00,Kandy,21.63,80.85,3.43,16.89,Grey Blight,Pestalotiopsis spp.,1.0,High
2026-06-01 11:00:00,Kandy,22.45,71.17,0.0,12.44,Grey Blight,Pestalotiopsis spp.,0.847,Moderate
2026-06-01 12:00:00,Kandy,24.53,65.75,0.0,10.87,Grey Blight,Pestalotiopsis spp.,0.63,Moderate
2026-06-01 13:00:00,Kandy,24.35,69.95,0.0,11.38,Grey Blight,Pestalotiopsis spp.,0.798,Moderate
2026-06-01 14:00:00,Kandy,20.13,69.02,0.0,13.88,Grey Blight,Pestalotiopsis spp.,0.761,Moderate
2026-06-01 15:00:00,Kandy,23.2,63.89,2.37,10.26,Grey Blight (dormant/low risk),Pestalotiopsis spp.,0.556,Low
2026-06-01 16:00:00,Kandy,24.42,60.15,0.0,11.96,Grey Blight,Pestalotiopsis spp.,0.406,Moderate
2026-06-01 17:00:00,Kandy,27.67,63.96,0.0,7.44,Grey Blight (dormant/low risk),Pestalotiopsis spp.,0.452,Low
2026-06-01 18:00:00,Kandy,25.18,77.69,0.0,18.63,Grey Blight,Pestalotiopsis spp.,0.993,High
2026-06-01 19:00:00,Kandy,28.08,67.83,0.14,6.8,Grey Blight (dormant/low risk),Pestalotiopsis spp.,0.59,Low
2026-06-01 20:00:00,Kandy,23.08,69.02,0.0,10.58,Grey Blight (dormant/low risk),Pestalotiopsis spp.,0.761,Low
2026-06-01 21:00:00,Kandy,22.55,84.93,4.83,18.25,Grey Blight,Pestalotiopsis spp.,1.0,High
2026-06-01 22:00:00,Kandy,28.13,60.27,0.0,17.23,Grey Blight,Pestalotiopsis spp.,0.286,High
2026-06-01 23:00:00,Kandy,22.29,67.71,0.01,8.18,Grey Blight (dormant/low risk),Pestalotiopsis spp.,0.708,Low
2026-06-01 00:00:00,Ratnapura,31.11,75.73,0.0,11.18,Brown Blight,Colletotrichum / Glomerella spp.,0.785,Moderate
2026-06-01 01:00:00,Ratnapura,26.32,78.04,0.0,13.48,Brown Blight,Colletotrichum / Glomerella spp.,0.922,Moderate
2026-06-01 02:00:00,Ratnapura,28.67,87.06,3.86,7.72,Brown Blight (dormant/low risk),Colletotrichum / Glomerella spp.,1.0,Low
2026-06-01 03:00:00,Ratnapura,33.08,67.98,0.0,10.68,Brown Blight (dormant/low risk),Colletotrichum / Glomerella spp.,0.396,Low
2026-06-01 04:00:00,Ratnapura,27.33,78.16,0.0,12.22,Brown Blight,Colletotrichum / Glomerella spp.,0.926,Moderate
2026-06-01 05:00:00,Ratnapura,27.9,91.85,3.87,12.56,Brown Blight,Colletotrichum / Glomerella spp.,1.0,Moderate
2026-06-01 06:00:00,Ratnapura,22.77,88.91,3.51,15.47,Brown Blight,Colletotrichum / Glomerella spp.,0.911,Moderate
2026-06-01 07:00:00,Ratnapura,24.25,87.63,1.13,19.59,Brown Blight,Colletotrichum / Glomerella spp.,0.97,High
2026-06-01 08:00:00,Ratnapura,22.0,98.0,5.28,19.72,Brown Blight,Colletotrichum / Glomerella spp.,0.88,High
2026-06-01 09:00:00,Ratnapura,24.02,80.84,0.0,15.77,Brown Blight,Colletotrichum / Glomerella spp.,0.961,High
2026-06-01 10:00:00,Ratnapura,27.56,78.58,1.86,17.82,Brown Blight,Colletotrichum / Glomerella spp.,0.943,High
2026-06-01 11:00:00,Ratnapura,26.58,84.92,1.7,11.3,Brown Blight,Colletotrichum / Glomerella spp.,1.0,Moderate
2026-06-01 12:00:00,Ratnapura,24.29,66.42,0.0,11.63,Brown Blight,Colletotrichum / Glomerella spp.,0.428,Moderate
2026-06-01 13:00:00,Ratnapura,29.48,65.12,0.0,12.56,Brown Blight,Colletotrichum / Glomerella spp.,0.405,Moderate
2026-06-01 14:00:00,Ratnapura,28.45,65.0,0.0,11.47,Brown Blight,Colletotrichum / Glomerella spp.,0.4,Moderate
2026-06-01 15:00:00,Ratnapura,26.89,73.27,0.0,6.65,Brown Blight (dormant/low risk),Colletotrichum / Glomerella spp.,0.731,Low
2026-06-01 16:00:00,Ratnapura,28.59,65.36,0.0,11.28,Brown Blight,Colletotrichum / Glomerella spp.,0.414,Moderate
2026-06-01 17:00:00,Ratnapura,32.91,70.87,0.0,9.08,Brown Blight (dormant/low risk),Colletotrichum / Glomerella spp.,0.518,Low
2026-06-01 18:00:00,Ratnapura,29.71,77.38,0.0,13.7,Brown Blight,Colletotrichum / Glomerella spp.,0.895,Moderate
2026-06-01 19:00:00,Ratnapura,32.21,68.93,0.0,13.57,Brown Blight,Colletotrichum / Glomerella spp.,0.469,Moderate
2026-06-01 20:00:00,Ratnapura,30.41,70.47,0.0,15.88,Brown Blight,Colletotrichum / Glomerella spp.,0.602,High
2026-06-01 21:00:00,Ratnapura,27.17,75.44,0.0,15.27,Brown Blight,Colletotrichum / Glomerella spp.,0.818,Moderate
2026-06-01 22:00:00,Ratnapura,31.94,79.6,2.54,10.0,Brown Blight (dormant/low risk),Colletotrichum / Glomerella spp.,0.906,Low
2026-06-01 23:00:00,Ratnapura,27.01,71.15,0.0,15.6,Brown Blight,Colletotrichum / Glomerella spp.,0.646,Moderate
2026-06-02 00:00:00,Nuwara Eliya,14.71,80.64,0.0,11.01,Blister Blight,Exobasidium vexans,0.988,Moderate
2026-06-02 01:00:00,Nuwara Eliya,16.68,81.87,0.0,13.7,Blister Blight,Exobasidium vexans,1.0,Moderate
2026-06-02 02:00:00,Nuwara Eliya,13.44,88.08,0.92,10.04,Blister Blight (dormant/low risk),Exobasidium vexans,0.938,Low
2026-06-02 03:00:00,Nuwara Eliya,12.46,86.3,0.62,12.41,Blister Blight,Exobasidium vexans,0.898,Moderate
2026-06-02 04:00:00,Nuwara Eliya,16.52,95.0,3.48,20.12,Blister Blight,Exobasidium vexans,1.0,High
2026-06-02 05:00:00,Nuwara Eliya,14.83,95.0,11.12,16.72,Blister Blight,Exobasidium vexans,0.993,High
2026-06-02 06:00:00,Nuwara Eliya,16.07,93.83,1.17,19.62,Blister Blight,Exobasidium vexans,1.0,High
2026-06-02 07:00:00,Nuwara Eliya,16.62,93.99,6.21,14.96,Blister Blight,Exobasidium vexans,1.0,Moderate
2026-06-02 08:00:00,Nuwara Eliya,13.04,91.74,1.08,13.13,Blister Blight,Exobasidium vexans,0.922,Moderate
2026-06-02 09:00:00,Nuwara Eliya,10.04,92.06,1.7,15.66,Blister Blight,Exobasidium vexans,0.802,Moderate
2026-06-02 10:00:00,Nuwara Eliya,14.41,87.49,0.34,16.47,Blister Blight,Exobasidium vexans,0.976,High
2026-06-02 11:00:00,Nuwara Eliya,12.95,82.24,0.0,10.92,Blister Blight,Exobasidium vexans,0.918,Moderate
2026-06-02 12:00:00,Nuwara Eliya,12.95,81.23,0.0,4.77,Blister Blight (dormant/low risk),Exobasidium vexans,0.918,Low
2026-06-02 13:00:00,Nuwara Eliya,15.17,74.65,0.0,13.84,Blister Blight,Exobasidium vexans,0.786,Moderate
2026-06-02 14:00:00,Nuwara Eliya,14.08,77.3,0.0,10.63,Blister Blight (dormant/low risk),Exobasidium vexans,0.855,Low
2026-06-02 15:00:00,Nuwara Eliya,13.49,76.21,0.0,11.57,Blister Blight,Exobasidium vexans,0.788,Moderate
2026-06-02 16:00:00,Nuwara Eliya,18.52,79.31,4.11,21.48,Blister Blight,Exobasidium vexans,0.972,High
2026-06-02 17:00:00,Nuwara Eliya,16.53,82.66,0.0,8.41,Blister Blight (dormant/low risk),Exobasidium vexans,1.0,Low
2026-06-02 18:00:00,Nuwara Eliya,18.28,78.65,0.0,12.07,Blister Blight,Exobasidium vexans,0.946,Moderate
2026-06-02 19:00:00,Nuwara Eliya,17.65,80.3,0.0,16.9,Blister Blight,Exobasidium vexans,1.0,High
2026-06-02 20:00:00,Nuwara Eliya,16.81,86.08,2.4,11.01,Blister Blight,Exobasidium vexans,1.0,Moderate
2026-06-02 21:00:00,Nuwara Eliya,18.88,82.81,1.7,15.14,Blister Blight,Exobasidium vexans,1.0,Moderate
2026-06-02 22:00:00,Nuwara Eliya,16.35,91.46,6.76,12.64,Blister Blight,Exobasidium vexans,1.0,Moderate
2026-06-02 23:00:00,Nuwara Eliya,14.69,80.92,0.51,12.89,Blister Blight,Exobasidium vexans,0.988,Moderate
2026-06-02 00:00:00,Kandy,21.26,78.09,0.0,22.3,Grey Blight,Pestalotiopsis spp.,1.0,High
2026-06-02 01:00:00,Kandy,24.49,76.47,3.9,15.06,Grey Blight,Pestalotiopsis spp.,1.0,Moderate
2026-06-02 02:00:00,Kandy,23.14,78.04,0.73,14.86,Grey Blight,Pestalotiopsis spp.,1.0,Moderate
2026-06-02 03:00:00,Kandy,19.25,81.18,0.0,10.2,Grey Blight (dormant/low risk),Pestalotiopsis spp.,0.97,Low
2026-06-02 04:00:00,Kandy,20.43,83.55,1.6,11.38,Grey Blight,Pestalotiopsis spp.,1.0,Moderate
2026-06-02 05:00:00,Kandy,23.95,77.77,0.4,16.45,Grey Blight,Pestalotiopsis spp.,1.0,High
2026-06-02 06:00:00,Kandy,20.92,90.0,8.62,14.8,Grey Blight,Pestalotiopsis spp.,1.0,Moderate
2026-06-02 07:00:00,Kandy,18.58,86.32,2.0,14.78,Grey Blight,Pestalotiopsis spp.,0.943,Moderate
2026-06-02 08:00:00,Kandy,19.79,73.82,0.0,20.08,Grey Blight,Pestalotiopsis spp.,0.944,High
2026-06-02 09:00:00,Kandy,20.23,78.6,3.98,14.98,Grey Blight,Pestalotiopsis spp.,1.0,Moderate
2026-06-02 10:00:00,Kandy,20.13,81.35,0.52,10.93,Grey Blight,Pestalotiopsis spp.,1.0,Moderate
2026-06-02 11:00:00,Kandy,25.24,63.92,0.0,12.18,Grey Blight,Pestalotiopsis spp.,0.547,Moderate
2026-06-02 12:00:00,Kandy,24.32,63.62,0.0,5.81,Grey Blight (dormant/low risk),Pestalotiopsis spp.,0.545,Low
2026-06-02 13:00:00,Kandy,20.23,68.38,0.0,11.6,Grey Blight,Pestalotiopsis spp.,0.735,Moderate
2026-06-02 14:00:00,Kandy,25.58,60.85,0.0,13.16,Grey Blight,Pestalotiopsis spp.,0.411,Moderate
2026-06-02 15:00:00,Kandy,21.62,72.85,0.0,14.72,Grey Blight,Pestalotiopsis spp.,0.914,Moderate
2026-06-02 16:00:00,Kandy,24.21,63.92,0.0,12.19,Grey Blight,Pestalotiopsis spp.,0.557,Moderate
2026-06-02 17:00:00,Kandy,26.76,70.69,0.0,9.17,Grey Blight (dormant/low risk),Pestalotiopsis spp.,0.757,Low
2026-06-02 18:00:00,Kandy,27.94,64.58,0.0,10.63,Grey Blight (dormant/low risk),Pestalotiopsis spp.,0.466,Low
2026-06-02 19:00:00,Kandy,24.95,70.33,0.34,18.5,Grey Blight,Pestalotiopsis spp.,0.813,High
2026-06-02 20:00:00,Kandy,25.93,66.2,0.0,10.21,Grey Blight (dormant/low risk),Pestalotiopsis spp.,0.611,Low
2026-06-02 21:00:00,Kandy,22.75,75.83,0.0,15.03,Grey Blight,Pestalotiopsis spp.,1.0,Moderate
2026-06-02 22:00:00,Kandy,23.39,77.32,0.0,11.42,Grey Blight,Pestalotiopsis spp.,1.0,Moderate
2026-06-02 23:00:00,Kandy,18.94,73.91,0.0,15.5,Grey Blight,Pestalotiopsis spp.,0.914,Moderate
2026-06-02 00:00:00,Ratnapura,28.91,69.53,0.0,10.38,Brown Blight (dormant/low risk),Colletotrichum / Glomerella spp.,0.581,Low
2026-06-02 01:00:00,Ratnapura,26.78,81.16,0.0,16.91,Brown Blight,Colletotrichum / Glomerella spp.,1.0,High
2026-06-02 02:00:00,Ratnapura,27.29,78.51,0.0,12.2,Brown Blight,Colletotrichum / Glomerella spp.,0.94,Moderate
2026-06-02 03:00:00,Ratnapura,25.67,76.76,0.0,19.48,Brown Blight,Colletotrichum / Glomerella spp.,0.87,High
2026-06-02 04:00:00,Ratnapura,26.68,83.15,1.82,9.83,Brown Blight (dormant/low risk),Colletotrichum / Glomerella spp.,1.0,Low
2026-06-02 05:00:00,Ratnapura,25.29,82.9,0.0,16.04,Brown Blight,Colletotrichum / Glomerella spp.,1.0,High
2026-06-02 06:00:00,Ratnapura,27.18,82.33,0.42,12.45,Brown Blight,Colletotrichum / Glomerella spp.,1.0,Moderate
2026-06-02 07:00:00,Ratnapura,23.32,98.0,12.79,26.38,Brown Blight,Colletotrichum / Glomerella spp.,0.933,High
2026-06-02 08:00:00,Ratnapura,26.05,85.58,0.0,8.21,Brown Blight (dormant/low risk),Colletotrichum / Glomerella spp.,1.0,Low
2026-06-02 09:00:00,Ratnapura,24.46,73.24,0.0,12.71,Brown Blight,Colletotrichum / Glomerella spp.,0.708,Moderate
2026-06-02 10:00:00,Ratnapura,22.94,81.73,4.03,13.77,Brown Blight,Colletotrichum / Glomerella spp.,0.918,Moderate
2026-06-02 11:00:00,Ratnapura,24.16,85.02,1.97,12.39,Brown Blight,Colletotrichum / Glomerella spp.,0.966,Moderate
2026-06-02 12:00:00,Ratnapura,27.51,71.19,0.0,10.48,Brown Blight (dormant/low risk),Colletotrichum / Glomerella spp.,0.648,Low
2026-06-02 13:00:00,Ratnapura,24.65,74.49,3.64,18.01,Brown Blight,Colletotrichum / Glomerella spp.,0.766,High
2026-06-02 14:00:00,Ratnapura,24.74,68.4,0.0,14.59,Brown Blight,Colletotrichum / Glomerella spp.,0.526,Moderate
2026-06-02 15:00:00,Ratnapura,28.02,73.16,3.96,14.92,Brown Blight,Colletotrichum / Glomerella spp.,0.726,Moderate
2026-06-02 16:00:00,Ratnapura,26.0,71.12,0.42,17.66,Brown Blight,Colletotrichum / Glomerella spp.,0.645,High
2026-06-02 17:00:00,Ratnapura,29.72,73.25,0.0,15.16,Brown Blight,Colletotrichum / Glomerella spp.,0.73,Moderate
2026-06-02 18:00:00,Ratnapura,31.83,76.17,0.0,12.37,Brown Blight,Colletotrichum / Glomerella spp.,0.774,Moderate
2026-06-02 19:00:00,Ratnapura,31.07,67.76,0.0,4.83,Brown Blight (dormant/low risk),Colletotrichum / Glomerella spp.,0.468,Low
2026-06-02 20:00:00,Ratnapura,30.75,81.08,0.26,13.21,Brown Blight,Colletotrichum / Glomerella spp.,0.97,Moderate
2026-06-02 21:00:00,Ratnapura,30.46,73.39,0.0,10.94,Brown Blight,Colletotrichum / Glomerella spp.,0.717,Moderate
2026-06-02 22:00:00,Ratnapura,30.51,75.78,0.0,10.88,Brown Blight,Colletotrichum / Glomerella spp.,0.811,Moderate
2026-06-02 23:00:00,Ratnapura,30.15,78.66,0.0,17.14,Brown Blight,Colletotrichum / Glomerella spp.,0.94,High
2026-06-03 00:00:00,Nuwara Eliya,19.9,76.61,0.0,17.7,Blister Blight,Exobasidium vexans,0.864,High
2026-06-03 01:00:00,Nuwara Eliya,18.74,88.16,1.24,14.45,Blister Blight,Exobasidium vexans,1.0,Moderate
2026-06-03 02:00:00,Nuwara Eliya,16.69,83.85,3.54,11.96,Blister Blight,Exobasidium vexans,1.0,Moderate
2026-06-03 03:00:00,Nuwara Eliya,13.62,88.42,1.63,11.31,Blister Blight,Exobasidium vexans,0.945,Moderate
2026-06-03 04:00:00,Nuwara Eliya,12.97,93.32,0.0,11.38,Blister Blight,Exobasidium vexans,0.919,Moderate
2026-06-03 05:00:00,Nuwara Eliya,12.13,95.0,8.93,16.18,Blister Blight,Exobasidium vexans,0.885,High
2026-06-03 06:00:00,Nuwara Eliya,15.02,94.29,0.92,18.65,Blister Blight,Exobasidium vexans,1.0,High
2026-06-03 07:00:00,Nuwara Eliya,10.42,93.18,0.62,12.51,Blister Blight,Exobasidium vexans,0.817,Moderate
2026-06-03 08:00:00,Nuwara Eliya,11.37,94.22,0.96,10.05,Blister Blight (dormant/low risk),Exobasidium vexans,0.855,Low
2026-06-03 09:00:00,Nuwara Eliya,13.68,90.85,2.85,13.03,Blister Blight,Exobasidium vexans,0.947,Moderate
2026-06-03 10:00:00,Nuwara Eliya,13.67,85.57,2.13,11.53,Blister Blight,Exobasidium vexans,0.947,Moderate
2026-06-03 11:00:00,Nuwara Eliya,12.45,82.36,0.11,10.36,Blister Blight (dormant/low risk),Exobasidium vexans,0.898,Low
2026-06-03 12:00:00,Nuwara Eliya,15.27,74.97,0.0,11.12,Blister Blight,Exobasidium vexans,0.799,Moderate
2026-06-03 13:00:00,Nuwara Eliya,16.09,80.59,0.78,1.3,Blister Blight (dormant/low risk),Exobasidium vexans,1.0,Low
2026-06-03 14:00:00,Nuwara Eliya,12.05,87.06,3.9,13.31,Blister Blight,Exobasidium vexans,0.882,Moderate
2026-06-03 15:00:00,Nuwara Eliya,16.4,77.21,0.0,19.32,Blister Blight,Exobasidium vexans,0.888,High
2026-06-03 16:00:00,Nuwara Eliya,18.54,78.95,3.07,20.27,Blister Blight,Exobasidium vexans,0.958,High
2026-06-03 17:00:00,Nuwara Eliya,14.56,87.91,2.16,11.21,Blister Blight,Exobasidium vexans,0.982,Moderate
2026-06-03 18:00:00,Nuwara Eliya,20.35,76.98,0.0,17.43,Blister Blight,Exobasidium vexans,0.879,High
2026-06-03 19:00:00,Nuwara Eliya,17.99,77.18,0.0,13.63,Blister Blight,Exobasidium vexans,0.887,Moderate
2026-06-03 20:00:00,Nuwara Eliya,17.64,82.32,0.0,10.47,Blister Blight (dormant/low risk),Exobasidium vexans,1.0,Low
2026-06-03 21:00:00,Nuwara Eliya,20.55,78.59,0.38,17.14,Blister Blight,Exobasidium vexans,0.944,High
2026-06-03 22:00:00,Nuwara Eliya,18.16,81.17,3.21,12.61,Blister Blight,Exobasidium vexans,1.0,Moderate
2026-06-03 23:00:00,Nuwara Eliya,17.02,74.59,0.2,8.52,Blister Blight (dormant/low risk),Exobasidium vexans,0.784,Low
2026-06-03 00:00:00,Kandy,27.0,68.97,1.55,3.89,Grey Blight (dormant/low risk),Pestalotiopsis spp.,0.679,Low
2026-06-03 01:00:00,Kandy,24.65,71.49,0.0,9.22,Grey Blight (dormant/low risk),Pestalotiopsis spp.,0.86,Low
2026-06-03 02:00:00,Kandy,23.73,72.76,1.75,15.1,Grey Blight,Pestalotiopsis spp.,0.91,Moderate
2026-06-03 03:00:00,Kandy,24.23,68.5,0.0,16.78,Grey Blight,Pestalotiopsis spp.,0.74,High
2026-06-03 04:00:00,Kandy,22.27,80.55,1.98,16.76,Grey Blight,Pestalotiopsis spp.,1.0,High
2026-06-03 05:00:00,Kandy,23.49,76.42,0.25,17.19,Grey Blight,Pestalotiopsis spp.,1.0,High
2026-06-03 06:00:00,Kandy,20.87,77.05,0.0,16.57,Grey Blight,Pestalotiopsis spp.,1.0,High
2026-06-03 07:00:00,Kandy,24.6,76.37,0.0,19.63,Grey Blight,Pestalotiopsis spp.,1.0,High
2026-06-03 08:00:00,Kandy,19.24,77.36,1.11,14.52,Grey Blight,Pestalotiopsis spp.,0.97,Moderate
2026-06-03 09:00:00,Kandy,19.34,77.87,0.0,17.1,Grey Blight,Pestalotiopsis spp.,0.974,High
2026-06-03 10:00:00,Kandy,24.39,77.66,3.1,17.93,Grey Blight,Pestalotiopsis spp.,1.0,High
2026-06-03 11:00:00,Kandy,23.42,68.19,0.0,8.41,Grey Blight (dormant/low risk),Pestalotiopsis spp.,0.728,Low
2026-06-03 12:00:00,Kandy,21.34,64.32,0.0,12.24,Grey Blight,Pestalotiopsis spp.,0.573,Moderate
2026-06-03 13:00:00,Kandy,23.62,64.96,0.0,11.6,Grey Blight,Pestalotiopsis spp.,0.598,Moderate
2026-06-03 14:00:00,Kandy,23.22,67.86,0.0,10.14,Grey Blight (dormant/low risk),Pestalotiopsis spp.,0.714,Low
2026-06-03 15:00:00,Kandy,21.49,65.29,0.0,13.7,Grey Blight,Pestalotiopsis spp.,0.612,Moderate
2026-06-03 16:00:00,Kandy,25.74,63.76,0.0,14.24,Grey Blight,Pestalotiopsis spp.,0.521,Moderate
2026-06-03 17:00:00,Kandy,24.31,72.44,1.12,17.76,Grey Blight,Pestalotiopsis spp.,0.898,High
2026-06-03 18:00:00,Kandy,26.52,72.88,0.0,13.55,Grey Blight,Pestalotiopsis spp.,0.854,Moderate
2026-06-03 19:00:00,Kandy,23.93,72.25,0.0,12.79,Grey Blight,Pestalotiopsis spp.,0.89,Moderate
2026-06-03 20:00:00,Kandy,26.26,76.43,0.0,20.44,Grey Blight,Pestalotiopsis spp.,0.95,High
2026-06-03 21:00:00,Kandy,23.57,74.28,0.0,14.17,Grey Blight,Pestalotiopsis spp.,0.971,Moderate
2026-06-03 22:00:00,Kandy,22.72,71.3,1.94,10.17,Grey Blight (dormant/low risk),Pestalotiopsis spp.,0.852,Low
2026-06-03 23:00:00,Kandy,25.46,68.97,0.0,20.99,Grey Blight,Pestalotiopsis spp.,0.74,High
2026-06-03 00:00:00,Ratnapura,27.6,80.87,0.0,9.3,Brown Blight (dormant/low risk),Colletotrichum / Glomerella spp.,1.0,Low
2026-06-03 01:00:00,Ratnapura,22.48,82.72,0.86,18.68,Brown Blight,Colletotrichum / Glomerella spp.,0.899,High
2026-06-03 02:00:00,Ratnapura,31.68,71.43,0.0,15.99,Brown Blight,Colletotrichum / Glomerella spp.,0.59,High
2026-06-03 03:00:00,Ratnapura,22.94,78.08,0.09,16.24,Brown Blight,Colletotrichum / Glomerella spp.,0.841,High
2026-06-03 04:00:00,Ratnapura,24.73,98.0,6.67,20.59,Brown Blight,Colletotrichum / Glomerella spp.,0.989,High
2026-06-03 05:00:00,Ratnapura,28.71,81.29,0.0,8.45,Brown Blight (dormant/low risk),Colletotrichum / Glomerella spp.,1.0,Low
2026-06-03 06:00:00,Ratnapura,26.8,86.66,0.0,9.59,Brown Blight (dormant/low risk),Colletotrichum / Glomerella spp.,1.0,Low
2026-06-03 07:00:00,Ratnapura,24.09,91.44,0.33,18.27,Brown Blight,Colletotrichum / Glomerella spp.,0.964,High
2026-06-03 08:00:00,Ratnapura,22.87,98.0,8.09,19.42,Brown Blight,Colletotrichum / Glomerella spp.,0.915,High
2026-06-03 09:00:00,Ratnapura,23.54,83.47,3.61,16.14,Brown Blight,Colletotrichum / Glomerella spp.,0.942,High
2026-06-03 10:00:00,Ratnapura,27.81,78.95,1.68,12.72,Brown Blight,Colletotrichum / Glomerella spp.,0.958,Moderate
2026-06-03 11:00:00,Ratnapura,25.65,73.16,0.0,13.12,Brown Blight,Colletotrichum / Glomerella spp.,0.726,Moderate
2026-06-03 12:00:00,Ratnapura,26.79,70.29,0.0,11.5,Brown Blight,Colletotrichum / Glomerella spp.,0.612,Moderate
2026-06-03 13:00:00,Ratnapura,26.65,73.34,0.0,12.83,Brown Blight,Colletotrichum / Glomerella spp.,0.734,Moderate
2026-06-03 14:00:00,Ratnapura,28.16,66.22,1.97,10.08,Brown Blight (dormant/low risk),Colletotrichum / Glomerella spp.,0.449,Low
2026-06-03 15:00:00,Ratnapura,29.7,66.88,0.0,11.82,Brown Blight,Colletotrichum / Glomerella spp.,0.475,Moderate
2026-06-03 16:00:00,Ratnapura,29.8,71.81,0.0,14.12,Brown Blight,Colletotrichum / Glomerella spp.,0.672,Moderate
2026-06-03 17:00:00,Ratnapura,28.48,82.51,2.16,10.6,Brown Blight (dormant/low risk),Colletotrichum / Glomerella spp.,1.0,Low
2026-06-03 18:00:00,Ratnapura,33.36,68.81,0.0,11.96,Brown Blight,Colletotrichum / Glomerella spp.,0.418,Moderate
2026-06-03 19:00:00,Ratnapura,34.44,72.67,1.12,7.06,Brown Blight (dormant/low risk),Colletotrichum / Glomerella spp.,0.529,Low
2026-06-03 20:00:00,Ratnapura,31.51,79.61,0.0,10.8,Brown Blight,Colletotrichum / Glomerella spp.,0.924,Moderate
2026-06-03 21:00:00,Ratnapura,31.04,76.12,0.0,14.9,Brown Blight,Colletotrichum / Glomerella spp.,0.803,Moderate
2026-06-03 22:00:00,Ratnapura,31.95,73.43,0.0,16.13,Brown Blight,Colletotrichum / Glomerella spp.,0.659,High
2026-06-03 23:00:00,Ratnapura,30.0,77.51,0.0,16.31,Brown Blight,Colletotrichum / Glomerella spp.,0.9,High
2026-06-04 00:00:00,Nuwara Eliya,19.63,81.25,0.0,12.76,Blister Blight,Exobasidium vexans,1.0,Moderate
2026-06-04 01:00:00,Nuwara Eliya,15.53,82.26,0.19,11.75,Blister Blight,Exobasidium vexans,1.0,Moderate
2026-06-04 02:00:00,Nuwara Eliya,14.28,78.9,0.0,8.99,Blister Blight (dormant/low risk),Exobasidium vexans,0.927,Low
2026-06-04 03:00:00,Nuwara Eliya,18.72,80.09,0.0,14.15,Blister Blight,Exobasidium vexans,1.0,Moderate
2026-06-04 04:00:00,Nuwara Eliya,14.91,95.0,7.05,18.26,Blister Blight,Exobasidium vexans,0.996,High
2026-06-04 05:00:00,Nuwara Eliya,11.17,94.65,0.0,16.78,Blister Blight,Exobasidium vexans,0.847,High
2026-06-04 06:00:00,Nuwara Eliya,11.13,90.77,0.6,16.89,Blister Blight,Exobasidium vexans,0.845,High
2026-06-04 07:00:00,Nuwara Eliya,11.57,84.03,0.0,11.12,Blister Blight,Exobasidium vexans,0.863,Moderate
2026-06-04 08:00:00,Nuwara Eliya,10.0,92.99,0.0,14.33,Blister Blight,Exobasidium vexans,0.8,Moderate
2026-06-04 09:00:00,Nuwara Eliya,11.08,94.35,4.78,16.05,Blister Blight,Exobasidium vexans,0.843,High
2026-06-04 10:00:00,Nuwara Eliya,10.0,93.9,3.44,18.19,Blister Blight,Exobasidium vexans,0.8,High
2026-06-04 11:00:00,Nuwara Eliya,16.43,79.07,0.0,17.77,Blister Blight,Exobasidium vexans,0.963,High
2026-06-04 12:00:00,Nuwara Eliya,14.29,85.16,3.38,11.7,Blister Blight,Exobasidium vexans,0.972,Moderate
2026-06-04 13:00:00,Nuwara Eliya,14.05,93.57,11.44,17.64,Blister Blight,Exobasidium vexans,0.962,High
2026-06-04 14:00:00,Nuwara Eliya,19.57,62.82,0.0,9.49,Blister Blight (dormant/low risk),Exobasidium vexans,0.4,Low
2026-06-04 15:00:00,Nuwara Eliya,17.56,72.57,0.0,7.52,Blister Blight (dormant/low risk),Exobasidium vexans,0.703,Low
2026-06-04 16:00:00,Nuwara Eliya,18.51,64.06,0.0,13.54,Blister Blight,Exobasidium vexans,0.4,Moderate
2026-06-04 17:00:00,Nuwara Eliya,21.28,85.92,3.17,17.11,Blister Blight,Exobasidium vexans,1.0,High
2026-06-04 18:00:00,Nuwara Eliya,18.31,83.82,1.76,14.99,Blister Blight,Exobasidium vexans,1.0,Moderate
2026-06-04 19:00:00,Nuwara Eliya,17.67,75.79,0.0,14.04,Blister Blight,Exobasidium vexans,0.832,Moderate
2026-06-04 20:00:00,Nuwara Eliya,16.0,87.65,4.01,15.57,Blister Blight,Exobasidium vexans,1.0,Moderate
2026-06-04 21:00:00,Nuwara Eliya,18.58,82.89,0.0,12.85,Blister Blight,Exobasidium vexans,1.0,Moderate
2026-06-04 22:00:00,Nuwara Eliya,15.28,82.45,0.0,11.02,Blister Blight,Exobasidium vexans,1.0,Moderate
2026-06-04 23:00:00,Nuwara Eliya,22.85,72.78,0.0,13.48,Blister Blight,Exobasidium vexans,0.711,Moderate
2026-06-04 00:00:00,Kandy,22.75,77.7,0.0,15.94,Grey Blight,Pestalotiopsis spp.,1.0,High
2026-06-04 01:00:00,Kandy,22.36,71.46,0.0,8.52,Grey Blight (dormant/low risk),Pestalotiopsis spp.,0.858,Low
2026-06-04 02:00:00,Kandy,18.97,70.08,0.0,11.89,Grey Blight,Pestalotiopsis spp.,0.762,Moderate
2026-06-04 03:00:00,Kandy,22.65,67.49,0.0,10.41,Grey Blight (dormant/low risk),Pestalotiopsis spp.,0.7,Low
2026-06-04 04:00:00,Kandy,21.56,77.49,0.0,15.0,Grey Blight,Pestalotiopsis spp.,1.0,Moderate
2026-06-04 05:00:00,Kandy,20.79,80.18,2.64,13.12,Grey Blight,Pestalotiopsis spp.,1.0,Moderate
2026-06-04 06:00:00,Kandy,20.41,81.84,0.23,10.12,Grey Blight (dormant/low risk),Pestalotiopsis spp.,1.0,Low
2026-06-04 07:00:00,Kandy,20.51,84.9,0.0,12.82,Grey Blight,Pestalotiopsis spp.,1.0,Moderate
2026-06-04 08:00:00,Kandy,21.96,73.31,0.3,12.2,Grey Blight,Pestalotiopsis spp.,0.932,Moderate
2026-06-04 09:00:00,Kandy,21.34,82.03,1.77,10.38,Grey Blight (dormant/low risk),Pestalotiopsis spp.,1.0,Low
2026-06-04 10:00:00,Kandy,20.72,71.65,0.9,16.6,Grey Blight,Pestalotiopsis spp.,0.866,High
2026-06-04 11:00:00,Kandy,18.66,80.82,4.49,14.39,Grey Blight,Pestalotiopsis spp.,0.946,Moderate
2026-06-04 12:00:00,Kandy,22.31,63.52,0.0,9.77,Grey Blight (dormant/low risk),Pestalotiopsis spp.,0.541,Low
2026-06-04 13:00:00,Kandy,23.23,61.0,0.0,14.02,Grey Blight,Pestalotiopsis spp.,0.44,Moderate
2026-06-04 14:00:00,Kandy,23.25,65.57,0.0,12.91,Grey Blight,Pestalotiopsis spp.,0.623,Moderate
2026-06-04 15:00:00,Kandy,24.44,67.97,0.92,9.89,Grey Blight (dormant/low risk),Pestalotiopsis spp.,0.719,Low
2026-06-04 16:00:00,Kandy,28.34,58.53,1.33,9.78,Grey Blight (dormant/low risk),Pestalotiopsis spp.,0.266,Low
2026-06-04 17:00:00,Kandy,27.07,66.6,1.19,6.96,Grey Blight (dormant/low risk),Pestalotiopsis spp.,0.581,Low
2026-06-04 18:00:00,Kandy,25.37,80.12,1.59,13.99,Grey Blight,Pestalotiopsis spp.,0.985,Moderate
2026-06-04 19:00:00,Kandy,23.42,82.42,3.8,14.77,Grey Blight,Pestalotiopsis spp.,1.0,Moderate
2026-06-04 20:00:00,Kandy,26.7,66.31,0.0,6.12,Grey Blight (dormant/low risk),Pestalotiopsis spp.,0.584,Low
2026-06-04 21:00:00,Kandy,25.61,60.97,0.0,11.78,Grey Blight,Pestalotiopsis spp.,0.414,Moderate
2026-06-04 22:00:00,Kandy,26.48,67.33,0.0,10.38,Grey Blight (dormant/low risk),Pestalotiopsis spp.,0.634,Low
2026-06-04 23:00:00,Kandy,22.43,71.0,0.22,10.26,Grey Blight (dormant/low risk),Pestalotiopsis spp.,0.84,Low
2026-06-04 00:00:00,Ratnapura,27.1,74.45,0.0,10.41,Brown Blight (dormant/low risk),Colletotrichum / Glomerella spp.,0.778,Low
2026-06-04 01:00:00,Ratnapura,28.42,68.79,0.0,10.35,Brown Blight (dormant/low risk),Colletotrichum / Glomerella spp.,0.552,Low
2026-06-04 02:00:00,Ratnapura,33.36,68.21,0.0,9.83,Brown Blight (dormant/low risk),Colletotrichum / Glomerella spp.,0.394,Low
2026-06-04 03:00:00,Ratnapura,22.0,76.19,0.33,14.22,Brown Blight,Colletotrichum / Glomerella spp.,0.728,Moderate
2026-06-04 04:00:00,Ratnapura,24.93,85.31,2.26,6.4,Brown Blight (dormant/low risk),Colletotrichum / Glomerella spp.,0.997,Low
2026-06-04 05:00:00,Ratnapura,26.32,88.27,0.0,16.24,Brown Blight,Colletotrichum / Glomerella spp.,1.0,High
2026-06-04 06:00:00,Ratnapura,27.68,78.88,0.0,15.55,Brown Blight,Colletotrichum / Glomerella spp.,0.955,Moderate
2026-06-04 07:00:00,Ratnapura,24.91,86.11,0.79,12.88,Brown Blight,Colletotrichum / Glomerella spp.,0.996,Moderate
2026-06-04 08:00:00,Ratnapura,23.23,87.09,2.78,19.66,Brown Blight,Colletotrichum / Glomerella spp.,0.929,High
2026-06-04 09:00:00,Ratnapura,24.74,76.59,0.96,19.04,Brown Blight,Colletotrichum / Glomerella spp.,0.853,High
2026-06-04 10:00:00,Ratnapura,28.49,69.23,0.0,10.3,Brown Blight (dormant/low risk),Colletotrichum / Glomerella spp.,0.569,Low
2026-06-04 11:00:00,Ratnapura,27.81,76.23,0.0,8.81,Brown Blight (dormant/low risk),Colletotrichum / Glomerella spp.,0.849,Low
2026-06-04 12:00:00,Ratnapura,26.32,69.0,0.0,6.63,Brown Blight (dormant/low risk),Colletotrichum / Glomerella spp.,0.56,Low
2026-06-04 13:00:00,Ratnapura,25.89,72.45,0.0,9.16,Brown Blight (dormant/low risk),Colletotrichum / Glomerella spp.,0.698,Low
2026-06-04 14:00:00,Ratnapura,24.8,76.5,0.08,14.67,Brown Blight,Colletotrichum / Glomerella spp.,0.852,Moderate
2026-06-04 15:00:00,Ratnapura,30.2,65.0,0.0,7.83,Brown Blight (dormant/low risk),Colletotrichum / Glomerella spp.,0.392,Low
2026-06-04 16:00:00,Ratnapura,29.53,71.03,0.0,12.14,Brown Blight,Colletotrichum / Glomerella spp.,0.641,Moderate
2026-06-04 17:00:00,Ratnapura,28.65,77.34,0.0,11.63,Brown Blight,Colletotrichum / Glomerella spp.,0.894,Moderate
2026-06-04 18:00:00,Ratnapura,30.28,74.91,0.0,5.84,Brown Blight (dormant/low risk),Colletotrichum / Glomerella spp.,0.785,Low
2026-06-04 19:00:00,Ratnapura,30.48,70.62,0.0,11.74,Brown Blight,Colletotrichum / Glomerella spp.,0.606,Moderate
2026-06-04 20:00:00,Ratnapura,33.88,70.85,0.0,11.15,Brown Blight,Colletotrichum / Glomerella spp.,0.479,Moderate
2026-06-04 21:00:00,Ratnapura,33.47,69.88,0.0,9.73,Brown Blight (dormant/low risk),Colletotrichum / Glomerella spp.,0.456,Low
2026-06-04 22:00:00,Ratnapura,30.25,73.04,0.0,12.02,Brown Blight,Colletotrichum / Glomerella spp.,0.712,Moderate
2026-06-04 23:00:00,Ratnapura,32.9,75.11,0.0,14.94,Brown Blight,Colletotrichum / Glomerella spp.,0.688,Moderate
2026-06-05 00:00:00,Nuwara Eliya,19.32,77.14,0.0,18.18,Blister Blight,Exobasidium vexans,0.886,High
2026-06-05 01:00:00,Nuwara Eliya,14.67,83.78,0.75,15.43,Blister Blight,Exobasidium vexans,0.987,Moderate
2026-06-05 02:00:00,Nuwara Eliya,14.57,89.85,0.67,16.32,Blister Blight,Exobasidium vexans,0.983,High
2026-06-05 03:00:00,Nuwara Eliya,13.37,89.46,0.81,18.77,Blister Blight,Exobasidium vexans,0.935,High
2026-06-05 04:00:00,Nuwara Eliya,13.69,94.02,3.33,20.7,Blister Blight,Exobasidium vexans,0.948,High
2026-06-05 05:00:00,Nuwara Eliya,14.92,93.42,0.39,18.94,Blister Blight,Exobasidium vexans,0.997,High
2026-06-05 06:00:00,Nuwara Eliya,14.06,95.0,6.33,14.22,Blister Blight,Exobasidium vexans,0.962,Moderate
2026-06-05 07:00:00,Nuwara Eliya,11.19,88.88,3.89,12.42,Blister Blight,Exobasidium vexans,0.848,Moderate
2026-06-05 08:00:00,Nuwara Eliya,12.58,95.0,5.87,15.73,Blister Blight,Exobasidium vexans,0.903,High
2026-06-05 09:00:00,Nuwara Eliya,10.0,91.31,2.19,16.34,Blister Blight,Exobasidium vexans,0.8,High
2026-06-05 10:00:00,Nuwara Eliya,14.68,78.02,0.0,16.92,Blister Blight,Exobasidium vexans,0.908,High
2026-06-05 11:00:00,Nuwara Eliya,11.59,84.38,0.0,11.57,Blister Blight,Exobasidium vexans,0.864,Moderate
2026-06-05 12:00:00,Nuwara Eliya,12.16,79.26,0.39,9.1,Blister Blight (dormant/low risk),Exobasidium vexans,0.857,Low
2026-06-05 13:00:00,Nuwara Eliya,15.37,76.33,0.0,11.13,Blister Blight,Exobasidium vexans,0.853,Moderate
2026-06-05 14:00:00,Nuwara Eliya,13.41,73.52,0.0,13.84,Blister Blight,Exobasidium vexans,0.677,Moderate
2026-06-05 15:00:00,Nuwara Eliya,14.45,73.32,0.0,14.34,Blister Blight,Exobasidium vexans,0.711,Moderate
2026-06-05 16:00:00,Nuwara Eliya,18.05,66.69,0.0,12.31,Blister Blight,Exobasidium vexans,0.468,Moderate
2026-06-05 17:00:00,Nuwara Eliya,16.21,89.79,0.0,19.2,Blister Blight,Exobasidium vexans,1.0,High
2026-06-05 18:00:00,Nuwara Eliya,16.03,76.82,0.0,14.7,Blister Blight,Exobasidium vexans,0.873,Moderate
2026-06-05 19:00:00,Nuwara Eliya,18.94,81.19,0.0,12.52,Blister Blight,Exobasidium vexans,1.0,Moderate
2026-06-05 20:00:00,Nuwara Eliya,19.85,72.85,0.0,13.69,Blister Blight,Exobasidium vexans,0.714,Moderate
2026-06-05 21:00:00,Nuwara Eliya,21.5,82.07,0.0,11.14,Blister Blight,Exobasidium vexans,1.0,Moderate
2026-06-05 22:00:00,Nuwara Eliya,19.22,78.36,1.59,17.22,Blister Blight,Exobasidium vexans,0.934,High
2026-06-05 23:00:00,Nuwara Eliya,18.63,88.53,2.96,14.38,Blister Blight,Exobasidium vexans,1.0,Moderate
2026-06-05 00:00:00,Kandy,26.2,67.67,0.0,10.53,Grey Blight (dormant/low risk),Pestalotiopsis spp.,0.659,Low
2026-06-05 01:00:00,Kandy,29.48,68.34,0.0,12.09,Grey Blight,Pestalotiopsis spp.,0.554,Moderate
2026-06-05 02:00:00,Kandy,21.28,77.84,1.82,12.95,Grey Blight,Pestalotiopsis spp.,1.0,Moderate
2026-06-05 03:00:00,Kandy,24.96,70.52,1.82,15.39,Grey Blight,Pestalotiopsis spp.,0.821,Moderate
2026-06-05 04:00:00,Kandy,20.35,80.03,1.63,12.13,Grey Blight,Pestalotiopsis spp.,1.0,Moderate
2026-06-05 05:00:00,Kandy,18.0,89.02,0.0,24.09,Grey Blight,Pestalotiopsis spp.,0.92,High
2026-06-05 06:00:00,Kandy,20.4,78.49,0.02,12.04,Grey Blight,Pestalotiopsis spp.,1.0,Moderate
2026-06-05 07:00:00,Kandy,18.0,82.53,2.57,13.94,Grey Blight,Pestalotiopsis spp.,0.92,Moderate
2026-06-05 08:00:00,Kandy,21.26,80.63,0.0,15.96,Grey Blight,Pestalotiopsis spp.,1.0,High
2026-06-05 09:00:00,Kandy,18.61,76.85,0.0,17.88,Grey Blight,Pestalotiopsis spp.,0.944,High
2026-06-05 10:00:00,Kandy,18.0,73.02,1.04,14.62,Grey Blight,Pestalotiopsis spp.,0.841,Moderate
2026-06-05 11:00:00,Kandy,18.0,82.33,1.83,14.14,Grey Blight,Pestalotiopsis spp.,0.92,Moderate
2026-06-05 12:00:00,Kandy,21.4,76.89,0.0,14.56,Grey Blight,Pestalotiopsis spp.,1.0,Moderate
2026-06-05 13:00:00,Kandy,22.78,74.84,3.31,16.12,Grey Blight,Pestalotiopsis spp.,0.994,High
2026-06-05 14:00:00,Kandy,22.73,68.47,1.51,7.71,Grey Blight (dormant/low risk),Pestalotiopsis spp.,0.739,Low
2026-06-05 15:00:00,Kandy,25.36,57.61,0.0,14.39,Grey Blight,Pestalotiopsis spp.,0.386,Moderate
2026-06-05 16:00:00,Kandy,21.01,72.73,0.0,12.73,Grey Blight,Pestalotiopsis spp.,0.909,Moderate
2026-06-05 17:00:00,Kandy,24.57,69.92,0.0,7.57,Grey Blight (dormant/low risk),Pestalotiopsis spp.,0.797,Low
2026-06-05 18:00:00,Kandy,24.42,70.7,0.0,14.59,Grey Blight,Pestalotiopsis spp.,0.828,Moderate
2026-06-05 19:00:00,Kandy,28.95,66.06,0.0,11.82,Grey Blight,Pestalotiopsis spp.,0.484,Moderate
2026-06-05 20:00:00,Kandy,21.5,71.29,0.21,19.73,Grey Blight,Pestalotiopsis spp.,0.852,High
2026-06-05 21:00:00,Kandy,26.29,73.78,1.34,13.24,Grey Blight,Pestalotiopsis spp.,0.9,Moderate
2026-06-05 22:00:00,Kandy,25.63,61.96,0.0,15.4,Grey Blight,Pestalotiopsis spp.,0.453,Moderate
2026-06-05 23:00:00,Kandy,25.88,71.49,0.24,14.32,Grey Blight,Pestalotiopsis spp.,0.824,Moderate
2026-06-05 00:00:00,Ratnapura,23.15,79.41,0.0,18.71,Brown Blight,Colletotrichum / Glomerella spp.,0.902,High
2026-06-05 01:00:00,Ratnapura,27.88,72.07,0.0,14.75,Brown Blight,Colletotrichum / Glomerella spp.,0.683,Moderate
2026-06-05 02:00:00,Ratnapura,28.03,75.52,1.22,16.14,Brown Blight,Colletotrichum / Glomerella spp.,0.821,High
2026-06-05 03:00:00,Ratnapura,27.26,74.54,0.0,8.13,Brown Blight (dormant/low risk),Colletotrichum / Glomerella spp.,0.782,Low
2026-06-05 04:00:00,Ratnapura,28.97,89.71,10.48,14.18,Brown Blight,Colletotrichum / Glomerella spp.,1.0,Moderate
2026-06-05 05:00:00,Ratnapura,28.82,86.02,5.99,5.65,Brown Blight (dormant/low risk),Colletotrichum / Glomerella spp.,1.0,Low
2026-06-05 06:00:00,Ratnapura,22.0,84.4,0.0,17.06,Brown Blight,Colletotrichum / Glomerella spp.,0.88,High
2026-06-05 07:00:00,Ratnapura,27.48,88.7,3.56,7.8,Brown Blight (dormant/low risk),Colletotrichum / Glomerella spp.,1.0,Low
2026-06-05 08:00:00,Ratnapura,23.88,92.26,2.81,22.24,Brown Blight,Colletotrichum / Glomerella spp.,0.955,High
2026-06-05 09:00:00,Ratnapura,23.34,82.88,0.25,15.45,Brown Blight,Colletotrichum / Glomerella spp.,0.934,Moderate
2026-06-05 10:00:00,Ratnapura,25.71,85.07,0.06,19.16,Brown Blight,Colletotrichum / Glomerella spp.,1.0,High
2026-06-05 11:00:00,Ratnapura,23.77,74.52,0.0,10.95,Brown Blight,Colletotrichum / Glomerella spp.,0.732,Moderate
2026-06-05 12:00:00,Ratnapura,29.37,76.4,2.56,9.54,Brown Blight (dormant/low risk),Colletotrichum / Glomerella spp.,0.856,Low
2026-06-05 13:00:00,Ratnapura,31.39,65.39,0.0,14.85,Brown Blight,Colletotrichum / Glomerella spp.,0.36,Moderate
2026-06-05 14:00:00,Ratnapura,30.63,65.4,0.0,14.38,Brown Blight,Colletotrichum / Glomerella spp.,0.391,Moderate
2026-06-05 15:00:00,Ratnapura,31.59,66.15,0.0,12.39,Brown Blight,Colletotrichum / Glomerella spp.,0.382,Moderate
2026-06-05 16:00:00,Ratnapura,29.83,76.02,0.0,15.17,Brown Blight,Colletotrichum / Glomerella spp.,0.841,Moderate
2026-06-05 17:00:00,Ratnapura,29.92,78.61,0.0,11.07,Brown Blight,Colletotrichum / Glomerella spp.,0.944,Moderate
2026-06-05 18:00:00,Ratnapura,31.61,80.47,3.51,14.85,Brown Blight,Colletotrichum / Glomerella spp.,0.936,Moderate
2026-06-05 19:00:00,Ratnapura,33.6,68.34,0.18,10.58,Brown Blight (dormant/low risk),Colletotrichum / Glomerella spp.,0.39,Low
2026-06-05 20:00:00,Ratnapura,26.98,86.31,2.45,9.41,Brown Blight (dormant/low risk),Colletotrichum / Glomerella spp.,1.0,Low
2026-06-05 21:00:00,Ratnapura,30.58,68.84,0.0,8.89,Brown Blight (dormant/low risk),Colletotrichum / Glomerella spp.,0.53,Low
2026-06-05 22:00:00,Ratnapura,32.76,75.28,0.0,8.83,Brown Blight (dormant/low risk),Colletotrichum / Glomerella spp.,0.701,Low
2026-06-05 23:00:00,Ratnapura,30.67,89.76,7.4,10.2,Brown Blight (dormant/low risk),Colletotrichum / Glomerella spp.,0.973,Low
2026-06-06 00:00:00,Nuwara Eliya,12.73,84.63,2.4,14.65,Blister Blight,Exobasidium vexans,0.909,Moderate
2026-06-06 01:00:00,Nuwara Eliya,17.12,95.0,6.81,20.29,Blister Blight,Exobasidium vexans,1.0,High
2026-06-06 02:00:00,Nuwara Eliya,15.8,80.18,0.08,12.26,Blister Blight,Exobasidium vexans,1.0,Moderate
2026-06-06 03:00:00,Nuwara Eliya,13.3,82.89,0.0,12.45,Blister Blight,Exobasidium vexans,0.932,Moderate
2026-06-06 04:00:00,Nuwara Eliya,11.81,91.64,0.75,11.49,Blister Blight,Exobasidium vexans,0.872,Moderate
2026-06-06 05:00:00,Nuwara Eliya,12.66,85.64,1.29,11.25,Blister Blight,Exobasidium vexans,0.906,Moderate
2026-06-06 06:00:00,Nuwara Eliya,10.0,93.28,0.2,14.34,Blister Blight,Exobasidium vexans,0.8,Moderate
2026-06-06 07:00:00,Nuwara Eliya,15.28,89.12,2.15,10.18,Blister Blight (dormant/low risk),Exobasidium vexans,1.0,Low
2026-06-06 08:00:00,Nuwara Eliya,14.06,91.5,0.0,16.72,Blister Blight,Exobasidium vexans,0.962,High
2026-06-06 09:00:00,Nuwara Eliya,11.32,91.51,0.0,16.25,Blister Blight,Exobasidium vexans,0.853,High
2026-06-06 10:00:00,Nuwara Eliya,13.74,87.39,1.29,10.73,Blister Blight (dormant/low risk),Exobasidium vexans,0.95,Low
2026-06-06 11:00:00,Nuwara Eliya,14.66,86.55,0.0,16.26,Blister Blight,Exobasidium vexans,0.986,High
2026-06-06 12:00:00,Nuwara Eliya,14.43,69.52,0.0,11.82,Blister Blight,Exobasidium vexans,0.558,Moderate
2026-06-06 13:00:00,Nuwara Eliya,17.72,78.6,0.0,13.75,Blister Blight,Exobasidium vexans,0.944,Moderate
2026-06-06 14:00:00,Nuwara Eliya,17.97,73.7,0.0,8.9,Blister Blight (dormant/low risk),Exobasidium vexans,0.748,Low
2026-06-06 15:00:00,Nuwara Eliya,15.76,75.57,1.13,9.76,Blister Blight (dormant/low risk),Exobasidium vexans,0.823,Low
2026-06-06 16:00:00,Nuwara Eliya,12.77,80.99,0.22,6.88,Blister Blight (dormant/low risk),Exobasidium vexans,0.911,Low
2026-06-06 17:00:00,Nuwara Eliya,17.68,81.22,0.01,12.66,Blister Blight,Exobasidium vexans,1.0,Moderate
2026-06-06 18:00:00,Nuwara Eliya,15.68,89.84,3.46,11.92,Blister Blight,Exobasidium vexans,1.0,Moderate
2026-06-06 19:00:00,Nuwara Eliya,19.18,86.58,1.12,13.17,Blister Blight,Exobasidium vexans,1.0,Moderate
2026-06-06 20:00:00,Nuwara Eliya,19.72,86.55,6.3,11.31,Blister Blight,Exobasidium vexans,1.0,Moderate
2026-06-06 21:00:00,Nuwara Eliya,18.29,78.73,0.26,14.33,Blister Blight,Exobasidium vexans,0.949,Moderate
2026-06-06 22:00:00,Nuwara Eliya,15.91,84.36,0.87,8.98,Blister Blight (dormant/low risk),Exobasidium vexans,1.0,Low
2026-06-06 23:00:00,Nuwara Eliya,17.4,76.52,0.0,6.49,Blister Blight (dormant/low risk),Exobasidium vexans,0.861,Low
2026-06-06 00:00:00,Kandy,22.97,76.77,0.0,15.73,Grey Blight,Pestalotiopsis spp.,1.0,High
2026-06-06 01:00:00,Kandy,23.15,76.04,2.45,13.71,Grey Blight,Pestalotiopsis spp.,1.0,Moderate
2026-06-06 02:00:00,Kandy,22.73,74.06,2.31,13.82,Grey Blight,Pestalotiopsis spp.,0.962,Moderate
2026-06-06 03:00:00,Kandy,24.91,68.45,0.0,14.87,Grey Blight,Pestalotiopsis spp.,0.738,Moderate
2026-06-06 04:00:00,Kandy,21.01,77.96,0.0,16.79,Grey Blight,Pestalotiopsis spp.,1.0,High
2026-06-06 05:00:00,Kandy,20.99,79.64,0.0,19.39,Grey Blight,Pestalotiopsis spp.,1.0,High
2026-06-06 06:00:00,Kandy,18.0,85.28,3.94,15.06,Grey Blight,Pestalotiopsis spp.,0.92,Moderate
2026-06-06 07:00:00,Kandy,22.77,80.04,0.0,11.17,Grey Blight,Pestalotiopsis spp.,1.0,Moderate
2026-06-06 08:00:00,Kandy,22.74,80.49,0.22,9.08,Grey Blight (dormant/low risk),Pestalotiopsis spp.,1.0,Low
2026-06-06 09:00:00,Kandy,21.55,66.74,0.0,9.37,Grey Blight (dormant/low risk),Pestalotiopsis spp.,0.67,Low
2026-06-06 10:00:00,Kandy,19.14,85.87,5.27,13.37,Grey Blight,Pestalotiopsis spp.,0.966,Moderate
2026-06-06 11:00:00,Kandy,22.75,65.01,0.0,8.28,Grey Blight (dormant/low risk),Pestalotiopsis spp.,0.6,Low
2026-06-06 12:00:00,Kandy,21.21,65.71,0.0,15.24,Grey Blight,Pestalotiopsis spp.,0.628,Moderate
2026-06-06 13:00:00,Kandy,18.68,70.75,0.0,15.52,Grey Blight,Pestalotiopsis spp.,0.777,Moderate
2026-06-06 14:00:00,Kandy,28.6,61.74,0.95,11.29,Grey Blight,Pestalotiopsis spp.,0.326,Moderate
2026-06-06 15:00:00,Kandy,21.38,67.4,0.0,9.36,Grey Blight (dormant/low risk),Pestalotiopsis spp.,0.696,Low
2026-06-06 16:00:00,Kandy,24.35,69.09,1.97,11.25,Grey Blight,Pestalotiopsis spp.,0.764,Moderate
2026-06-06 17:00:00,Kandy,23.88,70.35,0.98,18.07,Grey Blight,Pestalotiopsis spp.,0.814,High
2026-06-06 18:00:00,Kandy,27.16,70.81,0.91,4.91,Grey Blight (dormant/low risk),Pestalotiopsis spp.,0.746,Low
2026-06-06 19:00:00,Kandy,22.39,68.26,0.94,6.07,Grey Blight (dormant/low risk),Pestalotiopsis spp.,0.73,Low
2026-06-06 20:00:00,Kandy,29.22,70.35,0.0,11.97,Grey Blight,Pestalotiopsis spp.,0.645,Moderate
2026-06-06 21:00:00,Kandy,24.72,74.95,2.37,13.08,Grey Blight,Pestalotiopsis spp.,0.998,Moderate
2026-06-06 22:00:00,Kandy,27.47,72.53,4.36,5.5,Grey Blight (dormant/low risk),Pestalotiopsis spp.,0.802,Low
2026-06-06 23:00:00,Kandy,26.16,67.02,0.0,10.97,Grey Blight,Pestalotiopsis spp.,0.634,Moderate
2026-06-06 00:00:00,Ratnapura,28.81,77.72,0.0,20.5,Brown Blight,Colletotrichum / Glomerella spp.,0.909,High
2026-06-06 01:00:00,Ratnapura,28.85,79.41,0.0,11.19,Brown Blight,Colletotrichum / Glomerella spp.,0.976,Moderate
2026-06-06 02:00:00,Ratnapura,29.33,74.71,0.0,14.82,Brown Blight,Colletotrichum / Glomerella spp.,0.788,Moderate
2026-06-06 03:00:00,Ratnapura,26.89,73.81,0.16,14.07,Brown Blight,Colletotrichum / Glomerella spp.,0.752,Moderate
2026-06-06 04:00:00,Ratnapura,25.49,81.06,0.0,10.22,Brown Blight (dormant/low risk),Colletotrichum / Glomerella spp.,1.0,Low
2026-06-06 05:00:00,Ratnapura,25.15,90.33,0.0,15.25,Brown Blight,Colletotrichum / Glomerella spp.,1.0,Moderate
2026-06-06 06:00:00,Ratnapura,26.09,81.15,0.0,9.71,Brown Blight (dormant/low risk),Colletotrichum / Glomerella spp.,1.0,Low
2026-06-06 07:00:00,Ratnapura,26.42,84.95,0.0,12.54,Brown Blight,Colletotrichum / Glomerella spp.,1.0,Moderate
2026-06-06 08:00:00,Ratnapura,24.24,78.64,0.0,14.26,Brown Blight,Colletotrichum / Glomerella spp.,0.915,Moderate
2026-06-06 09:00:00,Ratnapura,23.69,77.31,0.57,18.11,Brown Blight,Colletotrichum / Glomerella spp.,0.84,High
2026-06-06 10:00:00,Ratnapura,24.38,89.03,4.93,23.02,Brown Blight,Colletotrichum / Glomerella spp.,0.975,High
2026-06-06 11:00:00,Ratnapura,24.61,75.75,0.0,12.64,Brown Blight,Colletotrichum / Glomerella spp.,0.814,Moderate
2026-06-06 12:00:00,Ratnapura,23.93,68.25,0.0,12.9,Brown Blight,Colletotrichum / Glomerella spp.,0.487,Moderate
2026-06-06 13:00:00,Ratnapura,29.61,65.0,0.72,11.96,Brown Blight,Colletotrichum / Glomerella spp.,0.4,Moderate
2026-06-06 14:00:00,Ratnapura,28.08,65.81,0.0,10.9,Brown Blight,Colletotrichum / Glomerella spp.,0.432,Moderate
2026-06-06 15:00:00,Ratnapura,31.58,72.88,0.0,11.47,Brown Blight,Colletotrichum / Glomerella spp.,0.652,Moderate
2026-06-06 16:00:00,Ratnapura,28.46,72.51,0.65,12.24,Brown Blight,Colletotrichum / Glomerella spp.,0.7,Moderate
2026-06-06 17:00:00,Ratnapura,31.21,80.0,1.98,13.44,Brown Blight,Colletotrichum / Glomerella spp.,0.952,Moderate
2026-06-06 18:00:00,Ratnapura,29.52,75.75,0.0,14.44,Brown Blight,Colletotrichum / Glomerella spp.,0.83,Moderate
2026-06-06 19:00:00,Ratnapura,32.69,74.15,0.0,15.6,Brown Blight,Colletotrichum / Glomerella spp.,0.658,Moderate
2026-06-06 20:00:00,Ratnapura,30.92,76.41,0.0,12.39,Brown Blight,Colletotrichum / Glomerella spp.,0.82,Moderate
2026-06-06 21:00:00,Ratnapura,30.27,83.93,0.0,8.85,Brown Blight (dormant/low risk),Colletotrichum / Glomerella spp.,0.989,Low
2026-06-06 22:00:00,Ratnapura,29.59,77.53,0.0,10.79,Brown Blight,Colletotrichum / Glomerella spp.,0.901,Moderate
2026-06-06 23:00:00,Ratnapura,28.91,77.71,0.0,15.32,Brown Blight,Colletotrichum / Glomerella spp.,0.908,Moderate
2026-06-07 00:00:00,Nuwara Eliya,16.28,79.91,0.0,15.16,Blister Blight,Exobasidium vexans,0.996,Moderate
2026-06-07 01:00:00,Nuwara Eliya,18.97,83.45,0.53,12.29,Blister Blight,Exobasidium vexans,1.0,Moderate
2026-06-07 02:00:00,Nuwara Eliya,17.96,89.0,2.34,17.5,Blister Blight,Exobasidium vexans,1.0,High
2026-06-07 03:00:00,Nuwara Eliya,15.32,95.0,10.05,17.31,Blister Blight,Exobasidium vexans,1.0,High
2026-06-07 04:00:00,Nuwara Eliya,16.35,89.98,1.63,18.62,Blister Blight,Exobasidium vexans,1.0,High
2026-06-07 05:00:00,Nuwara Eliya,17.41,84.0,4.55,16.94,Blister Blight,Exobasidium vexans,1.0,High
2026-06-07 06:00:00,Nuwara Eliya,13.45,95.0,12.32,21.44,Blister Blight,Exobasidium vexans,0.938,High
2026-06-07 07:00:00,Nuwara Eliya,14.3,82.86,0.82,13.14,Blister Blight,Exobasidium vexans,0.972,Moderate
2026-06-07 08:00:00,Nuwara Eliya,13.24,90.07,0.0,13.88,Blister Blight,Exobasidium vexans,0.93,Moderate
2026-06-07 09:00:00,Nuwara Eliya,10.0,90.62,2.84,9.01,Blister Blight (dormant/low risk),Exobasidium vexans,0.8,Low
2026-06-07 10:00:00,Nuwara Eliya,13.74,95.0,2.82,19.58,Blister Blight,Exobasidium vexans,0.95,High
2026-06-07 11:00:00,Nuwara Eliya,14.24,86.1,1.31,13.54,Blister Blight,Exobasidium vexans,0.97,Moderate
2026-06-07 12:00:00,Nuwara Eliya,13.6,70.98,0.0,12.14,Blister Blight,Exobasidium vexans,0.583,Moderate
2026-06-07 13:00:00,Nuwara Eliya,16.35,73.38,0.0,10.74,Blister Blight (dormant/low risk),Exobasidium vexans,0.735,Low
2026-06-07 14:00:00,Nuwara Eliya,16.68,80.3,0.0,13.03,Blister Blight,Exobasidium vexans,1.0,Moderate
2026-06-07 15:00:00,Nuwara Eliya,14.02,73.23,0.0,9.81,Blister Blight (dormant/low risk),Exobasidium vexans,0.69,Low
2026-06-07 16:00:00,Nuwara Eliya,16.65,67.4,0.0,7.41,Blister Blight (dormant/low risk),Exobasidium vexans,0.496,Low
2026-06-07 17:00:00,Nuwara Eliya,17.98,90.63,4.42,18.48,Blister Blight,Exobasidium vexans,1.0,High
2026-06-07 18:00:00,Nuwara Eliya,17.8,78.32,0.0,16.21,Blister Blight,Exobasidium vexans,0.933,High
2026-06-07 19:00:00,Nuwara Eliya,13.79,90.39,3.05,17.26,Blister Blight,Exobasidium vexans,0.952,High
2026-06-07 20:00:00,Nuwara Eliya,18.54,82.59,0.0,8.41,Blister Blight (dormant/low risk),Exobasidium vexans,1.0,Low
2026-06-07 21:00:00,Nuwara Eliya,17.44,74.82,0.35,10.64,Blister Blight (dormant/low risk),Exobasidium vexans,0.793,Low
2026-06-07 22:00:00,Nuwara Eliya,20.51,76.25,1.39,20.28,Blister Blight,Exobasidium vexans,0.85,High
2026-06-07 23:00:00,Nuwara Eliya,18.55,85.04,0.44,11.35,Blister Blight,Exobasidium vexans,1.0,Moderate
2026-06-07 00:00:00,Kandy,25.4,62.9,0.0,12.98,Grey Blight,Pestalotiopsis spp.,0.5,Moderate
2026-06-07 01:00:00,Kandy,25.3,78.53,2.56,13.7,Grey Blight,Pestalotiopsis spp.,0.988,Moderate
2026-06-07 02:00:00,Kandy,22.28,75.93,0.0,11.2,Grey Blight,Pestalotiopsis spp.,1.0,Moderate
2026-06-07 03:00:00,Kandy,22.53,78.8,0.0,15.81,Grey Blight,Pestalotiopsis spp.,1.0,High
2026-06-07 04:00:00,Kandy,22.48,80.39,0.64,12.72,Grey Blight,Pestalotiopsis spp.,1.0,Moderate
2026-06-07 05:00:00,Kandy,24.0,82.5,0.0,15.18,Grey Blight,Pestalotiopsis spp.,1.0,Moderate
2026-06-07 06:00:00,Kandy,20.95,82.17,2.36,13.38,Grey Blight,Pestalotiopsis spp.,1.0,Moderate
2026-06-07 07:00:00,Kandy,21.8,81.66,1.65,8.12,Grey Blight (dormant/low risk),Pestalotiopsis spp.,1.0,Low
2026-06-07 08:00:00,Kandy,21.79,79.65,0.0,19.0,Grey Blight,Pestalotiopsis spp.,1.0,High
2026-06-07 09:00:00,Kandy,23.94,73.96,0.0,13.64,Grey Blight,Pestalotiopsis spp.,0.958,Moderate
2026-06-07 10:00:00,Kandy,22.18,72.12,0.0,16.48,Grey Blight,Pestalotiopsis spp.,0.885,High
2026-06-07 11:00:00,Kandy,23.44,72.76,0.37,16.14,Grey Blight,Pestalotiopsis spp.,0.91,High
2026-06-07 12:00:00,Kandy,23.82,65.8,0.0,13.64,Grey Blight,Pestalotiopsis spp.,0.632,Moderate
2026-06-07 13:00:00,Kandy,19.24,63.56,0.0,9.97,Grey Blight (dormant/low risk),Pestalotiopsis spp.,0.512,Low
2026-06-07 14:00:00,Kandy,24.22,61.2,0.0,15.28,Grey Blight,Pestalotiopsis spp.,0.448,Moderate
2026-06-07 15:00:00,Kandy,23.76,64.97,0.0,13.55,Grey Blight,Pestalotiopsis spp.,0.599,Moderate
2026-06-07 16:00:00,Kandy,26.43,60.38,0.0,10.75,Grey Blight,Pestalotiopsis spp.,0.358,Moderate
2026-06-07 17:00:00,Kandy,24.23,68.82,1.38,19.43,Grey Blight,Pestalotiopsis spp.,0.753,High
2026-06-07 18:00:00,Kandy,22.69,77.82,2.9,15.83,Grey Blight,Pestalotiopsis spp.,1.0,High
2026-06-07 19:00:00,Kandy,26.55,74.64,0.0,21.1,Grey Blight,Pestalotiopsis spp.,0.924,High
2026-06-07 20:00:00,Kandy,24.46,69.12,0.0,11.39,Grey Blight,Pestalotiopsis spp.,0.765,Moderate
2026-06-07 21:00:00,Kandy,26.57,75.66,0.0,15.45,Grey Blight,Pestalotiopsis spp.,0.937,Moderate
2026-06-07 22:00:00,Kandy,25.8,66.12,0.0,17.53,Grey Blight,Pestalotiopsis spp.,0.613,High
2026-06-07 23:00:00,Kandy,25.72,68.52,0.0,11.17,Grey Blight,Pestalotiopsis spp.,0.712,Moderate
2026-06-07 00:00:00,Ratnapura,28.9,75.89,0.0,7.93,Brown Blight (dormant/low risk),Colletotrichum / Glomerella spp.,0.836,Low
2026-06-07 01:00:00,Ratnapura,26.94,72.25,0.0,12.89,Brown Blight,Colletotrichum / Glomerella spp.,0.69,Moderate
2026-06-07 02:00:00,Ratnapura,27.38,71.45,0.69,11.16,Brown Blight,Colletotrichum / Glomerella spp.,0.658,Moderate
2026-06-07 03:00:00,Ratnapura,27.83,71.01,0.17,3.82,Brown Blight (dormant/low risk),Colletotrichum / Glomerella spp.,0.64,Low
2026-06-07 04:00:00,Ratnapura,24.27,93.28,3.89,17.94,Brown Blight,Colletotrichum / Glomerella spp.,0.971,High
2026-06-07 05:00:00,Ratnapura,25.91,84.62,0.0,19.42,Brown Blight,Colletotrichum / Glomerella spp.,1.0,High
2026-06-07 06:00:00,Ratnapura,23.85,84.48,4.71,13.32,Brown Blight,Colletotrichum / Glomerella spp.,0.954,Moderate
2026-06-07 07:00:00,Ratnapura,27.18,79.27,0.0,13.88,Brown Blight,Colletotrichum / Glomerella spp.,0.971,Moderate
2026-06-07 08:00:00,Ratnapura,23.42,93.54,3.25,17.51,Brown Blight,Colletotrichum / Glomerella spp.,0.937,High
2026-06-07 09:00:00,Ratnapura,24.47,82.14,3.02,13.05,Brown Blight,Colletotrichum / Glomerella spp.,0.979,Moderate
2026-06-07 10:00:00,Ratnapura,24.07,74.26,0.0,12.42,Brown Blight,Colletotrichum / Glomerella spp.,0.733,Moderate
2026-06-07 11:00:00,Ratnapura,27.33,65.1,0.0,10.59,Brown Blight (dormant/low risk),Colletotrichum / Glomerella spp.,0.404,Low
2026-06-07 12:00:00,Ratnapura,25.12,70.09,0.0,15.0,Brown Blight,Colletotrichum / Glomerella spp.,0.604,Moderate
2026-06-07 13:00:00,Ratnapura,30.88,65.85,0.0,10.54,Brown Blight (dormant/low risk),Colletotrichum / Glomerella spp.,0.399,Low
2026-06-07 14:00:00,Ratnapura,29.42,66.78,1.02,12.48,Brown Blight,Colletotrichum / Glomerella spp.,0.471,Moderate
2026-06-07 15:00:00,Ratnapura,27.98,65.0,0.0,6.93,Brown Blight (dormant/low risk),Colletotrichum / Glomerella spp.,0.4,Low
2026-06-07 16:00:00,Ratnapura,31.06,69.28,0.0,10.9,Brown Blight,Colletotrichum / Glomerella spp.,0.529,Moderate
2026-06-07 17:00:00,Ratnapura,26.25,79.16,0.0,10.47,Brown Blight (dormant/low risk),Colletotrichum / Glomerella spp.,0.966,Low
2026-06-07 18:00:00,Ratnapura,29.71,70.97,0.0,13.64,Brown Blight,Colletotrichum / Glomerella spp.,0.639,Moderate
2026-06-07 19:00:00,Ratnapura,27.63,78.46,2.7,14.64,Brown Blight,Colletotrichum / Glomerella spp.,0.938,Moderate
2026-06-07 20:00:00,Ratnapura,31.17,69.87,0.0,12.91,Brown Blight,Colletotrichum / Glomerella spp.,0.548,Moderate
2026-06-07 21:00:00,Ratnapura,27.02,78.65,0.0,8.86,Brown Blight (dormant/low risk),Colletotrichum / Glomerella spp.,0.946,Low
2026-06-07 22:00:00,Ratnapura,30.45,70.9,0.0,13.02,Brown Blight,Colletotrichum / Glomerella spp.,0.618,Moderate
2026-06-07 23:00:00,Ratnapura,30.08,76.54,0.0,14.09,Brown Blight,Colletotrichum / Glomerella spp.,0.858,Moderate
2026-06-08 00:00:00,Nuwara Eliya,20.28,81.0,0.49,8.4,Blister Blight (dormant/low risk),Exobasidium vexans,1.0,Low
2026-06-08 01:00:00,Nuwara Eliya,15.12,89.2,2.72,18.64,Blister Blight,Exobasidium vexans,1.0,High
2026-06-08 02:00:00,Nuwara Eliya,13.95,83.77,0.0,12.79,Blister Blight,Exobasidium vexans,0.958,Moderate
2026-06-08 03:00:00,Nuwara Eliya,13.57,91.14,0.5,14.86,Blister Blight,Exobasidium vexans,0.943,Moderate
2026-06-08 04:00:00,Nuwara Eliya,10.0,95.0,3.34,13.36,Blister Blight,Exobasidium vexans,0.8,Moderate
2026-06-08 05:00:00,Nuwara Eliya,10.81,95.0,1.59,17.7,Blister Blight,Exobasidium vexans,0.832,High
2026-06-08 06:00:00,Nuwara Eliya,12.23,94.2,1.34,15.71,Blister Blight,Exobasidium vexans,0.889,High
2026-06-08 07:00:00,Nuwara Eliya,13.2,88.17,0.0,12.33,Blister Blight,Exobasidium vexans,0.928,Moderate
2026-06-08 08:00:00,Nuwara Eliya,10.86,93.62,0.75,21.59,Blister Blight,Exobasidium vexans,0.834,High
2026-06-08 09:00:00,Nuwara Eliya,10.1,95.0,3.64,17.07,Blister Blight,Exobasidium vexans,0.804,High
2026-06-08 10:00:00,Nuwara Eliya,13.91,94.5,3.76,23.66,Blister Blight,Exobasidium vexans,0.956,High
2026-06-08 11:00:00,Nuwara Eliya,15.63,95.0,4.12,21.38,Blister Blight,Exobasidium vexans,1.0,High
2026-06-08 12:00:00,Nuwara Eliya,16.89,70.26,0.0,15.23,Blister Blight,Exobasidium vexans,0.61,Moderate
2026-06-08 13:00:00,Nuwara Eliya,18.76,73.83,0.0,14.44,Blister Blight,Exobasidium vexans,0.753,Moderate
2026-06-08 14:00:00,Nuwara Eliya,15.05,80.22,0.0,4.51,Blister Blight (dormant/low risk),Exobasidium vexans,1.0,Low
2026-06-08 15:00:00,Nuwara Eliya,17.66,73.62,0.0,14.41,Blister Blight,Exobasidium vexans,0.745,Moderate
2026-06-08 16:00:00,Nuwara Eliya,17.62,68.39,0.0,13.02,Blister Blight,Exobasidium vexans,0.536,Moderate
2026-06-08 17:00:00,Nuwara Eliya,17.81,85.38,0.4,13.15,Blister Blight,Exobasidium vexans,1.0,Moderate
2026-06-08 18:00:00,Nuwara Eliya,18.03,86.77,1.64,13.41,Blister Blight,Exobasidium vexans,1.0,Moderate
2026-06-08 19:00:00,Nuwara Eliya,15.71,88.86,0.0,10.61,Blister Blight (dormant/low risk),Exobasidium vexans,1.0,Low
2026-06-08 20:00:00,Nuwara Eliya,16.43,91.8,0.0,18.02,Blister Blight,Exobasidium vexans,1.0,High
2026-06-08 21:00:00,Nuwara Eliya,15.38,88.01,0.0,13.35,Blister Blight,Exobasidium vexans,1.0,Moderate
2026-06-08 22:00:00,Nuwara Eliya,18.46,85.06,0.78,13.17,Blister Blight,Exobasidium vexans,1.0,Moderate
2026-06-08 23:00:00,Nuwara Eliya,18.01,82.68,0.0,9.93,Blister Blight (dormant/low risk),Exobasidium vexans,1.0,Low
2026-06-08 00:00:00,Kandy,25.89,68.83,0.0,14.89,Grey Blight,Pestalotiopsis spp.,0.718,Moderate
2026-06-08 01:00:00,Kandy,24.27,81.68,3.31,10.42,Grey Blight (dormant/low risk),Pestalotiopsis spp.,1.0,Low
2026-06-08 02:00:00,Kandy,25.48,77.06,0.0,16.93,Grey Blight,Pestalotiopsis spp.,0.981,High
2026-06-08 03:00:00,Kandy,24.49,63.45,0.0,16.67,Grey Blight,Pestalotiopsis spp.,0.538,High
2026-06-08 04:00:00,Kandy,20.97,81.62,0.0,8.95,Grey Blight (dormant/low risk),Pestalotiopsis spp.,1.0,Low
2026-06-08 05:00:00,Kandy,19.44,82.59,0.0,8.35,Grey Blight (dormant/low risk),Pestalotiopsis spp.,0.978,Low
2026-06-08 06:00:00,Kandy,20.47,77.46,1.54,11.16,Grey Blight,Pestalotiopsis spp.,1.0,Moderate
2026-06-08 07:00:00,Kandy,22.01,77.35,0.0,15.13,Grey Blight,Pestalotiopsis spp.,1.0,Moderate
2026-06-08 08:00:00,Kandy,21.92,81.36,0.0,8.96,Grey Blight (dormant/low risk),Pestalotiopsis spp.,1.0,Low
2026-06-08 09:00:00,Kandy,22.42,69.74,0.0,13.13,Grey Blight,Pestalotiopsis spp.,0.79,Moderate
2026-06-08 10:00:00,Kandy,20.78,76.3,0.0,10.22,Grey Blight (dormant/low risk),Pestalotiopsis spp.,1.0,Low
2026-06-08 11:00:00,Kandy,21.96,86.12,3.14,14.22,Grey Blight,Pestalotiopsis spp.,1.0,Moderate
2026-06-08 12:00:00,Kandy,22.58,61.15,0.0,8.65,Grey Blight (dormant/low risk),Pestalotiopsis spp.,0.446,Low
2026-06-08 13:00:00,Kandy,26.89,66.69,1.81,11.97,Grey Blight,Pestalotiopsis spp.,0.592,Moderate
2026-06-08 14:00:00,Kandy,21.6,68.59,0.69,11.88,Grey Blight,Pestalotiopsis spp.,0.744,Moderate
2026-06-08 15:00:00,Kandy,23.2,58.31,0.0,12.58,Grey Blight,Pestalotiopsis spp.,0.4,Moderate
2026-06-08 16:00:00,Kandy,26.53,67.98,2.97,6.47,Grey Blight (dormant/low risk),Pestalotiopsis spp.,0.658,Low
2026-06-08 17:00:00,Kandy,23.64,60.12,0.0,7.65,Grey Blight (dormant/low risk),Pestalotiopsis spp.,0.405,Low
2026-06-08 18:00:00,Kandy,24.46,73.63,0.79,16.38,Grey Blight,Pestalotiopsis spp.,0.945,High
2026-06-08 19:00:00,Kandy,25.11,65.36,0.0,17.23,Grey Blight,Pestalotiopsis spp.,0.61,High
2026-06-08 20:00:00,Kandy,25.12,68.55,0.59,9.08,Grey Blight (dormant/low risk),Pestalotiopsis spp.,0.737,Low
2026-06-08 21:00:00,Kandy,24.6,69.85,0.0,13.8,Grey Blight,Pestalotiopsis spp.,0.794,Moderate
2026-06-08 22:00:00,Kandy,26.76,84.82,3.58,10.77,Grey Blight,Pestalotiopsis spp.,0.93,Moderate
2026-06-08 23:00:00,Kandy,27.34,70.66,0.0,11.45,Grey Blight,Pestalotiopsis spp.,0.733,Moderate
2026-06-08 00:00:00,Ratnapura,28.26,67.76,0.0,15.76,Brown Blight,Colletotrichum / Glomerella spp.,0.51,High
2026-06-08 01:00:00,Ratnapura,26.32,67.31,0.0,9.4,Brown Blight (dormant/low risk),Colletotrichum / Glomerella spp.,0.492,Low
2026-06-08 02:00:00,Ratnapura,28.77,72.41,0.0,11.2,Brown Blight,Colletotrichum / Glomerella spp.,0.696,Moderate
2026-06-08 03:00:00,Ratnapura,27.67,88.7,4.93,8.58,Brown Blight (dormant/low risk),Colletotrichum / Glomerella spp.,1.0,Low
2026-06-08 04:00:00,Ratnapura,27.96,76.09,0.0,8.55,Brown Blight (dormant/low risk),Colletotrichum / Glomerella spp.,0.844,Low
2026-06-08 05:00:00,Ratnapura,25.73,77.85,0.0,24.79,Brown Blight,Colletotrichum / Glomerella spp.,0.914,High
2026-06-08 06:00:00,Ratnapura,25.5,79.27,0.0,11.54,Brown Blight,Colletotrichum / Glomerella spp.,0.971,Moderate
2026-06-08 07:00:00,Ratnapura,26.17,82.44,0.09,14.63,Brown Blight,Colletotrichum / Glomerella spp.,1.0,Moderate
2026-06-08 08:00:00,Ratnapura,22.0,89.63,0.0,18.46,Brown Blight,Colletotrichum / Glomerella spp.,0.88,High
2026-06-08 09:00:00,Ratnapura,24.52,82.53,0.0,8.38,Brown Blight (dormant/low risk),Colletotrichum / Glomerella spp.,0.981,Low
2026-06-08 10:00:00,Ratnapura,26.03,77.8,0.0,13.21,Brown Blight,Colletotrichum / Glomerella spp.,0.912,Moderate
2026-06-08 11:00:00,Ratnapura,24.28,73.63,0.0,12.01,Brown Blight,Colletotrichum / Glomerella spp.,0.716,Moderate
2026-06-08 12:00:00,Ratnapura,28.91,66.09,0.0,11.2,Brown Blight,Colletotrichum / Glomerella spp.,0.444,Moderate
2026-06-08 13:00:00,Ratnapura,27.57,74.51,0.0,12.23,Brown Blight,Colletotrichum / Glomerella spp.,0.78,Moderate
2026-06-08 14:00:00,Ratnapura,27.15,76.14,0.0,9.9,Brown Blight (dormant/low risk),Colletotrichum / Glomerella spp.,0.846,Low
2026-06-08 15:00:00,Ratnapura,29.24,65.0,0.0,8.14,Brown Blight (dormant/low risk),Colletotrichum / Glomerella spp.,0.4,Low
2026-06-08 16:00:00,Ratnapura,32.08,74.48,8.4,5.8,Brown Blight (dormant/low risk),Colletotrichum / Glomerella spp.,0.696,Low
2026-06-08 17:00:00,Ratnapura,28.65,79.69,0.0,11.62,Brown Blight,Colletotrichum / Glomerella spp.,0.988,Moderate
2026-06-08 18:00:00,Ratnapura,30.75,72.4,0.0,13.02,Brown Blight,Colletotrichum / Glomerella spp.,0.666,Moderate
2026-06-08 19:00:00,Ratnapura,35.35,67.3,0.0,13.39,Brown Blight,Colletotrichum / Glomerella spp.,0.278,Moderate
2026-06-08 20:00:00,Ratnapura,34.91,82.47,4.59,16.98,Brown Blight,Colletotrichum / Glomerella spp.,0.804,High
2026-06-08 21:00:00,Ratnapura,30.17,76.84,0.0,15.04,Brown Blight,Colletotrichum / Glomerella spp.,0.867,Moderate
2026-06-08 22:00:00,Ratnapura,27.3,85.32,2.77,14.13,Brown Blight,Colletotrichum / Glomerella spp.,1.0,Moderate
2026-06-08 23:00:00,Ratnapura,31.3,75.98,0.0,10.6,Brown Blight (dormant/low risk),Colletotrichum / Glomerella spp.,0.787,Low
2026-06-09 00:00:00,Nuwara Eliya,15.06,84.62,0.0,9.41,Blister Blight (dormant/low risk),Exobasidium vexans,1.0,Low
2026-06-09 01:00:00,Nuwara Eliya,14.35,82.1,0.88,12.32,Blister Blight,Exobasidium vexans,0.974,Moderate
2026-06-09 02:00:00,Nuwara Eliya,15.05,83.46,2.09,12.35,Blister Blight,Exobasidium vexans,1.0,Moderate
2026-06-09 03:00:00,Nuwara Eliya,10.7,93.16,0.56,20.26,Blister Blight,Exobasidium vexans,0.828,High
2026-06-09 04:00:00,Nuwara Eliya,15.32,89.62,0.1,16.3,Blister Blight,Exobasidium vexans,1.0,High
2026-06-09 05:00:00,Nuwara Eliya,15.02,93.36,3.78,17.44,Blister Blight,Exobasidium vexans,1.0,High
2026-06-09 06:00:00,Nuwara Eliya,12.88,89.81,0.42,13.35,Blister Blight,Exobasidium vexans,0.915,Moderate
2026-06-09 07:00:00,Nuwara Eliya,13.43,95.0,7.33,21.7,Blister Blight,Exobasidium vexans,0.937,High
2026-06-09 08:00:00,Nuwara Eliya,10.0,95.0,1.08,14.69,Blister Blight,Exobasidium vexans,0.8,Moderate
2026-06-09 09:00:00,Nuwara Eliya,13.09,91.92,3.24,15.49,Blister Blight,Exobasidium vexans,0.924,Moderate
2026-06-09 10:00:00,Nuwara Eliya,12.69,79.17,0.4,14.07,Blister Blight,Exobasidium vexans,0.874,Moderate
2026-06-09 11:00:00,Nuwara Eliya,16.91,75.54,0.0,13.79,Blister Blight,Exobasidium vexans,0.822,Moderate
2026-06-09 12:00:00,Nuwara Eliya,15.87,73.43,0.0,10.03,Blister Blight (dormant/low risk),Exobasidium vexans,0.737,Low
2026-06-09 13:00:00,Nuwara Eliya,14.39,87.15,0.25,15.11,Blister Blight,Exobasidium vexans,0.976,Moderate
2026-06-09 14:00:00,Nuwara Eliya,16.37,71.98,0.0,9.81,Blister Blight (dormant/low risk),Exobasidium vexans,0.679,Low
2026-06-09 15:00:00,Nuwara Eliya,13.79,73.65,0.75,13.24,Blister Blight,Exobasidium vexans,0.698,Moderate
2026-06-09 16:00:00,Nuwara Eliya,18.19,82.55,2.55,11.61,Blister Blight,Exobasidium vexans,1.0,Moderate
2026-06-09 17:00:00,Nuwara Eliya,19.31,83.34,1.77,12.21,Blister Blight,Exobasidium vexans,1.0,Moderate
2026-06-09 18:00:00,Nuwara Eliya,20.92,85.57,0.0,14.38,Blister Blight,Exobasidium vexans,1.0,Moderate
2026-06-09 19:00:00,Nuwara Eliya,18.18,78.88,0.0,17.86,Blister Blight,Exobasidium vexans,0.955,High
2026-06-09 20:00:00,Nuwara Eliya,15.84,78.74,0.0,9.4,Blister Blight (dormant/low risk),Exobasidium vexans,0.95,Low
2026-06-09 21:00:00,Nuwara Eliya,15.24,84.13,1.15,13.89,Blister Blight,Exobasidium vexans,1.0,Moderate
2026-06-09 22:00:00,Nuwara Eliya,19.72,85.11,1.43,13.16,Blister Blight,Exobasidium vexans,1.0,Moderate
2026-06-09 23:00:00,Nuwara Eliya,17.49,79.89,0.45,16.65,Blister Blight,Exobasidium vexans,0.996,High
2026-06-09 00:00:00,Kandy,25.03,75.55,1.38,11.1,Grey Blight,Pestalotiopsis spp.,0.999,Moderate
2026-06-09 01:00:00,Kandy,24.75,77.13,0.0,13.72,Grey Blight,Pestalotiopsis spp.,1.0,Moderate
2026-06-09 02:00:00,Kandy,21.49,74.78,0.0,9.37,Grey Blight (dormant/low risk),Pestalotiopsis spp.,0.991,Low
2026-06-09 03:00:00,Kandy,21.2,71.59,0.0,12.44,Grey Blight,Pestalotiopsis spp.,0.864,Moderate
2026-06-09 04:00:00,Kandy,22.65,82.5,0.81,12.77,Grey Blight,Pestalotiopsis spp.,1.0,Moderate
2026-06-09 05:00:00,Kandy,21.46,83.35,3.19,16.05,Grey Blight,Pestalotiopsis spp.,1.0,High
2026-06-09 06:00:00,Kandy,22.92,72.44,0.1,15.05,Grey Blight,Pestalotiopsis spp.,0.898,Moderate
2026-06-09 07:00:00,Kandy,21.72,78.7,0.62,17.02,Grey Blight,Pestalotiopsis spp.,1.0,High
2026-06-09 08:00:00,Kandy,21.73,75.81,1.76,14.7,Grey Blight,Pestalotiopsis spp.,1.0,Moderate
2026-06-09 09:00:00,Kandy,19.45,66.64,0.0,12.72,Grey Blight,Pestalotiopsis spp.,0.644,Moderate
2026-06-09 10:00:00,Kandy,21.65,74.23,0.0,7.66,Grey Blight (dormant/low risk),Pestalotiopsis spp.,0.969,Low
2026-06-09 11:00:00,Kandy,21.56,81.39,1.49,8.34,Grey Blight (dormant/low risk),Pestalotiopsis spp.,1.0,Low
2026-06-09 12:00:00,Kandy,22.72,57.93,0.0,10.67,Grey Blight (dormant/low risk),Pestalotiopsis spp.,0.4,Low
2026-06-09 13:00:00,Kandy,24.72,67.86,0.0,17.45,Grey Blight,Pestalotiopsis spp.,0.714,High
2026-06-09 14:00:00,Kandy,21.08,65.95,0.0,17.89,Grey Blight,Pestalotiopsis spp.,0.638,High
2026-06-09 15:00:00,Kandy,22.33,66.25,0.7,7.96,Grey Blight (dormant/low risk),Pestalotiopsis spp.,0.65,Low
2026-06-09 16:00:00,Kandy,23.62,61.17,0.0,14.2,Grey Blight,Pestalotiopsis spp.,0.447,Moderate
2026-06-09 17:00:00,Kandy,25.36,61.75,0.0,16.3,Grey Blight,Pestalotiopsis spp.,0.456,High
2026-06-09 18:00:00,Kandy,25.6,76.83,0.24,16.07,Grey Blight,Pestalotiopsis spp.,0.976,High
2026-06-09 19:00:00,Kandy,26.11,81.48,6.02,9.64,Grey Blight (dormant/low risk),Pestalotiopsis spp.,0.956,Low
2026-06-09 20:00:00,Kandy,25.57,70.27,0.0,14.02,Grey Blight,Pestalotiopsis spp.,0.788,Moderate
2026-06-09 21:00:00,Kandy,23.18,67.73,0.0,10.99,Grey Blight,Pestalotiopsis spp.,0.709,Moderate
2026-06-09 22:00:00,Kandy,22.61,69.31,0.0,14.99,Grey Blight,Pestalotiopsis spp.,0.772,Moderate
2026-06-09 23:00:00,Kandy,24.91,77.38,1.13,12.78,Grey Blight,Pestalotiopsis spp.,1.0,Moderate
2026-06-09 00:00:00,Ratnapura,28.22,76.41,0.0,7.76,Brown Blight (dormant/low risk),Colletotrichum / Glomerella spp.,0.856,Low
2026-06-09 01:00:00,Ratnapura,27.42,73.48,0.0,12.41,Brown Blight,Colletotrichum / Glomerella spp.,0.739,Moderate
2026-06-09 02:00:00,Ratnapura,27.83,81.41,3.1,8.27,Brown Blight (dormant/low risk),Colletotrichum / Glomerella spp.,1.0,Low
2026-06-09 03:00:00,Ratnapura,28.86,71.7,1.93,10.18,Brown Blight (dormant/low risk),Colletotrichum / Glomerella spp.,0.668,Low
2026-06-09 04:00:00,Ratnapura,26.75,79.72,0.0,10.86,Brown Blight,Colletotrichum / Glomerella spp.,0.989,Moderate
2026-06-09 05:00:00,Ratnapura,26.37,83.59,0.0,11.12,Brown Blight,Colletotrichum / Glomerella spp.,1.0,Moderate
2026-06-09 06:00:00,Ratnapura,23.44,84.04,0.2,12.88,Brown Blight,Colletotrichum / Glomerella spp.,0.938,Moderate
2026-06-09 07:00:00,Ratnapura,24.13,98.0,16.29,10.57,Brown Blight (dormant/low risk),Colletotrichum / Glomerella spp.,0.965,Low
2026-06-09 08:00:00,Ratnapura,22.0,80.74,0.0,12.29,Brown Blight,Colletotrichum / Glomerella spp.,0.88,Moderate
2026-06-09 09:00:00,Ratnapura,24.14,76.98,0.0,10.05,Brown Blight (dormant/low risk),Colletotrichum / Glomerella spp.,0.845,Low
2026-06-09 10:00:00,Ratnapura,24.86,75.23,0.0,18.45,Brown Blight,Colletotrichum / Glomerella spp.,0.804,High
2026-06-09 11:00:00,Ratnapura,26.72,82.97,2.98,8.62,Brown Blight (dormant/low risk),Colletotrichum / Glomerella spp.,1.0,Low
2026-06-09 12:00:00,Ratnapura,30.37,65.0,0.0,12.22,Brown Blight,Colletotrichum / Glomerella spp.,0.385,Moderate
2026-06-09 13:00:00,Ratnapura,24.6,68.45,0.0,14.19,Brown Blight,Colletotrichum / Glomerella spp.,0.522,Moderate
2026-06-09 14:00:00,Ratnapura,25.9,74.09,0.0,13.94,Brown Blight,Colletotrichum / Glomerella spp.,0.764,Moderate
2026-06-09 15:00:00,Ratnapura,32.45,65.0,0.33,10.42,Brown Blight (dormant/low risk),Colletotrichum / Glomerella spp.,0.302,Low
2026-06-09 16:00:00,Ratnapura,28.38,65.0,0.57,11.61,Brown Blight,Colletotrichum / Glomerella spp.,0.4,Moderate
2026-06-09 17:00:00,Ratnapura,31.92,68.77,0.0,9.1,Brown Blight (dormant/low risk),Colletotrichum / Glomerella spp.,0.474,Low
2026-06-09 18:00:00,Ratnapura,32.49,65.0,0.4,18.63,Brown Blight,Colletotrichum / Glomerella spp.,0.3,High
2026-06-09 19:00:00,Ratnapura,30.14,76.84,0.0,15.76,Brown Blight,Colletotrichum / Glomerella spp.,0.868,High
2026-06-09 20:00:00,Ratnapura,35.04,71.16,0.0,18.62,Brown Blight,Colletotrichum / Glomerella spp.,0.445,High
2026-06-09 21:00:00,Ratnapura,29.88,76.55,0.0,10.24,Brown Blight (dormant/low risk),Colletotrichum / Glomerella spp.,0.862,Low
2026-06-09 22:00:00,Ratnapura,28.28,75.86,0.0,8.58,Brown Blight (dormant/low risk),Colletotrichum / Glomerella spp.,0.834,Low
2026-06-09 23:00:00,Ratnapura,29.61,69.47,0.0,9.99,Brown Blight (dormant/low risk),Colletotrichum / Glomerella spp.,0.579,Low
2026-06-10 00:00:00,Nuwara Eliya,14.92,79.4,0.0,19.32,Blister Blight,Exobasidium vexans,0.973,High
2026-06-10 01:00:00,Nuwara Eliya,15.23,74.79,1.06,11.21,Blister Blight,Exobasidium vexans,0.792,Moderate
2026-06-10 02:00:00,Nuwara Eliya,18.02,84.36,0.0,9.62,Blister Blight (dormant/low risk),Exobasidium vexans,1.0,Low
2026-06-10 03:00:00,Nuwara Eliya,11.52,83.48,0.0,10.27,Blister Blight (dormant/low risk),Exobasidium vexans,0.861,Low
2026-06-10 04:00:00,Nuwara Eliya,12.78,95.0,3.01,19.17,Blister Blight,Exobasidium vexans,0.911,High
2026-06-10 05:00:00,Nuwara Eliya,14.22,95.0,0.0,23.07,Blister Blight,Exobasidium vexans,0.969,High
2026-06-10 06:00:00,Nuwara Eliya,13.07,89.8,0.98,9.17,Blister Blight (dormant/low risk),Exobasidium vexans,0.923,Low
2026-06-10 07:00:00,Nuwara Eliya,10.0,95.0,1.8,17.55,Blister Blight,Exobasidium vexans,0.8,High
2026-06-10 08:00:00,Nuwara Eliya,14.62,95.0,6.87,20.59,Blister Blight,Exobasidium vexans,0.985,High
2026-06-10 09:00:00,Nuwara Eliya,13.29,84.99,0.54,14.0,Blister Blight,Exobasidium vexans,0.932,Moderate
2026-06-10 10:00:00,Nuwara Eliya,12.19,91.1,3.34,16.27,Blister Blight,Exobasidium vexans,0.888,High
2026-06-10 11:00:00,Nuwara Eliya,15.23,82.91,1.12,14.86,Blister Blight,Exobasidium vexans,1.0,Moderate
2026-06-10 12:00:00,Nuwara Eliya,14.48,77.88,2.93,12.18,Blister Blight,Exobasidium vexans,0.894,Moderate
2026-06-10 13:00:00,Nuwara Eliya,14.75,72.07,0.13,13.01,Blister Blight,Exobasidium vexans,0.673,Moderate
2026-06-10 14:00:00,Nuwara Eliya,13.46,84.72,4.56,20.96,Blister Blight,Exobasidium vexans,0.938,High
2026-06-10 15:00:00,Nuwara Eliya,15.59,75.88,0.0,11.05,Blister Blight,Exobasidium vexans,0.835,Moderate
2026-06-10 16:00:00,Nuwara Eliya,16.3,77.58,0.0,21.58,Blister Blight,Exobasidium vexans,0.903,High
2026-06-10 17:00:00,Nuwara Eliya,13.56,81.34,2.7,13.95,Blister Blight,Exobasidium vexans,0.942,Moderate
2026-06-10 18:00:00,Nuwara Eliya,18.01,85.0,3.71,21.82,Blister Blight,Exobasidium vexans,1.0,High
2026-06-10 19:00:00,Nuwara Eliya,23.05,82.07,1.91,10.1,Blister Blight (dormant/low risk),Exobasidium vexans,1.0,Low
2026-06-10 20:00:00,Nuwara Eliya,16.82,92.44,2.5,18.81,Blister Blight,Exobasidium vexans,1.0,High
2026-06-10 21:00:00,Nuwara Eliya,16.84,84.95,0.28,16.44,Blister Blight,Exobasidium vexans,1.0,High
2026-06-10 22:00:00,Nuwara Eliya,17.71,83.81,0.0,12.14,Blister Blight,Exobasidium vexans,1.0,Moderate
2026-06-10 23:00:00,Nuwara Eliya,16.86,84.1,2.93,13.76,Blister Blight,Exobasidium vexans,1.0,Moderate
2026-06-10 00:00:00,Kandy,26.02,68.2,0.0,8.97,Grey Blight (dormant/low risk),Pestalotiopsis spp.,0.687,Low
2026-06-10 01:00:00,Kandy,22.59,78.34,0.97,12.38,Grey Blight,Pestalotiopsis spp.,1.0,Moderate
2026-06-10 02:00:00,Kandy,19.37,74.49,0.0,10.07,Grey Blight (dormant/low risk),Pestalotiopsis spp.,0.954,Low
2026-06-10 03:00:00,Kandy,23.05,74.2,0.05,10.0,Grey Blight (dormant/low risk),Pestalotiopsis spp.,0.968,Low
2026-06-10 04:00:00,Kandy,20.92,80.63,0.0,10.06,Grey Blight (dormant/low risk),Pestalotiopsis spp.,1.0,Low
2026-06-10 05:00:00,Kandy,22.81,81.8,0.0,12.6,Grey Blight,Pestalotiopsis spp.,1.0,Moderate
2026-06-10 06:00:00,Kandy,22.92,75.57,0.03,20.83,Grey Blight,Pestalotiopsis spp.,1.0,High
2026-06-10 07:00:00,Kandy,20.14,77.4,0.0,19.51,Grey Blight,Pestalotiopsis spp.,1.0,High
2026-06-10 08:00:00,Kandy,20.83,85.09,0.49,12.31,Grey Blight,Pestalotiopsis spp.,1.0,Moderate
2026-06-10 09:00:00,Kandy,21.02,66.37,0.0,15.98,Grey Blight,Pestalotiopsis spp.,0.655,High
2026-06-10 10:00:00,Kandy,18.8,71.79,0.0,9.46,Grey Blight (dormant/low risk),Pestalotiopsis spp.,0.824,Low
2026-06-10 11:00:00,Kandy,20.24,76.67,0.21,15.82,Grey Blight,Pestalotiopsis spp.,1.0,High
2026-06-10 12:00:00,Kandy,20.5,66.73,0.0,9.96,Grey Blight (dormant/low risk),Pestalotiopsis spp.,0.669,Low
2026-06-10 13:00:00,Kandy,19.66,63.88,0.0,11.43,Grey Blight,Pestalotiopsis spp.,0.542,Moderate
2026-06-10 14:00:00,Kandy,20.96,59.77,0.0,6.0,Grey Blight (dormant/low risk),Pestalotiopsis spp.,0.4,Low
2026-06-10 15:00:00,Kandy,28.1,63.32,0.0,11.05,Grey Blight,Pestalotiopsis spp.,0.409,Moderate
2026-06-10 16:00:00,Kandy,23.25,64.47,0.0,5.85,Grey Blight (dormant/low risk),Pestalotiopsis spp.,0.579,Low
2026-06-10 17:00:00,Kandy,24.95,69.25,0.0,13.07,Grey Blight,Pestalotiopsis spp.,0.77,Moderate
2026-06-10 18:00:00,Kandy,25.36,75.77,0.0,16.17,Grey Blight,Pestalotiopsis spp.,0.986,High
2026-06-10 19:00:00,Kandy,27.4,70.31,0.43,13.08,Grey Blight,Pestalotiopsis spp.,0.716,Moderate
2026-06-10 20:00:00,Kandy,24.77,71.7,0.0,10.53,Grey Blight (dormant/low risk),Pestalotiopsis spp.,0.868,Low
2026-06-10 21:00:00,Kandy,24.05,70.97,0.17,16.13,Grey Blight,Pestalotiopsis spp.,0.839,High
2026-06-10 22:00:00,Kandy,26.78,74.66,0.0,9.48,Grey Blight (dormant/low risk),Pestalotiopsis spp.,0.915,Low
2026-06-10 23:00:00,Kandy,22.21,70.34,0.0,11.49,Grey Blight,Pestalotiopsis spp.,0.814,Moderate
2026-06-10 00:00:00,Ratnapura,29.98,74.46,0.0,11.31,Brown Blight,Colletotrichum / Glomerella spp.,0.778,Moderate
2026-06-10 01:00:00,Ratnapura,31.9,72.76,0.86,11.9,Brown Blight,Colletotrichum / Glomerella spp.,0.634,Moderate
2026-06-10 02:00:00,Ratnapura,26.87,74.78,0.0,12.24,Brown Blight,Colletotrichum / Glomerella spp.,0.791,Moderate
2026-06-10 03:00:00,Ratnapura,27.24,75.49,0.0,11.18,Brown Blight,Colletotrichum / Glomerella spp.,0.82,Moderate
2026-06-10 04:00:00,Ratnapura,23.84,81.86,0.0,11.41,Brown Blight,Colletotrichum / Glomerella spp.,0.954,Moderate
2026-06-10 05:00:00,Ratnapura,29.11,82.87,0.95,12.48,Brown Blight,Colletotrichum / Glomerella spp.,1.0,Moderate
2026-06-10 06:00:00,Ratnapura,24.78,85.59,0.0,18.54,Brown Blight,Colletotrichum / Glomerella spp.,0.991,High
2026-06-10 07:00:00,Ratnapura,24.1,87.71,3.1,15.52,Brown Blight,Colletotrichum / Glomerella spp.,0.964,Moderate
2026-06-10 08:00:00,Ratnapura,25.21,92.66,1.37,16.38,Brown Blight,Colletotrichum / Glomerella spp.,1.0,High
2026-06-10 09:00:00,Ratnapura,23.54,80.83,0.0,14.55,Brown Blight,Colletotrichum / Glomerella spp.,0.942,Moderate
2026-06-10 10:00:00,Ratnapura,24.34,81.77,2.12,11.49,Brown Blight,Colletotrichum / Glomerella spp.,0.974,Moderate
2026-06-10 11:00:00,Ratnapura,22.08,77.61,0.0,15.05,Brown Blight,Colletotrichum / Glomerella spp.,0.788,Moderate
2026-06-10 12:00:00,Ratnapura,27.84,65.1,0.0,14.22,Brown Blight,Colletotrichum / Glomerella spp.,0.404,Moderate
2026-06-10 13:00:00,Ratnapura,25.3,67.79,0.0,16.94,Brown Blight,Colletotrichum / Glomerella spp.,0.512,High
2026-06-10 14:00:00,Ratnapura,30.69,68.35,0.0,13.47,Brown Blight,Colletotrichum / Glomerella spp.,0.506,Moderate
2026-06-10 15:00:00,Ratnapura,28.92,67.97,0.01,12.34,Brown Blight,Colletotrichum / Glomerella spp.,0.519,Moderate
2026-06-10 16:00:00,Ratnapura,28.45,71.27,0.0,10.45,Brown Blight (dormant/low risk),Colletotrichum / Glomerella spp.,0.651,Low
2026-06-10 17:00:00,Ratnapura,30.04,87.55,11.02,13.18,Brown Blight,Colletotrichum / Glomerella spp.,0.998,Moderate
2026-06-10 18:00:00,Ratnapura,31.57,74.16,0.0,16.38,Brown Blight,Colletotrichum / Glomerella spp.,0.704,High
2026-06-10 19:00:00,Ratnapura,30.96,77.71,0.53,18.68,Brown Blight,Colletotrichum / Glomerella spp.,0.87,High
2026-06-10 20:00:00,Ratnapura,30.65,73.44,0.0,12.81,Brown Blight,Colletotrichum / Glomerella spp.,0.712,Moderate
2026-06-10 21:00:00,Ratnapura,33.32,71.29,2.72,15.8,Brown Blight,Colletotrichum / Glomerella spp.,0.519,High
2026-06-10 22:00:00,Ratnapura,34.19,73.72,0.66,9.38,Brown Blight (dormant/low risk),Colletotrichum / Glomerella spp.,0.581,Low
2026-06-10 23:00:00,Ratnapura,35.25,75.44,0.0,9.78,Brown Blight (dormant/low risk),Colletotrichum / Glomerella spp.,0.608,Low
2026-06-11 00:00:00,Nuwara Eliya,18.02,80.91,0.0,9.45,Blister Blight (dormant/low risk),Exobasidium vexans,1.0,Low
2026-06-11 01:00:00,Nuwara Eliya,14.88,95.0,13.2,20.33,Blister Blight,Exobasidium vexans,0.995,High
2026-06-11 02:00:00,Nuwara Eliya,14.53,88.9,3.27,16.58,Blister Blight,Exobasidium vexans,0.981,High
2026-06-11 03:00:00,Nuwara Eliya,15.87,90.07,0.0,14.85,Blister Blight,Exobasidium vexans,1.0,Moderate
2026-06-11 04:00:00,Nuwara Eliya,14.21,95.0,3.81,20.26,Blister Blight,Exobasidium vexans,0.968,High
2026-06-11 05:00:00,Nuwara Eliya,13.4,89.34,1.45,15.33,Blister Blight,Exobasidium vexans,0.936,Moderate
2026-06-11 06:00:00,Nuwara Eliya,10.74,95.0,2.39,19.55,Blister Blight,Exobasidium vexans,0.83,High
2026-06-11 07:00:00,Nuwara Eliya,14.93,92.72,0.87,23.38,Blister Blight,Exobasidium vexans,0.997,High
2026-06-11 08:00:00,Nuwara Eliya,11.14,83.25,0.0,7.49,Blister Blight (dormant/low risk),Exobasidium vexans,0.846,Low
2026-06-11 09:00:00,Nuwara Eliya,10.82,83.06,0.31,11.3,Blister Blight,Exobasidium vexans,0.833,Moderate
2026-06-11 10:00:00,Nuwara Eliya,10.97,81.81,0.0,11.2,Blister Blight,Exobasidium vexans,0.839,Moderate
2026-06-11 11:00:00,Nuwara Eliya,10.34,90.96,1.69,15.95,Blister Blight,Exobasidium vexans,0.814,High
2026-06-11 12:00:00,Nuwara Eliya,12.85,79.35,3.88,13.72,Blister Blight,Exobasidium vexans,0.888,Moderate
2026-06-11 13:00:00,Nuwara Eliya,15.75,77.92,0.16,14.66,Blister Blight,Exobasidium vexans,0.917,Moderate
2026-06-11 14:00:00,Nuwara Eliya,16.09,80.53,3.55,9.47,Blister Blight (dormant/low risk),Exobasidium vexans,1.0,Low
2026-06-11 15:00:00,Nuwara Eliya,14.34,76.23,0.0,8.38,Blister Blight (dormant/low risk),Exobasidium vexans,0.823,Low
2026-06-11 16:00:00,Nuwara Eliya,17.22,81.92,3.63,9.42,Blister Blight (dormant/low risk),Exobasidium vexans,1.0,Low
2026-06-11 17:00:00,Nuwara Eliya,15.44,79.98,2.24,14.43,Blister Blight,Exobasidium vexans,0.999,Moderate
2026-06-11 18:00:00,Nuwara Eliya,19.29,80.21,2.9,12.26,Blister Blight,Exobasidium vexans,1.0,Moderate
2026-06-11 19:00:00,Nuwara Eliya,19.15,72.4,0.0,14.35,Blister Blight,Exobasidium vexans,0.696,Moderate
2026-06-11 20:00:00,Nuwara Eliya,18.0,79.32,0.0,12.6,Blister Blight,Exobasidium vexans,0.973,Moderate
2026-06-11 21:00:00,Nuwara Eliya,15.97,92.08,1.81,22.16,Blister Blight,Exobasidium vexans,1.0,High
2026-06-11 22:00:00,Nuwara Eliya,21.74,74.98,0.0,17.69,Blister Blight,Exobasidium vexans,0.799,High
2026-06-11 23:00:00,Nuwara Eliya,16.82,77.69,0.0,13.45,Blister Blight,Exobasidium vexans,0.908,Moderate
2026-06-11 00:00:00,Kandy,27.67,73.08,0.0,17.39,Grey Blight,Pestalotiopsis spp.,0.816,High
2026-06-11 01:00:00,Kandy,22.26,65.53,0.0,6.95,Grey Blight (dormant/low risk),Pestalotiopsis spp.,0.621,Low
2026-06-11 02:00:00,Kandy,24.34,67.6,0.0,12.22,Grey Blight,Pestalotiopsis spp.,0.704,Moderate
2026-06-11 03:00:00,Kandy,24.39,71.48,0.0,13.01,Grey Blight,Pestalotiopsis spp.,0.859,Moderate
2026-06-11 04:00:00,Kandy,23.81,77.49,1.75,15.42,Grey Blight,Pestalotiopsis spp.,1.0,Moderate
2026-06-11 05:00:00,Kandy,25.96,74.81,0.4,14.67,Grey Blight,Pestalotiopsis spp.,0.954,Moderate
2026-06-11 06:00:00,Kandy,23.18,80.98,2.95,13.34,Grey Blight,Pestalotiopsis spp.,1.0,Moderate
2026-06-11 07:00:00,Kandy,22.59,85.45,0.11,12.5,Grey Blight,Pestalotiopsis spp.,1.0,Moderate
2026-06-11 08:00:00,Kandy,21.53,76.72,1.86,15.94,Grey Blight,Pestalotiopsis spp.,1.0,High
2026-06-11 09:00:00,Kandy,23.15,69.8,0.0,8.63,Grey Blight (dormant/low risk),Pestalotiopsis spp.,0.792,Low
2026-06-11 10:00:00,Kandy,22.03,75.23,0.76,10.15,Grey Blight (dormant/low risk),Pestalotiopsis spp.,1.0,Low
2026-06-11 11:00:00,Kandy,24.78,63.97,0.0,11.64,Grey Blight,Pestalotiopsis spp.,0.559,Moderate
2026-06-11 12:00:00,Kandy,20.83,64.0,0.0,8.17,Grey Blight (dormant/low risk),Pestalotiopsis spp.,0.56,Low
2026-06-11 13:00:00,Kandy,21.57,66.72,0.0,14.62,Grey Blight,Pestalotiopsis spp.,0.669,Moderate
2026-06-11 14:00:00,Kandy,25.63,64.25,0.0,13.4,Grey Blight,Pestalotiopsis spp.,0.545,Moderate
2026-06-11 15:00:00,Kandy,21.8,65.68,0.0,19.03,Grey Blight,Pestalotiopsis spp.,0.627,High
2026-06-11 16:00:00,Kandy,23.78,68.96,3.72,7.04,Grey Blight (dormant/low risk),Pestalotiopsis spp.,0.758,Low
2026-06-11 17:00:00,Kandy,25.17,57.08,0.0,10.53,Grey Blight (dormant/low risk),Pestalotiopsis spp.,0.393,Low
2026-06-11 18:00:00,Kandy,25.91,66.86,0.0,16.93,Grey Blight,Pestalotiopsis spp.,0.638,High
2026-06-11 19:00:00,Kandy,25.28,74.9,0.0,17.26,Grey Blight,Pestalotiopsis spp.,0.985,High
2026-06-11 20:00:00,Kandy,25.4,71.76,0.0,12.39,Grey Blight,Pestalotiopsis spp.,0.854,Moderate
2026-06-11 21:00:00,Kandy,26.3,65.46,0.0,14.36,Grey Blight,Pestalotiopsis spp.,0.566,Moderate
2026-06-11 22:00:00,Kandy,24.33,70.61,0.0,20.95,Grey Blight,Pestalotiopsis spp.,0.824,High
2026-06-11 23:00:00,Kandy,27.06,68.32,0.0,10.07,Grey Blight (dormant/low risk),Pestalotiopsis spp.,0.65,Low
2026-06-11 00:00:00,Ratnapura,30.85,71.68,0.0,12.79,Brown Blight,Colletotrichum / Glomerella spp.,0.633,Moderate
2026-06-11 01:00:00,Ratnapura,29.03,76.72,1.06,12.74,Brown Blight,Colletotrichum / Glomerella spp.,0.869,Moderate
2026-06-11 02:00:00,Ratnapura,27.37,79.48,0.0,7.54,Brown Blight (dormant/low risk),Colletotrichum / Glomerella spp.,0.979,Low
2026-06-11 03:00:00,Ratnapura,25.22,74.77,0.0,16.79,Brown Blight,Colletotrichum / Glomerella spp.,0.791,High
2026-06-11 04:00:00,Ratnapura,26.68,83.24,0.0,3.54,Brown Blight (dormant/low risk),Colletotrichum / Glomerella spp.,1.0,Low
2026-06-11 05:00:00,Ratnapura,24.84,91.73,2.19,16.77,Brown Blight,Colletotrichum / Glomerella spp.,0.994,High
2026-06-11 06:00:00,Ratnapura,26.46,98.0,8.56,9.9,Brown Blight (dormant/low risk),Colletotrichum / Glomerella spp.,1.0,Low
2026-06-11 07:00:00,Ratnapura,25.7,81.57,0.46,17.37,Brown Blight,Colletotrichum / Glomerella spp.,1.0,High
2026-06-11 08:00:00,Ratnapura,25.51,98.0,11.18,20.95,Brown Blight,Colletotrichum / Glomerella spp.,1.0,High
2026-06-11 09:00:00,Ratnapura,24.34,76.55,0.91,16.89,Brown Blight,Colletotrichum / Glomerella spp.,0.836,High
2026-06-11 10:00:00,Ratnapura,28.76,73.58,0.0,12.52,Brown Blight,Colletotrichum / Glomerella spp.,0.743,Moderate
2026-06-11 11:00:00,Ratnapura,26.21,78.48,0.0,11.57,Brown Blight,Colletotrichum / Glomerella spp.,0.939,Moderate
2026-06-11 12:00:00,Ratnapura,22.0,77.79,0.0,22.67,Brown Blight,Colletotrichum / Glomerella spp.,0.792,High
2026-06-11 13:00:00,Ratnapura,22.65,67.79,0.0,3.47,Brown Blight (dormant/low risk),Colletotrichum / Glomerella spp.,0.418,Low
2026-06-11 14:00:00,Ratnapura,27.38,71.31,0.0,9.18,Brown Blight (dormant/low risk),Colletotrichum / Glomerella spp.,0.652,Low
2026-06-11 15:00:00,Ratnapura,30.14,65.0,0.0,8.68,Brown Blight (dormant/low risk),Colletotrichum / Glomerella spp.,0.394,Low
2026-06-11 16:00:00,Ratnapura,27.39,75.85,2.13,11.07,Brown Blight,Colletotrichum / Glomerella spp.,0.834,Moderate
2026-06-11 17:00:00,Ratnapura,26.95,75.53,0.0,6.44,Brown Blight (dormant/low risk),Colletotrichum / Glomerella spp.,0.821,Low
2026-06-11 18:00:00,Ratnapura,30.08,72.87,0.0,13.63,Brown Blight,Colletotrichum / Glomerella spp.,0.712,Moderate
2026-06-11 19:00:00,Ratnapura,31.05,65.0,0.0,7.28,Brown Blight (dormant/low risk),Colletotrichum / Glomerella spp.,0.358,Low
2026-06-11 20:00:00,Ratnapura,30.88,68.7,0.0,6.66,Brown Blight (dormant/low risk),Colletotrichum / Glomerella spp.,0.513,Low
2026-06-11 21:00:00,Ratnapura,25.43,77.05,0.0,16.27,Brown Blight,Colletotrichum / Glomerella spp.,0.882,High
2026-06-11 22:00:00,Ratnapura,31.62,80.95,1.86,7.95,Brown Blight (dormant/low risk),Colletotrichum / Glomerella spp.,0.935,Low
2026-06-11 23:00:00,Ratnapura,30.15,70.43,0.0,9.77,Brown Blight (dormant/low risk),Colletotrichum / Glomerella spp.,0.611,Low
2026-06-12 00:00:00,Nuwara Eliya,16.06,95.0,7.14,19.53,Blister Blight,Exobasidium vexans,1.0,High
2026-06-12 01:00:00,Nuwara Eliya,15.54,76.26,0.2,10.6,Blister Blight (dormant/low risk),Exobasidium vexans,0.85,Low
2026-06-12 02:00:00,Nuwara Eliya,16.84,84.14,2.71,17.56,Blister Blight,Exobasidium vexans,1.0,High
2026-06-12 03:00:00,Nuwara Eliya,14.76,79.77,1.18,15.81,Blister Blight,Exobasidium vexans,0.981,High
2026-06-12 04:00:00,Nuwara Eliya,13.52,95.0,12.58,19.67,Blister Blight,Exobasidium vexans,0.941,High
2026-06-12 05:00:00,Nuwara Eliya,11.17,95.0,5.0,12.73,Blister Blight,Exobasidium vexans,0.847,Moderate
2026-06-12 06:00:00,Nuwara Eliya,14.85,89.22,0.0,8.81,Blister Blight (dormant/low risk),Exobasidium vexans,0.994,Low
2026-06-12 07:00:00,Nuwara Eliya,11.65,89.08,1.04,14.48,Blister Blight,Exobasidium vexans,0.866,Moderate
2026-06-12 08:00:00,Nuwara Eliya,10.57,90.89,0.51,14.68,Blister Blight,Exobasidium vexans,0.823,Moderate
2026-06-12 09:00:00,Nuwara Eliya,12.72,84.36,4.52,13.08,Blister Blight,Exobasidium vexans,0.909,Moderate
2026-06-12 10:00:00,Nuwara Eliya,17.84,79.78,1.41,11.46,Blister Blight,Exobasidium vexans,0.991,Moderate
2026-06-12 11:00:00,Nuwara Eliya,12.91,80.4,0.0,12.54,Blister Blight,Exobasidium vexans,0.916,Moderate
2026-06-12 12:00:00,Nuwara Eliya,14.74,85.24,5.13,9.84,Blister Blight (dormant/low risk),Exobasidium vexans,0.99,Low
2026-06-12 13:00:00,Nuwara Eliya,11.68,72.93,0.0,5.39,Blister Blight (dormant/low risk),Exobasidium vexans,0.584,Low
2026-06-12 14:00:00,Nuwara Eliya,15.37,78.26,3.52,11.47,Blister Blight,Exobasidium vexans,0.93,Moderate
2026-06-12 15:00:00,Nuwara Eliya,15.34,76.6,1.28,11.56,Blister Blight,Exobasidium vexans,0.864,Moderate
2026-06-12 16:00:00,Nuwara Eliya,13.06,84.0,0.0,12.32,Blister Blight,Exobasidium vexans,0.922,Moderate
2026-06-12 17:00:00,Nuwara Eliya,14.87,90.33,1.85,13.87,Blister Blight,Exobasidium vexans,0.995,Moderate
2026-06-12 18:00:00,Nuwara Eliya,18.88,79.43,0.0,17.54,Blister Blight,Exobasidium vexans,0.977,High
2026-06-12 19:00:00,Nuwara Eliya,21.27,72.17,0.77,17.44,Blister Blight,Exobasidium vexans,0.687,High
2026-06-12 20:00:00,Nuwara Eliya,18.38,80.51,0.0,8.58,Blister Blight (dormant/low risk),Exobasidium vexans,1.0,Low
2026-06-12 21:00:00,Nuwara Eliya,20.47,75.47,0.0,16.13,Blister Blight,Exobasidium vexans,0.819,High
2026-06-12 22:00:00,Nuwara Eliya,21.77,75.87,0.15,11.91,Blister Blight,Exobasidium vexans,0.835,Moderate
2026-06-12 23:00:00,Nuwara Eliya,15.79,83.19,0.99,10.86,Blister Blight,Exobasidium vexans,1.0,Moderate
2026-06-12 00:00:00,Kandy,26.22,74.23,2.53,11.5,Grey Blight,Pestalotiopsis spp.,0.92,Moderate
2026-06-12 01:00:00,Kandy,25.01,71.85,3.49,16.71,Grey Blight,Pestalotiopsis spp.,0.874,High
2026-06-12 02:00:00,Kandy,20.14,72.21,0.52,15.3,Grey Blight,Pestalotiopsis spp.,0.888,Moderate
2026-06-12 03:00:00,Kandy,20.93,77.36,1.68,15.84,Grey Blight,Pestalotiopsis spp.,1.0,High
2026-06-12 04:00:00,Kandy,21.8,90.0,6.59,19.94,Grey Blight,Pestalotiopsis spp.,1.0,High
2026-06-12 05:00:00,Kandy,24.02,77.05,0.0,7.36,Grey Blight (dormant/low risk),Pestalotiopsis spp.,1.0,Low
2026-06-12 06:00:00,Kandy,19.13,90.0,0.69,9.37,Grey Blight (dormant/low risk),Pestalotiopsis spp.,0.965,Low
2026-06-12 07:00:00,Kandy,22.62,76.51,0.0,14.93,Grey Blight,Pestalotiopsis spp.,1.0,Moderate
2026-06-12 08:00:00,Kandy,19.49,79.8,0.92,11.06,Grey Blight,Pestalotiopsis spp.,0.98,Moderate
2026-06-12 09:00:00,Kandy,21.52,74.59,0.0,13.05,Grey Blight,Pestalotiopsis spp.,0.984,Moderate
2026-06-12 10:00:00,Kandy,19.77,69.47,0.0,7.83,Grey Blight (dormant/low risk),Pestalotiopsis spp.,0.77,Low
2026-06-12 11:00:00,Kandy,19.26,90.0,6.42,15.2,Grey Blight,Pestalotiopsis spp.,0.97,Moderate
2026-06-12 12:00:00,Kandy,23.68,66.61,2.47,14.5,Grey Blight,Pestalotiopsis spp.,0.664,Moderate
2026-06-12 13:00:00,Kandy,20.79,69.65,0.0,13.01,Grey Blight,Pestalotiopsis spp.,0.786,Moderate
2026-06-12 14:00:00,Kandy,27.2,66.25,0.0,4.95,Grey Blight (dormant/low risk),Pestalotiopsis spp.,0.562,Low
2026-06-12 15:00:00,Kandy,23.46,59.12,0.23,10.93,Grey Blight,Pestalotiopsis spp.,0.4,Moderate
2026-06-12 16:00:00,Kandy,25.67,64.95,2.39,18.06,Grey Blight,Pestalotiopsis spp.,0.571,High
2026-06-12 17:00:00,Kandy,20.81,79.14,0.89,19.0,Grey Blight,Pestalotiopsis spp.,1.0,High
2026-06-12 18:00:00,Kandy,25.16,68.54,0.0,12.17,Grey Blight,Pestalotiopsis spp.,0.735,Moderate
2026-06-12 19:00:00,Kandy,22.41,85.2,3.97,11.58,Grey Blight,Pestalotiopsis spp.,1.0,Moderate
2026-06-12 20:00:00,Kandy,25.69,70.69,0.0,13.82,Grey Blight,Pestalotiopsis spp.,0.8,Moderate
2026-06-12 21:00:00,Kandy,26.95,73.21,0.0,13.58,Grey Blight,Pestalotiopsis spp.,0.85,Moderate
2026-06-12 22:00:00,Kandy,28.29,62.33,0.0,8.99,Grey Blight (dormant/low risk),Pestalotiopsis spp.,0.362,Low
2026-06-12 23:00:00,Kandy,22.42,67.44,0.0,13.42,Grey Blight,Pestalotiopsis spp.,0.698,Moderate
2026-06-12 00:00:00,Ratnapura,25.86,77.24,0.0,17.35,Brown Blight,Colletotrichum / Glomerella spp.,0.89,High
2026-06-12 01:00:00,Ratnapura,29.51,80.09,0.0,8.08,Brown Blight (dormant/low risk),Colletotrichum / Glomerella spp.,1.0,Low
2026-06-12 02:00:00,Ratnapura,29.43,79.09,0.0,11.66,Brown Blight,Colletotrichum / Glomerella spp.,0.964,Moderate
2026-06-12 03:00:00,Ratnapura,27.94,81.65,0.0,3.27,Brown Blight (dormant/low risk),Colletotrichum / Glomerella spp.,1.0,Low
2026-06-12 04:00:00,Ratnapura,25.69,84.45,0.0,11.54,Brown Blight,Colletotrichum / Glomerella spp.,1.0,Moderate
2026-06-12 05:00:00,Ratnapura,24.74,85.34,1.85,14.57,Brown Blight,Colletotrichum / Glomerella spp.,0.99,Moderate
2026-06-12 06:00:00,Ratnapura,28.97,75.21,0.0,13.14,Brown Blight,Colletotrichum / Glomerella spp.,0.808,Moderate
2026-06-12 07:00:00,Ratnapura,26.9,80.51,0.0,5.49,Brown Blight (dormant/low risk),Colletotrichum / Glomerella spp.,1.0,Low
2026-06-12 08:00:00,Ratnapura,22.8,98.0,23.04,19.04,Brown Blight,Colletotrichum / Glomerella spp.,0.912,High
2026-06-12 09:00:00,Ratnapura,26.21,68.58,0.0,15.17,Brown Blight,Colletotrichum / Glomerella spp.,0.543,Moderate
2026-06-12 10:00:00,Ratnapura,23.53,91.64,5.28,13.72,Brown Blight,Colletotrichum / Glomerella spp.,0.941,Moderate
2026-06-12 11:00:00,Ratnapura,29.67,68.09,1.6,15.36,Brown Blight,Colletotrichum / Glomerella spp.,0.524,Moderate
2026-06-12 12:00:00,Ratnapura,24.4,67.61,0.0,11.89,Brown Blight,Colletotrichum / Glomerella spp.,0.48,Moderate
2026-06-12 13:00:00,Ratnapura,24.56,67.16,0.0,15.3,Brown Blight,Colletotrichum / Glomerella spp.,0.469,Moderate
2026-06-12 14:00:00,Ratnapura,27.36,76.37,4.66,12.68,Brown Blight,Colletotrichum / Glomerella spp.,0.855,Moderate
2026-06-12 15:00:00,Ratnapura,28.81,71.24,0.0,7.52,Brown Blight (dormant/low risk),Colletotrichum / Glomerella spp.,0.65,Low
2026-06-12 16:00:00,Ratnapura,28.35,73.07,2.86,12.55,Brown Blight,Colletotrichum / Glomerella spp.,0.723,Moderate
2026-06-12 17:00:00,Ratnapura,30.78,79.4,0.0,13.51,Brown Blight,Colletotrichum / Glomerella spp.,0.945,Moderate
2026-06-12 18:00:00,Ratnapura,27.92,81.15,0.0,15.82,Brown Blight,Colletotrichum / Glomerella spp.,1.0,High
2026-06-12 19:00:00,Ratnapura,27.45,84.55,0.0,15.76,Brown Blight,Colletotrichum / Glomerella spp.,1.0,High
2026-06-12 20:00:00,Ratnapura,31.28,69.42,0.0,7.35,Brown Blight (dormant/low risk),Colletotrichum / Glomerella spp.,0.526,Low
2026-06-12 21:00:00,Ratnapura,33.66,73.57,0.0,13.64,Brown Blight,Colletotrichum / Glomerella spp.,0.596,Moderate
2026-06-12 22:00:00,Ratnapura,27.55,73.33,0.0,8.91,Brown Blight (dormant/low risk),Colletotrichum / Glomerella spp.,0.733,Low
2026-06-12 23:00:00,Ratnapura,28.85,75.91,0.0,6.19,Brown Blight (dormant/low risk),Colletotrichum / Glomerella spp.,0.836,Low
2026-06-13 00:00:00,Nuwara Eliya,16.06,80.39,0.0,12.18,Blister Blight,Exobasidium vexans,1.0,Moderate
2026-06-13 01:00:00,Nuwara Eliya,18.29,79.11,0.0,14.59,Blister Blight,Exobasidium vexans,0.964,Moderate
2026-06-13 02:00:00,Nuwara Eliya,13.16,90.51,2.87,13.65,Blister Blight,Exobasidium vexans,0.926,Moderate
2026-06-13 03:00:00,Nuwara Eliya,11.86,92.23,2.97,16.33,Blister Blight,Exobasidium vexans,0.874,High
2026-06-13 04:00:00,Nuwara Eliya,16.99,95.0,3.52,19.65,Blister Blight,Exobasidium vexans,1.0,High
2026-06-13 05:00:00,Nuwara Eliya,10.0,92.27,2.56,12.32,Blister Blight,Exobasidium vexans,0.8,Moderate
2026-06-13 06:00:00,Nuwara Eliya,13.16,95.0,11.8,17.11,Blister Blight,Exobasidium vexans,0.926,High
2026-06-13 07:00:00,Nuwara Eliya,11.58,95.0,5.64,17.93,Blister Blight,Exobasidium vexans,0.863,High
2026-06-13 08:00:00,Nuwara Eliya,12.82,95.0,6.67,19.36,Blister Blight,Exobasidium vexans,0.913,High
2026-06-13 09:00:00,Nuwara Eliya,10.7,89.95,1.93,13.6,Blister Blight,Exobasidium vexans,0.828,Moderate
2026-06-13 10:00:00,Nuwara Eliya,11.39,93.82,5.34,13.36,Blister Blight,Exobasidium vexans,0.856,Moderate
2026-06-13 11:00:00,Nuwara Eliya,10.65,95.0,8.97,19.52,Blister Blight,Exobasidium vexans,0.826,High
2026-06-13 12:00:00,Nuwara Eliya,14.23,76.43,0.0,15.24,Blister Blight,Exobasidium vexans,0.826,Moderate
2026-06-13 13:00:00,Nuwara Eliya,13.56,74.52,0.0,11.15,Blister Blight,Exobasidium vexans,0.723,Moderate
2026-06-13 14:00:00,Nuwara Eliya,14.84,78.47,0.0,15.26,Blister Blight,Exobasidium vexans,0.932,Moderate
2026-06-13 15:00:00,Nuwara Eliya,13.09,77.38,0.18,16.2,Blister Blight,Exobasidium vexans,0.819,High
2026-06-13 16:00:00,Nuwara Eliya,16.15,86.4,2.77,14.15,Blister Blight,Exobasidium vexans,1.0,Moderate
2026-06-13 17:00:00,Nuwara Eliya,18.3,82.3,0.0,8.49,Blister Blight (dormant/low risk),Exobasidium vexans,1.0,Low
2026-06-13 18:00:00,Nuwara Eliya,17.09,80.09,0.0,11.18,Blister Blight,Exobasidium vexans,1.0,Moderate
2026-06-13 19:00:00,Nuwara Eliya,17.76,79.46,0.24,14.32,Blister Blight,Exobasidium vexans,0.978,Moderate
2026-06-13 20:00:00,Nuwara Eliya,17.29,84.05,0.67,11.56,Blister Blight,Exobasidium vexans,1.0,Moderate
2026-06-13 21:00:00,Nuwara Eliya,20.34,76.97,0.0,15.95,Blister Blight,Exobasidium vexans,0.879,High
2026-06-13 22:00:00,Nuwara Eliya,19.21,76.65,0.0,19.56,Blister Blight,Exobasidium vexans,0.866,High
2026-06-13 23:00:00,Nuwara Eliya,15.17,85.82,0.0,11.03,Blister Blight,Exobasidium vexans,1.0,Moderate
2026-06-13 00:00:00,Kandy,20.87,78.85,4.39,18.28,Grey Blight,Pestalotiopsis spp.,1.0,High
2026-06-13 01:00:00,Kandy,23.33,64.49,0.0,8.88,Grey Blight (dormant/low risk),Pestalotiopsis spp.,0.58,Low
2026-06-13 02:00:00,Kandy,21.97,75.35,1.08,16.46,Grey Blight,Pestalotiopsis spp.,1.0,High
2026-06-13 03:00:00,Kandy,20.02,83.66,1.94,12.78,Grey Blight,Pestalotiopsis spp.,1.0,Moderate
2026-06-13 04:00:00,Kandy,21.82,82.92,0.0,22.19,Grey Blight,Pestalotiopsis spp.,1.0,High
2026-06-13 05:00:00,Kandy,22.01,87.38,0.84,12.69,Grey Blight,Pestalotiopsis spp.,1.0,Moderate
2026-06-13 06:00:00,Kandy,21.59,82.19,0.0,12.69,Grey Blight,Pestalotiopsis spp.,1.0,Moderate
2026-06-13 07:00:00,Kandy,20.35,85.5,1.96,14.03,Grey Blight,Pestalotiopsis spp.,1.0,Moderate
2026-06-13 08:00:00,Kandy,23.69,85.9,1.02,9.71,Grey Blight (dormant/low risk),Pestalotiopsis spp.,1.0,Low
2026-06-13 09:00:00,Kandy,18.56,69.98,0.0,10.34,Grey Blight (dormant/low risk),Pestalotiopsis spp.,0.742,Low
2026-06-13 10:00:00,Kandy,25.11,64.92,0.0,16.32,Grey Blight,Pestalotiopsis spp.,0.592,High
2026-06-13 11:00:00,Kandy,24.11,68.36,0.0,7.45,Grey Blight (dormant/low risk),Pestalotiopsis spp.,0.734,Low
2026-06-13 12:00:00,Kandy,21.92,68.73,0.0,6.88,Grey Blight (dormant/low risk),Pestalotiopsis spp.,0.749,Low
2026-06-13 13:00:00,Kandy,19.68,72.7,0.0,12.42,Grey Blight,Pestalotiopsis spp.,0.895,Moderate
2026-06-13 14:00:00,Kandy,24.8,65.56,0.12,10.56,Grey Blight (dormant/low risk),Pestalotiopsis spp.,0.622,Low
2026-06-13 15:00:00,Kandy,25.62,60.73,0.0,16.2,Grey Blight,Pestalotiopsis spp.,0.404,High
2026-06-13 16:00:00,Kandy,25.5,62.41,0.0,13.24,Grey Blight,Pestalotiopsis spp.,0.476,Moderate
2026-06-13 17:00:00,Kandy,24.19,71.72,2.01,12.36,Grey Blight,Pestalotiopsis spp.,0.869,Moderate
2026-06-13 18:00:00,Kandy,23.51,71.28,0.0,12.68,Grey Blight,Pestalotiopsis spp.,0.851,Moderate
2026-06-13 19:00:00,Kandy,22.62,68.09,0.0,13.86,Grey Blight,Pestalotiopsis spp.,0.724,Moderate
2026-06-13 20:00:00,Kandy,24.51,78.07,3.31,17.43,Grey Blight,Pestalotiopsis spp.,1.0,High
2026-06-13 21:00:00,Kandy,27.19,71.18,1.08,11.79,Grey Blight,Pestalotiopsis spp.,0.76,Moderate
2026-06-13 22:00:00,Kandy,23.92,71.06,0.0,16.63,Grey Blight,Pestalotiopsis spp.,0.842,High
2026-06-13 23:00:00,Kandy,24.05,78.69,2.5,16.13,Grey Blight,Pestalotiopsis spp.,1.0,High
2026-06-13 00:00:00,Ratnapura,30.13,70.04,0.0,12.69,Brown Blight,Colletotrichum / Glomerella spp.,0.596,Moderate
2026-06-13 01:00:00,Ratnapura,29.69,68.84,0.1,13.32,Brown Blight,Colletotrichum / Glomerella spp.,0.554,Moderate
2026-06-13 02:00:00,Ratnapura,28.96,75.98,1.57,9.64,Brown Blight (dormant/low risk),Colletotrichum / Glomerella spp.,0.839,Low
2026-06-13 03:00:00,Ratnapura,25.0,76.81,0.0,12.77,Brown Blight,Colletotrichum / Glomerella spp.,0.872,Moderate
2026-06-13 04:00:00,Ratnapura,26.87,88.93,0.0,10.07,Brown Blight (dormant/low risk),Colletotrichum / Glomerella spp.,1.0,Low
2026-06-13 05:00:00,Ratnapura,25.14,86.22,0.05,18.37,Brown Blight,Colletotrichum / Glomerella spp.,1.0,High
2026-06-13 06:00:00,Ratnapura,25.56,77.16,0.0,22.59,Brown Blight,Colletotrichum / Glomerella spp.,0.886,High
2026-06-13 07:00:00,Ratnapura,24.93,87.06,1.6,12.88,Brown Blight,Colletotrichum / Glomerella spp.,0.997,Moderate
2026-06-13 08:00:00,Ratnapura,26.38,98.0,5.82,8.16,Brown Blight (dormant/low risk),Colletotrichum / Glomerella spp.,1.0,Low
2026-06-13 09:00:00,Ratnapura,25.16,85.64,2.94,10.29,Brown Blight (dormant/low risk),Colletotrichum / Glomerella spp.,1.0,Low
2026-06-13 10:00:00,Ratnapura,24.14,73.52,0.0,11.56,Brown Blight,Colletotrichum / Glomerella spp.,0.706,Moderate
2026-06-13 11:00:00,Ratnapura,26.02,95.59,11.15,12.95,Brown Blight,Colletotrichum / Glomerella spp.,1.0,Moderate
2026-06-13 12:00:00,Ratnapura,25.85,70.47,1.26,18.4,Brown Blight,Colletotrichum / Glomerella spp.,0.619,High
2026-06-13 13:00:00,Ratnapura,27.43,65.0,0.0,10.11,Brown Blight (dormant/low risk),Colletotrichum / Glomerella spp.,0.4,Low
2026-06-13 14:00:00,Ratnapura,27.47,66.16,0.0,12.66,Brown Blight,Colletotrichum / Glomerella spp.,0.446,Moderate
2026-06-13 15:00:00,Ratnapura,28.51,67.96,0.13,8.04,Brown Blight (dormant/low risk),Colletotrichum / Glomerella spp.,0.518,Low
2026-06-13 16:00:00,Ratnapura,25.19,75.03,0.49,14.37,Brown Blight,Colletotrichum / Glomerella spp.,0.801,Moderate
2026-06-13 17:00:00,Ratnapura,29.82,79.93,1.93,10.4,Brown Blight (dormant/low risk),Colletotrichum / Glomerella spp.,0.997,Low
2026-06-13 18:00:00,Ratnapura,30.49,69.42,0.0,9.85,Brown Blight (dormant/low risk),Colletotrichum / Glomerella spp.,0.557,Low
2026-06-13 19:00:00,Ratnapura,30.09,75.13,0.0,11.32,Brown Blight,Colletotrichum / Glomerella spp.,0.802,Moderate
2026-06-13 20:00:00,Ratnapura,30.95,77.81,0.0,10.74,Brown Blight (dormant/low risk),Colletotrichum / Glomerella spp.,0.874,Low
2026-06-13 21:00:00,Ratnapura,32.04,76.45,0.0,14.85,Brown Blight,Colletotrichum / Glomerella spp.,0.776,Moderate
2026-06-13 22:00:00,Ratnapura,28.83,76.43,0.0,16.75,Brown Blight,Colletotrichum / Glomerella spp.,0.857,High
2026-06-13 23:00:00,Ratnapura,31.38,72.37,0.0,18.44,Brown Blight,Colletotrichum / Glomerella spp.,0.64,High
2026-06-14 00:00:00,Nuwara Eliya,19.64,82.33,0.0,10.83,Blister Blight,Exobasidium vexans,1.0,Moderate
2026-06-14 01:00:00,Nuwara Eliya,15.38,88.88,1.14,13.88,Blister Blight,Exobasidium vexans,1.0,Moderate
2026-06-14 02:00:00,Nuwara Eliya,18.18,80.9,0.0,12.07,Blister Blight,Exobasidium vexans,1.0,Moderate
2026-06-14 03:00:00,Nuwara Eliya,11.47,85.19,0.0,8.7,Blister Blight (dormant/low risk),Exobasidium vexans,0.859,Low
2026-06-14 04:00:00,Nuwara Eliya,12.39,94.06,0.0,21.12,Blister Blight,Exobasidium vexans,0.896,High
2026-06-14 05:00:00,Nuwara Eliya,10.78,95.0,1.11,17.98,Blister Blight,Exobasidium vexans,0.831,High
2026-06-14 06:00:00,Nuwara Eliya,13.52,90.9,0.0,12.55,Blister Blight,Exobasidium vexans,0.941,Moderate
2026-06-14 07:00:00,Nuwara Eliya,11.96,91.46,0.87,11.78,Blister Blight,Exobasidium vexans,0.878,Moderate
2026-06-14 08:00:00,Nuwara Eliya,12.79,95.0,0.14,22.53,Blister Blight,Exobasidium vexans,0.912,High
2026-06-14 09:00:00,Nuwara Eliya,14.03,81.48,0.0,9.34,Blister Blight (dormant/low risk),Exobasidium vexans,0.961,Low
2026-06-14 10:00:00,Nuwara Eliya,14.0,82.17,0.9,9.93,Blister Blight (dormant/low risk),Exobasidium vexans,0.96,Low
2026-06-14 11:00:00,Nuwara Eliya,16.09,82.49,2.69,14.5,Blister Blight,Exobasidium vexans,1.0,Moderate
2026-06-14 12:00:00,Nuwara Eliya,13.69,77.91,0.0,11.57,Blister Blight,Exobasidium vexans,0.864,Moderate
2026-06-14 13:00:00,Nuwara Eliya,15.94,64.05,0.0,8.81,Blister Blight (dormant/low risk),Exobasidium vexans,0.4,Low
2026-06-14 14:00:00,Nuwara Eliya,16.11,76.18,2.88,16.7,Blister Blight,Exobasidium vexans,0.847,High
2026-06-14 15:00:00,Nuwara Eliya,18.22,74.18,0.0,11.22,Blister Blight,Exobasidium vexans,0.767,Moderate
2026-06-14 16:00:00,Nuwara Eliya,16.69,74.29,0.0,11.34,Blister Blight,Exobasidium vexans,0.772,Moderate
2026-06-14 17:00:00,Nuwara Eliya,17.99,95.0,8.14,19.8,Blister Blight,Exobasidium vexans,1.0,High
2026-06-14 18:00:00,Nuwara Eliya,19.68,82.83,2.36,8.91,Blister Blight (dormant/low risk),Exobasidium vexans,1.0,Low
2026-06-14 19:00:00,Nuwara Eliya,19.58,79.85,1.05,14.64,Blister Blight,Exobasidium vexans,0.994,Moderate
2026-06-14 20:00:00,Nuwara Eliya,19.85,80.53,0.0,11.74,Blister Blight,Exobasidium vexans,1.0,Moderate
2026-06-14 21:00:00,Nuwara Eliya,15.22,79.32,0.0,12.78,Blister Blight,Exobasidium vexans,0.973,Moderate
2026-06-14 22:00:00,Nuwara Eliya,21.81,76.42,0.0,14.8,Blister Blight,Exobasidium vexans,0.857,Moderate
2026-06-14 23:00:00,Nuwara Eliya,17.63,95.0,2.07,19.39,Blister Blight,Exobasidium vexans,1.0,High
2026-06-14 00:00:00,Kandy,25.11,66.21,0.0,17.73,Grey Blight,Pestalotiopsis spp.,0.644,High
2026-06-14 01:00:00,Kandy,24.3,67.92,0.0,13.14,Grey Blight,Pestalotiopsis spp.,0.717,Moderate
2026-06-14 02:00:00,Kandy,22.43,73.77,1.77,12.01,Grey Blight,Pestalotiopsis spp.,0.951,Moderate
2026-06-14 03:00:00,Kandy,22.8,74.64,1.07,12.3,Grey Blight,Pestalotiopsis spp.,0.986,Moderate
2026-06-14 04:00:00,Kandy,22.18,76.73,0.24,12.22,Grey Blight,Pestalotiopsis spp.,1.0,Moderate
2026-06-14 05:00:00,Kandy,22.73,78.28,0.0,13.51,Grey Blight,Pestalotiopsis spp.,1.0,Moderate
2026-06-14 06:00:00,Kandy,21.39,84.39,4.68,18.8,Grey Blight,Pestalotiopsis spp.,1.0,High
2026-06-14 07:00:00,Kandy,24.02,80.7,0.0,9.56,Grey Blight (dormant/low risk),Pestalotiopsis spp.,1.0,Low
2026-06-14 08:00:00,Kandy,21.67,77.28,0.0,14.14,Grey Blight,Pestalotiopsis spp.,1.0,Moderate
2026-06-14 09:00:00,Kandy,19.84,72.64,0.0,14.62,Grey Blight,Pestalotiopsis spp.,0.899,Moderate
2026-06-14 10:00:00,Kandy,23.47,73.17,0.0,9.52,Grey Blight (dormant/low risk),Pestalotiopsis spp.,0.927,Low
2026-06-14 11:00:00,Kandy,21.42,75.94,0.0,18.7,Grey Blight,Pestalotiopsis spp.,1.0,High
2026-06-14 12:00:00,Kandy,20.95,66.85,0.0,8.81,Grey Blight (dormant/low risk),Pestalotiopsis spp.,0.674,Low
2026-06-14 13:00:00,Kandy,24.77,62.47,0.0,15.48,Grey Blight,Pestalotiopsis spp.,0.499,Moderate
2026-06-14 14:00:00,Kandy,24.27,61.41,0.0,16.71,Grey Blight,Pestalotiopsis spp.,0.456,High
2026-06-14 15:00:00,Kandy,22.9,60.67,0.0,17.15,Grey Blight,Pestalotiopsis spp.,0.427,High
2026-06-14 16:00:00,Kandy,23.35,58.98,0.0,11.35,Grey Blight,Pestalotiopsis spp.,0.4,Moderate
2026-06-14 17:00:00,Kandy,21.06,69.09,0.0,10.23,Grey Blight (dormant/low risk),Pestalotiopsis spp.,0.764,Low
2026-06-14 18:00:00,Kandy,22.36,70.86,0.0,10.26,Grey Blight (dormant/low risk),Pestalotiopsis spp.,0.834,Low
2026-06-14 19:00:00,Kandy,30.0,76.75,1.23,10.43,Grey Blight (dormant/low risk),Pestalotiopsis spp.,0.8,Low
2026-06-14 20:00:00,Kandy,27.13,72.85,0.0,6.98,Grey Blight (dormant/low risk),Pestalotiopsis spp.,0.829,Low
2026-06-14 21:00:00,Kandy,25.01,78.29,0.0,14.44,Grey Blight,Pestalotiopsis spp.,1.0,Moderate
2026-06-14 22:00:00,Kandy,25.26,75.9,0.22,14.29,Grey Blight,Pestalotiopsis spp.,0.99,Moderate
2026-06-14 23:00:00,Kandy,24.37,65.8,0.0,16.41,Grey Blight,Pestalotiopsis spp.,0.632,High
2026-06-14 00:00:00,Ratnapura,29.09,75.01,0.0,11.49,Brown Blight,Colletotrichum / Glomerella spp.,0.8,Moderate
2026-06-14 01:00:00,Ratnapura,28.24,79.94,2.02,10.58,Brown Blight (dormant/low risk),Colletotrichum / Glomerella spp.,0.998,Low
2026-06-14 02:00:00,Ratnapura,29.36,73.04,0.0,9.39,Brown Blight (dormant/low risk),Colletotrichum / Glomerella spp.,0.722,Low
2026-06-14 03:00:00,Ratnapura,25.68,75.95,0.0,13.26,Brown Blight,Colletotrichum / Glomerella spp.,0.838,Moderate
2026-06-14 04:00:00,Ratnapura,28.8,91.09,5.56,13.39,Brown Blight,Colletotrichum / Glomerella spp.,1.0,Moderate
2026-06-14 05:00:00,Ratnapura,27.38,74.6,0.0,9.57,Brown Blight (dormant/low risk),Colletotrichum / Glomerella spp.,0.784,Low
2026-06-14 06:00:00,Ratnapura,27.46,79.56,0.0,13.08,Brown Blight,Colletotrichum / Glomerella spp.,0.982,Moderate
2026-06-14 07:00:00,Ratnapura,27.5,83.55,0.0,12.24,Brown Blight,Colletotrichum / Glomerella spp.,1.0,Moderate
2026-06-14 08:00:00,Ratnapura,23.97,83.85,3.29,12.78,Brown Blight,Colletotrichum / Glomerella spp.,0.959,Moderate
2026-06-14 09:00:00,Ratnapura,26.02,72.07,0.0,6.26,Brown Blight (dormant/low risk),Colletotrichum / Glomerella spp.,0.683,Low
2026-06-14 10:00:00,Ratnapura,27.24,76.46,0.0,13.06,Brown Blight,Colletotrichum / Glomerella spp.,0.858,Moderate
2026-06-14 11:00:00,Ratnapura,28.28,78.18,0.0,12.72,Brown Blight,Colletotrichum / Glomerella spp.,0.927,Moderate
2026-06-14 12:00:00,Ratnapura,25.79,70.11,0.0,12.13,Brown Blight,Colletotrichum / Glomerella spp.,0.604,Moderate
2026-06-14 13:00:00,Ratnapura,24.52,77.59,0.75,14.53,Brown Blight,Colletotrichum / Glomerella spp.,0.884,Moderate
2026-06-14 14:00:00,Ratnapura,24.75,73.11,0.91,14.54,Brown Blight,Colletotrichum / Glomerella spp.,0.714,Moderate
2026-06-14 15:00:00,Ratnapura,27.76,70.66,0.0,15.64,Brown Blight,Colletotrichum / Glomerella spp.,0.626,Moderate
2026-06-14 16:00:00,Ratnapura,28.68,71.0,0.0,13.03,Brown Blight,Colletotrichum / Glomerella spp.,0.64,Moderate
2026-06-14 17:00:00,Ratnapura,30.07,76.67,0.0,15.82,Brown Blight,Colletotrichum / Glomerella spp.,0.864,High
2026-06-14 18:00:00,Ratnapura,28.64,74.12,0.0,13.42,Brown Blight,Colletotrichum / Glomerella spp.,0.765,Moderate
2026-06-14 19:00:00,Ratnapura,26.85,87.63,3.04,8.39,Brown Blight (dormant/low risk),Colletotrichum / Glomerella spp.,1.0,Low
2026-06-14 20:00:00,Ratnapura,29.06,82.92,7.96,9.59,Brown Blight (dormant/low risk),Colletotrichum / Glomerella spp.,1.0,Low
2026-06-14 21:00:00,Ratnapura,28.22,75.83,0.0,9.24,Brown Blight (dormant/low risk),Colletotrichum / Glomerella spp.,0.833,Low
2026-06-14 22:00:00,Ratnapura,28.08,86.36,5.31,8.37,Brown Blight (dormant/low risk),Colletotrichum / Glomerella spp.,1.0,Low
2026-06-14 23:00:00,Ratnapura,30.82,70.48,0.4,9.37,Brown Blight (dormant/low risk),Colletotrichum / Glomerella spp.,0.586,Low
2026-06-15 00:00:00,Nuwara Eliya,17.37,70.62,0.0,9.7,Blister Blight (dormant/low risk),Exobasidium vexans,0.625,Low
2026-06-15 01:00:00,Nuwara Eliya,16.44,85.2,0.79,13.04,Blister Blight,Exobasidium vexans,1.0,Moderate
2026-06-15 02:00:00,Nuwara Eliya,15.14,84.29,0.69,10.96,Blister Blight,Exobasidium vexans,1.0,Moderate
2026-06-15 03:00:00,Nuwara Eliya,13.21,82.74,0.0,10.01,Blister Blight (dormant/low risk),Exobasidium vexans,0.928,Low
2026-06-15 04:00:00,Nuwara Eliya,15.85,95.0,6.86,22.13,Blister Blight,Exobasidium vexans,1.0,High
2026-06-15 05:00:00,Nuwara Eliya,14.29,95.0,6.52,17.43,Blister Blight,Exobasidium vexans,0.972,High
2026-06-15 06:00:00,Nuwara Eliya,11.92,95.0,7.29,13.29,Blister Blight,Exobasidium vexans,0.877,Moderate
2026-06-15 07:00:00,Nuwara Eliya,10.57,95.0,6.03,16.62,Blister Blight,Exobasidium vexans,0.823,High
2026-06-15 08:00:00,Nuwara Eliya,12.2,87.98,0.27,15.77,Blister Blight,Exobasidium vexans,0.888,High
2026-06-15 09:00:00,Nuwara Eliya,14.47,95.0,8.06,18.75,Blister Blight,Exobasidium vexans,0.979,High
2026-06-15 10:00:00,Nuwara Eliya,12.39,84.99,0.0,10.1,Blister Blight (dormant/low risk),Exobasidium vexans,0.896,Low
2026-06-15 11:00:00,Nuwara Eliya,12.55,78.36,0.0,13.4,Blister Blight,Exobasidium vexans,0.836,Moderate
2026-06-15 12:00:00,Nuwara Eliya,12.4,72.78,0.36,12.19,Blister Blight,Exobasidium vexans,0.607,Moderate
2026-06-15 13:00:00,Nuwara Eliya,14.51,69.13,0.0,14.3,Blister Blight,Exobasidium vexans,0.546,Moderate
2026-06-15 14:00:00,Nuwara Eliya,14.13,83.21,0.12,6.63,Blister Blight (dormant/low risk),Exobasidium vexans,0.965,Low
2026-06-15 15:00:00,Nuwara Eliya,15.63,76.41,0.0,14.27,Blister Blight,Exobasidium vexans,0.856,Moderate
2026-06-15 16:00:00,Nuwara Eliya,15.61,78.48,0.0,11.66,Blister Blight,Exobasidium vexans,0.939,Moderate
2026-06-15 17:00:00,Nuwara Eliya,16.87,88.31,0.0,18.72,Blister Blight,Exobasidium vexans,1.0,High
2026-06-15 18:00:00,Nuwara Eliya,16.27,80.61,1.5,12.69,Blister Blight,Exobasidium vexans,1.0,Moderate
2026-06-15 19:00:00,Nuwara Eliya,17.95,76.48,0.0,17.37,Blister Blight,Exobasidium vexans,0.859,High
2026-06-15 20:00:00,Nuwara Eliya,18.28,78.66,0.0,13.8,Blister Blight,Exobasidium vexans,0.946,Moderate
2026-06-15 21:00:00,Nuwara Eliya,17.03,95.0,9.02,16.95,Blister Blight,Exobasidium vexans,1.0,High
2026-06-15 22:00:00,Nuwara Eliya,17.95,87.62,1.29,19.49,Blister Blight,Exobasidium vexans,1.0,High
2026-06-15 23:00:00,Nuwara Eliya,21.62,84.76,1.54,14.97,Blister Blight,Exobasidium vexans,1.0,Moderate
2026-06-15 00:00:00,Kandy,24.71,71.61,0.0,13.95,Grey Blight,Pestalotiopsis spp.,0.864,Moderate
2026-06-15 01:00:00,Kandy,24.71,74.15,1.18,16.78,Grey Blight,Pestalotiopsis spp.,0.966,High
2026-06-15 02:00:00,Kandy,20.15,72.88,0.0,13.45,Grey Blight,Pestalotiopsis spp.,0.915,Moderate
2026-06-15 03:00:00,Kandy,22.52,63.54,0.0,11.36,Grey Blight,Pestalotiopsis spp.,0.542,Moderate
2026-06-15 04:00:00,Kandy,20.89,75.74,0.0,16.36,Grey Blight,Pestalotiopsis spp.,1.0,High
2026-06-15 05:00:00,Kandy,18.95,82.32,0.0,13.72,Grey Blight,Pestalotiopsis spp.,0.958,Moderate
2026-06-15 06:00:00,Kandy,19.8,75.98,0.0,13.65,Grey Blight,Pestalotiopsis spp.,0.992,Moderate
2026-06-15 07:00:00,Kandy,22.4,76.53,0.0,18.14,Grey Blight,Pestalotiopsis spp.,1.0,High
2026-06-15 08:00:00,Kandy,24.12,76.95,0.0,13.08,Grey Blight,Pestalotiopsis spp.,1.0,Moderate
2026-06-15 09:00:00,Kandy,19.05,67.68,0.0,10.81,Grey Blight,Pestalotiopsis spp.,0.669,Moderate
2026-06-15 10:00:00,Kandy,21.74,71.31,0.0,13.6,Grey Blight,Pestalotiopsis spp.,0.852,Moderate
2026-06-15 11:00:00,Kandy,20.78,72.86,0.91,15.56,Grey Blight,Pestalotiopsis spp.,0.914,Moderate
2026-06-15 12:00:00,Kandy,20.79,69.51,0.0,9.89,Grey Blight (dormant/low risk),Pestalotiopsis spp.,0.78,Low
2026-06-15 13:00:00,Kandy,23.71,67.5,0.0,12.09,Grey Blight,Pestalotiopsis spp.,0.7,Moderate
2026-06-15 14:00:00,Kandy,23.27,63.29,0.0,18.04,Grey Blight,Pestalotiopsis spp.,0.532,High
2026-06-15 15:00:00,Kandy,24.2,69.55,3.46,12.19,Grey Blight,Pestalotiopsis spp.,0.782,Moderate
2026-06-15 16:00:00,Kandy,25.31,64.66,0.0,10.49,Grey Blight (dormant/low risk),Pestalotiopsis spp.,0.574,Low
2026-06-15 17:00:00,Kandy,22.12,72.46,0.0,20.72,Grey Blight,Pestalotiopsis spp.,0.898,High
2026-06-15 18:00:00,Kandy,26.09,70.39,0.0,6.65,Grey Blight (dormant/low risk),Pestalotiopsis spp.,0.772,Low
2026-06-15 19:00:00,Kandy,27.28,71.77,0.0,16.73,Grey Blight,Pestalotiopsis spp.,0.78,High
2026-06-15 20:00:00,Kandy,23.27,70.17,2.42,12.86,Grey Blight,Pestalotiopsis spp.,0.807,Moderate
2026-06-15 21:00:00,Kandy,26.14,68.36,0.0,13.09,Grey Blight,Pestalotiopsis spp.,0.689,Moderate
2026-06-15 22:00:00,Kandy,26.36,66.53,0.86,6.99,Grey Blight (dormant/low risk),Pestalotiopsis spp.,0.607,Low
2026-06-15 23:00:00,Kandy,27.79,70.82,0.0,12.37,Grey Blight,Pestalotiopsis spp.,0.721,Moderate
2026-06-15 00:00:00,Ratnapura,29.45,71.49,0.0,9.5,Brown Blight (dormant/low risk),Colletotrichum / Glomerella spp.,0.66,Low
2026-06-15 01:00:00,Ratnapura,29.05,78.25,1.84,17.2,Brown Blight,Colletotrichum / Glomerella spp.,0.93,High
2026-06-15 02:00:00,Ratnapura,28.77,73.12,0.0,18.56,Brown Blight,Colletotrichum / Glomerella spp.,0.725,High
2026-06-15 03:00:00,Ratnapura,25.24,80.94,0.0,15.39,Brown Blight,Colletotrichum / Glomerella spp.,1.0,Moderate
2026-06-15 04:00:00,Ratnapura,25.72,97.72,5.4,21.5,Brown Blight,Colletotrichum / Glomerella spp.,1.0,High
2026-06-15 05:00:00,Ratnapura,23.42,91.81,2.7,18.38,Brown Blight,Colletotrichum / Glomerella spp.,0.937,High
2026-06-15 06:00:00,Ratnapura,26.17,80.21,0.0,10.87,Brown Blight,Colletotrichum / Glomerella spp.,1.0,Moderate
2026-06-15 07:00:00,Ratnapura,28.15,83.36,0.02,14.39,Brown Blight,Colletotrichum / Glomerella spp.,1.0,Moderate
2026-06-15 08:00:00,Ratnapura,24.6,88.52,0.0,15.7,Brown Blight,Colletotrichum / Glomerella spp.,0.984,Moderate
2026-06-15 09:00:00,Ratnapura,23.21,87.88,3.25,15.49,Brown Blight,Colletotrichum / Glomerella spp.,0.928,Moderate
2026-06-15 10:00:00,Ratnapura,25.83,81.56,0.0,18.86,Brown Blight,Colletotrichum / Glomerella spp.,1.0,High
2026-06-15 11:00:00,Ratnapura,26.93,75.93,0.6,4.6,Brown Blight (dormant/low risk),Colletotrichum / Glomerella spp.,0.837,Low
2026-06-15 12:00:00,Ratnapura,26.25,66.66,0.0,12.77,Brown Blight,Colletotrichum / Glomerella spp.,0.466,Moderate
2026-06-15 13:00:00,Ratnapura,26.31,65.52,0.0,9.69,Brown Blight (dormant/low risk),Colletotrichum / Glomerella spp.,0.421,Low
2026-06-15 14:00:00,Ratnapura,28.43,70.32,0.0,9.5,Brown Blight (dormant/low risk),Colletotrichum / Glomerella spp.,0.613,Low
2026-06-15 15:00:00,Ratnapura,26.71,66.55,0.0,14.78,Brown Blight,Colletotrichum / Glomerella spp.,0.462,Moderate
2026-06-15 16:00:00,Ratnapura,31.72,65.0,0.0,13.96,Brown Blight,Colletotrichum / Glomerella spp.,0.331,Moderate
2026-06-15 17:00:00,Ratnapura,31.25,67.93,0.0,12.58,Brown Blight,Colletotrichum / Glomerella spp.,0.467,Moderate
2026-06-15 18:00:00,Ratnapura,28.61,80.27,0.44,10.63,Brown Blight (dormant/low risk),Colletotrichum / Glomerella spp.,1.0,Low
2026-06-15 19:00:00,Ratnapura,29.47,67.68,0.0,4.28,Brown Blight (dormant/low risk),Colletotrichum / Glomerella spp.,0.507,Low
2026-06-15 20:00:00,Ratnapura,30.7,75.88,0.94,10.11,Brown Blight (dormant/low risk),Colletotrichum / Glomerella spp.,0.807,Low
2026-06-15 21:00:00,Ratnapura,33.52,71.16,0.0,11.24,Brown Blight,Colletotrichum / Glomerella spp.,0.506,Moderate
2026-06-15 22:00:00,Ratnapura,30.47,66.27,0.0,12.18,Brown Blight,Colletotrichum / Glomerella spp.,0.432,Moderate
2026-06-15 23:00:00,Ratnapura,32.19,67.92,0.0,9.0,Brown Blight (dormant/low risk),Colletotrichum / Glomerella spp.,0.429,Low
2026-06-16 00:00:00,Nuwara Eliya,18.29,85.86,0.0,10.05,Blister Blight (dormant/low risk),Exobasidium vexans,1.0,Low
2026-06-16 01:00:00,Nuwara Eliya,20.04,83.04,2.96,15.91,Blister Blight,Exobasidium vexans,1.0,High
2026-06-16 02:00:00,Nuwara Eliya,16.68,94.44,16.21,20.5,Blister Blight,Exobasidium vexans,1.0,High
2026-06-16 03:00:00,Nuwara Eliya,15.57,86.91,3.01,19.05,Blister Blight,Exobasidium vexans,1.0,High
2026-06-16 04:00:00,Nuwara Eliya,17.68,84.81,0.0,18.98,Blister Blight,Exobasidium vexans,1.0,High
2026-06-16 05:00:00,Nuwara Eliya,10.0,95.0,0.0,17.1,Blister Blight,Exobasidium vexans,0.8,High
2026-06-16 06:00:00,Nuwara Eliya,13.71,95.0,4.5,23.72,Blister Blight,Exobasidium vexans,0.948,High
2026-06-16 07:00:00,Nuwara Eliya,10.54,93.97,3.32,19.15,Blister Blight,Exobasidium vexans,0.822,High
2026-06-16 08:00:00,Nuwara Eliya,10.0,95.0,0.0,18.06,Blister Blight,Exobasidium vexans,0.8,High
2026-06-16 09:00:00,Nuwara Eliya,12.24,87.64,0.02,15.02,Blister Blight,Exobasidium vexans,0.89,Moderate
2026-06-16 10:00:00,Nuwara Eliya,12.08,88.97,0.45,12.45,Blister Blight,Exobasidium vexans,0.883,Moderate
2026-06-16 11:00:00,Nuwara Eliya,18.33,82.03,0.0,10.35,Blister Blight (dormant/low risk),Exobasidium vexans,1.0,Low
2026-06-16 12:00:00,Nuwara Eliya,14.21,79.42,0.0,15.39,Blister Blight,Exobasidium vexans,0.945,Moderate
2026-06-16 13:00:00,Nuwara Eliya,11.94,81.71,0.39,12.79,Blister Blight,Exobasidium vexans,0.878,Moderate
2026-06-16 14:00:00,Nuwara Eliya,18.29,80.88,0.0,6.39,Blister Blight (dormant/low risk),Exobasidium vexans,1.0,Low
2026-06-16 15:00:00,Nuwara Eliya,14.42,74.01,1.57,10.48,Blister Blight (dormant/low risk),Exobasidium vexans,0.737,Low
2026-06-16 16:00:00,Nuwara Eliya,18.74,73.08,0.0,15.4,Blister Blight,Exobasidium vexans,0.723,Moderate
2026-06-16 17:00:00,Nuwara Eliya,17.38,85.84,4.33,10.5,Blister Blight (dormant/low risk),Exobasidium vexans,1.0,Low
2026-06-16 18:00:00,Nuwara Eliya,18.32,80.55,0.0,11.47,Blister Blight,Exobasidium vexans,1.0,Moderate
2026-06-16 19:00:00,Nuwara Eliya,19.18,81.41,0.39,16.12,Blister Blight,Exobasidium vexans,1.0,High
2026-06-16 20:00:00,Nuwara Eliya,14.6,81.25,0.0,14.35,Blister Blight,Exobasidium vexans,0.984,Moderate
2026-06-16 21:00:00,Nuwara Eliya,19.74,79.55,0.0,18.24,Blister Blight,Exobasidium vexans,0.982,High
2026-06-16 22:00:00,Nuwara Eliya,22.07,84.53,3.18,15.94,Blister Blight,Exobasidium vexans,1.0,High
2026-06-16 23:00:00,Nuwara Eliya,18.5,78.45,0.0,13.17,Blister Blight,Exobasidium vexans,0.938,Moderate
2026-06-16 00:00:00,Kandy,26.56,75.46,3.37,11.85,Grey Blight,Pestalotiopsis spp.,0.938,Moderate
2026-06-16 01:00:00,Kandy,22.47,83.14,3.92,15.09,Grey Blight,Pestalotiopsis spp.,1.0,Moderate
2026-06-16 02:00:00,Kandy,24.38,73.11,0.0,14.86,Grey Blight,Pestalotiopsis spp.,0.924,Moderate
2026-06-16 03:00:00,Kandy,24.74,66.86,0.0,14.41,Grey Blight,Pestalotiopsis spp.,0.674,Moderate
2026-06-16 04:00:00,Kandy,19.6,76.43,1.02,16.21,Grey Blight,Pestalotiopsis spp.,0.984,High
2026-06-16 05:00:00,Kandy,18.24,84.24,0.08,13.71,Grey Blight,Pestalotiopsis spp.,0.93,Moderate
2026-06-16 06:00:00,Kandy,21.77,80.23,1.45,9.7,Grey Blight (dormant/low risk),Pestalotiopsis spp.,1.0,Low
2026-06-16 07:00:00,Kandy,23.3,76.65,0.0,16.82,Grey Blight,Pestalotiopsis spp.,1.0,High
2026-06-16 08:00:00,Kandy,21.01,81.33,1.36,11.51,Grey Blight,Pestalotiopsis spp.,1.0,Moderate
2026-06-16 09:00:00,Kandy,18.0,78.76,0.55,13.31,Grey Blight,Pestalotiopsis spp.,0.92,Moderate
2026-06-16 10:00:00,Kandy,20.62,80.41,3.45,13.19,Grey Blight,Pestalotiopsis spp.,1.0,Moderate
2026-06-16 11:00:00,Kandy,19.52,80.24,0.46,13.92,Grey Blight,Pestalotiopsis spp.,0.981,Moderate
2026-06-16 12:00:00,Kandy,23.42,59.85,0.0,9.4,Grey Blight (dormant/low risk),Pestalotiopsis spp.,0.4,Low
2026-06-16 13:00:00,Kandy,22.39,55.0,0.0,7.5,Grey Blight (dormant/low risk),Pestalotiopsis spp.,0.4,Low
2026-06-16 14:00:00,Kandy,24.25,66.51,0.24,14.23,Grey Blight,Pestalotiopsis spp.,0.66,Moderate
2026-06-16 15:00:00,Kandy,23.43,66.94,0.0,11.6,Grey Blight,Pestalotiopsis spp.,0.678,Moderate
2026-06-16 16:00:00,Kandy,22.3,63.97,0.65,5.11,Grey Blight (dormant/low risk),Pestalotiopsis spp.,0.559,Low
2026-06-16 17:00:00,Kandy,25.3,67.75,0.0,12.67,Grey Blight,Pestalotiopsis spp.,0.698,Moderate
2026-06-16 18:00:00,Kandy,23.81,85.73,5.77,11.76,Grey Blight,Pestalotiopsis spp.,1.0,Moderate
2026-06-16 19:00:00,Kandy,26.8,75.94,2.03,10.61,Grey Blight (dormant/low risk),Pestalotiopsis spp.,0.928,Low
2026-06-16 20:00:00,Kandy,25.35,62.64,0.0,8.65,Grey Blight (dormant/low risk),Pestalotiopsis spp.,0.492,Low
2026-06-16 21:00:00,Kandy,27.48,58.04,0.0,12.23,Grey Blight,Pestalotiopsis spp.,0.301,Moderate
2026-06-16 22:00:00,Kandy,23.53,73.81,0.0,12.21,Grey Blight,Pestalotiopsis spp.,0.952,Moderate
2026-06-16 23:00:00,Kandy,19.15,70.76,0.06,12.26,Grey Blight,Pestalotiopsis spp.,0.796,Moderate
2026-06-16 00:00:00,Ratnapura,27.88,82.25,0.0,9.31,Brown Blight (dormant/low risk),Colletotrichum / Glomerella spp.,1.0,Low
2026-06-16 01:00:00,Ratnapura,27.51,82.62,4.63,10.72,Brown Blight (dormant/low risk),Colletotrichum / Glomerella spp.,1.0,Low
2026-06-16 02:00:00,Ratnapura,30.74,71.92,0.0,14.36,Brown Blight,Colletotrichum / Glomerella spp.,0.647,Moderate
2026-06-16 03:00:00,Ratnapura,27.33,76.23,0.8,11.31,Brown Blight,Colletotrichum / Glomerella spp.,0.849,Moderate
2026-06-16 04:00:00,Ratnapura,25.77,86.03,0.0,15.7,Brown Blight,Colletotrichum / Glomerella spp.,1.0,Moderate
2026-06-16 05:00:00,Ratnapura,24.92,80.19,0.0,8.44,Brown Blight (dormant/low risk),Colletotrichum / Glomerella spp.,0.997,Low
2026-06-16 06:00:00,Ratnapura,25.88,98.0,13.2,23.78,Brown Blight,Colletotrichum / Glomerella spp.,1.0,High
2026-06-16 07:00:00,Ratnapura,26.33,78.07,0.0,16.03,Brown Blight,Colletotrichum / Glomerella spp.,0.923,High
2026-06-16 08:00:00,Ratnapura,23.63,87.24,0.0,17.25,Brown Blight,Colletotrichum / Glomerella spp.,0.945,High
2026-06-16 09:00:00,Ratnapura,24.55,76.44,0.0,12.41,Brown Blight,Colletotrichum / Glomerella spp.,0.84,Moderate
2026-06-16 10:00:00,Ratnapura,22.73,76.93,0.35,13.67,Brown Blight,Colletotrichum / Glomerella spp.,0.786,Moderate
2026-06-16 11:00:00,Ratnapura,28.1,71.4,0.0,10.33,Brown Blight (dormant/low risk),Colletotrichum / Glomerella spp.,0.656,Low
2026-06-16 12:00:00,Ratnapura,28.02,67.36,1.4,16.11,Brown Blight,Colletotrichum / Glomerella spp.,0.494,High
2026-06-16 13:00:00,Ratnapura,26.7,65.63,0.0,11.5,Brown Blight,Colletotrichum / Glomerella spp.,0.425,Moderate
2026-06-16 14:00:00,Ratnapura,30.52,65.0,0.0,13.71,Brown Blight,Colletotrichum / Glomerella spp.,0.379,Moderate
2026-06-16 15:00:00,Ratnapura,27.5,75.53,1.72,13.81,Brown Blight,Colletotrichum / Glomerella spp.,0.821,Moderate
2026-06-16 16:00:00,Ratnapura,27.97,65.05,0.0,12.43,Brown Blight,Colletotrichum / Glomerella spp.,0.402,Moderate
2026-06-16 17:00:00,Ratnapura,33.75,69.3,0.0,11.62,Brown Blight,Colletotrichum / Glomerella spp.,0.422,Moderate
2026-06-16 18:00:00,Ratnapura,34.14,69.38,0.0,12.65,Brown Blight,Colletotrichum / Glomerella spp.,0.41,Moderate
2026-06-16 19:00:00,Ratnapura,30.32,73.29,0.15,7.67,Brown Blight (dormant/low risk),Colletotrichum / Glomerella spp.,0.719,Low
2026-06-16 20:00:00,Ratnapura,30.96,73.29,0.37,8.89,Brown Blight (dormant/low risk),Colletotrichum / Glomerella spp.,0.693,Low
2026-06-16 21:00:00,Ratnapura,31.39,71.4,0.0,14.6,Brown Blight,Colletotrichum / Glomerella spp.,0.6,Moderate
2026-06-16 22:00:00,Ratnapura,30.83,72.18,0.0,10.73,Brown Blight (dormant/low risk),Colletotrichum / Glomerella spp.,0.654,Low
2026-06-16 23:00:00,Ratnapura,32.84,73.09,0.24,16.15,Brown Blight,Colletotrichum / Glomerella spp.,0.61,High
2026-06-17 00:00:00,Nuwara Eliya,18.08,71.27,0.27,17.13,Blister Blight,Exobasidium vexans,0.651,High
2026-06-17 01:00:00,Nuwara Eliya,17.92,82.9,0.0,8.27,Blister Blight (dormant/low risk),Exobasidium vexans,1.0,Low
2026-06-17 02:00:00,Nuwara Eliya,17.26,87.98,2.12,20.17,Blister Blight,Exobasidium vexans,1.0,High
2026-06-17 03:00:00,Nuwara Eliya,14.05,79.01,0.0,12.98,Blister Blight,Exobasidium vexans,0.922,Moderate
2026-06-17 04:00:00,Nuwara Eliya,13.26,84.06,0.0,12.25,Blister Blight,Exobasidium vexans,0.93,Moderate
2026-06-17 05:00:00,Nuwara Eliya,10.98,94.75,1.89,16.58,Blister Blight,Exobasidium vexans,0.839,High
2026-06-17 06:00:00,Nuwara Eliya,10.42,89.6,1.26,8.33,Blister Blight (dormant/low risk),Exobasidium vexans,0.817,Low
2026-06-17 07:00:00,Nuwara Eliya,12.17,95.0,0.0,16.4,Blister Blight,Exobasidium vexans,0.887,High
2026-06-17 08:00:00,Nuwara Eliya,12.23,85.88,0.0,17.07,Blister Blight,Exobasidium vexans,0.889,High
2026-06-17 09:00:00,Nuwara Eliya,10.75,94.85,1.73,17.89,Blister Blight,Exobasidium vexans,0.83,High
2026-06-17 10:00:00,Nuwara Eliya,11.0,95.0,4.4,14.96,Blister Blight,Exobasidium vexans,0.84,Moderate
2026-06-17 11:00:00,Nuwara Eliya,13.51,91.83,5.21,13.86,Blister Blight,Exobasidium vexans,0.94,Moderate
2026-06-17 12:00:00,Nuwara Eliya,11.11,90.51,5.51,10.63,Blister Blight (dormant/low risk),Exobasidium vexans,0.844,Low
2026-06-17 13:00:00,Nuwara Eliya,15.94,71.64,0.0,15.7,Blister Blight,Exobasidium vexans,0.666,Moderate
2026-06-17 14:00:00,Nuwara Eliya,15.0,76.57,0.0,14.89,Blister Blight,Exobasidium vexans,0.863,Moderate
2026-06-17 15:00:00,Nuwara Eliya,19.94,84.87,3.0,14.06,Blister Blight,Exobasidium vexans,1.0,Moderate
2026-06-17 16:00:00,Nuwara Eliya,16.84,78.01,0.0,19.8,Blister Blight,Exobasidium vexans,0.92,High
2026-06-17 17:00:00,Nuwara Eliya,17.7,90.25,1.99,19.83,Blister Blight,Exobasidium vexans,1.0,High
2026-06-17 18:00:00,Nuwara Eliya,21.14,82.58,0.0,7.95,Blister Blight (dormant/low risk),Exobasidium vexans,1.0,Low
2026-06-17 19:00:00,Nuwara Eliya,17.06,93.56,15.74,18.33,Blister Blight,Exobasidium vexans,1.0,High
2026-06-17 20:00:00,Nuwara Eliya,18.47,84.61,0.47,18.27,Blister Blight,Exobasidium vexans,1.0,High
2026-06-17 21:00:00,Nuwara Eliya,18.87,82.34,2.08,10.8,Blister Blight,Exobasidium vexans,1.0,Moderate
2026-06-17 22:00:00,Nuwara Eliya,19.66,74.66,0.0,16.04,Blister Blight,Exobasidium vexans,0.786,High
2026-06-17 23:00:00,Nuwara Eliya,18.77,84.45,0.0,11.25,Blister Blight,Exobasidium vexans,1.0,Moderate
2026-06-17 00:00:00,Kandy,20.42,69.59,0.0,11.68,Grey Blight,Pestalotiopsis spp.,0.784,Moderate
2026-06-17 01:00:00,Kandy,21.74,68.92,0.1,13.55,Grey Blight,Pestalotiopsis spp.,0.757,Moderate
2026-06-17 02:00:00,Kandy,23.73,70.02,0.0,14.63,Grey Blight,Pestalotiopsis spp.,0.801,Moderate
2026-06-17 03:00:00,Kandy,22.71,80.61,0.38,9.35,Grey Blight (dormant/low risk),Pestalotiopsis spp.,1.0,Low
2026-06-17 04:00:00,Kandy,21.77,85.89,3.08,15.88,Grey Blight,Pestalotiopsis spp.,1.0,High
2026-06-17 05:00:00,Kandy,18.0,77.16,0.0,13.92,Grey Blight,Pestalotiopsis spp.,0.92,Moderate
2026-06-17 06:00:00,Kandy,23.82,81.18,0.96,11.98,Grey Blight,Pestalotiopsis spp.,1.0,Moderate
2026-06-17 07:00:00,Kandy,22.47,79.05,0.61,13.37,Grey Blight,Pestalotiopsis spp.,1.0,Moderate
2026-06-17 08:00:00,Kandy,18.0,76.95,0.0,8.59,Grey Blight (dormant/low risk),Pestalotiopsis spp.,0.92,Low
2026-06-17 09:00:00,Kandy,20.75,78.14,0.0,12.86,Grey Blight,Pestalotiopsis spp.,1.0,Moderate
2026-06-17 10:00:00,Kandy,20.97,77.96,0.0,14.3,Grey Blight,Pestalotiopsis spp.,1.0,Moderate
2026-06-17 11:00:00,Kandy,20.68,76.06,0.0,14.08,Grey Blight,Pestalotiopsis spp.,1.0,Moderate
2026-06-17 12:00:00,Kandy,22.32,62.25,0.0,8.9,Grey Blight (dormant/low risk),Pestalotiopsis spp.,0.49,Low
2026-06-17 13:00:00,Kandy,21.1,67.06,0.0,12.35,Grey Blight,Pestalotiopsis spp.,0.682,Moderate
2026-06-17 14:00:00,Kandy,23.54,67.64,0.0,8.23,Grey Blight (dormant/low risk),Pestalotiopsis spp.,0.706,Low
2026-06-17 15:00:00,Kandy,23.43,66.79,2.18,8.35,Grey Blight (dormant/low risk),Pestalotiopsis spp.,0.672,Low
2026-06-17 16:00:00,Kandy,23.22,73.11,0.0,8.56,Grey Blight (dormant/low risk),Pestalotiopsis spp.,0.924,Low
2026-06-17 17:00:00,Kandy,23.81,73.27,0.0,14.99,Grey Blight,Pestalotiopsis spp.,0.931,Moderate
2026-06-17 18:00:00,Kandy,23.86,75.94,0.0,11.59,Grey Blight,Pestalotiopsis spp.,1.0,Moderate
2026-06-17 19:00:00,Kandy,19.74,78.24,1.91,13.78,Grey Blight,Pestalotiopsis spp.,0.99,Moderate
2026-06-17 20:00:00,Kandy,26.28,68.2,0.65,7.63,Grey Blight (dormant/low risk),Pestalotiopsis spp.,0.677,Low
2026-06-17 21:00:00,Kandy,24.6,73.01,0.2,15.4,Grey Blight,Pestalotiopsis spp.,0.92,Moderate
2026-06-17 22:00:00,Kandy,22.83,65.81,0.0,16.53,Grey Blight,Pestalotiopsis spp.,0.632,High
2026-06-17 23:00:00,Kandy,25.28,70.0,0.0,11.97,Grey Blight,Pestalotiopsis spp.,0.789,Moderate
2026-06-17 00:00:00,Ratnapura,28.11,73.59,0.0,8.15,Brown Blight (dormant/low risk),Colletotrichum / Glomerella spp.,0.744,Low
2026-06-17 01:00:00,Ratnapura,32.83,69.0,0.0,9.47,Brown Blight (dormant/low risk),Colletotrichum / Glomerella spp.,0.447,Low
2026-06-17 02:00:00,Ratnapura,28.31,75.76,0.0,16.82,Brown Blight,Colletotrichum / Glomerella spp.,0.83,High
2026-06-17 03:00:00,Ratnapura,27.69,82.38,0.0,16.81,Brown Blight,Colletotrichum / Glomerella spp.,1.0,High
2026-06-17 04:00:00,Ratnapura,25.58,82.67,0.29,14.31,Brown Blight,Colletotrichum / Glomerella spp.,1.0,Moderate
2026-06-17 05:00:00,Ratnapura,25.53,85.97,0.0,16.77,Brown Blight,Colletotrichum / Glomerella spp.,1.0,High
2026-06-17 06:00:00,Ratnapura,23.6,83.82,0.0,14.7,Brown Blight,Colletotrichum / Glomerella spp.,0.944,Moderate
2026-06-17 07:00:00,Ratnapura,25.45,81.96,0.21,17.46,Brown Blight,Colletotrichum / Glomerella spp.,1.0,High
2026-06-17 08:00:00,Ratnapura,24.74,90.9,0.0,12.72,Brown Blight,Colletotrichum / Glomerella spp.,0.99,Moderate
2026-06-17 09:00:00,Ratnapura,28.15,75.25,0.0,9.05,Brown Blight (dormant/low risk),Colletotrichum / Glomerella spp.,0.81,Low
2026-06-17 10:00:00,Ratnapura,26.42,75.62,0.0,6.47,Brown Blight (dormant/low risk),Colletotrichum / Glomerella spp.,0.825,Low
2026-06-17 11:00:00,Ratnapura,26.78,78.86,3.07,6.42,Brown Blight (dormant/low risk),Colletotrichum / Glomerella spp.,0.954,Low
2026-06-17 12:00:00,Ratnapura,28.56,65.0,0.0,9.21,Brown Blight (dormant/low risk),Colletotrichum / Glomerella spp.,0.4,Low
2026-06-17 13:00:00,Ratnapura,28.25,69.89,0.0,8.87,Brown Blight (dormant/low risk),Colletotrichum / Glomerella spp.,0.596,Low
2026-06-17 14:00:00,Ratnapura,31.57,67.95,0.0,12.17,Brown Blight,Colletotrichum / Glomerella spp.,0.455,Moderate
2026-06-17 15:00:00,Ratnapura,27.03,66.14,0.0,8.13,Brown Blight (dormant/low risk),Colletotrichum / Glomerella spp.,0.446,Low
2026-06-17 16:00:00,Ratnapura,27.61,66.91,0.0,9.06,Brown Blight (dormant/low risk),Colletotrichum / Glomerella spp.,0.476,Low
2026-06-17 17:00:00,Ratnapura,28.52,76.71,0.0,15.14,Brown Blight,Colletotrichum / Glomerella spp.,0.868,Moderate
2026-06-17 18:00:00,Ratnapura,28.51,67.14,0.0,10.97,Brown Blight,Colletotrichum / Glomerella spp.,0.486,Moderate
2026-06-17 19:00:00,Ratnapura,31.04,71.86,0.0,16.17,Brown Blight,Colletotrichum / Glomerella spp.,0.633,High
2026-06-17 20:00:00,Ratnapura,30.72,78.69,3.49,18.92,Brown Blight,Colletotrichum / Glomerella spp.,0.919,High
2026-06-17 21:00:00,Ratnapura,32.86,77.81,2.31,13.6,Brown Blight,Colletotrichum / Glomerella spp.,0.798,Moderate
2026-06-17 22:00:00,Ratnapura,33.55,69.73,0.0,10.8,Brown Blight,Colletotrichum / Glomerella spp.,0.447,Moderate
2026-06-17 23:00:00,Ratnapura,29.98,73.44,0.0,14.36,Brown Blight,Colletotrichum / Glomerella spp.,0.738,Moderate
2026-06-18 00:00:00,Nuwara Eliya,15.28,84.7,2.66,11.76,Blister Blight,Exobasidium vexans,1.0,Moderate
2026-06-18 01:00:00,Nuwara Eliya,18.19,79.42,0.57,17.39,Blister Blight,Exobasidium vexans,0.977,High
2026-06-18 02:00:00,Nuwara Eliya,16.41,83.05,0.0,11.26,Blister Blight,Exobasidium vexans,1.0,Moderate
2026-06-18 03:00:00,Nuwara Eliya,13.09,85.2,1.84,9.63,Blister Blight (dormant/low risk),Exobasidium vexans,0.924,Low
2026-06-18 04:00:00,Nuwara Eliya,16.75,95.0,0.16,15.89,Blister Blight,Exobasidium vexans,1.0,High
2026-06-18 05:00:00,Nuwara Eliya,16.08,93.65,2.5,14.54,Blister Blight,Exobasidium vexans,1.0,Moderate
2026-06-18 06:00:00,Nuwara Eliya,11.3,95.0,6.22,17.7,Blister Blight,Exobasidium vexans,0.852,High
2026-06-18 07:00:00,Nuwara Eliya,10.0,95.0,0.28,15.28,Blister Blight,Exobasidium vexans,0.8,Moderate
2026-06-18 08:00:00,Nuwara Eliya,10.0,95.0,1.89,10.09,Blister Blight (dormant/low risk),Exobasidium vexans,0.8,Low
2026-06-18 09:00:00,Nuwara Eliya,11.96,85.2,1.56,12.69,Blister Blight,Exobasidium vexans,0.878,Moderate
2026-06-18 10:00:00,Nuwara Eliya,13.76,85.17,0.58,10.22,Blister Blight (dormant/low risk),Exobasidium vexans,0.95,Low
2026-06-18 11:00:00,Nuwara Eliya,10.18,87.51,0.97,6.36,Blister Blight (dormant/low risk),Exobasidium vexans,0.807,Low
2026-06-18 12:00:00,Nuwara Eliya,12.8,84.59,5.17,8.67,Blister Blight (dormant/low risk),Exobasidium vexans,0.912,Low
2026-06-18 13:00:00,Nuwara Eliya,12.75,88.27,3.68,17.19,Blister Blight,Exobasidium vexans,0.91,High
2026-06-18 14:00:00,Nuwara Eliya,15.84,76.94,0.0,15.63,Blister Blight,Exobasidium vexans,0.878,Moderate
2026-06-18 15:00:00,Nuwara Eliya,15.88,82.41,1.15,11.59,Blister Blight,Exobasidium vexans,1.0,Moderate
2026-06-18 16:00:00,Nuwara Eliya,14.69,76.35,0.0,13.15,Blister Blight,Exobasidium vexans,0.842,Moderate
2026-06-18 17:00:00,Nuwara Eliya,18.76,90.68,5.59,15.16,Blister Blight,Exobasidium vexans,1.0,Moderate
2026-06-18 18:00:00,Nuwara Eliya,20.17,80.59,0.0,12.08,Blister Blight,Exobasidium vexans,1.0,Moderate
2026-06-18 19:00:00,Nuwara Eliya,21.4,75.01,0.0,17.31,Blister Blight,Exobasidium vexans,0.8,High
2026-06-18 20:00:00,Nuwara Eliya,15.54,95.0,4.78,17.1,Blister Blight,Exobasidium vexans,1.0,High
2026-06-18 21:00:00,Nuwara Eliya,13.63,86.66,2.82,16.3,Blister Blight,Exobasidium vexans,0.945,High
2026-06-18 22:00:00,Nuwara Eliya,16.26,80.48,0.0,14.41,Blister Blight,Exobasidium vexans,1.0,Moderate
2026-06-18 23:00:00,Nuwara Eliya,18.47,87.95,0.0,11.67,Blister Blight,Exobasidium vexans,1.0,Moderate
2026-06-18 00:00:00,Kandy,27.88,63.33,0.0,14.03,Grey Blight,Pestalotiopsis spp.,0.418,Moderate
2026-06-18 01:00:00,Kandy,22.06,63.76,0.0,7.08,Grey Blight (dormant/low risk),Pestalotiopsis spp.,0.55,Low
2026-06-18 02:00:00,Kandy,24.38,62.25,0.0,11.3,Grey Blight,Pestalotiopsis spp.,0.49,Moderate
2026-06-18 03:00:00,Kandy,19.0,72.85,0.0,15.49,Grey Blight,Pestalotiopsis spp.,0.874,Moderate
2026-06-18 04:00:00,Kandy,22.28,76.61,0.0,4.99,Grey Blight (dormant/low risk),Pestalotiopsis spp.,1.0,Low
2026-06-18 05:00:00,Kandy,21.89,83.6,1.43,15.87,Grey Blight,Pestalotiopsis spp.,1.0,High
2026-06-18 06:00:00,Kandy,22.1,82.28,3.25,19.09,Grey Blight,Pestalotiopsis spp.,1.0,High
2026-06-18 07:00:00,Kandy,24.02,75.28,0.0,12.59,Grey Blight,Pestalotiopsis spp.,1.0,Moderate
2026-06-18 08:00:00,Kandy,21.62,86.74,0.07,11.71,Grey Blight,Pestalotiopsis spp.,1.0,Moderate
2026-06-18 09:00:00,Kandy,18.0,83.22,2.68,12.96,Grey Blight,Pestalotiopsis spp.,0.92,Moderate
2026-06-18 10:00:00,Kandy,23.35,63.44,0.0,11.66,Grey Blight,Pestalotiopsis spp.,0.538,Moderate
2026-06-18 11:00:00,Kandy,21.03,75.21,0.0,12.09,Grey Blight,Pestalotiopsis spp.,1.0,Moderate
2026-06-18 12:00:00,Kandy,20.38,72.78,0.0,13.55,Grey Blight,Pestalotiopsis spp.,0.911,Moderate
2026-06-18 13:00:00,Kandy,23.77,67.8,2.36,8.84,Grey Blight (dormant/low risk),Pestalotiopsis spp.,0.712,Low
2026-06-18 14:00:00,Kandy,21.39,58.58,0.0,11.74,Grey Blight,Pestalotiopsis spp.,0.4,Moderate
2026-06-18 15:00:00,Kandy,23.15,55.6,0.0,14.78,Grey Blight,Pestalotiopsis spp.,0.4,Moderate
2026-06-18 16:00:00,Kandy,24.68,58.51,0.0,7.69,Grey Blight (dormant/low risk),Pestalotiopsis spp.,0.4,Low
2026-06-18 17:00:00,Kandy,27.46,61.25,0.22,16.26,Grey Blight,Pestalotiopsis spp.,0.352,High
2026-06-18 18:00:00,Kandy,24.35,74.82,2.52,11.38,Grey Blight,Pestalotiopsis spp.,0.993,Moderate
2026-06-18 19:00:00,Kandy,26.62,72.45,0.0,6.98,Grey Blight (dormant/low risk),Pestalotiopsis spp.,0.833,Low
2026-06-18 20:00:00,Kandy,26.15,69.33,0.0,10.9,Grey Blight,Pestalotiopsis spp.,0.727,Moderate
2026-06-18 21:00:00,Kandy,23.96,65.51,0.0,10.5,Grey Blight (dormant/low risk),Pestalotiopsis spp.,0.62,Low
2026-06-18 22:00:00,Kandy,22.17,73.32,0.54,15.55,Grey Blight,Pestalotiopsis spp.,0.933,Moderate
2026-06-18 23:00:00,Kandy,21.14,69.83,0.0,14.34,Grey Blight,Pestalotiopsis spp.,0.793,Moderate
2026-06-18 00:00:00,Ratnapura,30.3,73.46,0.0,9.68,Brown Blight (dormant/low risk),Colletotrichum / Glomerella spp.,0.726,Low
2026-06-18 01:00:00,Ratnapura,30.52,76.52,0.0,14.93,Brown Blight,Colletotrichum / Glomerella spp.,0.84,Moderate
2026-06-18 02:00:00,Ratnapura,27.59,73.6,0.0,6.39,Brown Blight (dormant/low risk),Colletotrichum / Glomerella spp.,0.744,Low
2026-06-18 03:00:00,Ratnapura,23.63,76.21,0.0,16.08,Brown Blight,Colletotrichum / Glomerella spp.,0.794,High
2026-06-18 04:00:00,Ratnapura,25.89,83.18,0.0,13.57,Brown Blight,Colletotrichum / Glomerella spp.,1.0,Moderate
2026-06-18 05:00:00,Ratnapura,26.09,81.34,1.19,10.19,Brown Blight (dormant/low risk),Colletotrichum / Glomerella spp.,1.0,Low
2026-06-18 06:00:00,Ratnapura,26.75,78.25,0.0,16.53,Brown Blight,Colletotrichum / Glomerella spp.,0.93,High
2026-06-18 07:00:00,Ratnapura,24.36,87.09,0.73,19.18,Brown Blight,Colletotrichum / Glomerella spp.,0.974,High
2026-06-18 08:00:00,Ratnapura,27.61,92.32,2.23,14.46,Brown Blight,Colletotrichum / Glomerella spp.,1.0,Moderate
2026-06-18 09:00:00,Ratnapura,25.38,83.11,0.0,11.64,Brown Blight,Colletotrichum / Glomerella spp.,1.0,Moderate
2026-06-18 10:00:00,Ratnapura,22.64,77.77,0.0,16.12,Brown Blight,Colletotrichum / Glomerella spp.,0.816,High
2026-06-18 11:00:00,Ratnapura,27.25,76.73,0.0,17.1,Brown Blight,Colletotrichum / Glomerella spp.,0.869,High
2026-06-18 12:00:00,Ratnapura,28.02,75.53,3.17,11.31,Brown Blight,Colletotrichum / Glomerella spp.,0.821,Moderate
2026-06-18 13:00:00,Ratnapura,31.94,65.16,1.22,11.5,Brown Blight,Colletotrichum / Glomerella spp.,0.329,Moderate
2026-06-18 14:00:00,Ratnapura,27.54,68.62,0.0,12.04,Brown Blight,Colletotrichum / Glomerella spp.,0.545,Moderate
2026-06-18 15:00:00,Ratnapura,31.27,70.05,0.0,15.51,Brown Blight,Colletotrichum / Glomerella spp.,0.551,Moderate
2026-06-18 16:00:00,Ratnapura,29.39,73.55,3.07,8.59,Brown Blight (dormant/low risk),Colletotrichum / Glomerella spp.,0.742,Low
2026-06-18 17:00:00,Ratnapura,33.87,74.28,0.0,17.34,Brown Blight,Colletotrichum / Glomerella spp.,0.616,High
2026-06-18 18:00:00,Ratnapura,30.95,71.49,0.0,14.48,Brown Blight,Colletotrichum / Glomerella spp.,0.622,Moderate
2026-06-18 19:00:00,Ratnapura,30.46,74.15,0.0,14.55,Brown Blight,Colletotrichum / Glomerella spp.,0.748,Moderate
2026-06-18 20:00:00,Ratnapura,29.74,82.52,0.0,15.35,Brown Blight,Colletotrichum / Glomerella spp.,1.0,Moderate
2026-06-18 21:00:00,Ratnapura,28.77,71.65,0.0,10.93,Brown Blight,Colletotrichum / Glomerella spp.,0.666,Moderate
2026-06-18 22:00:00,Ratnapura,32.93,67.75,0.0,14.16,Brown Blight,Colletotrichum / Glomerella spp.,0.393,Moderate
2026-06-18 23:00:00,Ratnapura,31.23,70.29,0.0,13.23,Brown Blight,Colletotrichum / Glomerella spp.,0.562,Moderate
2026-06-19 00:00:00,Nuwara Eliya,15.24,89.23,1.41,7.91,Blister Blight (dormant/low risk),Exobasidium vexans,1.0,Low
2026-06-19 01:00:00,Nuwara Eliya,17.28,77.75,0.0,14.24,Blister Blight,Exobasidium vexans,0.91,Moderate
2026-06-19 02:00:00,Nuwara Eliya,17.25,87.12,4.49,14.44,Blister Blight,Exobasidium vexans,1.0,Moderate
2026-06-19 03:00:00,Nuwara Eliya,14.89,86.49,0.87,16.54,Blister Blight,Exobasidium vexans,0.996,High
2026-06-19 04:00:00,Nuwara Eliya,12.13,95.0,4.1,12.5,Blister Blight,Exobasidium vexans,0.885,Moderate
2026-06-19 05:00:00,Nuwara Eliya,11.72,92.72,1.36,12.15,Blister Blight,Exobasidium vexans,0.869,Moderate
2026-06-19 06:00:00,Nuwara Eliya,16.86,86.35,0.23,11.45,Blister Blight,Exobasidium vexans,1.0,Moderate
2026-06-19 07:00:00,Nuwara Eliya,12.65,81.88,0.64,13.84,Blister Blight,Exobasidium vexans,0.906,Moderate
2026-06-19 08:00:00,Nuwara Eliya,14.54,93.72,5.69,18.11,Blister Blight,Exobasidium vexans,0.982,High
2026-06-19 09:00:00,Nuwara Eliya,10.67,85.99,1.2,18.12,Blister Blight,Exobasidium vexans,0.827,High
2026-06-19 10:00:00,Nuwara Eliya,11.82,81.13,0.0,12.92,Blister Blight,Exobasidium vexans,0.873,Moderate
2026-06-19 11:00:00,Nuwara Eliya,14.91,88.26,3.33,12.04,Blister Blight,Exobasidium vexans,0.996,Moderate
2026-06-19 12:00:00,Nuwara Eliya,13.98,82.14,0.0,9.31,Blister Blight (dormant/low risk),Exobasidium vexans,0.959,Low
2026-06-19 13:00:00,Nuwara Eliya,15.37,75.57,0.0,13.09,Blister Blight,Exobasidium vexans,0.823,Moderate
2026-06-19 14:00:00,Nuwara Eliya,14.51,90.01,7.92,17.68,Blister Blight,Exobasidium vexans,0.98,High
2026-06-19 15:00:00,Nuwara Eliya,15.42,79.44,0.0,15.85,Blister Blight,Exobasidium vexans,0.978,High
2026-06-19 16:00:00,Nuwara Eliya,18.03,67.93,0.54,5.08,Blister Blight (dormant/low risk),Exobasidium vexans,0.517,Low
2026-06-19 17:00:00,Nuwara Eliya,17.05,78.01,0.0,12.87,Blister Blight,Exobasidium vexans,0.92,Moderate
2026-06-19 18:00:00,Nuwara Eliya,16.66,83.69,1.64,11.61,Blister Blight,Exobasidium vexans,1.0,Moderate
2026-06-19 19:00:00,Nuwara Eliya,20.26,85.39,0.64,18.1,Blister Blight,Exobasidium vexans,1.0,High
2026-06-19 20:00:00,Nuwara Eliya,15.59,85.63,3.1,12.88,Blister Blight,Exobasidium vexans,1.0,Moderate
2026-06-19 21:00:00,Nuwara Eliya,19.82,76.35,0.0,14.85,Blister Blight,Exobasidium vexans,0.854,Moderate
2026-06-19 22:00:00,Nuwara Eliya,19.35,87.41,3.42,17.28,Blister Blight,Exobasidium vexans,1.0,High
2026-06-19 23:00:00,Nuwara Eliya,18.87,84.04,0.0,14.52,Blister Blight,Exobasidium vexans,1.0,Moderate
2026-06-19 00:00:00,Kandy,21.45,70.44,0.0,13.59,Grey Blight,Pestalotiopsis spp.,0.818,Moderate
2026-06-19 01:00:00,Kandy,21.81,68.74,0.0,12.75,Grey Blight,Pestalotiopsis spp.,0.75,Moderate
2026-06-19 02:00:00,Kandy,20.56,78.61,0.0,9.29,Grey Blight (dormant/low risk),Pestalotiopsis spp.,1.0,Low
2026-06-19 03:00:00,Kandy,25.95,71.58,0.0,11.78,Grey Blight,Pestalotiopsis spp.,0.825,Moderate
2026-06-19 04:00:00,Kandy,18.28,76.98,0.0,12.86,Grey Blight,Pestalotiopsis spp.,0.931,Moderate
2026-06-19 05:00:00,Kandy,21.04,77.54,0.94,11.47,Grey Blight,Pestalotiopsis spp.,1.0,Moderate
2026-06-19 06:00:00,Kandy,21.5,82.05,0.0,12.48,Grey Blight,Pestalotiopsis spp.,1.0,Moderate
2026-06-19 07:00:00,Kandy,22.11,79.25,0.88,14.79,Grey Blight,Pestalotiopsis spp.,1.0,Moderate
2026-06-19 08:00:00,Kandy,20.27,85.08,0.44,12.74,Grey Blight,Pestalotiopsis spp.,1.0,Moderate
2026-06-19 09:00:00,Kandy,22.25,77.74,0.0,15.55,Grey Blight,Pestalotiopsis spp.,1.0,Moderate
2026-06-19 10:00:00,Kandy,20.87,76.45,0.0,9.71,Grey Blight (dormant/low risk),Pestalotiopsis spp.,1.0,Low
2026-06-19 11:00:00,Kandy,27.47,63.1,0.0,11.0,Grey Blight,Pestalotiopsis spp.,0.425,Moderate
2026-06-19 12:00:00,Kandy,24.16,64.21,0.0,13.32,Grey Blight,Pestalotiopsis spp.,0.568,Moderate
2026-06-19 13:00:00,Kandy,23.29,65.43,0.0,10.76,Grey Blight,Pestalotiopsis spp.,0.617,Moderate
2026-06-19 14:00:00,Kandy,19.62,71.62,1.52,13.45,Grey Blight,Pestalotiopsis spp.,0.85,Moderate
2026-06-19 15:00:00,Kandy,18.11,78.55,1.43,14.85,Grey Blight,Pestalotiopsis spp.,0.924,Moderate
2026-06-19 16:00:00,Kandy,25.21,66.84,0.0,11.42,Grey Blight,Pestalotiopsis spp.,0.665,Moderate
2026-06-19 17:00:00,Kandy,26.96,61.77,0.0,14.19,Grey Blight,Pestalotiopsis spp.,0.392,Moderate
2026-06-19 18:00:00,Kandy,24.72,63.36,0.0,13.91,Grey Blight,Pestalotiopsis spp.,0.534,Moderate
2026-06-19 19:00:00,Kandy,27.19,66.04,0.33,10.09,Grey Blight (dormant/low risk),Pestalotiopsis spp.,0.554,Low
2026-06-19 20:00:00,Kandy,25.32,68.14,0.48,15.74,Grey Blight,Pestalotiopsis spp.,0.713,High
2026-06-19 21:00:00,Kandy,22.51,69.66,0.0,10.49,Grey Blight (dormant/low risk),Pestalotiopsis spp.,0.786,Low
2026-06-19 22:00:00,Kandy,27.8,76.71,1.34,10.42,Grey Blight (dormant/low risk),Pestalotiopsis spp.,0.888,Low
2026-06-19 23:00:00,Kandy,25.03,75.18,0.0,17.47,Grey Blight,Pestalotiopsis spp.,0.999,High
2026-06-19 00:00:00,Ratnapura,29.58,76.06,0.0,11.21,Brown Blight,Colletotrichum / Glomerella spp.,0.842,Moderate
2026-06-19 01:00:00,Ratnapura,28.82,81.39,2.94,11.2,Brown Blight,Colletotrichum / Glomerella spp.,1.0,Moderate
2026-06-19 02:00:00,Ratnapura,27.43,87.45,5.16,13.8,Brown Blight,Colletotrichum / Glomerella spp.,1.0,Moderate
2026-06-19 03:00:00,Ratnapura,26.72,72.96,0.0,9.67,Brown Blight (dormant/low risk),Colletotrichum / Glomerella spp.,0.718,Low
2026-06-19 04:00:00,Ratnapura,25.13,84.03,0.0,13.84,Brown Blight,Colletotrichum / Glomerella spp.,1.0,Moderate
2026-06-19 05:00:00,Ratnapura,26.88,83.62,0.0,15.14,Brown Blight,Colletotrichum / Glomerella spp.,1.0,Moderate
2026-06-19 06:00:00,Ratnapura,23.31,86.59,0.0,19.8,Brown Blight,Colletotrichum / Glomerella spp.,0.932,High
2026-06-19 07:00:00,Ratnapura,22.0,91.8,0.0,21.67,Brown Blight,Colletotrichum / Glomerella spp.,0.88,High
2026-06-19 08:00:00,Ratnapura,24.88,83.28,0.49,12.53,Brown Blight,Colletotrichum / Glomerella spp.,0.995,Moderate
2026-06-19 09:00:00,Ratnapura,26.8,77.55,1.14,10.99,Brown Blight,Colletotrichum / Glomerella spp.,0.902,Moderate
2026-06-19 10:00:00,Ratnapura,24.55,82.14,0.0,13.38,Brown Blight,Colletotrichum / Glomerella spp.,0.982,Moderate
2026-06-19 11:00:00,Ratnapura,24.41,88.24,5.86,17.87,Brown Blight,Colletotrichum / Glomerella spp.,0.976,High
2026-06-19 12:00:00,Ratnapura,26.66,65.0,0.0,11.21,Brown Blight,Colletotrichum / Glomerella spp.,0.4,Moderate
2026-06-19 13:00:00,Ratnapura,25.37,70.24,0.0,17.41,Brown Blight,Colletotrichum / Glomerella spp.,0.61,High
2026-06-19 14:00:00,Ratnapura,26.42,77.52,0.0,10.51,Brown Blight (dormant/low risk),Colletotrichum / Glomerella spp.,0.901,Low
2026-06-19 15:00:00,Ratnapura,29.13,65.0,0.0,13.35,Brown Blight,Colletotrichum / Glomerella spp.,0.4,Moderate
2026-06-19 16:00:00,Ratnapura,31.44,76.26,1.72,9.48,Brown Blight (dormant/low risk),Colletotrichum / Glomerella spp.,0.793,Low
2026-06-19 17:00:00,Ratnapura,34.79,84.79,8.62,10.94,Brown Blight,Colletotrichum / Glomerella spp.,0.808,Moderate
2026-06-19 18:00:00,Ratnapura,28.07,72.66,0.0,16.11,Brown Blight,Colletotrichum / Glomerella spp.,0.706,High
2026-06-19 19:00:00,Ratnapura,31.6,77.3,0.0,18.12,Brown Blight,Colletotrichum / Glomerella spp.,0.828,High
2026-06-19 20:00:00,Ratnapura,30.74,76.64,0.55,14.1,Brown Blight,Colletotrichum / Glomerella spp.,0.836,Moderate
2026-06-19 21:00:00,Ratnapura,29.36,70.47,0.0,11.77,Brown Blight,Colletotrichum / Glomerella spp.,0.619,Moderate
2026-06-19 22:00:00,Ratnapura,27.6,80.59,0.0,7.29,Brown Blight (dormant/low risk),Colletotrichum / Glomerella spp.,1.0,Low
2026-06-19 23:00:00,Ratnapura,31.65,74.01,0.0,13.53,Brown Blight,Colletotrichum / Glomerella spp.,0.694,Moderate
2026-06-20 00:00:00,Nuwara Eliya,17.09,86.86,0.0,11.1,Blister Blight,Exobasidium vexans,1.0,Moderate
2026-06-20 01:00:00,Nuwara Eliya,16.02,75.55,0.16,13.85,Blister Blight,Exobasidium vexans,0.822,Moderate
2026-06-20 02:00:00,Nuwara Eliya,14.29,83.6,0.0,9.49,Blister Blight (dormant/low risk),Exobasidium vexans,0.972,Low
2026-06-20 03:00:00,Nuwara Eliya,12.73,95.0,4.88,16.13,Blister Blight,Exobasidium vexans,0.909,High
2026-06-20 04:00:00,Nuwara Eliya,14.83,89.63,2.0,19.29,Blister Blight,Exobasidium vexans,0.993,High
2026-06-20 05:00:00,Nuwara Eliya,11.92,95.0,6.03,18.67,Blister Blight,Exobasidium vexans,0.877,High
2026-06-20 06:00:00,Nuwara Eliya,11.85,95.0,6.29,17.28,Blister Blight,Exobasidium vexans,0.874,High
2026-06-20 07:00:00,Nuwara Eliya,12.24,91.02,0.0,14.7,Blister Blight,Exobasidium vexans,0.89,Moderate
2026-06-20 08:00:00,Nuwara Eliya,11.4,85.61,2.12,12.64,Blister Blight,Exobasidium vexans,0.856,Moderate
2026-06-20 09:00:00,Nuwara Eliya,10.0,85.08,1.05,7.75,Blister Blight (dormant/low risk),Exobasidium vexans,0.8,Low
2026-06-20 10:00:00,Nuwara Eliya,13.61,83.89,1.35,15.22,Blister Blight,Exobasidium vexans,0.944,Moderate
2026-06-20 11:00:00,Nuwara Eliya,11.06,81.9,0.0,9.21,Blister Blight (dormant/low risk),Exobasidium vexans,0.842,Low
2026-06-20 12:00:00,Nuwara Eliya,13.48,81.71,0.0,9.34,Blister Blight (dormant/low risk),Exobasidium vexans,0.939,Low
2026-06-20 13:00:00,Nuwara Eliya,15.91,73.66,0.0,13.16,Blister Blight,Exobasidium vexans,0.746,Moderate
2026-06-20 14:00:00,Nuwara Eliya,15.3,81.95,0.96,9.18,Blister Blight (dormant/low risk),Exobasidium vexans,1.0,Low
2026-06-20 15:00:00,Nuwara Eliya,16.25,79.36,3.59,14.61,Blister Blight,Exobasidium vexans,0.974,Moderate
2026-06-20 16:00:00,Nuwara Eliya,16.77,70.65,0.0,8.97,Blister Blight (dormant/low risk),Exobasidium vexans,0.626,Low
2026-06-20 17:00:00,Nuwara Eliya,17.28,80.79,0.0,12.52,Blister Blight,Exobasidium vexans,1.0,Moderate
2026-06-20 18:00:00,Nuwara Eliya,20.77,75.07,0.0,15.63,Blister Blight,Exobasidium vexans,0.803,Moderate
2026-06-20 19:00:00,Nuwara Eliya,21.41,88.12,3.67,13.06,Blister Blight,Exobasidium vexans,1.0,Moderate
2026-06-20 20:00:00,Nuwara Eliya,16.31,90.14,0.98,22.94,Blister Blight,Exobasidium vexans,1.0,High
2026-06-20 21:00:00,Nuwara Eliya,15.72,95.0,8.24,22.02,Blister Blight,Exobasidium vexans,1.0,High
2026-06-20 22:00:00,Nuwara Eliya,18.09,92.5,6.31,21.75,Blister Blight,Exobasidium vexans,1.0,High
2026-06-20 23:00:00,Nuwara Eliya,20.45,80.18,0.0,13.41,Blister Blight,Exobasidium vexans,1.0,Moderate
2026-06-20 00:00:00,Kandy,24.08,72.16,0.0,11.81,Grey Blight,Pestalotiopsis spp.,0.886,Moderate
2026-06-20 01:00:00,Kandy,24.21,70.52,0.0,10.26,Grey Blight (dormant/low risk),Pestalotiopsis spp.,0.821,Low
2026-06-20 02:00:00,Kandy,22.93,67.65,1.67,6.52,Grey Blight (dormant/low risk),Pestalotiopsis spp.,0.706,Low
2026-06-20 03:00:00,Kandy,21.68,76.37,0.0,15.79,Grey Blight,Pestalotiopsis spp.,1.0,High
2026-06-20 04:00:00,Kandy,22.88,80.76,0.0,11.54,Grey Blight,Pestalotiopsis spp.,1.0,Moderate
2026-06-20 05:00:00,Kandy,21.37,77.22,0.1,20.16,Grey Blight,Pestalotiopsis spp.,1.0,High
2026-06-20 06:00:00,Kandy,22.16,75.99,0.0,16.33,Grey Blight,Pestalotiopsis spp.,1.0,High
2026-06-20 07:00:00,Kandy,20.97,75.92,0.64,16.27,Grey Blight,Pestalotiopsis spp.,1.0,High
2026-06-20 08:00:00,Kandy,20.54,77.74,0.0,13.25,Grey Blight,Pestalotiopsis spp.,1.0,Moderate
2026-06-20 09:00:00,Kandy,24.51,66.51,0.0,10.23,Grey Blight (dormant/low risk),Pestalotiopsis spp.,0.66,Low
2026-06-20 10:00:00,Kandy,20.15,71.22,0.0,15.03,Grey Blight,Pestalotiopsis spp.,0.849,Moderate
2026-06-20 11:00:00,Kandy,20.11,78.31,1.47,17.54,Grey Blight,Pestalotiopsis spp.,1.0,High
2026-06-20 12:00:00,Kandy,18.0,74.72,5.44,11.95,Grey Blight,Pestalotiopsis spp.,0.909,Moderate
2026-06-20 13:00:00,Kandy,22.81,68.21,1.4,9.27,Grey Blight (dormant/low risk),Pestalotiopsis spp.,0.728,Low
2026-06-20 14:00:00,Kandy,24.23,67.56,0.3,16.96,Grey Blight,Pestalotiopsis spp.,0.702,High
2026-06-20 15:00:00,Kandy,23.42,63.9,0.0,9.26,Grey Blight (dormant/low risk),Pestalotiopsis spp.,0.556,Low
2026-06-20 16:00:00,Kandy,22.78,70.93,0.0,16.56,Grey Blight,Pestalotiopsis spp.,0.837,High
2026-06-20 17:00:00,Kandy,27.98,63.32,0.0,10.23,Grey Blight (dormant/low risk),Pestalotiopsis spp.,0.414,Low
2026-06-20 18:00:00,Kandy,26.56,70.36,0.0,7.62,Grey Blight (dormant/low risk),Pestalotiopsis spp.,0.752,Low
2026-06-20 19:00:00,Kandy,26.43,68.48,1.14,11.9,Grey Blight,Pestalotiopsis spp.,0.682,Moderate
2026-06-20 20:00:00,Kandy,27.45,74.88,1.59,10.54,Grey Blight (dormant/low risk),Pestalotiopsis spp.,0.897,Low
2026-06-20 21:00:00,Kandy,23.5,79.11,1.45,15.51,Grey Blight,Pestalotiopsis spp.,1.0,Moderate
2026-06-20 22:00:00,Kandy,24.54,69.97,0.0,16.26,Grey Blight,Pestalotiopsis spp.,0.799,High
2026-06-20 23:00:00,Kandy,23.84,70.16,0.0,7.11,Grey Blight (dormant/low risk),Pestalotiopsis spp.,0.806,Low
2026-06-20 00:00:00,Ratnapura,28.06,76.55,0.0,10.53,Brown Blight (dormant/low risk),Colletotrichum / Glomerella spp.,0.862,Low
2026-06-20 01:00:00,Ratnapura,26.0,93.19,6.64,16.59,Brown Blight,Colletotrichum / Glomerella spp.,1.0,High
2026-06-20 02:00:00,Ratnapura,26.87,79.23,1.48,15.67,Brown Blight,Colletotrichum / Glomerella spp.,0.969,Moderate
2026-06-20 03:00:00,Ratnapura,30.79,71.03,0.0,11.9,Brown Blight,Colletotrichum / Glomerella spp.,0.61,Moderate
2026-06-20 04:00:00,Ratnapura,25.08,85.94,0.0,18.11,Brown Blight,Colletotrichum / Glomerella spp.,1.0,High
2026-06-20 05:00:00,Ratnapura,26.11,96.96,2.71,7.86,Brown Blight (dormant/low risk),Colletotrichum / Glomerella spp.,1.0,Low
2026-06-20 06:00:00,Ratnapura,25.9,83.89,0.72,13.56,Brown Blight,Colletotrichum / Glomerella spp.,1.0,Moderate
2026-06-20 07:00:00,Ratnapura,25.58,87.67,0.0,16.76,Brown Blight,Colletotrichum / Glomerella spp.,1.0,High
2026-06-20 08:00:00,Ratnapura,24.75,92.55,4.15,14.7,Brown Blight,Colletotrichum / Glomerella spp.,0.99,Moderate
2026-06-20 09:00:00,Ratnapura,24.6,76.07,0.0,15.47,Brown Blight,Colletotrichum / Glomerella spp.,0.827,Moderate
2026-06-20 10:00:00,Ratnapura,26.35,76.56,0.0,9.99,Brown Blight (dormant/low risk),Colletotrichum / Glomerella spp.,0.862,Low
2026-06-20 11:00:00,Ratnapura,26.88,88.59,5.86,9.83,Brown Blight (dormant/low risk),Colletotrichum / Glomerella spp.,1.0,Low
2026-06-20 12:00:00,Ratnapura,28.85,75.55,5.51,11.39,Brown Blight,Colletotrichum / Glomerella spp.,0.822,Moderate
2026-06-20 13:00:00,Ratnapura,27.12,70.35,0.0,6.17,Brown Blight (dormant/low risk),Colletotrichum / Glomerella spp.,0.614,Low
2026-06-20 14:00:00,Ratnapura,25.56,72.12,0.0,16.89,Brown Blight,Colletotrichum / Glomerella spp.,0.685,High
2026-06-20 15:00:00,Ratnapura,29.13,65.0,0.0,17.87,Brown Blight,Colletotrichum / Glomerella spp.,0.4,High
2026-06-20 16:00:00,Ratnapura,31.04,65.0,0.0,12.39,Brown Blight,Colletotrichum / Glomerella spp.,0.358,Moderate
2026-06-20 17:00:00,Ratnapura,30.0,71.01,0.83,14.67,Brown Blight,Colletotrichum / Glomerella spp.,0.64,Moderate
2026-06-20 18:00:00,Ratnapura,31.96,69.36,0.0,9.65,Brown Blight (dormant/low risk),Colletotrichum / Glomerella spp.,0.496,Low
2026-06-20 19:00:00,Ratnapura,30.3,68.75,0.0,12.78,Brown Blight,Colletotrichum / Glomerella spp.,0.538,Moderate
2026-06-20 20:00:00,Ratnapura,31.88,79.77,4.6,16.26,Brown Blight,Colletotrichum / Glomerella spp.,0.916,High
2026-06-20 21:00:00,Ratnapura,32.43,79.09,1.79,18.85,Brown Blight,Colletotrichum / Glomerella spp.,0.866,High
2026-06-20 22:00:00,Ratnapura,35.43,68.22,0.0,14.09,Brown Blight,Colletotrichum / Glomerella spp.,0.312,Moderate
2026-06-20 23:00:00,Ratnapura,29.51,71.78,0.0,9.36,Brown Blight (dormant/low risk),Colletotrichum / Glomerella spp.,0.671,Low
2026-06-21 00:00:00,Nuwara Eliya,12.73,88.56,0.0,9.22,Blister Blight (dormant/low risk),Exobasidium vexans,0.909,Low
2026-06-21 01:00:00,Nuwara Eliya,16.78,80.07,0.48,8.41,Blister Blight (dormant/low risk),Exobasidium vexans,1.0,Low
2026-06-21 02:00:00,Nuwara Eliya,16.95,78.0,1.69,12.95,Blister Blight,Exobasidium vexans,0.92,Moderate
2026-06-21 03:00:00,Nuwara Eliya,18.42,83.42,1.76,14.98,Blister Blight,Exobasidium vexans,1.0,Moderate
2026-06-21 04:00:00,Nuwara Eliya,13.8,89.75,0.0,19.88,Blister Blight,Exobasidium vexans,0.952,High
2026-06-21 05:00:00,Nuwara Eliya,12.83,95.0,2.81,18.69,Blister Blight,Exobasidium vexans,0.913,High
2026-06-21 06:00:00,Nuwara Eliya,13.25,88.6,0.0,14.26,Blister Blight,Exobasidium vexans,0.93,Moderate
2026-06-21 07:00:00,Nuwara Eliya,12.97,87.8,2.18,12.73,Blister Blight,Exobasidium vexans,0.919,Moderate
2026-06-21 08:00:00,Nuwara Eliya,11.31,94.71,0.43,17.69,Blister Blight,Exobasidium vexans,0.852,High
2026-06-21 09:00:00,Nuwara Eliya,11.26,82.21,1.77,6.97,Blister Blight (dormant/low risk),Exobasidium vexans,0.85,Low
2026-06-21 10:00:00,Nuwara Eliya,16.09,85.14,0.76,9.83,Blister Blight (dormant/low risk),Exobasidium vexans,1.0,Low
2026-06-21 11:00:00,Nuwara Eliya,13.32,80.2,0.0,8.0,Blister Blight (dormant/low risk),Exobasidium vexans,0.933,Low
2026-06-21 12:00:00,Nuwara Eliya,15.06,85.79,6.35,19.6,Blister Blight,Exobasidium vexans,1.0,High
2026-06-21 13:00:00,Nuwara Eliya,14.73,67.15,0.78,13.18,Blister Blight,Exobasidium vexans,0.475,Moderate
2026-06-21 14:00:00,Nuwara Eliya,17.68,77.91,0.0,13.6,Blister Blight,Exobasidium vexans,0.916,Moderate
2026-06-21 15:00:00,Nuwara Eliya,16.66,79.65,0.76,13.38,Blister Blight,Exobasidium vexans,0.986,Moderate
2026-06-21 16:00:00,Nuwara Eliya,15.39,81.85,3.17,10.18,Blister Blight (dormant/low risk),Exobasidium vexans,1.0,Low
2026-06-21 17:00:00,Nuwara Eliya,15.86,80.67,0.23,15.17,Blister Blight,Exobasidium vexans,1.0,Moderate
2026-06-21 18:00:00,Nuwara Eliya,17.05,88.81,3.05,10.12,Blister Blight (dormant/low risk),Exobasidium vexans,1.0,Low
2026-06-21 19:00:00,Nuwara Eliya,17.5,86.38,0.0,13.65,Blister Blight,Exobasidium vexans,1.0,Moderate
2026-06-21 20:00:00,Nuwara Eliya,19.34,82.71,5.67,13.89,Blister Blight,Exobasidium vexans,1.0,Moderate
2026-06-21 21:00:00,Nuwara Eliya,18.03,81.88,0.92,8.8,Blister Blight (dormant/low risk),Exobasidium vexans,1.0,Low
2026-06-21 22:00:00,Nuwara Eliya,16.31,78.92,3.02,19.32,Blister Blight,Exobasidium vexans,0.957,High
2026-06-21 23:00:00,Nuwara Eliya,15.43,82.34,0.0,11.48,Blister Blight,Exobasidium vexans,1.0,Moderate
2026-06-21 00:00:00,Kandy,23.81,69.48,0.0,14.43,Grey Blight,Pestalotiopsis spp.,0.779,Moderate
2026-06-21 01:00:00,Kandy,22.08,75.27,1.23,15.3,Grey Blight,Pestalotiopsis spp.,1.0,Moderate
2026-06-21 02:00:00,Kandy,19.06,73.1,0.42,16.4,Grey Blight,Pestalotiopsis spp.,0.886,High
2026-06-21 03:00:00,Kandy,21.97,77.65,0.0,17.19,Grey Blight,Pestalotiopsis spp.,1.0,High
2026-06-21 04:00:00,Kandy,20.13,78.47,0.0,19.33,Grey Blight,Pestalotiopsis spp.,1.0,High
2026-06-21 05:00:00,Kandy,20.65,78.45,0.0,18.39,Grey Blight,Pestalotiopsis spp.,1.0,High
2026-06-21 06:00:00,Kandy,21.78,79.22,2.08,21.02,Grey Blight,Pestalotiopsis spp.,1.0,High
2026-06-21 07:00:00,Kandy,19.7,81.43,0.53,13.76,Grey Blight,Pestalotiopsis spp.,0.988,Moderate
2026-06-21 08:00:00,Kandy,20.68,78.72,0.0,19.33,Grey Blight,Pestalotiopsis spp.,1.0,High
2026-06-21 09:00:00,Kandy,20.57,79.54,0.0,18.01,Grey Blight,Pestalotiopsis spp.,1.0,High
2026-06-21 10:00:00,Kandy,20.5,76.8,0.0,13.17,Grey Blight,Pestalotiopsis spp.,1.0,Moderate
2026-06-21 11:00:00,Kandy,22.26,68.3,0.0,10.81,Grey Blight,Pestalotiopsis spp.,0.732,Moderate
2026-06-21 12:00:00,Kandy,20.43,72.39,2.07,13.98,Grey Blight,Pestalotiopsis spp.,0.896,Moderate
2026-06-21 13:00:00,Kandy,20.68,70.74,0.0,14.41,Grey Blight,Pestalotiopsis spp.,0.83,Moderate
2026-06-21 14:00:00,Kandy,25.05,68.92,0.86,14.01,Grey Blight,Pestalotiopsis spp.,0.755,Moderate
2026-06-21 15:00:00,Kandy,24.68,57.8,0.0,11.16,Grey Blight,Pestalotiopsis spp.,0.4,Moderate
2026-06-21 16:00:00,Kandy,23.95,64.38,0.0,9.25,Grey Blight (dormant/low risk),Pestalotiopsis spp.,0.575,Low
2026-06-21 17:00:00,Kandy,25.86,66.89,3.84,7.84,Grey Blight (dormant/low risk),Pestalotiopsis spp.,0.641,Low
2026-06-21 18:00:00,Kandy,25.12,68.77,0.0,16.44,Grey Blight,Pestalotiopsis spp.,0.746,High
2026-06-21 19:00:00,Kandy,27.72,72.61,0.0,13.15,Grey Blight,Pestalotiopsis spp.,0.796,Moderate
2026-06-21 20:00:00,Kandy,24.09,72.15,0.0,10.71,Grey Blight (dormant/low risk),Pestalotiopsis spp.,0.886,Low
2026-06-21 21:00:00,Kandy,27.91,75.39,2.64,11.46,Grey Blight,Pestalotiopsis spp.,0.884,Moderate
2026-06-21 22:00:00,Kandy,23.69,71.96,1.68,16.52,Grey Blight,Pestalotiopsis spp.,0.878,High
2026-06-21 23:00:00,Kandy,22.96,66.19,0.0,16.27,Grey Blight,Pestalotiopsis spp.,0.648,High
2026-06-21 00:00:00,Ratnapura,30.27,74.07,0.0,14.06,Brown Blight,Colletotrichum / Glomerella spp.,0.752,Moderate
2026-06-21 01:00:00,Ratnapura,31.45,73.36,0.0,8.8,Brown Blight (dormant/low risk),Colletotrichum / Glomerella spp.,0.676,Low
2026-06-21 02:00:00,Ratnapura,29.71,74.17,0.0,14.12,Brown Blight,Colletotrichum / Glomerella spp.,0.767,Moderate
2026-06-21 03:00:00,Ratnapura,26.54,90.35,6.61,15.12,Brown Blight,Colletotrichum / Glomerella spp.,1.0,Moderate
2026-06-21 04:00:00,Ratnapura,29.28,91.49,7.19,15.92,Brown Blight,Colletotrichum / Glomerella spp.,1.0,High
2026-06-21 05:00:00,Ratnapura,25.75,83.65,1.42,15.51,Brown Blight,Colletotrichum / Glomerella spp.,1.0,Moderate
2026-06-21 06:00:00,Ratnapura,22.72,92.46,0.77,15.6,Brown Blight,Colletotrichum / Glomerella spp.,0.909,Moderate
2026-06-21 07:00:00,Ratnapura,27.53,81.69,2.69,6.44,Brown Blight (dormant/low risk),Colletotrichum / Glomerella spp.,1.0,Low
2026-06-21 08:00:00,Ratnapura,24.47,85.19,0.0,11.66,Brown Blight,Colletotrichum / Glomerella spp.,0.979,Moderate
2026-06-21 09:00:00,Ratnapura,25.07,84.75,0.0,15.06,Brown Blight,Colletotrichum / Glomerella spp.,1.0,Moderate
2026-06-21 10:00:00,Ratnapura,22.2,96.03,6.99,16.64,Brown Blight,Colletotrichum / Glomerella spp.,0.888,High
2026-06-21 11:00:00,Ratnapura,26.85,81.08,0.0,11.77,Brown Blight,Colletotrichum / Glomerella spp.,1.0,Moderate
2026-06-21 12:00:00,Ratnapura,24.76,69.9,0.0,16.91,Brown Blight,Colletotrichum / Glomerella spp.,0.586,High
2026-06-21 13:00:00,Ratnapura,26.73,67.29,0.0,9.07,Brown Blight (dormant/low risk),Colletotrichum / Glomerella spp.,0.492,Low
2026-06-21 14:00:00,Ratnapura,29.72,73.5,0.0,14.0,Brown Blight,Colletotrichum / Glomerella spp.,0.74,Moderate
2026-06-21 15:00:00,Ratnapura,30.74,65.0,0.0,12.27,Brown Blight,Colletotrichum / Glomerella spp.,0.37,Moderate
2026-06-21 16:00:00,Ratnapura,31.7,65.0,0.0,6.2,Brown Blight (dormant/low risk),Colletotrichum / Glomerella spp.,0.332,Low
2026-06-21 17:00:00,Ratnapura,31.83,69.58,0.43,10.86,Brown Blight,Colletotrichum / Glomerella spp.,0.51,Moderate
2026-06-21 18:00:00,Ratnapura,27.51,72.57,0.0,15.9,Brown Blight,Colletotrichum / Glomerella spp.,0.703,High
2026-06-21 19:00:00,Ratnapura,28.84,85.44,4.93,11.44,Brown Blight,Colletotrichum / Glomerella spp.,1.0,Moderate
2026-06-21 20:00:00,Ratnapura,29.07,74.72,0.0,12.41,Brown Blight,Colletotrichum / Glomerella spp.,0.789,Moderate
2026-06-21 21:00:00,Ratnapura,31.6,75.78,0.0,15.12,Brown Blight,Colletotrichum / Glomerella spp.,0.767,Moderate
2026-06-21 22:00:00,Ratnapura,34.52,73.6,0.0,16.48,Brown Blight,Colletotrichum / Glomerella spp.,0.563,High
2026-06-21 23:00:00,Ratnapura,28.99,76.13,0.0,11.28,Brown Blight,Colletotrichum / Glomerella spp.,0.845,Moderate
2026-06-22 00:00:00,Nuwara Eliya,15.94,80.89,0.0,7.97,Blister Blight (dormant/low risk),Exobasidium vexans,1.0,Low
2026-06-22 01:00:00,Nuwara Eliya,16.24,89.2,0.52,20.99,Blister Blight,Exobasidium vexans,1.0,High
2026-06-22 02:00:00,Nuwara Eliya,15.63,85.71,1.09,12.8,Blister Blight,Exobasidium vexans,1.0,Moderate
2026-06-22 03:00:00,Nuwara Eliya,14.91,91.32,1.39,15.84,Blister Blight,Exobasidium vexans,0.996,High
2026-06-22 04:00:00,Nuwara Eliya,11.4,91.61,0.0,13.42,Blister Blight,Exobasidium vexans,0.856,Moderate
2026-06-22 05:00:00,Nuwara Eliya,10.78,95.0,9.55,18.02,Blister Blight,Exobasidium vexans,0.831,High
2026-06-22 06:00:00,Nuwara Eliya,12.43,92.71,0.7,16.92,Blister Blight,Exobasidium vexans,0.897,High
2026-06-22 07:00:00,Nuwara Eliya,12.93,92.54,2.97,16.69,Blister Blight,Exobasidium vexans,0.917,High
2026-06-22 08:00:00,Nuwara Eliya,10.0,95.0,2.11,20.21,Blister Blight,Exobasidium vexans,0.8,High
2026-06-22 09:00:00,Nuwara Eliya,11.64,94.65,3.07,15.89,Blister Blight,Exobasidium vexans,0.866,High
2026-06-22 10:00:00,Nuwara Eliya,14.1,78.29,0.0,14.08,Blister Blight,Exobasidium vexans,0.896,Moderate
2026-06-22 11:00:00,Nuwara Eliya,11.84,91.73,1.54,16.27,Blister Blight,Exobasidium vexans,0.874,High
2026-06-22 12:00:00,Nuwara Eliya,10.76,78.2,0.54,12.54,Blister Blight,Exobasidium vexans,0.758,Moderate
2026-06-22 13:00:00,Nuwara Eliya,13.13,75.59,0.0,15.5,Blister Blight,Exobasidium vexans,0.749,Moderate
2026-06-22 14:00:00,Nuwara Eliya,16.33,70.51,0.0,11.89,Blister Blight,Exobasidium vexans,0.62,Moderate
2026-06-22 15:00:00,Nuwara Eliya,23.02,77.01,3.85,15.83,Blister Blight,Exobasidium vexans,0.88,High
2026-06-22 16:00:00,Nuwara Eliya,16.81,78.74,0.0,19.23,Blister Blight,Exobasidium vexans,0.95,High
2026-06-22 17:00:00,Nuwara Eliya,14.08,89.09,0.55,14.04,Blister Blight,Exobasidium vexans,0.963,Moderate
2026-06-22 18:00:00,Nuwara Eliya,17.45,79.19,2.11,10.69,Blister Blight (dormant/low risk),Exobasidium vexans,0.968,Low
2026-06-22 19:00:00,Nuwara Eliya,18.41,73.77,0.0,9.35,Blister Blight (dormant/low risk),Exobasidium vexans,0.751,Low
2026-06-22 20:00:00,Nuwara Eliya,17.6,78.04,0.0,20.36,Blister Blight,Exobasidium vexans,0.922,High
2026-06-22 21:00:00,Nuwara Eliya,22.57,77.26,0.31,14.45,Blister Blight,Exobasidium vexans,0.89,Moderate
2026-06-22 22:00:00,Nuwara Eliya,18.08,87.47,8.98,9.96,Blister Blight (dormant/low risk),Exobasidium vexans,1.0,Low
2026-06-22 23:00:00,Nuwara Eliya,19.54,86.89,3.63,10.3,Blister Blight (dormant/low risk),Exobasidium vexans,1.0,Low
2026-06-22 00:00:00,Kandy,25.62,66.68,0.0,11.52,Grey Blight,Pestalotiopsis spp.,0.642,Moderate
2026-06-22 01:00:00,Kandy,24.94,78.18,4.96,21.76,Grey Blight,Pestalotiopsis spp.,1.0,High
2026-06-22 02:00:00,Kandy,25.34,71.83,0.0,17.4,Grey Blight,Pestalotiopsis spp.,0.86,High
2026-06-22 03:00:00,Kandy,20.79,72.65,0.19,15.27,Grey Blight,Pestalotiopsis spp.,0.906,Moderate
2026-06-22 04:00:00,Kandy,20.24,78.78,0.0,16.93,Grey Blight,Pestalotiopsis spp.,1.0,High
2026-06-22 05:00:00,Kandy,21.2,90.0,5.79,16.07,Grey Blight,Pestalotiopsis spp.,1.0,High
2026-06-22 06:00:00,Kandy,20.1,90.0,5.54,19.19,Grey Blight,Pestalotiopsis spp.,1.0,High
2026-06-22 07:00:00,Kandy,18.0,83.06,0.0,7.58,Grey Blight (dormant/low risk),Pestalotiopsis spp.,0.92,Low
2026-06-22 08:00:00,Kandy,20.75,74.69,0.0,12.05,Grey Blight,Pestalotiopsis spp.,0.988,Moderate
2026-06-22 09:00:00,Kandy,18.06,80.48,0.0,4.53,Grey Blight (dormant/low risk),Pestalotiopsis spp.,0.922,Low
2026-06-22 10:00:00,Kandy,18.41,73.66,0.0,17.82,Grey Blight,Pestalotiopsis spp.,0.883,High
2026-06-22 11:00:00,Kandy,21.06,80.29,0.82,5.32,Grey Blight (dormant/low risk),Pestalotiopsis spp.,1.0,Low
2026-06-22 12:00:00,Kandy,22.6,64.73,0.0,14.78,Grey Blight,Pestalotiopsis spp.,0.589,Moderate
2026-06-22 13:00:00,Kandy,19.89,69.93,2.28,6.62,Grey Blight (dormant/low risk),Pestalotiopsis spp.,0.793,Low
2026-06-22 14:00:00,Kandy,24.01,66.89,0.0,11.08,Grey Blight,Pestalotiopsis spp.,0.676,Moderate
2026-06-22 15:00:00,Kandy,21.48,70.44,0.0,12.48,Grey Blight,Pestalotiopsis spp.,0.818,Moderate
2026-06-22 16:00:00,Kandy,26.71,57.19,0.0,4.11,Grey Blight (dormant/low risk),Pestalotiopsis spp.,0.332,Low
2026-06-22 17:00:00,Kandy,22.93,67.21,0.0,15.46,Grey Blight,Pestalotiopsis spp.,0.688,Moderate
2026-06-22 18:00:00,Kandy,26.64,75.1,0.0,9.29,Grey Blight (dormant/low risk),Pestalotiopsis spp.,0.934,Low
2026-06-22 19:00:00,Kandy,22.91,76.38,0.0,15.03,Grey Blight,Pestalotiopsis spp.,1.0,Moderate
2026-06-22 20:00:00,Kandy,30.0,75.27,3.8,7.63,Grey Blight (dormant/low risk),Pestalotiopsis spp.,0.8,Low
2026-06-22 21:00:00,Kandy,26.21,62.62,0.0,17.23,Grey Blight,Pestalotiopsis spp.,0.456,High
2026-06-22 22:00:00,Kandy,25.1,74.48,0.92,15.1,Grey Blight,Pestalotiopsis spp.,0.975,Moderate
2026-06-22 23:00:00,Kandy,25.07,66.17,0.0,12.94,Grey Blight,Pestalotiopsis spp.,0.644,Moderate
2026-06-22 00:00:00,Ratnapura,27.99,79.63,0.0,7.54,Brown Blight (dormant/low risk),Colletotrichum / Glomerella spp.,0.985,Low
2026-06-22 01:00:00,Ratnapura,27.39,77.17,0.0,10.02,Brown Blight (dormant/low risk),Colletotrichum / Glomerella spp.,0.887,Low
2026-06-22 02:00:00,Ratnapura,28.44,72.63,0.0,9.46,Brown Blight (dormant/low risk),Colletotrichum / Glomerella spp.,0.705,Low
2026-06-22 03:00:00,Ratnapura,25.94,77.34,0.74,13.4,Brown Blight,Colletotrichum / Glomerella spp.,0.894,Moderate
2026-06-22 04:00:00,Ratnapura,27.96,84.65,0.0,10.68,Brown Blight (dormant/low risk),Colletotrichum / Glomerella spp.,1.0,Low
2026-06-22 05:00:00,Ratnapura,27.9,79.7,0.0,8.76,Brown Blight (dormant/low risk),Colletotrichum / Glomerella spp.,0.988,Low
2026-06-22 06:00:00,Ratnapura,25.51,89.44,2.85,17.59,Brown Blight,Colletotrichum / Glomerella spp.,1.0,High
2026-06-22 07:00:00,Ratnapura,22.0,86.41,0.73,12.65,Brown Blight,Colletotrichum / Glomerella spp.,0.88,Moderate
2026-06-22 08:00:00,Ratnapura,22.0,98.0,12.5,17.03,Brown Blight,Colletotrichum / Glomerella spp.,0.88,High
2026-06-22 09:00:00,Ratnapura,24.39,92.01,17.97,17.3,Brown Blight,Colletotrichum / Glomerella spp.,0.976,High
2026-06-22 10:00:00,Ratnapura,22.57,88.54,1.64,8.16,Brown Blight (dormant/low risk),Colletotrichum / Glomerella spp.,0.903,Low
2026-06-22 11:00:00,Ratnapura,25.92,77.0,0.0,16.34,Brown Blight,Colletotrichum / Glomerella spp.,0.88,High
2026-06-22 12:00:00,Ratnapura,26.52,71.56,0.0,8.06,Brown Blight (dormant/low risk),Colletotrichum / Glomerella spp.,0.662,Low
2026-06-22 13:00:00,Ratnapura,24.77,73.83,0.0,11.4,Brown Blight,Colletotrichum / Glomerella spp.,0.744,Moderate
2026-06-22 14:00:00,Ratnapura,25.08,70.41,0.0,9.68,Brown Blight (dormant/low risk),Colletotrichum / Glomerella spp.,0.616,Low
2026-06-22 15:00:00,Ratnapura,32.36,65.0,0.0,16.55,Brown Blight,Colletotrichum / Glomerella spp.,0.306,High
2026-06-22 16:00:00,Ratnapura,31.12,67.78,0.0,10.48,Brown Blight (dormant/low risk),Colletotrichum / Glomerella spp.,0.466,Low
2026-06-22 17:00:00,Ratnapura,33.85,68.48,0.0,11.2,Brown Blight,Colletotrichum / Glomerella spp.,0.385,Moderate
2026-06-22 18:00:00,Ratnapura,34.08,66.91,0.0,12.37,Brown Blight,Colletotrichum / Glomerella spp.,0.313,Moderate
2026-06-22 19:00:00,Ratnapura,31.86,70.95,0.0,7.98,Brown Blight (dormant/low risk),Colletotrichum / Glomerella spp.,0.564,Low
2026-06-22 20:00:00,Ratnapura,25.53,75.99,0.0,15.07,Brown Blight,Colletotrichum / Glomerella spp.,0.84,Moderate
2026-06-22 21:00:00,Ratnapura,29.18,76.6,0.0,11.78,Brown Blight,Colletotrichum / Glomerella spp.,0.864,Moderate
2026-06-22 22:00:00,Ratnapura,28.22,78.61,1.03,10.78,Brown Blight,Colletotrichum / Glomerella spp.,0.944,Moderate
2026-06-22 23:00:00,Ratnapura,29.82,65.0,0.0,8.01,Brown Blight (dormant/low risk),Colletotrichum / Glomerella spp.,0.4,Low
2026-06-23 00:00:00,Nuwara Eliya,16.56,95.0,2.56,15.66,Blister Blight,Exobasidium vexans,1.0,Moderate
2026-06-23 01:00:00,Nuwara Eliya,16.75,86.54,3.93,18.29,Blister Blight,Exobasidium vexans,1.0,High
2026-06-23 02:00:00,Nuwara Eliya,18.94,81.25,1.63,9.43,Blister Blight (dormant/low risk),Exobasidium vexans,1.0,Low
2026-06-23 03:00:00,Nuwara Eliya,17.46,79.36,0.0,15.74,Blister Blight,Exobasidium vexans,0.974,High
2026-06-23 04:00:00,Nuwara Eliya,16.73,95.0,4.59,17.19,Blister Blight,Exobasidium vexans,1.0,High
2026-06-23 05:00:00,Nuwara Eliya,10.67,90.7,0.7,11.52,Blister Blight,Exobasidium vexans,0.827,Moderate
2026-06-23 06:00:00,Nuwara Eliya,13.53,81.05,0.0,7.35,Blister Blight (dormant/low risk),Exobasidium vexans,0.941,Low
2026-06-23 07:00:00,Nuwara Eliya,11.05,91.81,0.52,16.19,Blister Blight,Exobasidium vexans,0.842,High
2026-06-23 08:00:00,Nuwara Eliya,10.58,89.58,0.0,13.54,Blister Blight,Exobasidium vexans,0.823,Moderate
2026-06-23 09:00:00,Nuwara Eliya,11.43,83.01,0.0,8.53,Blister Blight (dormant/low risk),Exobasidium vexans,0.857,Low
2026-06-23 10:00:00,Nuwara Eliya,12.93,89.56,1.96,14.45,Blister Blight,Exobasidium vexans,0.917,Moderate
2026-06-23 11:00:00,Nuwara Eliya,12.53,84.2,0.0,11.7,Blister Blight,Exobasidium vexans,0.901,Moderate
2026-06-23 12:00:00,Nuwara Eliya,13.65,69.38,0.0,6.79,Blister Blight (dormant/low risk),Exobasidium vexans,0.521,Low
2026-06-23 13:00:00,Nuwara Eliya,15.97,75.99,0.0,15.49,Blister Blight,Exobasidium vexans,0.84,Moderate
2026-06-23 14:00:00,Nuwara Eliya,13.21,72.8,0.0,9.42,Blister Blight (dormant/low risk),Exobasidium vexans,0.64,Low
2026-06-23 15:00:00,Nuwara Eliya,18.71,73.63,0.0,14.75,Blister Blight,Exobasidium vexans,0.745,Moderate
2026-06-23 16:00:00,Nuwara Eliya,17.21,86.25,1.62,12.1,Blister Blight,Exobasidium vexans,1.0,Moderate
2026-06-23 17:00:00,Nuwara Eliya,18.23,83.86,0.9,16.49,Blister Blight,Exobasidium vexans,1.0,High
2026-06-23 18:00:00,Nuwara Eliya,20.0,87.59,0.0,15.63,Blister Blight,Exobasidium vexans,1.0,Moderate
2026-06-23 19:00:00,Nuwara Eliya,22.65,73.14,0.0,15.36,Blister Blight,Exobasidium vexans,0.726,Moderate
2026-06-23 20:00:00,Nuwara Eliya,20.39,80.7,0.96,18.11,Blister Blight,Exobasidium vexans,1.0,High
2026-06-23 21:00:00,Nuwara Eliya,19.17,95.0,5.22,16.54,Blister Blight,Exobasidium vexans,1.0,High
2026-06-23 22:00:00,Nuwara Eliya,20.74,81.95,0.0,15.27,Blister Blight,Exobasidium vexans,1.0,Moderate
2026-06-23 23:00:00,Nuwara Eliya,16.71,80.91,1.8,10.56,Blister Blight (dormant/low risk),Exobasidium vexans,1.0,Low
2026-06-23 00:00:00,Kandy,22.92,68.75,0.0,11.44,Grey Blight,Pestalotiopsis spp.,0.75,Moderate
2026-06-23 01:00:00,Kandy,25.6,69.88,0.0,13.54,Grey Blight,Pestalotiopsis spp.,0.771,Moderate
2026-06-23 02:00:00,Kandy,25.04,65.28,0.0,22.67,Grey Blight,Pestalotiopsis spp.,0.61,High
2026-06-23 03:00:00,Kandy,22.82,70.19,0.0,12.38,Grey Blight,Pestalotiopsis spp.,0.808,Moderate
2026-06-23 04:00:00,Kandy,23.42,80.92,0.0,10.25,Grey Blight (dormant/low risk),Pestalotiopsis spp.,1.0,Low
2026-06-23 05:00:00,Kandy,19.23,79.51,0.07,17.04,Grey Blight,Pestalotiopsis spp.,0.969,High
2026-06-23 06:00:00,Kandy,21.56,82.95,0.0,10.56,Grey Blight (dormant/low risk),Pestalotiopsis spp.,1.0,Low
2026-06-23 07:00:00,Kandy,19.44,85.19,1.8,13.34,Grey Blight,Pestalotiopsis spp.,0.978,Moderate
2026-06-23 08:00:00,Kandy,24.62,78.32,0.0,16.07,Grey Blight,Pestalotiopsis spp.,1.0,High
2026-06-23 09:00:00,Kandy,21.45,81.77,3.83,18.42,Grey Blight,Pestalotiopsis spp.,1.0,High
2026-06-23 10:00:00,Kandy,21.09,83.41,2.52,6.63,Grey Blight (dormant/low risk),Pestalotiopsis spp.,1.0,Low
2026-06-23 11:00:00,Kandy,25.03,70.21,0.0,13.55,Grey Blight,Pestalotiopsis spp.,0.807,Moderate
2026-06-23 12:00:00,Kandy,22.75,67.49,0.0,8.75,Grey Blight (dormant/low risk),Pestalotiopsis spp.,0.7,Low
2026-06-23 13:00:00,Kandy,18.77,69.88,0.0,15.96,Grey Blight,Pestalotiopsis spp.,0.746,High
2026-06-23 14:00:00,Kandy,22.87,60.73,0.0,13.99,Grey Blight,Pestalotiopsis spp.,0.429,Moderate
2026-06-23 15:00:00,Kandy,22.87,58.9,0.0,11.07,Grey Blight,Pestalotiopsis spp.,0.4,Moderate
2026-06-23 16:00:00,Kandy,22.79,58.77,0.0,12.1,Grey Blight,Pestalotiopsis spp.,0.4,Moderate
2026-06-23 17:00:00,Kandy,25.18,73.9,3.49,14.98,Grey Blight,Pestalotiopsis spp.,0.949,Moderate
2026-06-23 18:00:00,Kandy,22.84,78.4,1.71,13.51,Grey Blight,Pestalotiopsis spp.,1.0,Moderate
2026-06-23 19:00:00,Kandy,23.72,72.19,0.0,14.78,Grey Blight,Pestalotiopsis spp.,0.888,Moderate
2026-06-23 20:00:00,Kandy,27.24,63.39,0.0,9.47,Grey Blight (dormant/low risk),Pestalotiopsis spp.,0.446,Low
2026-06-23 21:00:00,Kandy,29.91,67.02,0.17,16.36,Grey Blight,Pestalotiopsis spp.,0.484,High
2026-06-23 22:00:00,Kandy,26.44,68.73,0.0,13.44,Grey Blight,Pestalotiopsis spp.,0.692,Moderate
2026-06-23 23:00:00,Kandy,23.67,79.67,0.0,17.75,Grey Blight,Pestalotiopsis spp.,1.0,High
2026-06-23 00:00:00,Ratnapura,29.64,66.88,0.92,7.77,Brown Blight (dormant/low risk),Colletotrichum / Glomerella spp.,0.475,Low
2026-06-23 01:00:00,Ratnapura,26.11,75.14,0.0,12.78,Brown Blight,Colletotrichum / Glomerella spp.,0.806,Moderate
2026-06-23 02:00:00,Ratnapura,26.77,80.19,0.83,10.12,Brown Blight (dormant/low risk),Colletotrichum / Glomerella spp.,1.0,Low
2026-06-23 03:00:00,Ratnapura,28.23,87.58,4.92,13.54,Brown Blight,Colletotrichum / Glomerella spp.,1.0,Moderate
2026-06-23 04:00:00,Ratnapura,23.99,98.0,7.99,23.46,Brown Blight,Colletotrichum / Glomerella spp.,0.96,High
2026-06-23 05:00:00,Ratnapura,23.79,89.56,0.74,16.24,Brown Blight,Colletotrichum / Glomerella spp.,0.952,High
2026-06-23 06:00:00,Ratnapura,25.98,78.34,1.15,13.67,Brown Blight,Colletotrichum / Glomerella spp.,0.934,Moderate
2026-06-23 07:00:00,Ratnapura,25.22,86.74,2.38,14.75,Brown Blight,Colletotrichum / Glomerella spp.,1.0,Moderate
2026-06-23 08:00:00,Ratnapura,22.39,83.69,0.0,11.15,Brown Blight,Colletotrichum / Glomerella spp.,0.896,Moderate
2026-06-23 09:00:00,Ratnapura,23.47,76.57,0.0,11.14,Brown Blight,Colletotrichum / Glomerella spp.,0.802,Moderate
2026-06-23 10:00:00,Ratnapura,22.05,97.8,10.07,23.41,Brown Blight,Colletotrichum / Glomerella spp.,0.882,High
2026-06-23 11:00:00,Ratnapura,25.17,82.25,0.0,20.84,Brown Blight,Colletotrichum / Glomerella spp.,1.0,High
2026-06-23 12:00:00,Ratnapura,30.63,73.27,0.0,12.92,Brown Blight,Colletotrichum / Glomerella spp.,0.706,Moderate
2026-06-23 13:00:00,Ratnapura,28.6,65.0,0.0,10.18,Brown Blight (dormant/low risk),Colletotrichum / Glomerella spp.,0.4,Low
2026-06-23 14:00:00,Ratnapura,24.87,80.7,6.83,13.65,Brown Blight,Colletotrichum / Glomerella spp.,0.995,Moderate
2026-06-23 15:00:00,Ratnapura,28.55,65.43,0.0,12.64,Brown Blight,Colletotrichum / Glomerella spp.,0.417,Moderate
2026-06-23 16:00:00,Ratnapura,26.92,71.2,0.59,12.73,Brown Blight,Colletotrichum / Glomerella spp.,0.648,Moderate
2026-06-23 17:00:00,Ratnapura,32.18,75.94,0.0,10.89,Brown Blight,Colletotrichum / Glomerella spp.,0.75,Moderate
2026-06-23 18:00:00,Ratnapura,30.78,73.48,0.0,13.9,Brown Blight,Colletotrichum / Glomerella spp.,0.708,Moderate
2026-06-23 19:00:00,Ratnapura,33.15,74.52,0.0,8.68,Brown Blight (dormant/low risk),Colletotrichum / Glomerella spp.,0.655,Low
2026-06-23 20:00:00,Ratnapura,30.54,79.21,1.93,15.02,Brown Blight,Colletotrichum / Glomerella spp.,0.947,Moderate
2026-06-23 21:00:00,Ratnapura,29.64,72.53,0.0,9.02,Brown Blight (dormant/low risk),Colletotrichum / Glomerella spp.,0.701,Low
2026-06-23 22:00:00,Ratnapura,29.8,71.61,0.0,11.02,Brown Blight,Colletotrichum / Glomerella spp.,0.664,Moderate
2026-06-23 23:00:00,Ratnapura,27.27,70.43,1.27,11.55,Brown Blight,Colletotrichum / Glomerella spp.,0.617,Moderate
2026-06-24 00:00:00,Nuwara Eliya,20.16,88.51,9.46,13.29,Blister Blight,Exobasidium vexans,1.0,Moderate
2026-06-24 01:00:00,Nuwara Eliya,18.41,80.33,0.0,11.42,Blister Blight,Exobasidium vexans,1.0,Moderate
2026-06-24 02:00:00,Nuwara Eliya,15.93,78.52,0.0,20.28,Blister Blight,Exobasidium vexans,0.941,High
2026-06-24 03:00:00,Nuwara Eliya,15.06,84.56,3.86,18.82,Blister Blight,Exobasidium vexans,1.0,High
2026-06-24 04:00:00,Nuwara Eliya,10.75,95.0,4.26,18.5,Blister Blight,Exobasidium vexans,0.83,High
2026-06-24 05:00:00,Nuwara Eliya,10.0,90.92,1.88,12.92,Blister Blight,Exobasidium vexans,0.8,Moderate
2026-06-24 06:00:00,Nuwara Eliya,14.28,95.0,14.32,13.28,Blister Blight,Exobasidium vexans,0.971,Moderate
2026-06-24 07:00:00,Nuwara Eliya,15.52,92.38,2.06,15.75,Blister Blight,Exobasidium vexans,1.0,High
2026-06-24 08:00:00,Nuwara Eliya,11.07,89.09,0.07,8.43,Blister Blight (dormant/low risk),Exobasidium vexans,0.843,Low
2026-06-24 09:00:00,Nuwara Eliya,15.01,95.0,4.71,18.13,Blister Blight,Exobasidium vexans,1.0,High
2026-06-24 10:00:00,Nuwara Eliya,10.0,87.74,0.0,11.53,Blister Blight,Exobasidium vexans,0.8,Moderate
2026-06-24 11:00:00,Nuwara Eliya,14.5,91.21,0.57,16.33,Blister Blight,Exobasidium vexans,0.98,High
2026-06-24 12:00:00,Nuwara Eliya,11.51,76.05,0.0,4.68,Blister Blight (dormant/low risk),Exobasidium vexans,0.702,Low
2026-06-24 13:00:00,Nuwara Eliya,17.08,82.32,0.0,12.69,Blister Blight,Exobasidium vexans,1.0,Moderate
2026-06-24 14:00:00,Nuwara Eliya,14.44,77.2,0.0,15.91,Blister Blight,Exobasidium vexans,0.866,High
2026-06-24 15:00:00,Nuwara Eliya,11.86,90.83,4.96,16.45,Blister Blight,Exobasidium vexans,0.874,High
2026-06-24 16:00:00,Nuwara Eliya,16.24,74.79,0.09,8.19,Blister Blight (dormant/low risk),Exobasidium vexans,0.792,Low
2026-06-24 17:00:00,Nuwara Eliya,16.83,87.26,0.29,14.13,Blister Blight,Exobasidium vexans,1.0,Moderate
2026-06-24 18:00:00,Nuwara Eliya,18.06,89.22,4.93,17.11,Blister Blight,Exobasidium vexans,1.0,High
2026-06-24 19:00:00,Nuwara Eliya,16.94,92.11,3.41,13.47,Blister Blight,Exobasidium vexans,1.0,Moderate
2026-06-24 20:00:00,Nuwara Eliya,16.97,80.05,0.0,7.14,Blister Blight (dormant/low risk),Exobasidium vexans,1.0,Low
2026-06-24 21:00:00,Nuwara Eliya,16.83,82.61,0.0,11.59,Blister Blight,Exobasidium vexans,1.0,Moderate
2026-06-24 22:00:00,Nuwara Eliya,17.22,84.02,0.25,7.96,Blister Blight (dormant/low risk),Exobasidium vexans,1.0,Low
2026-06-24 23:00:00,Nuwara Eliya,18.24,82.92,0.35,7.63,Blister Blight (dormant/low risk),Exobasidium vexans,1.0,Low
2026-06-24 00:00:00,Kandy,24.38,78.84,2.47,11.47,Grey Blight,Pestalotiopsis spp.,1.0,Moderate
2026-06-24 01:00:00,Kandy,25.18,61.57,0.0,16.23,Grey Blight,Pestalotiopsis spp.,0.456,High
2026-06-24 02:00:00,Kandy,23.21,76.76,1.83,19.31,Grey Blight,Pestalotiopsis spp.,1.0,High
2026-06-24 03:00:00,Kandy,23.14,78.17,0.0,15.24,Grey Blight,Pestalotiopsis spp.,1.0,Moderate
2026-06-24 04:00:00,Kandy,21.87,74.79,0.58,14.58,Grey Blight,Pestalotiopsis spp.,0.992,Moderate
2026-06-24 05:00:00,Kandy,23.24,76.61,0.51,19.25,Grey Blight,Pestalotiopsis spp.,1.0,High
2026-06-24 06:00:00,Kandy,21.39,79.7,0.01,18.05,Grey Blight,Pestalotiopsis spp.,1.0,High
2026-06-24 07:00:00,Kandy,22.23,75.89,0.0,9.29,Grey Blight (dormant/low risk),Pestalotiopsis spp.,1.0,Low
2026-06-24 08:00:00,Kandy,21.74,90.0,7.24,21.5,Grey Blight,Pestalotiopsis spp.,1.0,High
2026-06-24 09:00:00,Kandy,18.41,73.94,0.0,16.26,Grey Blight,Pestalotiopsis spp.,0.894,High
2026-06-24 10:00:00,Kandy,22.39,65.78,0.0,4.32,Grey Blight (dormant/low risk),Pestalotiopsis spp.,0.631,Low
2026-06-24 11:00:00,Kandy,21.27,69.16,0.1,15.95,Grey Blight,Pestalotiopsis spp.,0.766,High
2026-06-24 12:00:00,Kandy,19.11,71.52,2.17,12.43,Grey Blight,Pestalotiopsis spp.,0.825,Moderate
2026-06-24 13:00:00,Kandy,22.35,68.0,0.0,8.89,Grey Blight (dormant/low risk),Pestalotiopsis spp.,0.72,Low
2026-06-24 14:00:00,Kandy,21.74,68.47,0.46,9.66,Grey Blight (dormant/low risk),Pestalotiopsis spp.,0.739,Low
2026-06-24 15:00:00,Kandy,23.51,64.08,0.0,9.85,Grey Blight (dormant/low risk),Pestalotiopsis spp.,0.563,Low
2026-06-24 16:00:00,Kandy,25.5,65.8,0.0,14.76,Grey Blight,Pestalotiopsis spp.,0.612,Moderate
2026-06-24 17:00:00,Kandy,22.53,77.68,0.0,7.89,Grey Blight (dormant/low risk),Pestalotiopsis spp.,1.0,Low
2026-06-24 18:00:00,Kandy,20.91,77.05,0.0,19.16,Grey Blight,Pestalotiopsis spp.,1.0,High
2026-06-24 19:00:00,Kandy,24.93,76.44,0.57,15.07,Grey Blight,Pestalotiopsis spp.,1.0,Moderate
2026-06-24 20:00:00,Kandy,25.13,68.2,0.0,11.75,Grey Blight,Pestalotiopsis spp.,0.723,Moderate
2026-06-24 21:00:00,Kandy,24.25,73.81,0.74,16.39,Grey Blight,Pestalotiopsis spp.,0.952,High
2026-06-24 22:00:00,Kandy,27.06,74.53,4.66,10.65,Grey Blight (dormant/low risk),Pestalotiopsis spp.,0.899,Low
2026-06-24 23:00:00,Kandy,21.5,74.63,0.0,14.26,Grey Blight,Pestalotiopsis spp.,0.985,Moderate
2026-06-24 00:00:00,Ratnapura,30.19,76.68,0.0,13.71,Brown Blight,Colletotrichum / Glomerella spp.,0.86,Moderate
2026-06-24 01:00:00,Ratnapura,27.14,91.04,6.89,9.88,Brown Blight (dormant/low risk),Colletotrichum / Glomerella spp.,1.0,Low
2026-06-24 02:00:00,Ratnapura,29.71,76.91,2.39,9.13,Brown Blight (dormant/low risk),Colletotrichum / Glomerella spp.,0.876,Low
2026-06-24 03:00:00,Ratnapura,27.98,84.22,3.1,5.38,Brown Blight (dormant/low risk),Colletotrichum / Glomerella spp.,1.0,Low
2026-06-24 04:00:00,Ratnapura,22.88,87.66,2.37,16.65,Brown Blight,Colletotrichum / Glomerella spp.,0.915,High
2026-06-24 05:00:00,Ratnapura,25.21,80.03,0.0,19.16,Brown Blight,Colletotrichum / Glomerella spp.,1.0,High
2026-06-24 06:00:00,Ratnapura,28.87,77.33,0.0,11.08,Brown Blight,Colletotrichum / Glomerella spp.,0.893,Moderate
2026-06-24 07:00:00,Ratnapura,25.46,94.09,4.01,18.26,Brown Blight,Colletotrichum / Glomerella spp.,1.0,High
2026-06-24 08:00:00,Ratnapura,23.77,80.09,0.0,12.53,Brown Blight,Colletotrichum / Glomerella spp.,0.951,Moderate
2026-06-24 09:00:00,Ratnapura,27.48,81.1,3.33,8.75,Brown Blight (dormant/low risk),Colletotrichum / Glomerella spp.,1.0,Low
2026-06-24 10:00:00,Ratnapura,22.69,82.49,0.0,12.08,Brown Blight,Colletotrichum / Glomerella spp.,0.908,Moderate
2026-06-24 11:00:00,Ratnapura,22.58,79.17,0.0,16.61,Brown Blight,Colletotrichum / Glomerella spp.,0.87,High
2026-06-24 12:00:00,Ratnapura,26.9,66.69,0.0,7.88,Brown Blight (dormant/low risk),Colletotrichum / Glomerella spp.,0.468,Low
2026-06-24 13:00:00,Ratnapura,28.26,65.0,0.76,18.66,Brown Blight,Colletotrichum / Glomerella spp.,0.4,High
2026-06-24 14:00:00,Ratnapura,26.04,65.0,0.0,3.97,Brown Blight (dormant/low risk),Colletotrichum / Glomerella spp.,0.4,Low
2026-06-24 15:00:00,Ratnapura,27.95,68.0,0.0,7.94,Brown Blight (dormant/low risk),Colletotrichum / Glomerella spp.,0.52,Low
2026-06-24 16:00:00,Ratnapura,29.99,65.0,0.0,13.73,Brown Blight,Colletotrichum / Glomerella spp.,0.4,Moderate
2026-06-24 17:00:00,Ratnapura,31.67,68.45,0.06,6.79,Brown Blight (dormant/low risk),Colletotrichum / Glomerella spp.,0.471,Low
2026-06-24 18:00:00,Ratnapura,32.57,74.91,0.0,16.42,Brown Blight,Colletotrichum / Glomerella spp.,0.694,High
2026-06-24 19:00:00,Ratnapura,28.37,77.4,0.0,13.7,Brown Blight,Colletotrichum / Glomerella spp.,0.896,Moderate
2026-06-24 20:00:00,Ratnapura,30.49,80.98,0.43,16.15,Brown Blight,Colletotrichum / Glomerella spp.,0.98,High
2026-06-24 21:00:00,Ratnapura,33.76,68.23,0.0,13.52,Brown Blight,Colletotrichum / Glomerella spp.,0.379,Moderate
2026-06-24 22:00:00,Ratnapura,30.13,71.06,0.0,9.31,Brown Blight (dormant/low risk),Colletotrichum / Glomerella spp.,0.637,Low
2026-06-24 23:00:00,Ratnapura,28.36,71.76,0.8,9.89,Brown Blight (dormant/low risk),Colletotrichum / Glomerella spp.,0.67,Low
2026-06-25 00:00:00,Nuwara Eliya,17.5,81.58,0.0,12.47,Blister Blight,Exobasidium vexans,1.0,Moderate
2026-06-25 01:00:00,Nuwara Eliya,17.32,93.19,5.91,22.69,Blister Blight,Exobasidium vexans,1.0,High
2026-06-25 02:00:00,Nuwara Eliya,17.29,81.59,2.92,11.97,Blister Blight,Exobasidium vexans,1.0,Moderate
2026-06-25 03:00:00,Nuwara Eliya,11.89,89.03,0.35,9.08,Blister Blight (dormant/low risk),Exobasidium vexans,0.876,Low
2026-06-25 04:00:00,Nuwara Eliya,13.06,89.95,0.0,17.23,Blister Blight,Exobasidium vexans,0.922,High
2026-06-25 05:00:00,Nuwara Eliya,11.81,95.0,6.48,17.87,Blister Blight,Exobasidium vexans,0.872,High
2026-06-25 06:00:00,Nuwara Eliya,13.18,95.0,7.15,17.74,Blister Blight,Exobasidium vexans,0.927,High
2026-06-25 07:00:00,Nuwara Eliya,12.71,90.59,3.05,15.8,Blister Blight,Exobasidium vexans,0.908,High
2026-06-25 08:00:00,Nuwara Eliya,11.68,95.0,3.12,21.19,Blister Blight,Exobasidium vexans,0.867,High
2026-06-25 09:00:00,Nuwara Eliya,15.71,85.88,0.96,13.09,Blister Blight,Exobasidium vexans,1.0,Moderate
2026-06-25 10:00:00,Nuwara Eliya,13.48,83.7,0.0,9.55,Blister Blight (dormant/low risk),Exobasidium vexans,0.939,Low
2026-06-25 11:00:00,Nuwara Eliya,11.13,83.82,0.47,9.25,Blister Blight (dormant/low risk),Exobasidium vexans,0.845,Low
2026-06-25 12:00:00,Nuwara Eliya,13.28,83.75,0.71,12.82,Blister Blight,Exobasidium vexans,0.931,Moderate
2026-06-25 13:00:00,Nuwara Eliya,13.33,77.4,0.0,13.93,Blister Blight,Exobasidium vexans,0.829,Moderate
2026-06-25 14:00:00,Nuwara Eliya,16.61,75.91,0.0,17.26,Blister Blight,Exobasidium vexans,0.836,High
2026-06-25 15:00:00,Nuwara Eliya,16.21,80.22,0.0,7.35,Blister Blight (dormant/low risk),Exobasidium vexans,1.0,Low
2026-06-25 16:00:00,Nuwara Eliya,16.57,66.76,0.0,7.64,Blister Blight (dormant/low risk),Exobasidium vexans,0.47,Low
2026-06-25 17:00:00,Nuwara Eliya,17.59,83.74,0.85,15.47,Blister Blight,Exobasidium vexans,1.0,Moderate
2026-06-25 18:00:00,Nuwara Eliya,14.91,78.83,0.0,15.14,Blister Blight,Exobasidium vexans,0.95,Moderate
2026-06-25 19:00:00,Nuwara Eliya,18.51,73.95,0.0,10.17,Blister Blight (dormant/low risk),Exobasidium vexans,0.758,Low
2026-06-25 20:00:00,Nuwara Eliya,16.15,83.17,0.24,12.56,Blister Blight,Exobasidium vexans,1.0,Moderate
2026-06-25 21:00:00,Nuwara Eliya,18.68,73.58,0.0,14.84,Blister Blight,Exobasidium vexans,0.743,Moderate
2026-06-25 22:00:00,Nuwara Eliya,18.98,90.25,2.18,15.83,Blister Blight,Exobasidium vexans,1.0,High
2026-06-25 23:00:00,Nuwara Eliya,16.49,81.09,0.0,12.18,Blister Blight,Exobasidium vexans,1.0,Moderate
2026-06-25 00:00:00,Kandy,25.01,80.01,0.0,9.34,Grey Blight (dormant/low risk),Pestalotiopsis spp.,1.0,Low
2026-06-25 01:00:00,Kandy,24.49,76.79,0.0,13.22,Grey Blight,Pestalotiopsis spp.,1.0,Moderate
2026-06-25 02:00:00,Kandy,26.39,68.15,0.18,6.18,Grey Blight (dormant/low risk),Pestalotiopsis spp.,0.67,Low
2026-06-25 03:00:00,Kandy,24.71,68.56,0.03,12.44,Grey Blight,Pestalotiopsis spp.,0.742,Moderate
2026-06-25 04:00:00,Kandy,21.3,84.12,0.71,15.48,Grey Blight,Pestalotiopsis spp.,1.0,Moderate
2026-06-25 05:00:00,Kandy,20.09,80.76,3.42,6.41,Grey Blight (dormant/low risk),Pestalotiopsis spp.,1.0,Low
2026-06-25 06:00:00,Kandy,23.17,77.99,0.0,17.35,Grey Blight,Pestalotiopsis spp.,1.0,High
2026-06-25 07:00:00,Kandy,18.24,89.43,1.76,6.48,Grey Blight (dormant/low risk),Pestalotiopsis spp.,0.93,Low
2026-06-25 08:00:00,Kandy,23.08,71.33,0.0,11.38,Grey Blight,Pestalotiopsis spp.,0.853,Moderate
2026-06-25 09:00:00,Kandy,21.51,72.0,0.0,15.33,Grey Blight,Pestalotiopsis spp.,0.88,Moderate
2026-06-25 10:00:00,Kandy,18.43,81.51,0.7,9.23,Grey Blight (dormant/low risk),Pestalotiopsis spp.,0.937,Low
2026-06-25 11:00:00,Kandy,19.6,69.52,0.0,12.86,Grey Blight,Pestalotiopsis spp.,0.765,Moderate
2026-06-25 12:00:00,Kandy,18.0,71.79,0.0,15.94,Grey Blight,Pestalotiopsis spp.,0.792,High
2026-06-25 13:00:00,Kandy,24.68,64.51,0.0,13.36,Grey Blight,Pestalotiopsis spp.,0.58,Moderate
2026-06-25 14:00:00,Kandy,22.98,61.54,0.0,9.78,Grey Blight (dormant/low risk),Pestalotiopsis spp.,0.462,Low
2026-06-25 15:00:00,Kandy,20.69,61.09,0.0,18.78,Grey Blight,Pestalotiopsis spp.,0.444,High
2026-06-25 16:00:00,Kandy,25.31,57.91,0.0,9.92,Grey Blight (dormant/low risk),Pestalotiopsis spp.,0.388,Low
2026-06-25 17:00:00,Kandy,26.25,70.56,0.0,5.06,Grey Blight (dormant/low risk),Pestalotiopsis spp.,0.772,Low
2026-06-25 18:00:00,Kandy,22.12,76.91,0.0,13.72,Grey Blight,Pestalotiopsis spp.,1.0,Moderate
2026-06-25 19:00:00,Kandy,22.72,79.96,1.2,13.45,Grey Blight,Pestalotiopsis spp.,1.0,Moderate
2026-06-25 20:00:00,Kandy,23.98,66.94,0.0,17.45,Grey Blight,Pestalotiopsis spp.,0.678,High
2026-06-25 21:00:00,Kandy,22.03,77.83,2.57,16.98,Grey Blight,Pestalotiopsis spp.,1.0,High
2026-06-25 22:00:00,Kandy,22.28,67.57,1.53,11.5,Grey Blight,Pestalotiopsis spp.,0.703,Moderate
2026-06-25 23:00:00,Kandy,25.72,71.85,2.37,14.43,Grey Blight,Pestalotiopsis spp.,0.845,Moderate
2026-06-25 00:00:00,Ratnapura,29.98,73.83,0.0,15.17,Brown Blight,Colletotrichum / Glomerella spp.,0.753,Moderate
2026-06-25 01:00:00,Ratnapura,29.91,82.75,4.04,11.19,Brown Blight,Colletotrichum / Glomerella spp.,1.0,Moderate
2026-06-25 02:00:00,Ratnapura,28.93,77.21,0.0,13.33,Brown Blight,Colletotrichum / Glomerella spp.,0.888,Moderate
2026-06-25 03:00:00,Ratnapura,29.22,69.15,0.0,12.7,Brown Blight,Colletotrichum / Glomerella spp.,0.566,Moderate
2026-06-25 04:00:00,Ratnapura,25.89,83.51,2.24,12.47,Brown Blight,Colletotrichum / Glomerella spp.,1.0,Moderate
2026-06-25 05:00:00,Ratnapura,25.44,86.69,0.0,16.3,Brown Blight,Colletotrichum / Glomerella spp.,1.0,High
2026-06-25 06:00:00,Ratnapura,28.45,77.13,0.0,14.67,Brown Blight,Colletotrichum / Glomerella spp.,0.885,Moderate
2026-06-25 07:00:00,Ratnapura,27.6,89.55,1.73,12.06,Brown Blight,Colletotrichum / Glomerella spp.,1.0,Moderate
2026-06-25 08:00:00,Ratnapura,25.55,86.93,0.0,14.04,Brown Blight,Colletotrichum / Glomerella spp.,1.0,Moderate
2026-06-25 09:00:00,Ratnapura,24.3,76.22,0.0,7.86,Brown Blight (dormant/low risk),Colletotrichum / Glomerella spp.,0.821,Low
2026-06-25 10:00:00,Ratnapura,22.21,98.0,9.92,21.12,Brown Blight,Colletotrichum / Glomerella spp.,0.888,High
2026-06-25 11:00:00,Ratnapura,26.55,80.99,1.27,9.18,Brown Blight (dormant/low risk),Colletotrichum / Glomerella spp.,1.0,Low
2026-06-25 12:00:00,Ratnapura,28.77,65.0,0.0,11.99,Brown Blight,Colletotrichum / Glomerella spp.,0.4,Moderate
2026-06-25 13:00:00,Ratnapura,24.21,76.42,0.0,12.43,Brown Blight,Colletotrichum / Glomerella spp.,0.825,Moderate
2026-06-25 14:00:00,Ratnapura,30.53,65.0,0.0,11.67,Brown Blight,Colletotrichum / Glomerella spp.,0.379,Moderate
2026-06-25 15:00:00,Ratnapura,28.46,66.89,0.0,11.55,Brown Blight,Colletotrichum / Glomerella spp.,0.476,Moderate
2026-06-25 16:00:00,Ratnapura,31.65,75.39,1.6,12.56,Brown Blight,Colletotrichum / Glomerella spp.,0.75,Moderate
2026-06-25 17:00:00,Ratnapura,31.64,74.73,0.0,13.27,Brown Blight,Colletotrichum / Glomerella spp.,0.724,Moderate
2026-06-25 18:00:00,Ratnapura,28.97,75.0,0.0,15.22,Brown Blight,Colletotrichum / Glomerella spp.,0.8,Moderate
2026-06-25 19:00:00,Ratnapura,29.56,74.09,0.36,4.84,Brown Blight (dormant/low risk),Colletotrichum / Glomerella spp.,0.764,Low
2026-06-25 20:00:00,Ratnapura,29.02,74.13,0.0,11.29,Brown Blight,Colletotrichum / Glomerella spp.,0.765,Moderate
2026-06-25 21:00:00,Ratnapura,27.86,78.87,0.0,14.38,Brown Blight,Colletotrichum / Glomerella spp.,0.955,Moderate
2026-06-25 22:00:00,Ratnapura,30.14,73.03,0.16,19.35,Brown Blight,Colletotrichum / Glomerella spp.,0.716,High
2026-06-25 23:00:00,Ratnapura,28.85,81.32,0.0,6.89,Brown Blight (dormant/low risk),Colletotrichum / Glomerella spp.,1.0,Low
2026-06-26 00:00:00,Nuwara Eliya,17.86,72.2,2.29,15.92,Blister Blight,Exobasidium vexans,0.688,High
2026-06-26 01:00:00,Nuwara Eliya,15.18,90.64,3.28,19.7,Blister Blight,Exobasidium vexans,1.0,High
2026-06-26 02:00:00,Nuwara Eliya,14.15,83.7,0.3,11.98,Blister Blight,Exobasidium vexans,0.966,Moderate
2026-06-26 03:00:00,Nuwara Eliya,18.0,84.34,2.3,12.99,Blister Blight,Exobasidium vexans,1.0,Moderate
2026-06-26 04:00:00,Nuwara Eliya,14.79,93.37,0.0,13.55,Blister Blight,Exobasidium vexans,0.992,Moderate
2026-06-26 05:00:00,Nuwara Eliya,14.23,85.64,0.37,16.23,Blister Blight,Exobasidium vexans,0.969,High
2026-06-26 06:00:00,Nuwara Eliya,10.0,85.63,0.48,10.93,Blister Blight,Exobasidium vexans,0.8,Moderate
2026-06-26 07:00:00,Nuwara Eliya,14.79,86.01,0.0,12.95,Blister Blight,Exobasidium vexans,0.992,Moderate
2026-06-26 08:00:00,Nuwara Eliya,12.58,91.51,0.54,16.77,Blister Blight,Exobasidium vexans,0.903,High
2026-06-26 09:00:00,Nuwara Eliya,10.0,82.43,0.1,3.43,Blister Blight (dormant/low risk),Exobasidium vexans,0.8,Low
2026-06-26 10:00:00,Nuwara Eliya,10.79,85.95,0.0,10.19,Blister Blight (dormant/low risk),Exobasidium vexans,0.832,Low
2026-06-26 11:00:00,Nuwara Eliya,10.72,81.94,0.0,5.63,Blister Blight (dormant/low risk),Exobasidium vexans,0.829,Low
2026-06-26 12:00:00,Nuwara Eliya,15.49,80.51,3.11,11.85,Blister Blight,Exobasidium vexans,1.0,Moderate
2026-06-26 13:00:00,Nuwara Eliya,15.49,78.7,0.0,17.77,Blister Blight,Exobasidium vexans,0.948,High
2026-06-26 14:00:00,Nuwara Eliya,14.14,86.14,3.45,12.84,Blister Blight,Exobasidium vexans,0.966,Moderate
2026-06-26 15:00:00,Nuwara Eliya,14.54,84.49,6.23,12.73,Blister Blight,Exobasidium vexans,0.982,Moderate
2026-06-26 16:00:00,Nuwara Eliya,19.11,77.15,0.0,12.55,Blister Blight,Exobasidium vexans,0.886,Moderate
2026-06-26 17:00:00,Nuwara Eliya,16.24,78.35,0.2,14.5,Blister Blight,Exobasidium vexans,0.934,Moderate
2026-06-26 18:00:00,Nuwara Eliya,15.29,83.25,0.66,15.17,Blister Blight,Exobasidium vexans,1.0,Moderate
2026-06-26 19:00:00,Nuwara Eliya,16.67,85.58,0.0,11.62,Blister Blight,Exobasidium vexans,1.0,Moderate
2026-06-26 20:00:00,Nuwara Eliya,17.51,76.5,0.0,13.39,Blister Blight,Exobasidium vexans,0.86,Moderate
2026-06-26 21:00:00,Nuwara Eliya,18.21,81.0,0.0,5.2,Blister Blight (dormant/low risk),Exobasidium vexans,1.0,Low
2026-06-26 22:00:00,Nuwara Eliya,20.3,80.01,2.44,14.91,Blister Blight,Exobasidium vexans,1.0,Moderate
2026-06-26 23:00:00,Nuwara Eliya,16.07,81.78,0.67,5.9,Blister Blight (dormant/low risk),Exobasidium vexans,1.0,Low
2026-06-26 00:00:00,Kandy,23.33,72.17,0.0,11.84,Grey Blight,Pestalotiopsis spp.,0.887,Moderate
2026-06-26 01:00:00,Kandy,22.21,73.14,0.99,17.02,Grey Blight,Pestalotiopsis spp.,0.926,High
2026-06-26 02:00:00,Kandy,21.91,71.91,0.0,22.05,Grey Blight,Pestalotiopsis spp.,0.876,High
2026-06-26 03:00:00,Kandy,24.6,78.94,0.31,12.55,Grey Blight,Pestalotiopsis spp.,1.0,Moderate
2026-06-26 04:00:00,Kandy,18.0,79.75,0.49,13.98,Grey Blight,Pestalotiopsis spp.,0.92,Moderate
2026-06-26 05:00:00,Kandy,23.31,73.19,0.0,11.87,Grey Blight,Pestalotiopsis spp.,0.928,Moderate
2026-06-26 06:00:00,Kandy,20.16,81.24,0.67,11.74,Grey Blight,Pestalotiopsis spp.,1.0,Moderate
2026-06-26 07:00:00,Kandy,21.61,81.18,0.47,6.6,Grey Blight (dormant/low risk),Pestalotiopsis spp.,1.0,Low
2026-06-26 08:00:00,Kandy,20.08,79.02,0.0,15.28,Grey Blight,Pestalotiopsis spp.,1.0,Moderate
2026-06-26 09:00:00,Kandy,19.22,76.58,0.84,18.68,Grey Blight,Pestalotiopsis spp.,0.969,High
2026-06-26 10:00:00,Kandy,19.5,75.24,0.0,12.62,Grey Blight,Pestalotiopsis spp.,0.98,Moderate
2026-06-26 11:00:00,Kandy,19.66,80.02,2.46,9.94,Grey Blight (dormant/low risk),Pestalotiopsis spp.,0.986,Low
2026-06-26 12:00:00,Kandy,18.1,75.3,2.02,13.19,Grey Blight,Pestalotiopsis spp.,0.924,Moderate
2026-06-26 13:00:00,Kandy,21.49,66.21,0.0,15.92,Grey Blight,Pestalotiopsis spp.,0.648,High
2026-06-26 14:00:00,Kandy,23.62,64.29,0.17,15.13,Grey Blight,Pestalotiopsis spp.,0.572,Moderate
2026-06-26 15:00:00,Kandy,21.25,66.02,0.0,13.87,Grey Blight,Pestalotiopsis spp.,0.641,Moderate
2026-06-26 16:00:00,Kandy,26.95,60.77,0.0,8.17,Grey Blight (dormant/low risk),Pestalotiopsis spp.,0.353,Low
2026-06-26 17:00:00,Kandy,23.23,69.89,0.0,17.05,Grey Blight,Pestalotiopsis spp.,0.796,High
2026-06-26 18:00:00,Kandy,21.55,70.3,0.0,16.77,Grey Blight,Pestalotiopsis spp.,0.812,High
2026-06-26 19:00:00,Kandy,22.46,67.28,0.0,13.94,Grey Blight,Pestalotiopsis spp.,0.691,Moderate
2026-06-26 20:00:00,Kandy,22.9,71.93,0.0,11.12,Grey Blight,Pestalotiopsis spp.,0.877,Moderate
2026-06-26 21:00:00,Kandy,24.52,71.67,0.52,18.14,Grey Blight,Pestalotiopsis spp.,0.867,High
2026-06-26 22:00:00,Kandy,24.64,70.12,0.0,18.53,Grey Blight,Pestalotiopsis spp.,0.805,High
2026-06-26 23:00:00,Kandy,21.27,70.38,0.0,15.91,Grey Blight,Pestalotiopsis spp.,0.815,High
2026-06-26 00:00:00,Ratnapura,26.3,79.16,0.0,13.08,Brown Blight,Colletotrichum / Glomerella spp.,0.966,Moderate
2026-06-26 01:00:00,Ratnapura,29.03,71.97,0.0,11.77,Brown Blight,Colletotrichum / Glomerella spp.,0.679,Moderate
2026-06-26 02:00:00,Ratnapura,29.74,76.66,0.0,7.09,Brown Blight (dormant/low risk),Colletotrichum / Glomerella spp.,0.866,Low
2026-06-26 03:00:00,Ratnapura,29.11,81.83,0.0,14.14,Brown Blight,Colletotrichum / Glomerella spp.,1.0,Moderate
2026-06-26 04:00:00,Ratnapura,29.08,84.74,0.2,10.39,Brown Blight (dormant/low risk),Colletotrichum / Glomerella spp.,1.0,Low
2026-06-26 05:00:00,Ratnapura,24.82,98.0,9.91,21.45,Brown Blight,Colletotrichum / Glomerella spp.,0.993,High
2026-06-26 06:00:00,Ratnapura,23.96,80.74,0.13,8.47,Brown Blight (dormant/low risk),Colletotrichum / Glomerella spp.,0.958,Low
2026-06-26 07:00:00,Ratnapura,29.67,91.62,1.91,11.81,Brown Blight,Colletotrichum / Glomerella spp.,1.0,Moderate
2026-06-26 08:00:00,Ratnapura,25.31,95.02,4.99,19.62,Brown Blight,Colletotrichum / Glomerella spp.,1.0,High
2026-06-26 09:00:00,Ratnapura,25.62,80.52,1.49,8.16,Brown Blight (dormant/low risk),Colletotrichum / Glomerella spp.,1.0,Low
2026-06-26 10:00:00,Ratnapura,28.06,79.39,0.02,8.39,Brown Blight (dormant/low risk),Colletotrichum / Glomerella spp.,0.976,Low
2026-06-26 11:00:00,Ratnapura,25.47,79.24,0.0,16.56,Brown Blight,Colletotrichum / Glomerella spp.,0.97,High
2026-06-26 12:00:00,Ratnapura,27.61,80.65,4.75,6.24,Brown Blight (dormant/low risk),Colletotrichum / Glomerella spp.,1.0,Low
2026-06-26 13:00:00,Ratnapura,26.95,69.66,0.28,13.6,Brown Blight,Colletotrichum / Glomerella spp.,0.586,Moderate
2026-06-26 14:00:00,Ratnapura,28.02,72.63,0.0,11.34,Brown Blight,Colletotrichum / Glomerella spp.,0.705,Moderate
2026-06-26 15:00:00,Ratnapura,29.69,65.0,0.0,10.27,Brown Blight (dormant/low risk),Colletotrichum / Glomerella spp.,0.4,Low
2026-06-26 16:00:00,Ratnapura,24.45,67.73,0.0,15.98,Brown Blight,Colletotrichum / Glomerella spp.,0.487,High
2026-06-26 17:00:00,Ratnapura,29.46,69.98,0.0,9.49,Brown Blight (dormant/low risk),Colletotrichum / Glomerella spp.,0.599,Low
2026-06-26 18:00:00,Ratnapura,28.24,76.46,0.0,15.92,Brown Blight,Colletotrichum / Glomerella spp.,0.858,High
2026-06-26 19:00:00,Ratnapura,29.76,70.48,0.0,13.03,Brown Blight,Colletotrichum / Glomerella spp.,0.619,Moderate
2026-06-26 20:00:00,Ratnapura,29.78,68.61,0.04,12.02,Brown Blight,Colletotrichum / Glomerella spp.,0.544,Moderate
2026-06-26 21:00:00,Ratnapura,33.31,70.92,0.0,8.3,Brown Blight (dormant/low risk),Colletotrichum / Glomerella spp.,0.504,Low
2026-06-26 22:00:00,Ratnapura,30.12,70.46,0.62,13.03,Brown Blight,Colletotrichum / Glomerella spp.,0.614,Moderate
2026-06-26 23:00:00,Ratnapura,27.93,71.22,0.0,11.79,Brown Blight,Colletotrichum / Glomerella spp.,0.649,Moderate
2026-06-27 00:00:00,Nuwara Eliya,21.61,80.27,0.0,11.52,Blister Blight,Exobasidium vexans,1.0,Moderate
2026-06-27 01:00:00,Nuwara Eliya,18.39,79.41,2.23,16.5,Blister Blight,Exobasidium vexans,0.976,High
2026-06-27 02:00:00,Nuwara Eliya,14.03,95.0,9.51,15.8,Blister Blight,Exobasidium vexans,0.961,High
2026-06-27 03:00:00,Nuwara Eliya,13.94,89.72,0.0,23.42,Blister Blight,Exobasidium vexans,0.958,High
2026-06-27 04:00:00,Nuwara Eliya,15.92,88.99,0.09,19.12,Blister Blight,Exobasidium vexans,1.0,High
2026-06-27 05:00:00,Nuwara Eliya,15.39,90.25,2.16,14.56,Blister Blight,Exobasidium vexans,1.0,Moderate
2026-06-27 06:00:00,Nuwara Eliya,15.19,85.72,2.02,14.3,Blister Blight,Exobasidium vexans,1.0,Moderate
2026-06-27 07:00:00,Nuwara Eliya,15.99,95.0,2.92,22.0,Blister Blight,Exobasidium vexans,1.0,High
2026-06-27 08:00:00,Nuwara Eliya,14.28,92.69,2.03,14.83,Blister Blight,Exobasidium vexans,0.971,Moderate
2026-06-27 09:00:00,Nuwara Eliya,15.39,84.77,1.7,13.72,Blister Blight,Exobasidium vexans,1.0,Moderate
2026-06-27 10:00:00,Nuwara Eliya,11.28,84.98,2.95,14.4,Blister Blight,Exobasidium vexans,0.851,Moderate
2026-06-27 11:00:00,Nuwara Eliya,14.84,95.0,8.67,18.7,Blister Blight,Exobasidium vexans,0.994,High
2026-06-27 12:00:00,Nuwara Eliya,14.99,79.72,0.0,16.02,Blister Blight,Exobasidium vexans,0.988,High
2026-06-27 13:00:00,Nuwara Eliya,19.24,76.1,0.0,15.8,Blister Blight,Exobasidium vexans,0.844,High
2026-06-27 14:00:00,Nuwara Eliya,17.73,79.32,0.0,8.51,Blister Blight (dormant/low risk),Exobasidium vexans,0.973,Low
2026-06-27 15:00:00,Nuwara Eliya,16.15,76.09,0.0,11.14,Blister Blight,Exobasidium vexans,0.844,Moderate
2026-06-27 16:00:00,Nuwara Eliya,15.75,77.73,0.0,10.64,Blister Blight (dormant/low risk),Exobasidium vexans,0.909,Low
2026-06-27 17:00:00,Nuwara Eliya,16.13,81.91,0.0,17.35,Blister Blight,Exobasidium vexans,1.0,High
2026-06-27 18:00:00,Nuwara Eliya,16.64,77.93,0.0,21.8,Blister Blight,Exobasidium vexans,0.917,High
2026-06-27 19:00:00,Nuwara Eliya,19.05,80.34,0.0,9.33,Blister Blight (dormant/low risk),Exobasidium vexans,1.0,Low
2026-06-27 20:00:00,Nuwara Eliya,19.64,80.83,0.0,19.42,Blister Blight,Exobasidium vexans,1.0,High
2026-06-27 21:00:00,Nuwara Eliya,17.27,79.77,1.64,18.28,Blister Blight,Exobasidium vexans,0.991,High
2026-06-27 22:00:00,Nuwara Eliya,16.53,72.99,0.37,13.61,Blister Blight,Exobasidium vexans,0.72,Moderate
2026-06-27 23:00:00,Nuwara Eliya,19.21,72.48,0.0,15.3,Blister Blight,Exobasidium vexans,0.699,Moderate
2026-06-27 00:00:00,Kandy,25.48,79.7,4.16,17.48,Grey Blight,Pestalotiopsis spp.,0.981,High
2026-06-27 01:00:00,Kandy,25.31,65.89,0.0,12.29,Grey Blight,Pestalotiopsis spp.,0.623,Moderate
2026-06-27 02:00:00,Kandy,23.96,71.63,0.0,15.37,Grey Blight,Pestalotiopsis spp.,0.865,Moderate
2026-06-27 03:00:00,Kandy,21.47,72.83,0.13,13.95,Grey Blight,Pestalotiopsis spp.,0.913,Moderate
2026-06-27 04:00:00,Kandy,19.54,90.0,5.26,12.67,Grey Blight,Pestalotiopsis spp.,0.982,Moderate
2026-06-27 05:00:00,Kandy,21.43,82.68,0.21,13.63,Grey Blight,Pestalotiopsis spp.,1.0,Moderate
2026-06-27 06:00:00,Kandy,19.45,79.01,0.0,14.77,Grey Blight,Pestalotiopsis spp.,0.978,Moderate
2026-06-27 07:00:00,Kandy,22.08,86.06,1.31,13.64,Grey Blight,Pestalotiopsis spp.,1.0,Moderate
2026-06-27 08:00:00,Kandy,21.17,82.05,0.74,13.55,Grey Blight,Pestalotiopsis spp.,1.0,Moderate
2026-06-27 09:00:00,Kandy,18.38,76.5,0.0,11.77,Grey Blight,Pestalotiopsis spp.,0.935,Moderate
2026-06-27 10:00:00,Kandy,23.43,73.4,1.55,12.53,Grey Blight,Pestalotiopsis spp.,0.936,Moderate
2026-06-27 11:00:00,Kandy,18.91,77.07,2.87,10.46,Grey Blight (dormant/low risk),Pestalotiopsis spp.,0.956,Low
2026-06-27 12:00:00,Kandy,22.5,62.91,0.0,16.07,Grey Blight,Pestalotiopsis spp.,0.516,High
2026-06-27 13:00:00,Kandy,19.43,78.28,6.26,17.4,Grey Blight,Pestalotiopsis spp.,0.977,High
2026-06-27 14:00:00,Kandy,23.07,62.68,0.12,11.48,Grey Blight,Pestalotiopsis spp.,0.507,Moderate
2026-06-27 15:00:00,Kandy,25.32,63.34,0.11,9.92,Grey Blight (dormant/low risk),Pestalotiopsis spp.,0.521,Low
2026-06-27 16:00:00,Kandy,21.4,69.61,0.0,14.88,Grey Blight,Pestalotiopsis spp.,0.784,Moderate
2026-06-27 17:00:00,Kandy,27.07,70.48,0.0,9.91,Grey Blight (dormant/low risk),Pestalotiopsis spp.,0.736,Low
2026-06-27 18:00:00,Kandy,24.56,71.52,0.32,14.39,Grey Blight,Pestalotiopsis spp.,0.861,Moderate
2026-06-27 19:00:00,Kandy,26.24,68.47,1.03,6.45,Grey Blight (dormant/low risk),Pestalotiopsis spp.,0.689,Low
2026-06-27 20:00:00,Kandy,24.95,74.92,0.59,14.47,Grey Blight,Pestalotiopsis spp.,0.997,Moderate
2026-06-27 21:00:00,Kandy,23.56,81.36,1.81,12.87,Grey Blight,Pestalotiopsis spp.,1.0,Moderate
2026-06-27 22:00:00,Kandy,27.07,70.2,0.0,10.53,Grey Blight (dormant/low risk),Pestalotiopsis spp.,0.725,Low
2026-06-27 23:00:00,Kandy,25.8,77.37,0.0,14.13,Grey Blight,Pestalotiopsis spp.,0.968,Moderate
2026-06-27 00:00:00,Ratnapura,29.12,70.03,0.0,7.76,Brown Blight (dormant/low risk),Colletotrichum / Glomerella spp.,0.601,Low
2026-06-27 01:00:00,Ratnapura,29.38,79.38,1.58,9.18,Brown Blight (dormant/low risk),Colletotrichum / Glomerella spp.,0.975,Low
2026-06-27 02:00:00,Ratnapura,28.44,74.45,0.0,8.2,Brown Blight (dormant/low risk),Colletotrichum / Glomerella spp.,0.778,Low
2026-06-27 03:00:00,Ratnapura,23.1,74.93,0.0,11.45,Brown Blight,Colletotrichum / Glomerella spp.,0.721,Moderate
2026-06-27 04:00:00,Ratnapura,22.01,79.87,0.0,16.06,Brown Blight,Colletotrichum / Glomerella spp.,0.875,High
2026-06-27 05:00:00,Ratnapura,23.5,88.26,0.0,17.07,Brown Blight,Colletotrichum / Glomerella spp.,0.94,High
2026-06-27 06:00:00,Ratnapura,23.06,77.05,0.0,15.7,Brown Blight,Colletotrichum / Glomerella spp.,0.804,Moderate
2026-06-27 07:00:00,Ratnapura,29.1,80.74,0.0,12.72,Brown Blight,Colletotrichum / Glomerella spp.,1.0,Moderate
2026-06-27 08:00:00,Ratnapura,23.16,92.94,2.53,19.12,Brown Blight,Colletotrichum / Glomerella spp.,0.926,High
2026-06-27 09:00:00,Ratnapura,26.37,75.37,0.0,11.1,Brown Blight,Colletotrichum / Glomerella spp.,0.815,Moderate
2026-06-27 10:00:00,Ratnapura,27.49,66.47,0.0,13.31,Brown Blight,Colletotrichum / Glomerella spp.,0.459,Moderate
2026-06-27 11:00:00,Ratnapura,26.4,72.5,0.0,9.92,Brown Blight (dormant/low risk),Colletotrichum / Glomerella spp.,0.7,Low
2026-06-27 12:00:00,Ratnapura,22.0,70.82,0.0,11.98,Brown Blight,Colletotrichum / Glomerella spp.,0.513,Moderate
2026-06-27 13:00:00,Ratnapura,26.7,70.58,0.0,14.9,Brown Blight,Colletotrichum / Glomerella spp.,0.623,Moderate
2026-06-27 14:00:00,Ratnapura,27.77,80.07,10.88,7.59,Brown Blight (dormant/low risk),Colletotrichum / Glomerella spp.,1.0,Low
2026-06-27 15:00:00,Ratnapura,27.49,73.67,0.0,13.41,Brown Blight,Colletotrichum / Glomerella spp.,0.747,Moderate
2026-06-27 16:00:00,Ratnapura,29.89,73.03,3.32,16.17,Brown Blight,Colletotrichum / Glomerella spp.,0.721,High
2026-06-27 17:00:00,Ratnapura,29.14,74.97,0.0,13.76,Brown Blight,Colletotrichum / Glomerella spp.,0.799,Moderate
2026-06-27 18:00:00,Ratnapura,34.39,72.41,1.88,12.3,Brown Blight,Colletotrichum / Glomerella spp.,0.521,Moderate
2026-06-27 19:00:00,Ratnapura,34.94,72.61,0.0,13.45,Brown Blight,Colletotrichum / Glomerella spp.,0.507,Moderate
2026-06-27 20:00:00,Ratnapura,31.64,74.2,0.0,12.34,Brown Blight,Colletotrichum / Glomerella spp.,0.702,Moderate
2026-06-27 21:00:00,Ratnapura,29.93,74.48,0.0,8.9,Brown Blight (dormant/low risk),Colletotrichum / Glomerella spp.,0.779,Low
2026-06-27 22:00:00,Ratnapura,32.74,72.73,0.21,10.08,Brown Blight (dormant/low risk),Colletotrichum / Glomerella spp.,0.6,Low
2026-06-27 23:00:00,Ratnapura,29.13,72.94,0.0,5.19,Brown Blight (dormant/low risk),Colletotrichum / Glomerella spp.,0.718,Low
2026-06-28 00:00:00,Nuwara Eliya,13.16,86.45,0.0,13.16,Blister Blight,Exobasidium vexans,0.926,Moderate
2026-06-28 01:00:00,Nuwara Eliya,14.95,90.88,0.76,16.4,Blister Blight,Exobasidium vexans,0.998,High
2026-06-28 02:00:00,Nuwara Eliya,14.42,95.0,4.95,21.41,Blister Blight,Exobasidium vexans,0.977,High
2026-06-28 03:00:00,Nuwara Eliya,15.25,87.64,2.13,9.98,Blister Blight (dormant/low risk),Exobasidium vexans,1.0,Low
2026-06-28 04:00:00,Nuwara Eliya,19.75,95.0,3.75,18.24,Blister Blight,Exobasidium vexans,1.0,High
2026-06-28 05:00:00,Nuwara Eliya,13.64,95.0,0.78,19.0,Blister Blight,Exobasidium vexans,0.946,High
2026-06-28 06:00:00,Nuwara Eliya,14.78,94.07,0.0,16.3,Blister Blight,Exobasidium vexans,0.991,High
2026-06-28 07:00:00,Nuwara Eliya,10.0,93.69,0.0,14.4,Blister Blight,Exobasidium vexans,0.8,Moderate
2026-06-28 08:00:00,Nuwara Eliya,13.98,93.01,0.26,19.79,Blister Blight,Exobasidium vexans,0.959,High
2026-06-28 09:00:00,Nuwara Eliya,15.82,93.5,2.06,19.11,Blister Blight,Exobasidium vexans,1.0,High
2026-06-28 10:00:00,Nuwara Eliya,12.19,82.71,0.0,16.51,Blister Blight,Exobasidium vexans,0.888,High
2026-06-28 11:00:00,Nuwara Eliya,14.97,84.64,0.0,15.01,Blister Blight,Exobasidium vexans,0.999,Moderate
2026-06-28 12:00:00,Nuwara Eliya,13.16,83.71,1.12,13.39,Blister Blight,Exobasidium vexans,0.926,Moderate
2026-06-28 13:00:00,Nuwara Eliya,16.25,78.24,0.05,13.93,Blister Blight,Exobasidium vexans,0.93,Moderate
2026-06-28 14:00:00,Nuwara Eliya,14.54,69.73,0.0,5.84,Blister Blight (dormant/low risk),Exobasidium vexans,0.571,Low
2026-06-28 15:00:00,Nuwara Eliya,15.7,78.68,0.85,13.36,Blister Blight,Exobasidium vexans,0.947,Moderate
2026-06-28 16:00:00,Nuwara Eliya,17.84,77.44,0.68,11.0,Blister Blight,Exobasidium vexans,0.898,Moderate
2026-06-28 17:00:00,Nuwara Eliya,13.79,78.56,0.0,12.51,Blister Blight,Exobasidium vexans,0.894,Moderate
2026-06-28 18:00:00,Nuwara Eliya,17.48,87.38,0.74,11.82,Blister Blight,Exobasidium vexans,1.0,Moderate
2026-06-28 19:00:00,Nuwara Eliya,22.73,80.76,2.25,12.88,Blister Blight,Exobasidium vexans,1.0,Moderate
2026-06-28 20:00:00,Nuwara Eliya,22.93,79.82,0.0,17.55,Blister Blight,Exobasidium vexans,0.993,High
2026-06-28 21:00:00,Nuwara Eliya,16.54,78.33,0.64,12.35,Blister Blight,Exobasidium vexans,0.933,Moderate
2026-06-28 22:00:00,Nuwara Eliya,18.32,77.06,2.2,11.6,Blister Blight,Exobasidium vexans,0.882,Moderate
2026-06-28 23:00:00,Nuwara Eliya,17.37,90.76,2.59,23.14,Blister Blight,Exobasidium vexans,1.0,High
2026-06-28 00:00:00,Kandy,25.77,73.85,0.0,15.42,Grey Blight,Pestalotiopsis spp.,0.923,Moderate
2026-06-28 01:00:00,Kandy,23.1,73.05,0.0,17.08,Grey Blight,Pestalotiopsis spp.,0.922,High
2026-06-28 02:00:00,Kandy,24.28,71.91,0.0,17.21,Grey Blight,Pestalotiopsis spp.,0.876,High
2026-06-28 03:00:00,Kandy,21.24,75.4,0.0,13.62,Grey Blight,Pestalotiopsis spp.,1.0,Moderate
2026-06-28 04:00:00,Kandy,21.82,78.07,1.36,13.04,Grey Blight,Pestalotiopsis spp.,1.0,Moderate
2026-06-28 05:00:00,Kandy,23.32,79.59,0.44,17.17,Grey Blight,Pestalotiopsis spp.,1.0,High
2026-06-28 06:00:00,Kandy,20.28,80.15,0.0,12.64,Grey Blight,Pestalotiopsis spp.,1.0,Moderate
2026-06-28 07:00:00,Kandy,23.99,75.55,0.0,13.55,Grey Blight,Pestalotiopsis spp.,1.0,Moderate
2026-06-28 08:00:00,Kandy,21.61,82.05,2.64,8.2,Grey Blight (dormant/low risk),Pestalotiopsis spp.,1.0,Low
2026-06-28 09:00:00,Kandy,21.63,71.63,0.23,8.88,Grey Blight (dormant/low risk),Pestalotiopsis spp.,0.865,Low
2026-06-28 10:00:00,Kandy,22.13,68.64,0.0,6.11,Grey Blight (dormant/low risk),Pestalotiopsis spp.,0.746,Low
2026-06-28 11:00:00,Kandy,20.04,74.57,0.0,16.83,Grey Blight,Pestalotiopsis spp.,0.983,High
2026-06-28 12:00:00,Kandy,24.5,55.0,0.0,14.09,Grey Blight,Pestalotiopsis spp.,0.4,Moderate
2026-06-28 13:00:00,Kandy,20.97,69.61,0.0,15.98,Grey Blight,Pestalotiopsis spp.,0.784,High
2026-06-28 14:00:00,Kandy,24.67,63.42,0.0,15.28,Grey Blight,Pestalotiopsis spp.,0.537,Moderate
2026-06-28 15:00:00,Kandy,23.24,61.72,2.2,13.05,Grey Blight,Pestalotiopsis spp.,0.469,Moderate
2026-06-28 16:00:00,Kandy,26.22,64.81,0.38,15.84,Grey Blight,Pestalotiopsis spp.,0.544,High
2026-06-28 17:00:00,Kandy,27.44,67.63,0.98,10.63,Grey Blight (dormant/low risk),Pestalotiopsis spp.,0.608,Low
2026-06-28 18:00:00,Kandy,25.64,74.14,0.0,14.95,Grey Blight,Pestalotiopsis spp.,0.94,Moderate
2026-06-28 19:00:00,Kandy,24.62,71.25,0.7,15.56,Grey Blight,Pestalotiopsis spp.,0.85,Moderate
2026-06-28 20:00:00,Kandy,26.96,78.86,0.78,15.06,Grey Blight,Pestalotiopsis spp.,0.922,Moderate
2026-06-28 21:00:00,Kandy,28.67,76.44,0.42,10.39,Grey Blight (dormant/low risk),Pestalotiopsis spp.,0.853,Low
2026-06-28 22:00:00,Kandy,26.69,73.21,0.0,9.03,Grey Blight (dormant/low risk),Pestalotiopsis spp.,0.861,Low
2026-06-28 23:00:00,Kandy,24.86,66.85,0.0,17.44,Grey Blight,Pestalotiopsis spp.,0.674,High
2026-06-28 00:00:00,Ratnapura,27.06,79.65,0.52,13.88,Brown Blight,Colletotrichum / Glomerella spp.,0.986,Moderate
2026-06-28 01:00:00,Ratnapura,28.91,69.65,0.0,7.67,Brown Blight (dormant/low risk),Colletotrichum / Glomerella spp.,0.586,Low
2026-06-28 02:00:00,Ratnapura,25.54,74.73,0.0,17.61,Brown Blight,Colletotrichum / Glomerella spp.,0.789,High
2026-06-28 03:00:00,Ratnapura,24.24,80.56,0.0,10.05,Brown Blight (dormant/low risk),Colletotrichum / Glomerella spp.,0.97,Low
2026-06-28 04:00:00,Ratnapura,26.64,77.62,0.0,13.34,Brown Blight,Colletotrichum / Glomerella spp.,0.905,Moderate
2026-06-28 05:00:00,Ratnapura,25.53,84.12,0.0,20.78,Brown Blight,Colletotrichum / Glomerella spp.,1.0,High
2026-06-28 06:00:00,Ratnapura,25.98,88.24,0.0,18.68,Brown Blight,Colletotrichum / Glomerella spp.,1.0,High
2026-06-28 07:00:00,Ratnapura,27.24,88.58,3.21,13.85,Brown Blight,Colletotrichum / Glomerella spp.,1.0,Moderate
2026-06-28 08:00:00,Ratnapura,24.82,93.51,18.98,13.15,Brown Blight,Colletotrichum / Glomerella spp.,0.993,Moderate
2026-06-28 09:00:00,Ratnapura,25.8,75.61,0.0,14.73,Brown Blight,Colletotrichum / Glomerella spp.,0.824,Moderate
2026-06-28 10:00:00,Ratnapura,25.4,80.03,0.0,12.25,Brown Blight,Colletotrichum / Glomerella spp.,1.0,Moderate
2026-06-28 11:00:00,Ratnapura,24.29,83.75,3.4,6.63,Brown Blight (dormant/low risk),Colletotrichum / Glomerella spp.,0.972,Low
2026-06-28 12:00:00,Ratnapura,22.0,74.4,0.0,14.11,Brown Blight,Colletotrichum / Glomerella spp.,0.656,Moderate
2026-06-28 13:00:00,Ratnapura,25.78,76.15,0.0,15.67,Brown Blight,Colletotrichum / Glomerella spp.,0.846,Moderate
2026-06-28 14:00:00,Ratnapura,31.07,69.11,0.0,14.83,Brown Blight,Colletotrichum / Glomerella spp.,0.522,Moderate
2026-06-28 15:00:00,Ratnapura,31.36,68.14,0.0,16.12,Brown Blight,Colletotrichum / Glomerella spp.,0.471,High
2026-06-28 16:00:00,Ratnapura,29.56,76.45,4.21,14.69,Brown Blight,Colletotrichum / Glomerella spp.,0.858,Moderate
2026-06-28 17:00:00,Ratnapura,32.15,78.19,0.0,14.4,Brown Blight,Colletotrichum / Glomerella spp.,0.842,Moderate
2026-06-28 18:00:00,Ratnapura,30.29,73.9,0.0,6.53,Brown Blight (dormant/low risk),Colletotrichum / Glomerella spp.,0.744,Low
2026-06-28 19:00:00,Ratnapura,28.12,77.21,0.0,14.55,Brown Blight,Colletotrichum / Glomerella spp.,0.888,Moderate
2026-06-28 20:00:00,Ratnapura,31.25,80.0,4.44,14.03,Brown Blight,Colletotrichum / Glomerella spp.,0.95,Moderate
2026-06-28 21:00:00,Ratnapura,31.33,66.85,0.0,13.02,Brown Blight,Colletotrichum / Glomerella spp.,0.421,Moderate
2026-06-28 22:00:00,Ratnapura,32.19,75.52,0.0,10.58,Brown Blight (dormant/low risk),Colletotrichum / Glomerella spp.,0.733,Low
2026-06-28 23:00:00,Ratnapura,32.3,68.69,0.0,9.69,Brown Blight (dormant/low risk),Colletotrichum / Glomerella spp.,0.456,Low
2026-06-29 00:00:00,Nuwara Eliya,13.4,92.38,3.78,20.25,Blister Blight,Exobasidium vexans,0.936,High
2026-06-29 01:00:00,Nuwara Eliya,18.07,75.63,1.33,9.15,Blister Blight (dormant/low risk),Exobasidium vexans,0.825,Low
2026-06-29 02:00:00,Nuwara Eliya,16.64,83.4,0.74,9.49,Blister Blight (dormant/low risk),Exobasidium vexans,1.0,Low
2026-06-29 03:00:00,Nuwara Eliya,16.94,81.98,0.0,12.59,Blister Blight,Exobasidium vexans,1.0,Moderate
2026-06-29 04:00:00,Nuwara Eliya,13.8,85.83,0.0,12.15,Blister Blight,Exobasidium vexans,0.952,Moderate
2026-06-29 05:00:00,Nuwara Eliya,11.52,93.76,0.0,16.81,Blister Blight,Exobasidium vexans,0.861,High
2026-06-29 06:00:00,Nuwara Eliya,15.45,91.61,0.11,13.99,Blister Blight,Exobasidium vexans,1.0,Moderate
2026-06-29 07:00:00,Nuwara Eliya,14.83,95.0,2.61,19.96,Blister Blight,Exobasidium vexans,0.993,High
2026-06-29 08:00:00,Nuwara Eliya,10.0,95.0,2.36,14.74,Blister Blight,Exobasidium vexans,0.8,Moderate
2026-06-29 09:00:00,Nuwara Eliya,13.37,80.67,0.34,11.55,Blister Blight,Exobasidium vexans,0.935,Moderate
2026-06-29 10:00:00,Nuwara Eliya,12.36,78.84,0.0,14.14,Blister Blight,Exobasidium vexans,0.848,Moderate
2026-06-29 11:00:00,Nuwara Eliya,15.19,88.32,0.02,15.94,Blister Blight,Exobasidium vexans,1.0,High
2026-06-29 12:00:00,Nuwara Eliya,17.6,75.5,0.82,8.21,Blister Blight (dormant/low risk),Exobasidium vexans,0.82,Low
2026-06-29 13:00:00,Nuwara Eliya,14.01,94.94,6.42,21.15,Blister Blight,Exobasidium vexans,0.96,High
2026-06-29 14:00:00,Nuwara Eliya,13.63,76.64,0.0,8.97,Blister Blight (dormant/low risk),Exobasidium vexans,0.811,Low
2026-06-29 15:00:00,Nuwara Eliya,15.13,81.49,2.34,8.3,Blister Blight (dormant/low risk),Exobasidium vexans,1.0,Low
2026-06-29 16:00:00,Nuwara Eliya,16.59,81.2,1.66,14.9,Blister Blight,Exobasidium vexans,1.0,Moderate
2026-06-29 17:00:00,Nuwara Eliya,16.03,92.28,3.07,22.19,Blister Blight,Exobasidium vexans,1.0,High
2026-06-29 18:00:00,Nuwara Eliya,17.42,88.14,1.67,15.74,Blister Blight,Exobasidium vexans,1.0,High
2026-06-29 19:00:00,Nuwara Eliya,21.07,79.13,0.64,18.87,Blister Blight,Exobasidium vexans,0.965,High
2026-06-29 20:00:00,Nuwara Eliya,17.47,79.54,1.59,16.64,Blister Blight,Exobasidium vexans,0.982,High
2026-06-29 21:00:00,Nuwara Eliya,18.5,78.32,0.54,18.61,Blister Blight,Exobasidium vexans,0.933,High
2026-06-29 22:00:00,Nuwara Eliya,15.62,91.52,1.65,17.93,Blister Blight,Exobasidium vexans,1.0,High
2026-06-29 23:00:00,Nuwara Eliya,17.15,86.26,1.11,10.99,Blister Blight,Exobasidium vexans,1.0,Moderate
2026-06-29 00:00:00,Kandy,21.61,69.06,1.47,6.34,Grey Blight (dormant/low risk),Pestalotiopsis spp.,0.762,Low
2026-06-29 01:00:00,Kandy,24.76,72.69,0.47,14.98,Grey Blight,Pestalotiopsis spp.,0.908,Moderate
2026-06-29 02:00:00,Kandy,20.05,75.61,1.22,14.27,Grey Blight,Pestalotiopsis spp.,1.0,Moderate
2026-06-29 03:00:00,Kandy,21.29,76.86,0.0,21.95,Grey Blight,Pestalotiopsis spp.,1.0,High
2026-06-29 04:00:00,Kandy,18.0,83.05,0.71,8.96,Grey Blight (dormant/low risk),Pestalotiopsis spp.,0.92,Low
2026-06-29 05:00:00,Kandy,22.76,75.76,0.1,10.2,Grey Blight (dormant/low risk),Pestalotiopsis spp.,1.0,Low
2026-06-29 06:00:00,Kandy,20.58,81.96,1.66,9.89,Grey Blight (dormant/low risk),Pestalotiopsis spp.,1.0,Low
2026-06-29 07:00:00,Kandy,21.49,77.84,1.89,19.15,Grey Blight,Pestalotiopsis spp.,1.0,High
2026-06-29 08:00:00,Kandy,19.23,90.0,2.26,19.73,Grey Blight,Pestalotiopsis spp.,0.969,High
2026-06-29 09:00:00,Kandy,21.41,69.59,0.0,13.68,Grey Blight,Pestalotiopsis spp.,0.784,Moderate
2026-06-29 10:00:00,Kandy,20.93,76.78,0.0,16.0,Grey Blight,Pestalotiopsis spp.,1.0,High
2026-06-29 11:00:00,Kandy,21.7,72.93,1.72,21.58,Grey Blight,Pestalotiopsis spp.,0.917,High
2026-06-29 12:00:00,Kandy,22.17,63.53,0.71,12.48,Grey Blight,Pestalotiopsis spp.,0.541,Moderate
2026-06-29 13:00:00,Kandy,21.72,56.28,0.0,12.77,Grey Blight,Pestalotiopsis spp.,0.4,Moderate
2026-06-29 14:00:00,Kandy,23.45,59.41,0.0,10.07,Grey Blight (dormant/low risk),Pestalotiopsis spp.,0.4,Low
2026-06-29 15:00:00,Kandy,26.09,66.14,0.0,9.16,Grey Blight (dormant/low risk),Pestalotiopsis spp.,0.602,Low
2026-06-29 16:00:00,Kandy,24.55,68.89,0.0,13.67,Grey Blight,Pestalotiopsis spp.,0.756,Moderate
2026-06-29 17:00:00,Kandy,28.36,76.09,3.72,16.79,Grey Blight,Pestalotiopsis spp.,0.866,High
2026-06-29 18:00:00,Kandy,22.78,71.49,0.57,10.12,Grey Blight (dormant/low risk),Pestalotiopsis spp.,0.86,Low
2026-06-29 19:00:00,Kandy,25.51,65.53,0.15,11.96,Grey Blight,Pestalotiopsis spp.,0.601,Moderate
2026-06-29 20:00:00,Kandy,24.77,67.7,0.0,11.86,Grey Blight,Pestalotiopsis spp.,0.708,Moderate
2026-06-29 21:00:00,Kandy,22.97,69.04,0.37,12.36,Grey Blight,Pestalotiopsis spp.,0.762,Moderate
2026-06-29 22:00:00,Kandy,25.71,67.37,0.0,6.4,Grey Blight (dormant/low risk),Pestalotiopsis spp.,0.666,Low
2026-06-29 23:00:00,Kandy,27.09,68.12,0.0,6.95,Grey Blight (dormant/low risk),Pestalotiopsis spp.,0.641,Low
2026-06-29 00:00:00,Ratnapura,27.79,71.13,0.0,13.11,Brown Blight,Colletotrichum / Glomerella spp.,0.645,Moderate
2026-06-29 01:00:00,Ratnapura,31.55,79.22,0.49,4.22,Brown Blight (dormant/low risk),Colletotrichum / Glomerella spp.,0.907,Low
2026-06-29 02:00:00,Ratnapura,28.93,76.05,0.0,13.16,Brown Blight,Colletotrichum / Glomerella spp.,0.842,Moderate
2026-06-29 03:00:00,Ratnapura,23.5,74.94,1.14,15.16,Brown Blight,Colletotrichum / Glomerella spp.,0.738,Moderate
2026-06-29 04:00:00,Ratnapura,26.36,87.2,0.0,15.18,Brown Blight,Colletotrichum / Glomerella spp.,1.0,Moderate
2026-06-29 05:00:00,Ratnapura,25.74,83.87,0.0,17.61,Brown Blight,Colletotrichum / Glomerella spp.,1.0,High
2026-06-29 06:00:00,Ratnapura,25.68,86.69,0.89,16.75,Brown Blight,Colletotrichum / Glomerella spp.,1.0,High
2026-06-29 07:00:00,Ratnapura,22.0,90.33,1.86,20.93,Brown Blight,Colletotrichum / Glomerella spp.,0.88,High
2026-06-29 08:00:00,Ratnapura,22.0,95.26,5.65,21.65,Brown Blight,Colletotrichum / Glomerella spp.,0.88,High
2026-06-29 09:00:00,Ratnapura,24.3,76.6,0.0,14.5,Brown Blight,Colletotrichum / Glomerella spp.,0.836,Moderate
2026-06-29 10:00:00,Ratnapura,23.68,84.76,0.23,12.84,Brown Blight,Colletotrichum / Glomerella spp.,0.947,Moderate
2026-06-29 11:00:00,Ratnapura,26.92,70.53,0.0,13.4,Brown Blight,Colletotrichum / Glomerella spp.,0.621,Moderate
2026-06-29 12:00:00,Ratnapura,27.85,65.89,0.0,13.3,Brown Blight,Colletotrichum / Glomerella spp.,0.436,Moderate
2026-06-29 13:00:00,Ratnapura,25.53,76.07,0.0,16.85,Brown Blight,Colletotrichum / Glomerella spp.,0.843,High
2026-06-29 14:00:00,Ratnapura,28.78,68.74,0.0,10.1,Brown Blight (dormant/low risk),Colletotrichum / Glomerella spp.,0.55,Low
2026-06-29 15:00:00,Ratnapura,30.91,67.03,0.0,13.85,Brown Blight,Colletotrichum / Glomerella spp.,0.445,Moderate
2026-06-29 16:00:00,Ratnapura,30.14,68.77,0.0,10.7,Brown Blight (dormant/low risk),Colletotrichum / Glomerella spp.,0.545,Low
2026-06-29 17:00:00,Ratnapura,28.43,76.87,0.0,13.22,Brown Blight,Colletotrichum / Glomerella spp.,0.875,Moderate
2026-06-29 18:00:00,Ratnapura,31.43,78.07,4.08,13.02,Brown Blight,Colletotrichum / Glomerella spp.,0.866,Moderate
2026-06-29 19:00:00,Ratnapura,28.82,69.98,0.0,11.51,Brown Blight,Colletotrichum / Glomerella spp.,0.599,Moderate
2026-06-29 20:00:00,Ratnapura,33.28,72.6,0.0,10.73,Brown Blight (dormant/low risk),Colletotrichum / Glomerella spp.,0.573,Low
2026-06-29 21:00:00,Ratnapura,31.86,65.42,0.0,9.83,Brown Blight (dormant/low risk),Colletotrichum / Glomerella spp.,0.342,Low
2026-06-29 22:00:00,Ratnapura,34.06,70.98,0.0,18.84,Brown Blight,Colletotrichum / Glomerella spp.,0.477,High
2026-06-29 23:00:00,Ratnapura,32.91,68.96,0.0,12.33,Brown Blight,Colletotrichum / Glomerella spp.,0.442,Moderate
2026-06-30 00:00:00,Nuwara Eliya,15.31,78.6,0.23,17.74,Blister Blight,Exobasidium vexans,0.944,High
2026-06-30 01:00:00,Nuwara Eliya,19.97,92.34,10.48,17.96,Blister Blight,Exobasidium vexans,1.0,High
2026-06-30 02:00:00,Nuwara Eliya,14.86,81.74,0.0,8.47,Blister Blight (dormant/low risk),Exobasidium vexans,0.994,Low
2026-06-30 03:00:00,Nuwara Eliya,14.6,80.72,3.19,8.3,Blister Blight (dormant/low risk),Exobasidium vexans,0.984,Low
2026-06-30 04:00:00,Nuwara Eliya,11.54,95.0,7.13,12.18,Blister Blight,Exobasidium vexans,0.862,Moderate
2026-06-30 05:00:00,Nuwara Eliya,11.26,95.0,3.94,11.47,Blister Blight,Exobasidium vexans,0.85,Moderate
2026-06-30 06:00:00,Nuwara Eliya,14.96,94.35,5.36,16.2,Blister Blight,Exobasidium vexans,0.998,High
2026-06-30 07:00:00,Nuwara Eliya,11.58,94.94,1.22,10.52,Blister Blight (dormant/low risk),Exobasidium vexans,0.863,Low
2026-06-30 08:00:00,Nuwara Eliya,10.0,95.0,0.0,14.22,Blister Blight,Exobasidium vexans,0.8,Moderate
2026-06-30 09:00:00,Nuwara Eliya,15.57,85.22,0.88,8.7,Blister Blight (dormant/low risk),Exobasidium vexans,1.0,Low
2026-06-30 10:00:00,Nuwara Eliya,10.57,91.4,0.0,15.89,Blister Blight,Exobasidium vexans,0.823,High
2026-06-30 11:00:00,Nuwara Eliya,15.91,82.16,2.15,12.89,Blister Blight,Exobasidium vexans,1.0,Moderate
2026-06-30 12:00:00,Nuwara Eliya,16.23,63.65,0.51,7.27,Blister Blight (dormant/low risk),Exobasidium vexans,0.4,Low
2026-06-30 13:00:00,Nuwara Eliya,15.1,84.93,2.28,11.13,Blister Blight,Exobasidium vexans,1.0,Moderate
2026-06-30 14:00:00,Nuwara Eliya,17.45,72.94,0.0,12.48,Blister Blight,Exobasidium vexans,0.718,Moderate
2026-06-30 15:00:00,Nuwara Eliya,16.96,70.88,0.89,14.75,Blister Blight,Exobasidium vexans,0.635,Moderate
2026-06-30 16:00:00,Nuwara Eliya,21.28,69.67,0.0,12.08,Blister Blight,Exobasidium vexans,0.587,Moderate
2026-06-30 17:00:00,Nuwara Eliya,18.8,79.97,0.0,11.37,Blister Blight,Exobasidium vexans,0.999,Moderate
2026-06-30 18:00:00,Nuwara Eliya,19.88,78.76,1.68,13.91,Blister Blight,Exobasidium vexans,0.95,Moderate
2026-06-30 19:00:00,Nuwara Eliya,15.3,86.48,1.73,12.79,Blister Blight,Exobasidium vexans,1.0,Moderate
2026-06-30 20:00:00,Nuwara Eliya,20.51,79.41,0.0,13.33,Blister Blight,Exobasidium vexans,0.976,Moderate
2026-06-30 21:00:00,Nuwara Eliya,16.04,95.0,6.49,15.68,Blister Blight,Exobasidium vexans,1.0,Moderate
2026-06-30 22:00:00,Nuwara Eliya,19.68,80.73,0.0,10.09,Blister Blight (dormant/low risk),Exobasidium vexans,1.0,Low
2026-06-30 23:00:00,Nuwara Eliya,20.78,81.41,0.0,17.2,Blister Blight,Exobasidium vexans,1.0,High
2026-06-30 00:00:00,Kandy,27.17,60.82,0.0,7.32,Grey Blight (dormant/low risk),Pestalotiopsis spp.,0.346,Low
2026-06-30 01:00:00,Kandy,18.1,84.76,5.84,14.66,Grey Blight,Pestalotiopsis spp.,0.924,Moderate
2026-06-30 02:00:00,Kandy,24.14,73.61,0.0,8.89,Grey Blight (dormant/low risk),Pestalotiopsis spp.,0.944,Low
2026-06-30 03:00:00,Kandy,27.14,73.32,0.0,12.67,Grey Blight,Pestalotiopsis spp.,0.847,Moderate
2026-06-30 04:00:00,Kandy,24.27,84.06,2.01,14.3,Grey Blight,Pestalotiopsis spp.,1.0,Moderate
2026-06-30 05:00:00,Kandy,22.55,76.32,1.31,15.07,Grey Blight,Pestalotiopsis spp.,1.0,Moderate
2026-06-30 06:00:00,Kandy,22.93,82.89,0.49,13.58,Grey Blight,Pestalotiopsis spp.,1.0,Moderate
2026-06-30 07:00:00,Kandy,19.16,81.95,1.88,12.76,Grey Blight,Pestalotiopsis spp.,0.966,Moderate
2026-06-30 08:00:00,Kandy,18.0,82.89,2.27,15.61,Grey Blight,Pestalotiopsis spp.,0.92,Moderate
2026-06-30 09:00:00,Kandy,24.08,74.5,0.0,7.93,Grey Blight (dormant/low risk),Pestalotiopsis spp.,0.98,Low
2026-06-30 10:00:00,Kandy,25.94,70.2,0.0,14.34,Grey Blight,Pestalotiopsis spp.,0.77,Moderate
2026-06-30 11:00:00,Kandy,21.38,71.07,0.0,11.65,Grey Blight,Pestalotiopsis spp.,0.843,Moderate
2026-06-30 12:00:00,Kandy,23.11,65.92,0.0,12.46,Grey Blight,Pestalotiopsis spp.,0.637,Moderate
2026-06-30 13:00:00,Kandy,24.09,65.94,0.0,19.08,Grey Blight,Pestalotiopsis spp.,0.638,High
2026-06-30 14:00:00,Kandy,21.17,63.02,0.0,13.56,Grey Blight,Pestalotiopsis spp.,0.521,Moderate
2026-06-30 15:00:00,Kandy,27.99,62.31,0.0,11.96,Grey Blight,Pestalotiopsis spp.,0.373,Moderate
2026-06-30 16:00:00,Kandy,23.18,69.13,0.0,3.56,Grey Blight (dormant/low risk),Pestalotiopsis spp.,0.765,Low
2026-06-30 17:00:00,Kandy,23.77,74.43,0.0,14.09,Grey Blight,Pestalotiopsis spp.,0.977,Moderate
2026-06-30 18:00:00,Kandy,25.88,65.61,0.0,13.54,Grey Blight,Pestalotiopsis spp.,0.589,Moderate
2026-06-30 19:00:00,Kandy,22.63,81.73,1.3,13.9,Grey Blight,Pestalotiopsis spp.,1.0,Moderate
2026-06-30 20:00:00,Kandy,25.24,66.43,0.0,14.78,Grey Blight,Pestalotiopsis spp.,0.648,Moderate
2026-06-30 21:00:00,Kandy,27.39,69.67,0.0,6.75,Grey Blight (dormant/low risk),Pestalotiopsis spp.,0.691,Low
2026-06-30 22:00:00,Kandy,20.6,72.85,0.0,10.37,Grey Blight (dormant/low risk),Pestalotiopsis spp.,0.914,Low
2026-06-30 23:00:00,Kandy,20.27,73.5,2.69,9.31,Grey Blight (dormant/low risk),Pestalotiopsis spp.,0.94,Low
2026-06-30 00:00:00,Ratnapura,31.6,74.42,0.0,13.87,Brown Blight,Colletotrichum / Glomerella spp.,0.713,Moderate
2026-06-30 01:00:00,Ratnapura,23.42,82.21,1.9,9.47,Brown Blight (dormant/low risk),Colletotrichum / Glomerella spp.,0.937,Low
2026-06-30 02:00:00,Ratnapura,27.68,81.88,1.33,4.33,Brown Blight (dormant/low risk),Colletotrichum / Glomerella spp.,1.0,Low
2026-06-30 03:00:00,Ratnapura,23.26,81.66,0.0,16.78,Brown Blight,Colletotrichum / Glomerella spp.,0.93,High
2026-06-30 04:00:00,Ratnapura,26.3,90.05,3.33,12.68,Brown Blight,Colletotrichum / Glomerella spp.,1.0,Moderate
2026-06-30 05:00:00,Ratnapura,26.47,76.98,0.0,13.52,Brown Blight,Colletotrichum / Glomerella spp.,0.879,Moderate
2026-06-30 06:00:00,Ratnapura,27.6,73.79,0.0,15.45,Brown Blight,Colletotrichum / Glomerella spp.,0.752,Moderate
2026-06-30 07:00:00,Ratnapura,25.28,87.67,0.0,20.32,Brown Blight,Colletotrichum / Glomerella spp.,1.0,High
2026-06-30 08:00:00,Ratnapura,24.91,90.29,0.0,19.8,Brown Blight,Colletotrichum / Glomerella spp.,0.996,High
2026-06-30 09:00:00,Ratnapura,26.29,83.43,0.42,10.22,Brown Blight (dormant/low risk),Colletotrichum / Glomerella spp.,1.0,Low
2026-06-30 10:00:00,Ratnapura,25.22,98.0,10.8,17.55,Brown Blight,Colletotrichum / Glomerella spp.,1.0,High
2026-06-30 11:00:00,Ratnapura,24.93,84.15,2.53,13.5,Brown Blight,Colletotrichum / Glomerella spp.,0.997,Moderate
2026-06-30 12:00:00,Ratnapura,24.89,65.51,0.0,14.78,Brown Blight,Colletotrichum / Glomerella spp.,0.416,Moderate
2026-06-30 13:00:00,Ratnapura,29.81,66.26,0.0,13.99,Brown Blight,Colletotrichum / Glomerella spp.,0.45,Moderate
2026-06-30 14:00:00,Ratnapura,26.72,71.56,0.0,10.94,Brown Blight,Colletotrichum / Glomerella spp.,0.662,Moderate
2026-06-30 15:00:00,Ratnapura,29.21,72.56,0.0,12.54,Brown Blight,Colletotrichum / Glomerella spp.,0.702,Moderate
2026-06-30 16:00:00,Ratnapura,29.12,72.64,0.0,11.02,Brown Blight,Colletotrichum / Glomerella spp.,0.706,Moderate
2026-06-30 17:00:00,Ratnapura,29.26,79.86,0.0,17.38,Brown Blight,Colletotrichum / Glomerella spp.,0.994,High
2026-06-30 18:00:00,Ratnapura,28.89,70.52,0.0,8.1,Brown Blight (dormant/low risk),Colletotrichum / Glomerella spp.,0.621,Low
2026-06-30 19:00:00,Ratnapura,30.44,66.21,0.0,12.46,Brown Blight,Colletotrichum / Glomerella spp.,0.431,Moderate
2026-06-30 20:00:00,Ratnapura,33.63,69.13,0.0,12.85,Brown Blight,Colletotrichum / Glomerella spp.,0.42,Moderate
2026-06-30 21:00:00,Ratnapura,32.5,73.88,0.0,17.71,Brown Blight,Colletotrichum / Glomerella spp.,0.655,High
2026-06-30 22:00:00,Ratnapura,30.34,72.24,0.0,17.12,Brown Blight,Colletotrichum / Glomerella spp.,0.676,High
2026-06-30 23:00:00,Ratnapura,30.83,77.55,0.0,12.37,Brown Blight,Colletotrichum / Glomerella spp.,0.869,Moderate
2026-07-01 00:00:00,Nuwara Eliya,15.07,90.74,2.05,14.71,Blister Blight,Exobasidium vexans,1.0,Moderate
2026-07-01 01:00:00,Nuwara Eliya,16.05,79.52,0.0,18.17,Blister Blight,Exobasidium vexans,0.981,High
2026-07-01 02:00:00,Nuwara Eliya,12.17,90.12,2.66,14.65,Blister Blight,Exobasidium vexans,0.887,Moderate
2026-07-01 03:00:00,Nuwara Eliya,12.85,80.13,0.0,13.2,Blister Blight,Exobasidium vexans,0.914,Moderate
2026-07-01 04:00:00,Nuwara Eliya,16.19,87.79,0.0,11.92,Blister Blight,Exobasidium vexans,1.0,Moderate
2026-07-01 05:00:00,Nuwara Eliya,13.13,89.25,0.14,13.11,Blister Blight,Exobasidium vexans,0.925,Moderate
2026-07-01 06:00:00,Nuwara Eliya,13.91,95.0,6.7,19.99,Blister Blight,Exobasidium vexans,0.956,High
2026-07-01 07:00:00,Nuwara Eliya,10.4,95.0,0.53,12.74,Blister Blight,Exobasidium vexans,0.816,Moderate
2026-07-01 08:00:00,Nuwara Eliya,13.09,87.47,0.0,9.24,Blister Blight (dormant/low risk),Exobasidium vexans,0.924,Low
2026-07-01 09:00:00,Nuwara Eliya,14.62,84.56,0.0,20.04,Blister Blight,Exobasidium vexans,0.985,High
2026-07-01 10:00:00,Nuwara Eliya,10.0,84.49,0.23,11.96,Blister Blight,Exobasidium vexans,0.8,Moderate
2026-07-01 11:00:00,Nuwara Eliya,11.6,89.74,3.01,7.69,Blister Blight (dormant/low risk),Exobasidium vexans,0.864,Low
2026-07-01 12:00:00,Nuwara Eliya,16.11,93.81,7.27,24.47,Blister Blight,Exobasidium vexans,1.0,High
2026-07-01 13:00:00,Nuwara Eliya,15.27,78.6,1.97,12.88,Blister Blight,Exobasidium vexans,0.944,Moderate
2026-07-01 14:00:00,Nuwara Eliya,18.53,77.35,2.6,14.83,Blister Blight,Exobasidium vexans,0.894,Moderate
2026-07-01 15:00:00,Nuwara Eliya,14.8,80.62,0.0,9.87,Blister Blight (dormant/low risk),Exobasidium vexans,0.992,Low
2026-07-01 16:00:00,Nuwara Eliya,18.75,69.43,0.0,5.06,Blister Blight (dormant/low risk),Exobasidium vexans,0.577,Low
2026-07-01 17:00:00,Nuwara Eliya,17.83,84.71,0.0,16.38,Blister Blight,Exobasidium vexans,1.0,High
2026-07-01 18:00:00,Nuwara Eliya,15.48,85.69,0.0,16.05,Blister Blight,Exobasidium vexans,1.0,High
2026-07-01 19:00:00,Nuwara Eliya,17.78,82.74,2.56,11.21,Blister Blight,Exobasidium vexans,1.0,Moderate
2026-07-01 20:00:00,Nuwara Eliya,22.21,76.37,0.77,16.99,Blister Blight,Exobasidium vexans,0.855,High
2026-07-01 21:00:00,Nuwara Eliya,17.57,80.47,2.74,15.87,Blister Blight,Exobasidium vexans,1.0,High
2026-07-01 22:00:00,Nuwara Eliya,19.03,76.46,0.0,13.86,Blister Blight,Exobasidium vexans,0.858,Moderate
2026-07-01 23:00:00,Nuwara Eliya,14.13,95.0,11.25,24.42,Blister Blight,Exobasidium vexans,0.965,High
2026-07-01 00:00:00,Kandy,23.26,80.29,4.51,12.0,Grey Blight,Pestalotiopsis spp.,1.0,Moderate
2026-07-01 01:00:00,Kandy,22.28,73.71,0.0,12.64,Grey Blight,Pestalotiopsis spp.,0.948,Moderate
2026-07-01 02:00:00,Kandy,21.1,79.77,1.98,18.49,Grey Blight,Pestalotiopsis spp.,1.0,High
2026-07-01 03:00:00,Kandy,22.24,64.04,0.0,10.03,Grey Blight (dormant/low risk),Pestalotiopsis spp.,0.562,Low
2026-07-01 04:00:00,Kandy,21.11,82.55,0.6,8.71,Grey Blight (dormant/low risk),Pestalotiopsis spp.,1.0,Low
2026-07-01 05:00:00,Kandy,20.68,76.41,2.22,14.84,Grey Blight,Pestalotiopsis spp.,1.0,Moderate
2026-07-01 06:00:00,Kandy,18.87,77.44,0.28,14.61,Grey Blight,Pestalotiopsis spp.,0.955,Moderate
2026-07-01 07:00:00,Kandy,18.97,81.48,1.95,15.28,Grey Blight,Pestalotiopsis spp.,0.959,Moderate
2026-07-01 08:00:00,Kandy,24.08,75.05,0.0,10.02,Grey Blight (dormant/low risk),Pestalotiopsis spp.,1.0,Low
2026-07-01 09:00:00,Kandy,21.14,81.55,0.0,8.95,Grey Blight (dormant/low risk),Pestalotiopsis spp.,1.0,Low
2026-07-01 10:00:00,Kandy,21.73,77.34,0.0,20.15,Grey Blight,Pestalotiopsis spp.,1.0,High
2026-07-01 11:00:00,Kandy,21.74,70.2,0.0,15.21,Grey Blight,Pestalotiopsis spp.,0.808,Moderate
2026-07-01 12:00:00,Kandy,20.93,71.42,0.0,18.14,Grey Blight,Pestalotiopsis spp.,0.857,High
2026-07-01 13:00:00,Kandy,25.16,63.5,0.0,13.49,Grey Blight,Pestalotiopsis spp.,0.534,Moderate
2026-07-01 14:00:00,Kandy,24.82,60.01,0.34,12.0,Grey Blight,Pestalotiopsis spp.,0.4,Moderate
2026-07-01 15:00:00,Kandy,24.0,65.24,2.86,11.72,Grey Blight,Pestalotiopsis spp.,0.61,Moderate
2026-07-01 16:00:00,Kandy,18.62,59.91,0.0,9.96,Grey Blight (dormant/low risk),Pestalotiopsis spp.,0.345,Low
2026-07-01 17:00:00,Kandy,26.11,65.91,0.0,7.33,Grey Blight (dormant/low risk),Pestalotiopsis spp.,0.592,Low
2026-07-01 18:00:00,Kandy,27.81,64.16,0.01,13.36,Grey Blight,Pestalotiopsis spp.,0.454,Moderate
2026-07-01 19:00:00,Kandy,25.23,71.98,0.0,22.04,Grey Blight,Pestalotiopsis spp.,0.87,High
2026-07-01 20:00:00,Kandy,21.83,77.14,1.18,11.13,Grey Blight,Pestalotiopsis spp.,1.0,Moderate
2026-07-01 21:00:00,Kandy,25.58,69.85,0.23,12.96,Grey Blight,Pestalotiopsis spp.,0.771,Moderate
2026-07-01 22:00:00,Kandy,24.78,71.51,0.0,14.34,Grey Blight,Pestalotiopsis spp.,0.86,Moderate
2026-07-01 23:00:00,Kandy,24.75,72.74,1.9,14.01,Grey Blight,Pestalotiopsis spp.,0.91,Moderate
2026-07-01 00:00:00,Ratnapura,30.65,76.85,0.0,14.51,Brown Blight,Colletotrichum / Glomerella spp.,0.848,Moderate
2026-07-01 01:00:00,Ratnapura,29.76,70.94,0.0,16.07,Brown Blight,Colletotrichum / Glomerella spp.,0.638,High
2026-07-01 02:00:00,Ratnapura,26.16,70.9,0.0,14.61,Brown Blight,Colletotrichum / Glomerella spp.,0.636,Moderate
2026-07-01 03:00:00,Ratnapura,28.88,67.6,0.0,9.91,Brown Blight (dormant/low risk),Colletotrichum / Glomerella spp.,0.504,Low
2026-07-01 04:00:00,Ratnapura,25.44,77.15,0.0,14.04,Brown Blight,Colletotrichum / Glomerella spp.,0.886,Moderate
2026-07-01 05:00:00,Ratnapura,23.91,92.37,2.32,21.2,Brown Blight,Colletotrichum / Glomerella spp.,0.956,High
2026-07-01 06:00:00,Ratnapura,28.21,87.21,3.71,5.54,Brown Blight (dormant/low risk),Colletotrichum / Glomerella spp.,1.0,Low
2026-07-01 07:00:00,Ratnapura,22.18,89.03,0.0,14.49,Brown Blight,Colletotrichum / Glomerella spp.,0.887,Moderate
2026-07-01 08:00:00,Ratnapura,26.23,89.79,3.82,6.58,Brown Blight (dormant/low risk),Colletotrichum / Glomerella spp.,1.0,Low
2026-07-01 09:00:00,Ratnapura,28.22,72.1,0.0,7.98,Brown Blight (dormant/low risk),Colletotrichum / Glomerella spp.,0.684,Low
2026-07-01 10:00:00,Ratnapura,24.47,78.23,0.0,16.8,Brown Blight,Colletotrichum / Glomerella spp.,0.908,High
2026-07-01 11:00:00,Ratnapura,24.1,84.59,2.07,12.04,Brown Blight,Colletotrichum / Glomerella spp.,0.964,Moderate
2026-07-01 12:00:00,Ratnapura,24.89,65.0,0.0,14.1,Brown Blight,Colletotrichum / Glomerella spp.,0.396,Moderate
2026-07-01 13:00:00,Ratnapura,26.89,74.64,3.96,18.14,Brown Blight,Colletotrichum / Glomerella spp.,0.786,High
2026-07-01 14:00:00,Ratnapura,26.6,71.89,0.0,5.97,Brown Blight (dormant/low risk),Colletotrichum / Glomerella spp.,0.676,Low
2026-07-01 15:00:00,Ratnapura,26.32,75.98,1.42,5.62,Brown Blight (dormant/low risk),Colletotrichum / Glomerella spp.,0.839,Low
2026-07-01 16:00:00,Ratnapura,28.31,71.12,0.17,11.98,Brown Blight,Colletotrichum / Glomerella spp.,0.645,Moderate
2026-07-01 17:00:00,Ratnapura,31.95,70.09,0.0,12.12,Brown Blight,Colletotrichum / Glomerella spp.,0.526,Moderate
2026-07-01 18:00:00,Ratnapura,26.36,72.38,2.08,7.99,Brown Blight (dormant/low risk),Colletotrichum / Glomerella spp.,0.695,Low
2026-07-01 19:00:00,Ratnapura,30.95,72.87,0.0,10.88,Brown Blight,Colletotrichum / Glomerella spp.,0.677,Moderate
2026-07-01 20:00:00,Ratnapura,31.54,75.65,0.0,10.0,Brown Blight (dormant/low risk),Colletotrichum / Glomerella spp.,0.764,Low
2026-07-01 21:00:00,Ratnapura,32.82,67.79,1.94,6.41,Brown Blight (dormant/low risk),Colletotrichum / Glomerella spp.,0.399,Low
2026-07-01 22:00:00,Ratnapura,32.41,68.31,0.0,10.01,Brown Blight (dormant/low risk),Colletotrichum / Glomerella spp.,0.436,Low
2026-07-01 23:00:00,Ratnapura,30.93,69.52,0.0,13.07,Brown Blight,Colletotrichum / Glomerella spp.,0.544,Moderate
2026-07-02 00:00:00,Nuwara Eliya,18.14,84.02,0.22,8.81,Blister Blight (dormant/low risk),Exobasidium vexans,1.0,Low
2026-07-02 01:00:00,Nuwara Eliya,19.7,77.29,0.68,21.36,Blister Blight,Exobasidium vexans,0.892,High
2026-07-02 02:00:00,Nuwara Eliya,13.26,82.27,0.0,10.48,Blister Blight (dormant/low risk),Exobasidium vexans,0.93,Low
2026-07-02 03:00:00,Nuwara Eliya,18.2,79.86,0.5,8.58,Blister Blight (dormant/low risk),Exobasidium vexans,0.994,Low
2026-07-02 04:00:00,Nuwara Eliya,14.29,95.0,3.01,13.91,Blister Blight,Exobasidium vexans,0.972,Moderate
2026-07-02 05:00:00,Nuwara Eliya,11.8,87.91,1.26,13.79,Blister Blight,Exobasidium vexans,0.872,Moderate
2026-07-02 06:00:00,Nuwara Eliya,12.78,95.0,0.76,17.79,Blister Blight,Exobasidium vexans,0.911,High
2026-07-02 07:00:00,Nuwara Eliya,11.25,94.47,0.34,16.17,Blister Blight,Exobasidium vexans,0.85,High
2026-07-02 08:00:00,Nuwara Eliya,13.59,95.0,0.81,21.22,Blister Blight,Exobasidium vexans,0.944,High
2026-07-02 09:00:00,Nuwara Eliya,11.92,94.76,2.27,18.36,Blister Blight,Exobasidium vexans,0.877,High
2026-07-02 10:00:00,Nuwara Eliya,12.88,88.19,1.08,15.29,Blister Blight,Exobasidium vexans,0.915,Moderate
2026-07-02 11:00:00,Nuwara Eliya,15.7,86.22,4.49,9.04,Blister Blight (dormant/low risk),Exobasidium vexans,1.0,Low
2026-07-02 12:00:00,Nuwara Eliya,14.29,80.13,2.05,9.81,Blister Blight (dormant/low risk),Exobasidium vexans,0.972,Low
2026-07-02 13:00:00,Nuwara Eliya,12.81,78.22,1.61,10.15,Blister Blight (dormant/low risk),Exobasidium vexans,0.841,Low
2026-07-02 14:00:00,Nuwara Eliya,18.11,78.52,0.0,17.46,Blister Blight,Exobasidium vexans,0.941,High
2026-07-02 15:00:00,Nuwara Eliya,16.09,79.0,3.28,11.09,Blister Blight,Exobasidium vexans,0.96,Moderate
2026-07-02 16:00:00,Nuwara Eliya,18.15,79.95,2.3,14.7,Blister Blight,Exobasidium vexans,0.998,Moderate
2026-07-02 17:00:00,Nuwara Eliya,17.38,75.48,0.0,10.9,Blister Blight,Exobasidium vexans,0.819,Moderate
2026-07-02 18:00:00,Nuwara Eliya,14.59,95.0,6.41,20.43,Blister Blight,Exobasidium vexans,0.984,High
2026-07-02 19:00:00,Nuwara Eliya,16.37,84.4,2.31,12.34,Blister Blight,Exobasidium vexans,1.0,Moderate
2026-07-02 20:00:00,Nuwara Eliya,17.7,82.83,0.21,12.08,Blister Blight,Exobasidium vexans,1.0,Moderate
2026-07-02 21:00:00,Nuwara Eliya,18.06,79.52,0.83,16.76,Blister Blight,Exobasidium vexans,0.981,High
2026-07-02 22:00:00,Nuwara Eliya,19.32,95.0,5.96,15.88,Blister Blight,Exobasidium vexans,1.0,High
2026-07-02 23:00:00,Nuwara Eliya,23.62,72.35,0.0,15.12,Blister Blight,Exobasidium vexans,0.694,Moderate
2026-07-02 00:00:00,Kandy,24.96,74.66,0.0,16.48,Grey Blight,Pestalotiopsis spp.,0.986,High
2026-07-02 01:00:00,Kandy,26.57,61.12,0.0,13.44,Grey Blight,Pestalotiopsis spp.,0.382,Moderate
2026-07-02 02:00:00,Kandy,24.43,66.0,0.5,7.95,Grey Blight (dormant/low risk),Pestalotiopsis spp.,0.64,Low
2026-07-02 03:00:00,Kandy,21.53,75.23,0.0,11.0,Grey Blight,Pestalotiopsis spp.,1.0,Moderate
2026-07-02 04:00:00,Kandy,20.91,78.2,0.0,17.82,Grey Blight,Pestalotiopsis spp.,1.0,High
2026-07-02 05:00:00,Kandy,23.26,73.11,0.0,15.7,Grey Blight,Pestalotiopsis spp.,0.924,Moderate
2026-07-02 06:00:00,Kandy,23.37,79.59,0.0,14.11,Grey Blight,Pestalotiopsis spp.,1.0,Moderate
2026-07-02 07:00:00,Kandy,22.67,81.32,0.0,12.03,Grey Blight,Pestalotiopsis spp.,1.0,Moderate
2026-07-02 08:00:00,Kandy,19.5,87.94,0.98,19.48,Grey Blight,Pestalotiopsis spp.,0.98,High
2026-07-02 09:00:00,Kandy,20.67,76.34,1.21,9.51,Grey Blight (dormant/low risk),Pestalotiopsis spp.,1.0,Low
2026-07-02 10:00:00,Kandy,20.36,81.93,3.64,9.85,Grey Blight (dormant/low risk),Pestalotiopsis spp.,1.0,Low
2026-07-02 11:00:00,Kandy,22.93,73.26,0.0,14.47,Grey Blight,Pestalotiopsis spp.,0.93,Moderate
2026-07-02 12:00:00,Kandy,19.31,69.43,0.0,6.37,Grey Blight (dormant/low risk),Pestalotiopsis spp.,0.75,Low
2026-07-02 13:00:00,Kandy,21.31,75.53,1.91,14.08,Grey Blight,Pestalotiopsis spp.,1.0,Moderate
2026-07-02 14:00:00,Kandy,21.72,67.12,0.9,16.14,Grey Blight,Pestalotiopsis spp.,0.685,High
2026-07-02 15:00:00,Kandy,23.73,66.57,3.06,14.8,Grey Blight,Pestalotiopsis spp.,0.663,Moderate
2026-07-02 16:00:00,Kandy,23.93,66.29,0.0,16.62,Grey Blight,Pestalotiopsis spp.,0.652,High
2026-07-02 17:00:00,Kandy,27.25,66.39,1.14,9.2,Grey Blight (dormant/low risk),Pestalotiopsis spp.,0.566,Low
2026-07-02 18:00:00,Kandy,23.19,71.45,0.05,13.42,Grey Blight,Pestalotiopsis spp.,0.858,Moderate
2026-07-02 19:00:00,Kandy,26.26,69.84,0.0,11.91,Grey Blight,Pestalotiopsis spp.,0.743,Moderate
2026-07-02 20:00:00,Kandy,27.38,67.58,0.0,13.04,Grey Blight,Pestalotiopsis spp.,0.608,Moderate
2026-07-02 21:00:00,Kandy,22.4,66.87,1.32,9.34,Grey Blight (dormant/low risk),Pestalotiopsis spp.,0.675,Low
2026-07-02 22:00:00,Kandy,24.37,78.35,5.85,15.92,Grey Blight,Pestalotiopsis spp.,1.0,High
2026-07-02 23:00:00,Kandy,24.03,70.6,0.0,7.94,Grey Blight (dormant/low risk),Pestalotiopsis spp.,0.824,Low
2026-07-02 00:00:00,Ratnapura,32.03,74.14,0.0,14.38,Brown Blight,Colletotrichum / Glomerella spp.,0.684,Moderate
2026-07-02 01:00:00,Ratnapura,31.67,65.0,0.0,9.71,Brown Blight (dormant/low risk),Colletotrichum / Glomerella spp.,0.333,Low
2026-07-02 02:00:00,Ratnapura,30.88,76.44,0.0,9.5,Brown Blight (dormant/low risk),Colletotrichum / Glomerella spp.,0.822,Low
2026-07-02 03:00:00,Ratnapura,27.2,97.26,14.37,17.93,Brown Blight,Colletotrichum / Glomerella spp.,1.0,High
2026-07-02 04:00:00,Ratnapura,29.15,81.48,0.0,8.08,Brown Blight (dormant/low risk),Colletotrichum / Glomerella spp.,1.0,Low
2026-07-02 05:00:00,Ratnapura,27.67,77.15,0.0,14.45,Brown Blight,Colletotrichum / Glomerella spp.,0.886,Moderate
2026-07-02 06:00:00,Ratnapura,28.25,82.69,0.0,14.45,Brown Blight,Colletotrichum / Glomerella spp.,1.0,Moderate
2026-07-02 07:00:00,Ratnapura,23.65,87.49,1.95,18.84,Brown Blight,Colletotrichum / Glomerella spp.,0.946,High
2026-07-02 08:00:00,Ratnapura,24.32,91.2,1.35,17.23,Brown Blight,Colletotrichum / Glomerella spp.,0.973,High
2026-07-02 09:00:00,Ratnapura,24.95,82.17,0.93,18.35,Brown Blight,Colletotrichum / Glomerella spp.,0.998,High
2026-07-02 10:00:00,Ratnapura,28.32,67.29,0.0,6.88,Brown Blight (dormant/low risk),Colletotrichum / Glomerella spp.,0.492,Low
2026-07-02 11:00:00,Ratnapura,28.05,83.16,2.98,9.23,Brown Blight (dormant/low risk),Colletotrichum / Glomerella spp.,1.0,Low
2026-07-02 12:00:00,Ratnapura,22.0,77.43,0.0,16.44,Brown Blight,Colletotrichum / Glomerella spp.,0.777,High
2026-07-02 13:00:00,Ratnapura,23.54,72.59,0.0,14.94,Brown Blight,Colletotrichum / Glomerella spp.,0.645,Moderate
2026-07-02 14:00:00,Ratnapura,29.11,74.42,0.0,12.87,Brown Blight,Colletotrichum / Glomerella spp.,0.777,Moderate
2026-07-02 15:00:00,Ratnapura,28.16,76.91,0.0,9.26,Brown Blight (dormant/low risk),Colletotrichum / Glomerella spp.,0.876,Low
2026-07-02 16:00:00,Ratnapura,29.95,66.67,0.0,6.88,Brown Blight (dormant/low risk),Colletotrichum / Glomerella spp.,0.467,Low
2026-07-02 17:00:00,Ratnapura,26.69,74.11,0.0,11.7,Brown Blight,Colletotrichum / Glomerella spp.,0.764,Moderate
2026-07-02 18:00:00,Ratnapura,34.76,69.2,0.0,8.0,Brown Blight (dormant/low risk),Colletotrichum / Glomerella spp.,0.378,Low
2026-07-02 19:00:00,Ratnapura,27.26,68.45,0.0,9.32,Brown Blight (dormant/low risk),Colletotrichum / Glomerella spp.,0.538,Low
2026-07-02 20:00:00,Ratnapura,34.16,72.95,0.0,11.64,Brown Blight,Colletotrichum / Glomerella spp.,0.552,Moderate
2026-07-02 21:00:00,Ratnapura,33.07,78.36,5.09,15.83,Brown Blight,Colletotrichum / Glomerella spp.,0.812,High
2026-07-02 22:00:00,Ratnapura,32.93,66.97,0.0,11.48,Brown Blight,Colletotrichum / Glomerella spp.,0.362,Moderate
2026-07-02 23:00:00,Ratnapura,31.35,72.45,0.0,13.22,Brown Blight,Colletotrichum / Glomerella spp.,0.644,Moderate
2026-07-03 00:00:00,Nuwara Eliya,14.76,92.69,3.88,15.49,Blister Blight,Exobasidium vexans,0.99,Moderate
2026-07-03 01:00:00,Nuwara Eliya,18.59,86.13,2.19,15.29,Blister Blight,Exobasidium vexans,1.0,Moderate
2026-07-03 02:00:00,Nuwara Eliya,17.82,81.74,0.0,7.83,Blister Blight (dormant/low risk),Exobasidium vexans,1.0,Low
2026-07-03 03:00:00,Nuwara Eliya,10.89,87.48,4.53,17.89,Blister Blight,Exobasidium vexans,0.836,High
2026-07-03 04:00:00,Nuwara Eliya,12.14,92.02,0.0,15.89,Blister Blight,Exobasidium vexans,0.886,High
2026-07-03 05:00:00,Nuwara Eliya,11.45,95.0,5.47,13.71,Blister Blight,Exobasidium vexans,0.858,Moderate
2026-07-03 06:00:00,Nuwara Eliya,12.54,89.0,0.0,12.79,Blister Blight,Exobasidium vexans,0.902,Moderate
2026-07-03 07:00:00,Nuwara Eliya,11.7,95.0,2.86,19.58,Blister Blight,Exobasidium vexans,0.868,High
2026-07-03 08:00:00,Nuwara Eliya,16.12,95.0,6.86,15.07,Blister Blight,Exobasidium vexans,1.0,Moderate
2026-07-03 09:00:00,Nuwara Eliya,13.79,89.14,0.0,12.89,Blister Blight,Exobasidium vexans,0.952,Moderate
2026-07-03 10:00:00,Nuwara Eliya,12.34,86.22,1.0,16.72,Blister Blight,Exobasidium vexans,0.894,High
2026-07-03 11:00:00,Nuwara Eliya,15.55,87.56,0.14,15.1,Blister Blight,Exobasidium vexans,1.0,Moderate
2026-07-03 12:00:00,Nuwara Eliya,14.89,71.53,0.0,16.21,Blister Blight,Exobasidium vexans,0.657,High
2026-07-03 13:00:00,Nuwara Eliya,15.66,78.41,0.0,16.79,Blister Blight,Exobasidium vexans,0.936,High
2026-07-03 14:00:00,Nuwara Eliya,12.34,76.33,1.61,11.43,Blister Blight,Exobasidium vexans,0.747,Moderate
2026-07-03 15:00:00,Nuwara Eliya,13.17,66.2,0.63,10.87,Blister Blight,Exobasidium vexans,0.375,Moderate
2026-07-03 16:00:00,Nuwara Eliya,17.04,68.99,0.0,11.62,Blister Blight,Exobasidium vexans,0.56,Moderate
2026-07-03 17:00:00,Nuwara Eliya,19.18,80.94,3.72,9.87,Blister Blight (dormant/low risk),Exobasidium vexans,1.0,Low
2026-07-03 18:00:00,Nuwara Eliya,17.8,74.41,0.0,9.89,Blister Blight (dormant/low risk),Exobasidium vexans,0.776,Low
2026-07-03 19:00:00,Nuwara Eliya,22.46,78.79,0.0,16.06,Blister Blight,Exobasidium vexans,0.952,High
2026-07-03 20:00:00,Nuwara Eliya,17.7,81.63,0.0,11.59,Blister Blight,Exobasidium vexans,1.0,Moderate
2026-07-03 21:00:00,Nuwara Eliya,18.33,83.16,1.41,11.97,Blister Blight,Exobasidium vexans,1.0,Moderate
2026-07-03 22:00:00,Nuwara Eliya,20.3,82.15,1.26,14.16,Blister Blight,Exobasidium vexans,1.0,Moderate
2026-07-03 23:00:00,Nuwara Eliya,19.05,80.03,0.45,12.18,Blister Blight,Exobasidium vexans,1.0,Moderate
2026-07-03 00:00:00,Kandy,22.35,67.17,2.11,10.72,Grey Blight (dormant/low risk),Pestalotiopsis spp.,0.687,Low
2026-07-03 01:00:00,Kandy,23.57,65.15,0.45,11.18,Grey Blight,Pestalotiopsis spp.,0.606,Moderate
2026-07-03 02:00:00,Kandy,21.28,71.54,0.0,7.86,Grey Blight (dormant/low risk),Pestalotiopsis spp.,0.862,Low
2026-07-03 03:00:00,Kandy,19.92,73.27,0.12,17.31,Grey Blight,Pestalotiopsis spp.,0.928,High
2026-07-03 04:00:00,Kandy,25.32,68.9,0.0,8.59,Grey Blight (dormant/low risk),Pestalotiopsis spp.,0.743,Low
2026-07-03 05:00:00,Kandy,18.0,77.5,0.0,11.53,Grey Blight,Pestalotiopsis spp.,0.92,Moderate
2026-07-03 06:00:00,Kandy,21.43,74.05,0.0,17.17,Grey Blight,Pestalotiopsis spp.,0.962,High
2026-07-03 07:00:00,Kandy,18.0,83.68,0.56,12.09,Grey Blight,Pestalotiopsis spp.,0.92,Moderate
2026-07-03 08:00:00,Kandy,19.76,87.27,1.62,17.97,Grey Blight,Pestalotiopsis spp.,0.99,High
2026-07-03 09:00:00,Kandy,20.16,73.2,1.74,14.02,Grey Blight,Pestalotiopsis spp.,0.928,Moderate
2026-07-03 10:00:00,Kandy,20.28,72.47,0.0,14.55,Grey Blight,Pestalotiopsis spp.,0.899,Moderate
2026-07-03 11:00:00,Kandy,23.97,69.11,2.68,10.15,Grey Blight (dormant/low risk),Pestalotiopsis spp.,0.764,Low
2026-07-03 12:00:00,Kandy,22.28,65.83,0.79,9.34,Grey Blight (dormant/low risk),Pestalotiopsis spp.,0.633,Low
2026-07-03 13:00:00,Kandy,20.83,70.27,0.0,14.43,Grey Blight,Pestalotiopsis spp.,0.811,Moderate
2026-07-03 14:00:00,Kandy,25.56,61.47,0.0,16.5,Grey Blight,Pestalotiopsis spp.,0.436,High
2026-07-03 15:00:00,Kandy,21.03,64.05,0.52,14.94,Grey Blight,Pestalotiopsis spp.,0.562,Moderate
2026-07-03 16:00:00,Kandy,26.52,57.38,0.0,8.62,Grey Blight (dormant/low risk),Pestalotiopsis spp.,0.339,Low
2026-07-03 17:00:00,Kandy,24.06,70.3,0.0,13.77,Grey Blight,Pestalotiopsis spp.,0.812,Moderate
2026-07-03 18:00:00,Kandy,25.51,64.77,0.0,18.04,Grey Blight,Pestalotiopsis spp.,0.57,High
2026-07-03 19:00:00,Kandy,23.06,74.47,2.29,16.52,Grey Blight,Pestalotiopsis spp.,0.979,High
2026-07-03 20:00:00,Kandy,26.04,70.85,0.0,10.73,Grey Blight (dormant/low risk),Pestalotiopsis spp.,0.792,Low
2026-07-03 21:00:00,Kandy,26.51,73.37,0.0,7.3,Grey Blight (dormant/low risk),Pestalotiopsis spp.,0.874,Low
2026-07-03 22:00:00,Kandy,25.86,68.5,0.0,12.69,Grey Blight,Pestalotiopsis spp.,0.706,Moderate
2026-07-03 23:00:00,Kandy,23.26,71.17,0.0,14.15,Grey Blight,Pestalotiopsis spp.,0.847,Moderate
2026-07-03 00:00:00,Ratnapura,28.48,77.33,0.5,14.55,Brown Blight,Colletotrichum / Glomerella spp.,0.893,Moderate
2026-07-03 01:00:00,Ratnapura,32.26,76.31,0.0,10.06,Brown Blight (dormant/low risk),Colletotrichum / Glomerella spp.,0.762,Low
2026-07-03 02:00:00,Ratnapura,26.0,73.79,0.0,13.46,Brown Blight,Colletotrichum / Glomerella spp.,0.752,Moderate
2026-07-03 03:00:00,Ratnapura,28.22,78.15,0.0,13.97,Brown Blight,Colletotrichum / Glomerella spp.,0.926,Moderate
2026-07-03 04:00:00,Ratnapura,28.83,75.82,0.0,11.33,Brown Blight,Colletotrichum / Glomerella spp.,0.833,Moderate
2026-07-03 05:00:00,Ratnapura,25.34,84.02,0.0,14.59,Brown Blight,Colletotrichum / Glomerella spp.,1.0,Moderate
2026-07-03 06:00:00,Ratnapura,23.02,97.19,4.96,21.4,Brown Blight,Colletotrichum / Glomerella spp.,0.921,High
2026-07-03 07:00:00,Ratnapura,25.97,86.87,0.0,14.97,Brown Blight,Colletotrichum / Glomerella spp.,1.0,Moderate
2026-07-03 08:00:00,Ratnapura,25.07,71.43,0.0,17.74,Brown Blight,Colletotrichum / Glomerella spp.,0.657,High
2026-07-03 09:00:00,Ratnapura,23.79,92.34,4.01,21.57,Brown Blight,Colletotrichum / Glomerella spp.,0.952,High
2026-07-03 10:00:00,Ratnapura,25.98,77.71,0.0,21.04,Brown Blight,Colletotrichum / Glomerella spp.,0.908,High
2026-07-03 11:00:00,Ratnapura,24.45,77.26,2.13,17.69,Brown Blight,Colletotrichum / Glomerella spp.,0.868,High
2026-07-03 12:00:00,Ratnapura,28.93,65.0,0.0,8.66,Brown Blight (dormant/low risk),Colletotrichum / Glomerella spp.,0.4,Low
2026-07-03 13:00:00,Ratnapura,27.0,72.65,0.0,13.71,Brown Blight,Colletotrichum / Glomerella spp.,0.706,Moderate
2026-07-03 14:00:00,Ratnapura,28.02,65.0,0.0,14.38,Brown Blight,Colletotrichum / Glomerella spp.,0.4,Moderate
2026-07-03 15:00:00,Ratnapura,29.37,65.0,0.0,12.06,Brown Blight,Colletotrichum / Glomerella spp.,0.4,Moderate
2026-07-03 16:00:00,Ratnapura,27.54,70.18,0.0,12.37,Brown Blight,Colletotrichum / Glomerella spp.,0.607,Moderate
2026-07-03 17:00:00,Ratnapura,30.83,76.52,0.0,16.7,Brown Blight,Colletotrichum / Glomerella spp.,0.828,High
2026-07-03 18:00:00,Ratnapura,27.36,74.78,0.0,3.26,Brown Blight (dormant/low risk),Colletotrichum / Glomerella spp.,0.791,Low
2026-07-03 19:00:00,Ratnapura,29.75,77.5,0.0,14.26,Brown Blight,Colletotrichum / Glomerella spp.,0.9,Moderate
2026-07-03 20:00:00,Ratnapura,31.5,69.91,0.83,6.9,Brown Blight (dormant/low risk),Colletotrichum / Glomerella spp.,0.536,Low
2026-07-03 21:00:00,Ratnapura,30.4,69.6,0.0,9.31,Brown Blight (dormant/low risk),Colletotrichum / Glomerella spp.,0.568,Low
2026-07-03 22:00:00,Ratnapura,30.97,71.52,0.0,7.77,Brown Blight (dormant/low risk),Colletotrichum / Glomerella spp.,0.622,Low
2026-07-03 23:00:00,Ratnapura,33.72,68.34,0.0,13.04,Brown Blight,Colletotrichum / Glomerella spp.,0.385,Moderate
2026-07-04 00:00:00,Nuwara Eliya,18.73,84.98,0.0,14.64,Blister Blight,Exobasidium vexans,1.0,Moderate
2026-07-04 01:00:00,Nuwara Eliya,16.66,79.03,0.0,14.43,Blister Blight,Exobasidium vexans,0.961,Moderate
2026-07-04 02:00:00,Nuwara Eliya,14.47,83.48,0.0,12.07,Blister Blight,Exobasidium vexans,0.979,Moderate
2026-07-04 03:00:00,Nuwara Eliya,17.22,80.53,0.0,7.52,Blister Blight (dormant/low risk),Exobasidium vexans,1.0,Low
2026-07-04 04:00:00,Nuwara Eliya,13.56,95.0,1.18,14.55,Blister Blight,Exobasidium vexans,0.942,Moderate
2026-07-04 05:00:00,Nuwara Eliya,12.69,95.0,8.7,16.93,Blister Blight,Exobasidium vexans,0.908,High
2026-07-04 06:00:00,Nuwara Eliya,10.0,95.0,2.68,17.0,Blister Blight,Exobasidium vexans,0.8,High
2026-07-04 07:00:00,Nuwara Eliya,11.48,95.0,2.81,17.38,Blister Blight,Exobasidium vexans,0.859,High
2026-07-04 08:00:00,Nuwara Eliya,12.63,90.8,0.0,19.26,Blister Blight,Exobasidium vexans,0.905,High
2026-07-04 09:00:00,Nuwara Eliya,13.93,95.0,3.79,15.21,Blister Blight,Exobasidium vexans,0.957,Moderate
2026-07-04 10:00:00,Nuwara Eliya,13.76,84.98,1.85,12.47,Blister Blight,Exobasidium vexans,0.95,Moderate
2026-07-04 11:00:00,Nuwara Eliya,15.7,94.97,10.48,22.55,Blister Blight,Exobasidium vexans,1.0,High
2026-07-04 12:00:00,Nuwara Eliya,15.53,80.2,1.25,13.06,Blister Blight,Exobasidium vexans,1.0,Moderate
2026-07-04 13:00:00,Nuwara Eliya,15.57,69.73,0.0,6.68,Blister Blight (dormant/low risk),Exobasidium vexans,0.589,Low
2026-07-04 14:00:00,Nuwara Eliya,14.38,88.8,4.93,12.21,Blister Blight,Exobasidium vexans,0.975,Moderate
2026-07-04 15:00:00,Nuwara Eliya,15.28,87.59,1.76,19.58,Blister Blight,Exobasidium vexans,1.0,High
2026-07-04 16:00:00,Nuwara Eliya,19.92,65.93,0.0,15.12,Blister Blight,Exobasidium vexans,0.437,Moderate
2026-07-04 17:00:00,Nuwara Eliya,20.05,73.78,0.0,13.52,Blister Blight,Exobasidium vexans,0.751,Moderate
2026-07-04 18:00:00,Nuwara Eliya,20.6,79.12,0.0,17.05,Blister Blight,Exobasidium vexans,0.965,High
2026-07-04 19:00:00,Nuwara Eliya,18.54,95.0,4.62,20.18,Blister Blight,Exobasidium vexans,1.0,High
2026-07-04 20:00:00,Nuwara Eliya,16.89,85.56,5.06,13.46,Blister Blight,Exobasidium vexans,1.0,Moderate
2026-07-04 21:00:00,Nuwara Eliya,17.19,76.92,0.0,14.21,Blister Blight,Exobasidium vexans,0.877,Moderate
2026-07-04 22:00:00,Nuwara Eliya,18.93,82.37,0.98,10.41,Blister Blight (dormant/low risk),Exobasidium vexans,1.0,Low
2026-07-04 23:00:00,Nuwara Eliya,18.89,87.2,5.54,11.5,Blister Blight,Exobasidium vexans,1.0,Moderate
2026-07-04 00:00:00,Kandy,26.26,64.7,0.99,12.67,Grey Blight,Pestalotiopsis spp.,0.538,Moderate
2026-07-04 01:00:00,Kandy,25.39,73.97,0.56,12.25,Grey Blight,Pestalotiopsis spp.,0.943,Moderate
2026-07-04 02:00:00,Kandy,24.74,70.57,0.33,13.59,Grey Blight,Pestalotiopsis spp.,0.823,Moderate
2026-07-04 03:00:00,Kandy,23.42,76.08,0.69,8.31,Grey Blight (dormant/low risk),Pestalotiopsis spp.,1.0,Low
2026-07-04 04:00:00,Kandy,24.35,76.83,0.0,14.91,Grey Blight,Pestalotiopsis spp.,1.0,Moderate
2026-07-04 05:00:00,Kandy,20.5,77.15,0.0,12.36,Grey Blight,Pestalotiopsis spp.,1.0,Moderate
2026-07-04 06:00:00,Kandy,21.19,81.56,0.0,11.9,Grey Blight,Pestalotiopsis spp.,1.0,Moderate
2026-07-04 07:00:00,Kandy,21.43,81.31,0.0,13.06,Grey Blight,Pestalotiopsis spp.,1.0,Moderate
2026-07-04 08:00:00,Kandy,19.87,73.41,0.26,9.32,Grey Blight (dormant/low risk),Pestalotiopsis spp.,0.931,Low
2026-07-04 09:00:00,Kandy,18.0,74.51,0.0,13.07,Grey Blight,Pestalotiopsis spp.,0.9,Moderate
2026-07-04 10:00:00,Kandy,21.41,69.29,0.0,11.2,Grey Blight,Pestalotiopsis spp.,0.772,Moderate
2026-07-04 11:00:00,Kandy,22.87,77.17,1.46,17.93,Grey Blight,Pestalotiopsis spp.,1.0,High
2026-07-04 12:00:00,Kandy,22.33,60.21,0.0,10.63,Grey Blight (dormant/low risk),Pestalotiopsis spp.,0.408,Low
2026-07-04 13:00:00,Kandy,21.72,62.86,0.0,9.6,Grey Blight (dormant/low risk),Pestalotiopsis spp.,0.514,Low
2026-07-04 14:00:00,Kandy,23.15,65.54,2.44,12.48,Grey Blight,Pestalotiopsis spp.,0.622,Moderate
2026-07-04 15:00:00,Kandy,25.07,67.86,0.0,13.95,Grey Blight,Pestalotiopsis spp.,0.712,Moderate
2026-07-04 16:00:00,Kandy,27.56,67.28,3.2,6.94,Grey Blight (dormant/low risk),Pestalotiopsis spp.,0.589,Low
2026-07-04 17:00:00,Kandy,26.35,69.77,0.0,7.37,Grey Blight (dormant/low risk),Pestalotiopsis spp.,0.737,Low
2026-07-04 18:00:00,Kandy,30.0,75.19,0.0,12.59,Grey Blight,Pestalotiopsis spp.,0.8,Moderate
2026-07-04 19:00:00,Kandy,26.85,64.83,0.11,10.92,Grey Blight,Pestalotiopsis spp.,0.519,Moderate
2026-07-04 20:00:00,Kandy,23.42,71.08,0.92,9.2,Grey Blight (dormant/low risk),Pestalotiopsis spp.,0.843,Low
2026-07-04 21:00:00,Kandy,26.4,68.86,0.0,7.94,Grey Blight (dormant/low risk),Pestalotiopsis spp.,0.698,Low
2026-07-04 22:00:00,Kandy,23.31,69.91,0.0,15.03,Grey Blight,Pestalotiopsis spp.,0.796,Moderate
2026-07-04 23:00:00,Kandy,20.73,73.99,0.0,15.77,Grey Blight,Pestalotiopsis spp.,0.96,High
2026-07-04 00:00:00,Ratnapura,31.19,65.71,0.0,13.07,Brown Blight,Colletotrichum / Glomerella spp.,0.381,Moderate
2026-07-04 01:00:00,Ratnapura,32.03,71.61,0.0,10.02,Brown Blight (dormant/low risk),Colletotrichum / Glomerella spp.,0.583,Low
2026-07-04 02:00:00,Ratnapura,30.52,67.28,0.83,11.49,Brown Blight,Colletotrichum / Glomerella spp.,0.47,Moderate
2026-07-04 03:00:00,Ratnapura,25.76,90.79,4.47,22.03,Brown Blight,Colletotrichum / Glomerella spp.,1.0,High
2026-07-04 04:00:00,Ratnapura,23.97,90.89,0.0,18.62,Brown Blight,Colletotrichum / Glomerella spp.,0.959,High
2026-07-04 05:00:00,Ratnapura,27.74,84.71,0.0,9.47,Brown Blight (dormant/low risk),Colletotrichum / Glomerella spp.,1.0,Low
2026-07-04 06:00:00,Ratnapura,27.51,84.89,0.35,8.61,Brown Blight (dormant/low risk),Colletotrichum / Glomerella spp.,1.0,Low
2026-07-04 07:00:00,Ratnapura,25.63,85.01,1.59,9.54,Brown Blight (dormant/low risk),Colletotrichum / Glomerella spp.,1.0,Low
2026-07-04 08:00:00,Ratnapura,25.86,89.85,0.0,15.4,Brown Blight,Colletotrichum / Glomerella spp.,1.0,Moderate
2026-07-04 09:00:00,Ratnapura,26.36,76.64,0.0,13.09,Brown Blight,Colletotrichum / Glomerella spp.,0.866,Moderate
2026-07-04 10:00:00,Ratnapura,23.66,85.0,0.0,12.31,Brown Blight,Colletotrichum / Glomerella spp.,0.946,Moderate
2026-07-04 11:00:00,Ratnapura,24.28,74.54,1.04,12.1,Brown Blight,Colletotrichum / Glomerella spp.,0.753,Moderate
2026-07-04 12:00:00,Ratnapura,27.33,74.16,0.0,10.71,Brown Blight (dormant/low risk),Colletotrichum / Glomerella spp.,0.766,Low
2026-07-04 13:00:00,Ratnapura,29.54,77.31,4.07,13.43,Brown Blight,Colletotrichum / Glomerella spp.,0.892,Moderate
2026-07-04 14:00:00,Ratnapura,31.6,66.36,0.0,16.82,Brown Blight,Colletotrichum / Glomerella spp.,0.39,High
2026-07-04 15:00:00,Ratnapura,28.96,67.75,0.0,11.0,Brown Blight,Colletotrichum / Glomerella spp.,0.51,Moderate
2026-07-04 16:00:00,Ratnapura,31.41,75.46,0.0,13.49,Brown Blight,Colletotrichum / Glomerella spp.,0.762,Moderate
2026-07-04 17:00:00,Ratnapura,30.0,77.65,0.0,14.56,Brown Blight,Colletotrichum / Glomerella spp.,0.906,Moderate
2026-07-04 18:00:00,Ratnapura,31.16,70.72,0.0,17.24,Brown Blight,Colletotrichum / Glomerella spp.,0.582,High
2026-07-04 19:00:00,Ratnapura,32.54,67.22,0.0,9.28,Brown Blight (dormant/low risk),Colletotrichum / Glomerella spp.,0.387,Low
2026-07-04 20:00:00,Ratnapura,32.37,79.69,0.71,12.52,Brown Blight,Colletotrichum / Glomerella spp.,0.893,Moderate
2026-07-04 21:00:00,Ratnapura,28.12,76.39,0.0,8.48,Brown Blight (dormant/low risk),Colletotrichum / Glomerella spp.,0.856,Low
2026-07-04 22:00:00,Ratnapura,32.03,72.6,0.0,11.37,Brown Blight,Colletotrichum / Glomerella spp.,0.623,Moderate
2026-07-04 23:00:00,Ratnapura,32.74,76.42,0.72,14.28,Brown Blight,Colletotrichum / Glomerella spp.,0.747,Moderate
2026-07-05 00:00:00,Nuwara Eliya,14.45,80.59,0.42,11.48,Blister Blight,Exobasidium vexans,0.978,Moderate
2026-07-05 01:00:00,Nuwara Eliya,19.72,74.32,0.0,15.3,Blister Blight,Exobasidium vexans,0.773,Moderate
2026-07-05 02:00:00,Nuwara Eliya,16.59,84.18,0.0,16.02,Blister Blight,Exobasidium vexans,1.0,High
2026-07-05 03:00:00,Nuwara Eliya,13.4,81.79,0.14,11.83,Blister Blight,Exobasidium vexans,0.936,Moderate
2026-07-05 04:00:00,Nuwara Eliya,10.0,95.0,0.0,11.66,Blister Blight,Exobasidium vexans,0.8,Moderate
2026-07-05 05:00:00,Nuwara Eliya,10.86,90.72,0.0,16.24,Blister Blight,Exobasidium vexans,0.834,High
2026-07-05 06:00:00,Nuwara Eliya,16.05,90.16,0.0,13.65,Blister Blight,Exobasidium vexans,1.0,Moderate
2026-07-05 07:00:00,Nuwara Eliya,13.01,91.29,2.06,16.6,Blister Blight,Exobasidium vexans,0.92,High
2026-07-05 08:00:00,Nuwara Eliya,14.3,89.55,1.52,17.59,Blister Blight,Exobasidium vexans,0.972,High
2026-07-05 09:00:00,Nuwara Eliya,12.95,80.1,0.0,7.75,Blister Blight (dormant/low risk),Exobasidium vexans,0.918,Low
2026-07-05 10:00:00,Nuwara Eliya,11.2,88.39,2.38,8.71,Blister Blight (dormant/low risk),Exobasidium vexans,0.848,Low
2026-07-05 11:00:00,Nuwara Eliya,12.02,86.34,0.0,13.33,Blister Blight,Exobasidium vexans,0.881,Moderate
2026-07-05 12:00:00,Nuwara Eliya,16.81,83.85,0.0,17.78,Blister Blight,Exobasidium vexans,1.0,High
2026-07-05 13:00:00,Nuwara Eliya,16.5,85.83,5.99,12.95,Blister Blight,Exobasidium vexans,1.0,Moderate
2026-07-05 14:00:00,Nuwara Eliya,15.14,78.78,2.65,16.09,Blister Blight,Exobasidium vexans,0.951,High
2026-07-05 15:00:00,Nuwara Eliya,18.19,75.21,0.0,14.38,Blister Blight,Exobasidium vexans,0.808,Moderate
2026-07-05 16:00:00,Nuwara Eliya,17.83,72.98,1.21,17.5,Blister Blight,Exobasidium vexans,0.719,High
2026-07-05 17:00:00,Nuwara Eliya,13.91,77.83,0.36,16.36,Blister Blight,Exobasidium vexans,0.87,High
2026-07-05 18:00:00,Nuwara Eliya,18.81,80.09,0.51,9.54,Blister Blight (dormant/low risk),Exobasidium vexans,1.0,Low
2026-07-05 19:00:00,Nuwara Eliya,22.17,75.66,0.0,11.47,Blister Blight,Exobasidium vexans,0.826,Moderate
2026-07-05 20:00:00,Nuwara Eliya,16.65,87.16,0.7,13.8,Blister Blight,Exobasidium vexans,1.0,Moderate
2026-07-05 21:00:00,Nuwara Eliya,18.69,74.72,0.0,14.39,Blister Blight,Exobasidium vexans,0.789,Moderate
2026-07-05 22:00:00,Nuwara Eliya,20.95,77.2,0.0,15.86,Blister Blight,Exobasidium vexans,0.888,High
2026-07-05 23:00:00,Nuwara Eliya,18.03,72.39,0.03,17.26,Blister Blight,Exobasidium vexans,0.696,High
2026-07-05 00:00:00,Kandy,20.39,79.39,0.0,16.05,Grey Blight,Pestalotiopsis spp.,1.0,High
2026-07-05 01:00:00,Kandy,23.48,78.4,0.0,13.1,Grey Blight,Pestalotiopsis spp.,1.0,Moderate
2026-07-05 02:00:00,Kandy,20.86,73.01,0.0,12.97,Grey Blight,Pestalotiopsis spp.,0.92,Moderate
2026-07-05 03:00:00,Kandy,19.67,85.59,0.0,12.01,Grey Blight,Pestalotiopsis spp.,0.987,Moderate
2026-07-05 04:00:00,Kandy,20.37,82.96,0.0,12.8,Grey Blight,Pestalotiopsis spp.,1.0,Moderate
2026-07-05 05:00:00,Kandy,21.4,83.29,1.26,16.32,Grey Blight,Pestalotiopsis spp.,1.0,High
2026-07-05 06:00:00,Kandy,21.55,73.6,0.0,12.9,Grey Blight,Pestalotiopsis spp.,0.944,Moderate
2026-07-05 07:00:00,Kandy,19.44,88.03,3.68,15.34,Grey Blight,Pestalotiopsis spp.,0.978,Moderate
2026-07-05 08:00:00,Kandy,18.0,80.34,0.07,8.94,Grey Blight (dormant/low risk),Pestalotiopsis spp.,0.92,Low
2026-07-05 09:00:00,Kandy,19.12,72.22,0.0,5.66,Grey Blight (dormant/low risk),Pestalotiopsis spp.,0.854,Low
2026-07-05 10:00:00,Kandy,19.56,80.35,1.31,10.98,Grey Blight,Pestalotiopsis spp.,0.982,Moderate
2026-07-05 11:00:00,Kandy,21.33,66.98,0.0,16.45,Grey Blight,Pestalotiopsis spp.,0.679,High
2026-07-05 12:00:00,Kandy,22.78,68.11,1.5,9.3,Grey Blight (dormant/low risk),Pestalotiopsis spp.,0.724,Low
2026-07-05 13:00:00,Kandy,22.83,71.98,3.44,14.87,Grey Blight,Pestalotiopsis spp.,0.879,Moderate
2026-07-05 14:00:00,Kandy,21.76,71.7,0.31,12.66,Grey Blight,Pestalotiopsis spp.,0.868,Moderate
2026-07-05 15:00:00,Kandy,25.71,73.77,2.91,16.75,Grey Blight,Pestalotiopsis spp.,0.922,High
2026-07-05 16:00:00,Kandy,24.76,57.49,0.0,15.39,Grey Blight,Pestalotiopsis spp.,0.4,Moderate
2026-07-05 17:00:00,Kandy,24.57,61.39,0.0,12.51,Grey Blight,Pestalotiopsis spp.,0.456,Moderate
2026-07-05 18:00:00,Kandy,23.59,81.12,3.5,14.79,Grey Blight,Pestalotiopsis spp.,1.0,Moderate
2026-07-05 19:00:00,Kandy,25.52,68.0,0.0,18.0,Grey Blight,Pestalotiopsis spp.,0.699,High
2026-07-05 20:00:00,Kandy,29.78,66.13,0.0,0.88,Grey Blight (dormant/low risk),Pestalotiopsis spp.,0.454,Low
2026-07-05 21:00:00,Kandy,20.0,78.55,0.0,10.62,Grey Blight (dormant/low risk),Pestalotiopsis spp.,1.0,Low
2026-07-05 22:00:00,Kandy,27.36,65.56,0.0,11.08,Grey Blight,Pestalotiopsis spp.,0.528,Moderate
2026-07-05 23:00:00,Kandy,29.44,74.67,1.67,7.97,Grey Blight (dormant/low risk),Pestalotiopsis spp.,0.809,Low
2026-07-05 00:00:00,Ratnapura,30.33,71.74,0.0,11.72,Brown Blight,Colletotrichum / Glomerella spp.,0.656,Moderate
2026-07-05 01:00:00,Ratnapura,26.61,84.99,2.17,10.67,Brown Blight (dormant/low risk),Colletotrichum / Glomerella spp.,1.0,Low
2026-07-05 02:00:00,Ratnapura,29.55,77.56,3.0,11.78,Brown Blight,Colletotrichum / Glomerella spp.,0.902,Moderate
2026-07-05 03:00:00,Ratnapura,22.66,86.72,3.81,13.65,Brown Blight,Colletotrichum / Glomerella spp.,0.906,Moderate
2026-07-05 04:00:00,Ratnapura,23.86,75.82,0.0,14.08,Brown Blight,Colletotrichum / Glomerella spp.,0.787,Moderate
2026-07-05 05:00:00,Ratnapura,25.36,77.01,0.0,17.67,Brown Blight,Colletotrichum / Glomerella spp.,0.88,High
2026-07-05 06:00:00,Ratnapura,24.02,92.87,1.92,18.3,Brown Blight,Colletotrichum / Glomerella spp.,0.961,High
2026-07-05 07:00:00,Ratnapura,23.82,78.41,0.0,16.58,Brown Blight,Colletotrichum / Glomerella spp.,0.889,High
2026-07-05 08:00:00,Ratnapura,27.12,85.78,0.12,11.44,Brown Blight,Colletotrichum / Glomerella spp.,1.0,Moderate
2026-07-05 09:00:00,Ratnapura,25.31,75.14,0.0,13.99,Brown Blight,Colletotrichum / Glomerella spp.,0.806,Moderate
2026-07-05 10:00:00,Ratnapura,23.55,73.49,0.0,13.86,Brown Blight,Colletotrichum / Glomerella spp.,0.682,Moderate
2026-07-05 11:00:00,Ratnapura,28.79,77.92,0.0,11.78,Brown Blight,Colletotrichum / Glomerella spp.,0.917,Moderate
2026-07-05 12:00:00,Ratnapura,27.35,72.02,0.0,15.4,Brown Blight,Colletotrichum / Glomerella spp.,0.681,Moderate
2026-07-05 13:00:00,Ratnapura,27.57,65.0,0.0,7.96,Brown Blight (dormant/low risk),Colletotrichum / Glomerella spp.,0.4,Low
2026-07-05 14:00:00,Ratnapura,25.3,77.29,2.61,16.97,Brown Blight,Colletotrichum / Glomerella spp.,0.892,High
2026-07-05 15:00:00,Ratnapura,28.38,68.41,0.0,11.5,Brown Blight,Colletotrichum / Glomerella spp.,0.536,Moderate
2026-07-05 16:00:00,Ratnapura,29.49,73.25,1.31,10.66,Brown Blight (dormant/low risk),Colletotrichum / Glomerella spp.,0.73,Low
2026-07-05 17:00:00,Ratnapura,29.06,74.54,0.32,11.66,Brown Blight,Colletotrichum / Glomerella spp.,0.782,Moderate
2026-07-05 18:00:00,Ratnapura,31.93,84.4,6.64,9.62,Brown Blight (dormant/low risk),Colletotrichum / Glomerella spp.,0.923,Low
2026-07-05 19:00:00,Ratnapura,33.06,72.38,0.0,11.54,Brown Blight,Colletotrichum / Glomerella spp.,0.573,Moderate
2026-07-05 20:00:00,Ratnapura,32.06,78.65,0.0,14.84,Brown Blight,Colletotrichum / Glomerella spp.,0.864,Moderate
2026-07-05 21:00:00,Ratnapura,31.5,75.33,0.0,13.47,Brown Blight,Colletotrichum / Glomerella spp.,0.753,Moderate
2026-07-05 22:00:00,Ratnapura,31.59,68.36,0.0,15.34,Brown Blight,Colletotrichum / Glomerella spp.,0.471,Moderate
2026-07-05 23:00:00,Ratnapura,30.57,67.81,0.0,15.83,Brown Blight,Colletotrichum / Glomerella spp.,0.49,High
2026-07-06 00:00:00,Nuwara Eliya,19.05,82.01,0.15,12.69,Blister Blight,Exobasidium vexans,1.0,Moderate
2026-07-06 01:00:00,Nuwara Eliya,14.59,80.34,0.0,6.27,Blister Blight (dormant/low risk),Exobasidium vexans,0.984,Low
2026-07-06 02:00:00,Nuwara Eliya,13.59,85.24,0.0,11.48,Blister Blight,Exobasidium vexans,0.944,Moderate
2026-07-06 03:00:00,Nuwara Eliya,14.71,88.63,3.23,21.39,Blister Blight,Exobasidium vexans,0.988,High
2026-07-06 04:00:00,Nuwara Eliya,13.81,94.33,1.03,20.9,Blister Blight,Exobasidium vexans,0.952,High
2026-07-06 05:00:00,Nuwara Eliya,13.81,90.41,2.34,15.72,Blister Blight,Exobasidium vexans,0.952,High
2026-07-06 06:00:00,Nuwara Eliya,11.11,95.0,0.0,11.13,Blister Blight,Exobasidium vexans,0.844,Moderate
2026-07-06 07:00:00,Nuwara Eliya,10.0,87.99,0.0,15.53,Blister Blight,Exobasidium vexans,0.8,Moderate
2026-07-06 08:00:00,Nuwara Eliya,13.26,91.3,1.75,17.61,Blister Blight,Exobasidium vexans,0.93,High
2026-07-06 09:00:00,Nuwara Eliya,11.82,88.66,3.74,15.44,Blister Blight,Exobasidium vexans,0.873,Moderate
2026-07-06 10:00:00,Nuwara Eliya,15.92,82.94,0.0,14.36,Blister Blight,Exobasidium vexans,1.0,Moderate
2026-07-06 11:00:00,Nuwara Eliya,13.15,80.93,0.0,12.68,Blister Blight,Exobasidium vexans,0.926,Moderate
2026-07-06 12:00:00,Nuwara Eliya,14.84,87.18,4.49,16.96,Blister Blight,Exobasidium vexans,0.994,High
2026-07-06 13:00:00,Nuwara Eliya,15.57,77.51,0.31,11.68,Blister Blight,Exobasidium vexans,0.9,Moderate
2026-07-06 14:00:00,Nuwara Eliya,13.76,73.92,0.34,7.14,Blister Blight (dormant/low risk),Exobasidium vexans,0.707,Low
2026-07-06 15:00:00,Nuwara Eliya,13.01,65.48,0.0,10.04,Blister Blight (dormant/low risk),Exobasidium vexans,0.34,Low
2026-07-06 16:00:00,Nuwara Eliya,19.64,73.93,0.0,13.03,Blister Blight,Exobasidium vexans,0.757,Moderate
2026-07-06 17:00:00,Nuwara Eliya,17.73,85.09,0.0,15.56,Blister Blight,Exobasidium vexans,1.0,Moderate
2026-07-06 18:00:00,Nuwara Eliya,17.46,82.51,0.87,13.99,Blister Blight,Exobasidium vexans,1.0,Moderate
2026-07-06 19:00:00,Nuwara Eliya,24.0,77.94,0.0,14.11,Blister Blight,Exobasidium vexans,0.918,Moderate
2026-07-06 20:00:00,Nuwara Eliya,18.04,81.07,0.54,13.58,Blister Blight,Exobasidium vexans,1.0,Moderate
2026-07-06 21:00:00,Nuwara Eliya,19.85,82.99,0.17,8.3,Blister Blight (dormant/low risk),Exobasidium vexans,1.0,Low
2026-07-06 22:00:00,Nuwara Eliya,16.09,83.98,2.66,15.48,Blister Blight,Exobasidium vexans,1.0,Moderate
2026-07-06 23:00:00,Nuwara Eliya,17.0,80.58,0.0,13.82,Blister Blight,Exobasidium vexans,1.0,Moderate
2026-07-06 00:00:00,Kandy,21.65,73.21,0.0,12.23,Grey Blight,Pestalotiopsis spp.,0.928,Moderate
2026-07-06 01:00:00,Kandy,24.22,73.8,0.0,13.08,Grey Blight,Pestalotiopsis spp.,0.952,Moderate
2026-07-06 02:00:00,Kandy,23.12,73.6,0.0,11.42,Grey Blight,Pestalotiopsis spp.,0.944,Moderate
2026-07-06 03:00:00,Kandy,24.82,71.15,0.0,14.0,Grey Blight,Pestalotiopsis spp.,0.846,Moderate
2026-07-06 04:00:00,Kandy,22.22,75.69,0.63,16.54,Grey Blight,Pestalotiopsis spp.,1.0,High
2026-07-06 05:00:00,Kandy,23.49,85.04,0.0,12.06,Grey Blight,Pestalotiopsis spp.,1.0,Moderate
2026-07-06 06:00:00,Kandy,20.62,80.47,2.14,10.92,Grey Blight,Pestalotiopsis spp.,1.0,Moderate
2026-07-06 07:00:00,Kandy,23.12,85.94,2.79,20.28,Grey Blight,Pestalotiopsis spp.,1.0,High
2026-07-06 08:00:00,Kandy,20.74,81.51,0.0,15.11,Grey Blight,Pestalotiopsis spp.,1.0,Moderate
2026-07-06 09:00:00,Kandy,19.48,78.47,0.73,14.19,Grey Blight,Pestalotiopsis spp.,0.979,Moderate
2026-07-06 10:00:00,Kandy,25.88,66.28,0.0,12.98,Grey Blight,Pestalotiopsis spp.,0.616,Moderate
2026-07-06 11:00:00,Kandy,25.1,68.42,0.0,15.74,Grey Blight,Pestalotiopsis spp.,0.733,High
2026-07-06 12:00:00,Kandy,20.65,69.87,1.25,16.0,Grey Blight,Pestalotiopsis spp.,0.795,High
2026-07-06 13:00:00,Kandy,23.14,69.0,0.0,11.41,Grey Blight,Pestalotiopsis spp.,0.76,Moderate
2026-07-06 14:00:00,Kandy,22.6,68.44,0.0,4.44,Grey Blight (dormant/low risk),Pestalotiopsis spp.,0.738,Low
2026-07-06 15:00:00,Kandy,24.26,61.51,0.0,13.43,Grey Blight,Pestalotiopsis spp.,0.46,Moderate
2026-07-06 16:00:00,Kandy,25.68,66.59,0.68,13.62,Grey Blight,Pestalotiopsis spp.,0.636,Moderate
2026-07-06 17:00:00,Kandy,26.39,69.4,0.0,6.92,Grey Blight (dormant/low risk),Pestalotiopsis spp.,0.72,Low
2026-07-06 18:00:00,Kandy,26.7,72.71,0.0,12.0,Grey Blight,Pestalotiopsis spp.,0.84,Moderate
2026-07-06 19:00:00,Kandy,24.57,70.31,0.0,13.22,Grey Blight,Pestalotiopsis spp.,0.812,Moderate
2026-07-06 20:00:00,Kandy,21.89,73.3,0.0,12.71,Grey Blight,Pestalotiopsis spp.,0.932,Moderate
2026-07-06 21:00:00,Kandy,23.25,68.13,0.0,12.86,Grey Blight,Pestalotiopsis spp.,0.725,Moderate
2026-07-06 22:00:00,Kandy,25.93,75.36,3.63,14.75,Grey Blight,Pestalotiopsis spp.,0.963,Moderate
2026-07-06 23:00:00,Kandy,24.95,73.26,0.0,8.33,Grey Blight (dormant/low risk),Pestalotiopsis spp.,0.93,Low
2026-07-06 00:00:00,Ratnapura,33.73,67.14,0.0,8.28,Brown Blight (dormant/low risk),Colletotrichum / Glomerella spp.,0.336,Low
2026-07-06 01:00:00,Ratnapura,29.21,84.47,4.66,13.03,Brown Blight,Colletotrichum / Glomerella spp.,1.0,Moderate
2026-07-06 02:00:00,Ratnapura,27.36,77.62,0.0,11.42,Brown Blight,Colletotrichum / Glomerella spp.,0.905,Moderate
2026-07-06 03:00:00,Ratnapura,28.89,73.76,0.0,10.33,Brown Blight (dormant/low risk),Colletotrichum / Glomerella spp.,0.75,Low
2026-07-06 04:00:00,Ratnapura,29.46,78.85,0.0,11.84,Brown Blight,Colletotrichum / Glomerella spp.,0.954,Moderate
2026-07-06 05:00:00,Ratnapura,30.25,77.79,0.53,10.99,Brown Blight,Colletotrichum / Glomerella spp.,0.902,Moderate
2026-07-06 06:00:00,Ratnapura,27.36,89.84,5.1,11.35,Brown Blight,Colletotrichum / Glomerella spp.,1.0,Moderate
2026-07-06 07:00:00,Ratnapura,24.52,80.44,0.0,16.48,Brown Blight,Colletotrichum / Glomerella spp.,0.981,High
2026-07-06 08:00:00,Ratnapura,26.82,80.65,0.0,7.66,Brown Blight (dormant/low risk),Colletotrichum / Glomerella spp.,1.0,Low
2026-07-06 09:00:00,Ratnapura,25.22,77.99,0.0,12.45,Brown Blight,Colletotrichum / Glomerella spp.,0.92,Moderate
2026-07-06 10:00:00,Ratnapura,25.0,77.43,0.0,15.36,Brown Blight,Colletotrichum / Glomerella spp.,0.897,Moderate
2026-07-06 11:00:00,Ratnapura,24.4,84.03,0.0,10.32,Brown Blight (dormant/low risk),Colletotrichum / Glomerella spp.,0.976,Low
2026-07-06 12:00:00,Ratnapura,26.78,65.0,1.34,9.42,Brown Blight (dormant/low risk),Colletotrichum / Glomerella spp.,0.4,Low
2026-07-06 13:00:00,Ratnapura,26.36,86.98,8.96,11.4,Brown Blight,Colletotrichum / Glomerella spp.,1.0,Moderate
2026-07-06 14:00:00,Ratnapura,25.25,78.05,1.69,20.12,Brown Blight,Colletotrichum / Glomerella spp.,0.922,High
2026-07-06 15:00:00,Ratnapura,28.11,69.13,0.0,10.86,Brown Blight,Colletotrichum / Glomerella spp.,0.565,Moderate
2026-07-06 16:00:00,Ratnapura,26.47,71.2,0.0,18.21,Brown Blight,Colletotrichum / Glomerella spp.,0.648,High
2026-07-06 17:00:00,Ratnapura,28.88,78.71,0.23,9.16,Brown Blight (dormant/low risk),Colletotrichum / Glomerella spp.,0.948,Low
2026-07-06 18:00:00,Ratnapura,31.76,71.59,0.0,18.21,Brown Blight,Colletotrichum / Glomerella spp.,0.593,High
2026-07-06 19:00:00,Ratnapura,31.32,72.59,0.0,10.72,Brown Blight (dormant/low risk),Colletotrichum / Glomerella spp.,0.651,Low
2026-07-06 20:00:00,Ratnapura,32.32,83.04,2.82,17.51,Brown Blight,Colletotrichum / Glomerella spp.,0.907,High
2026-07-06 21:00:00,Ratnapura,32.98,71.31,0.0,10.11,Brown Blight (dormant/low risk),Colletotrichum / Glomerella spp.,0.533,Low
2026-07-06 22:00:00,Ratnapura,32.44,74.89,0.0,10.0,Brown Blight (dormant/low risk),Colletotrichum / Glomerella spp.,0.698,Low
2026-07-06 23:00:00,Ratnapura,29.52,75.59,0.0,10.8,Brown Blight,Colletotrichum / Glomerella spp.,0.824,Moderate
2026-07-07 00:00:00,Nuwara Eliya,18.97,77.34,3.61,8.6,Blister Blight (dormant/low risk),Exobasidium vexans,0.894,Low
2026-07-07 01:00:00,Nuwara Eliya,16.98,81.43,0.0,17.98,Blister Blight,Exobasidium vexans,1.0,High
2026-07-07 02:00:00,Nuwara Eliya,16.07,87.02,0.0,16.26,Blister Blight,Exobasidium vexans,1.0,High
2026-07-07 03:00:00,Nuwara Eliya,13.16,82.19,0.0,11.1,Blister Blight,Exobasidium vexans,0.926,Moderate
2026-07-07 04:00:00,Nuwara Eliya,14.2,95.0,6.8,16.66,Blister Blight,Exobasidium vexans,0.968,High
2026-07-07 05:00:00,Nuwara Eliya,12.37,95.0,3.78,20.78,Blister Blight,Exobasidium vexans,0.895,High
2026-07-07 06:00:00,Nuwara Eliya,12.34,95.0,3.82,23.45,Blister Blight,Exobasidium vexans,0.894,High
2026-07-07 07:00:00,Nuwara Eliya,10.72,95.0,4.59,16.34,Blister Blight,Exobasidium vexans,0.829,High
2026-07-07 08:00:00,Nuwara Eliya,11.42,95.0,9.66,14.54,Blister Blight,Exobasidium vexans,0.857,Moderate
2026-07-07 09:00:00,Nuwara Eliya,10.0,95.0,2.92,14.82,Blister Blight,Exobasidium vexans,0.8,Moderate
2026-07-07 10:00:00,Nuwara Eliya,12.57,89.91,0.0,17.34,Blister Blight,Exobasidium vexans,0.903,High
2026-07-07 11:00:00,Nuwara Eliya,12.23,86.53,1.66,14.15,Blister Blight,Exobasidium vexans,0.889,Moderate
2026-07-07 12:00:00,Nuwara Eliya,13.94,75.52,0.61,13.75,Blister Blight,Exobasidium vexans,0.778,Moderate
2026-07-07 13:00:00,Nuwara Eliya,17.5,78.92,0.0,17.19,Blister Blight,Exobasidium vexans,0.957,High
2026-07-07 14:00:00,Nuwara Eliya,16.95,68.03,0.0,7.74,Blister Blight (dormant/low risk),Exobasidium vexans,0.521,Low
2026-07-07 15:00:00,Nuwara Eliya,11.9,78.8,1.59,10.2,Blister Blight (dormant/low risk),Exobasidium vexans,0.828,Low
2026-07-07 16:00:00,Nuwara Eliya,14.77,71.95,0.38,12.58,Blister Blight,Exobasidium vexans,0.669,Moderate
2026-07-07 17:00:00,Nuwara Eliya,20.0,82.53,0.0,16.32,Blister Blight,Exobasidium vexans,1.0,High
2026-07-07 18:00:00,Nuwara Eliya,17.88,76.83,0.0,6.54,Blister Blight (dormant/low risk),Exobasidium vexans,0.873,Low
2026-07-07 19:00:00,Nuwara Eliya,16.18,88.53,0.91,9.6,Blister Blight (dormant/low risk),Exobasidium vexans,1.0,Low
2026-07-07 20:00:00,Nuwara Eliya,21.33,76.44,0.0,12.84,Blister Blight,Exobasidium vexans,0.858,Moderate
2026-07-07 21:00:00,Nuwara Eliya,19.05,78.13,0.0,16.41,Blister Blight,Exobasidium vexans,0.925,High
2026-07-07 22:00:00,Nuwara Eliya,20.96,76.18,0.0,13.59,Blister Blight,Exobasidium vexans,0.847,Moderate
2026-07-07 23:00:00,Nuwara Eliya,18.05,84.24,0.15,8.78,Blister Blight (dormant/low risk),Exobasidium vexans,1.0,Low
2026-07-07 00:00:00,Kandy,22.26,67.72,0.0,8.99,Grey Blight (dormant/low risk),Pestalotiopsis spp.,0.709,Low
2026-07-07 01:00:00,Kandy,25.64,73.27,0.0,15.16,Grey Blight,Pestalotiopsis spp.,0.905,Moderate
2026-07-07 02:00:00,Kandy,21.14,72.25,1.64,15.02,Grey Blight,Pestalotiopsis spp.,0.89,Moderate
2026-07-07 03:00:00,Kandy,19.97,74.92,0.0,13.34,Grey Blight,Pestalotiopsis spp.,0.996,Moderate
2026-07-07 04:00:00,Kandy,22.6,77.14,0.0,13.66,Grey Blight,Pestalotiopsis spp.,1.0,Moderate
2026-07-07 05:00:00,Kandy,21.63,78.18,0.65,12.89,Grey Blight,Pestalotiopsis spp.,1.0,Moderate
2026-07-07 06:00:00,Kandy,24.11,71.23,0.0,11.82,Grey Blight,Pestalotiopsis spp.,0.849,Moderate
2026-07-07 07:00:00,Kandy,22.78,79.12,1.51,13.65,Grey Blight,Pestalotiopsis spp.,1.0,Moderate
2026-07-07 08:00:00,Kandy,20.13,77.75,1.78,12.29,Grey Blight,Pestalotiopsis spp.,1.0,Moderate
2026-07-07 09:00:00,Kandy,21.48,70.61,0.26,14.77,Grey Blight,Pestalotiopsis spp.,0.824,Moderate
2026-07-07 10:00:00,Kandy,19.1,67.61,0.0,6.36,Grey Blight (dormant/low risk),Pestalotiopsis spp.,0.668,Low
2026-07-07 11:00:00,Kandy,19.44,72.0,0.0,15.67,Grey Blight,Pestalotiopsis spp.,0.858,Moderate
2026-07-07 12:00:00,Kandy,23.63,62.62,0.0,15.45,Grey Blight,Pestalotiopsis spp.,0.505,Moderate
2026-07-07 13:00:00,Kandy,22.06,64.85,0.0,8.08,Grey Blight (dormant/low risk),Pestalotiopsis spp.,0.594,Low
2026-07-07 14:00:00,Kandy,22.96,61.17,0.0,10.49,Grey Blight (dormant/low risk),Pestalotiopsis spp.,0.447,Low
2026-07-07 15:00:00,Kandy,26.02,62.08,0.0,15.26,Grey Blight,Pestalotiopsis spp.,0.442,Moderate
2026-07-07 16:00:00,Kandy,25.21,63.65,0.0,20.44,Grey Blight,Pestalotiopsis spp.,0.538,High
2026-07-07 17:00:00,Kandy,25.82,66.32,0.0,10.15,Grey Blight (dormant/low risk),Pestalotiopsis spp.,0.62,Low
2026-07-07 18:00:00,Kandy,24.04,66.79,0.6,14.56,Grey Blight,Pestalotiopsis spp.,0.672,Moderate
2026-07-07 19:00:00,Kandy,20.69,70.64,0.0,10.05,Grey Blight (dormant/low risk),Pestalotiopsis spp.,0.826,Low
2026-07-07 20:00:00,Kandy,25.71,68.66,0.0,15.78,Grey Blight,Pestalotiopsis spp.,0.718,High
2026-07-07 21:00:00,Kandy,25.52,67.29,0.0,13.04,Grey Blight,Pestalotiopsis spp.,0.671,Moderate
2026-07-07 22:00:00,Kandy,24.72,73.25,0.0,15.2,Grey Blight,Pestalotiopsis spp.,0.93,Moderate
2026-07-07 23:00:00,Kandy,26.65,72.08,1.49,7.56,Grey Blight (dormant/low risk),Pestalotiopsis spp.,0.817,Low
2026-07-07 00:00:00,Ratnapura,26.88,78.2,0.0,13.47,Brown Blight,Colletotrichum / Glomerella spp.,0.928,Moderate
2026-07-07 01:00:00,Ratnapura,30.33,70.25,0.0,18.14,Brown Blight,Colletotrichum / Glomerella spp.,0.597,High
2026-07-07 02:00:00,Ratnapura,29.64,74.87,0.0,10.69,Brown Blight (dormant/low risk),Colletotrichum / Glomerella spp.,0.795,Low
2026-07-07 03:00:00,Ratnapura,27.07,76.07,0.29,8.33,Brown Blight (dormant/low risk),Colletotrichum / Glomerella spp.,0.843,Low
2026-07-07 04:00:00,Ratnapura,29.02,78.23,0.0,11.43,Brown Blight,Colletotrichum / Glomerella spp.,0.929,Moderate
2026-07-07 05:00:00,Ratnapura,23.43,89.82,0.0,16.22,Brown Blight,Colletotrichum / Glomerella spp.,0.937,High
2026-07-07 06:00:00,Ratnapura,22.12,78.48,0.0,9.82,Brown Blight (dormant/low risk),Colletotrichum / Glomerella spp.,0.824,Low
2026-07-07 07:00:00,Ratnapura,24.97,84.17,1.2,16.78,Brown Blight,Colletotrichum / Glomerella spp.,0.999,High
2026-07-07 08:00:00,Ratnapura,26.22,76.89,0.0,15.99,Brown Blight,Colletotrichum / Glomerella spp.,0.876,High
2026-07-07 09:00:00,Ratnapura,24.73,81.09,0.0,16.75,Brown Blight,Colletotrichum / Glomerella spp.,0.989,High
2026-07-07 10:00:00,Ratnapura,28.0,79.81,1.47,14.83,Brown Blight,Colletotrichum / Glomerella spp.,0.992,Moderate
2026-07-07 11:00:00,Ratnapura,25.66,75.79,1.44,13.41,Brown Blight,Colletotrichum / Glomerella spp.,0.832,Moderate
2026-07-07 12:00:00,Ratnapura,25.24,73.69,0.0,9.89,Brown Blight (dormant/low risk),Colletotrichum / Glomerella spp.,0.748,Low
2026-07-07 13:00:00,Ratnapura,30.69,65.0,0.0,7.51,Brown Blight (dormant/low risk),Colletotrichum / Glomerella spp.,0.372,Low
2026-07-07 14:00:00,Ratnapura,30.07,66.75,0.0,3.21,Brown Blight (dormant/low risk),Colletotrichum / Glomerella spp.,0.467,Low
2026-07-07 15:00:00,Ratnapura,30.85,65.0,2.61,11.38,Brown Blight,Colletotrichum / Glomerella spp.,0.366,Moderate
2026-07-07 16:00:00,Ratnapura,30.94,65.0,0.0,16.88,Brown Blight,Colletotrichum / Glomerella spp.,0.362,High
2026-07-07 17:00:00,Ratnapura,31.47,77.35,0.0,6.85,Brown Blight (dormant/low risk),Colletotrichum / Glomerella spp.,0.835,Low
2026-07-07 18:00:00,Ratnapura,32.5,70.85,0.0,15.32,Brown Blight,Colletotrichum / Glomerella spp.,0.534,Moderate
2026-07-07 19:00:00,Ratnapura,32.3,71.92,0.0,7.44,Brown Blight (dormant/low risk),Colletotrichum / Glomerella spp.,0.585,Low
2026-07-07 20:00:00,Ratnapura,31.34,70.45,0.0,10.44,Brown Blight (dormant/low risk),Colletotrichum / Glomerella spp.,0.564,Low
2026-07-07 21:00:00,Ratnapura,31.6,75.1,0.0,12.68,Brown Blight,Colletotrichum / Glomerella spp.,0.74,Moderate
2026-07-07 22:00:00,Ratnapura,31.64,72.22,0.7,12.71,Brown Blight,Colletotrichum / Glomerella spp.,0.623,Moderate
2026-07-07 23:00:00,Ratnapura,29.06,65.4,0.0,12.67,Brown Blight,Colletotrichum / Glomerella spp.,0.416,Moderate
2026-07-08 00:00:00,Nuwara Eliya,20.93,75.46,1.37,11.5,Blister Blight,Exobasidium vexans,0.818,Moderate
2026-07-08 01:00:00,Nuwara Eliya,14.57,84.29,1.14,13.5,Blister Blight,Exobasidium vexans,0.983,Moderate
2026-07-08 02:00:00,Nuwara Eliya,16.65,85.84,1.83,8.24,Blister Blight (dormant/low risk),Exobasidium vexans,1.0,Low
2026-07-08 03:00:00,Nuwara Eliya,14.96,93.46,5.25,16.87,Blister Blight,Exobasidium vexans,0.998,High
2026-07-08 04:00:00,Nuwara Eliya,11.86,93.34,0.0,10.95,Blister Blight,Exobasidium vexans,0.874,Moderate
2026-07-08 05:00:00,Nuwara Eliya,14.68,92.64,1.27,18.67,Blister Blight,Exobasidium vexans,0.987,High
2026-07-08 06:00:00,Nuwara Eliya,13.39,95.0,0.0,19.79,Blister Blight,Exobasidium vexans,0.936,High
2026-07-08 07:00:00,Nuwara Eliya,11.83,93.43,4.51,18.17,Blister Blight,Exobasidium vexans,0.873,High
2026-07-08 08:00:00,Nuwara Eliya,16.09,94.61,4.11,21.23,Blister Blight,Exobasidium vexans,1.0,High
2026-07-08 09:00:00,Nuwara Eliya,15.37,95.0,6.94,18.25,Blister Blight,Exobasidium vexans,1.0,High
2026-07-08 10:00:00,Nuwara Eliya,11.31,95.0,8.86,20.59,Blister Blight,Exobasidium vexans,0.852,High
2026-07-08 11:00:00,Nuwara Eliya,12.12,87.04,0.0,13.7,Blister Blight,Exobasidium vexans,0.885,Moderate
2026-07-08 12:00:00,Nuwara Eliya,11.07,77.25,0.0,9.17,Blister Blight (dormant/low risk),Exobasidium vexans,0.733,Low
2026-07-08 13:00:00,Nuwara Eliya,14.81,78.09,1.49,6.7,Blister Blight (dormant/low risk),Exobasidium vexans,0.916,Low
2026-07-08 14:00:00,Nuwara Eliya,12.7,85.88,3.08,14.02,Blister Blight,Exobasidium vexans,0.908,Moderate
2026-07-08 15:00:00,Nuwara Eliya,16.86,78.44,1.59,13.97,Blister Blight,Exobasidium vexans,0.938,Moderate
2026-07-08 16:00:00,Nuwara Eliya,15.14,77.81,0.0,9.48,Blister Blight (dormant/low risk),Exobasidium vexans,0.912,Low
2026-07-08 17:00:00,Nuwara Eliya,21.86,84.14,0.0,17.47,Blister Blight,Exobasidium vexans,1.0,High
2026-07-08 18:00:00,Nuwara Eliya,19.6,81.68,0.0,5.83,Blister Blight (dormant/low risk),Exobasidium vexans,1.0,Low
2026-07-08 19:00:00,Nuwara Eliya,16.88,78.87,0.0,12.86,Blister Blight,Exobasidium vexans,0.955,Moderate
2026-07-08 20:00:00,Nuwara Eliya,16.85,95.0,7.97,19.62,Blister Blight,Exobasidium vexans,1.0,High
2026-07-08 21:00:00,Nuwara Eliya,20.36,78.28,0.0,13.09,Blister Blight,Exobasidium vexans,0.931,Moderate
2026-07-08 22:00:00,Nuwara Eliya,16.91,90.41,4.09,18.12,Blister Blight,Exobasidium vexans,1.0,High
2026-07-08 23:00:00,Nuwara Eliya,18.97,78.87,0.0,21.03,Blister Blight,Exobasidium vexans,0.955,High
2026-07-08 00:00:00,Kandy,20.47,73.21,0.0,13.77,Grey Blight,Pestalotiopsis spp.,0.928,Moderate
2026-07-08 01:00:00,Kandy,22.34,70.54,0.0,15.37,Grey Blight,Pestalotiopsis spp.,0.822,Moderate
2026-07-08 02:00:00,Kandy,23.32,66.21,0.0,11.36,Grey Blight,Pestalotiopsis spp.,0.648,Moderate
2026-07-08 03:00:00,Kandy,20.81,77.0,0.03,20.35,Grey Blight,Pestalotiopsis spp.,1.0,High
2026-07-08 04:00:00,Kandy,20.33,74.4,0.64,10.42,Grey Blight (dormant/low risk),Pestalotiopsis spp.,0.976,Low
2026-07-08 05:00:00,Kandy,22.43,83.91,1.47,11.37,Grey Blight,Pestalotiopsis spp.,1.0,Moderate
2026-07-08 06:00:00,Kandy,20.01,76.74,0.0,13.24,Grey Blight,Pestalotiopsis spp.,1.0,Moderate
2026-07-08 07:00:00,Kandy,20.82,71.92,0.0,14.59,Grey Blight,Pestalotiopsis spp.,0.877,Moderate
2026-07-08 08:00:00,Kandy,21.61,82.73,0.81,12.36,Grey Blight,Pestalotiopsis spp.,1.0,Moderate
2026-07-08 09:00:00,Kandy,23.83,65.49,1.59,9.0,Grey Blight (dormant/low risk),Pestalotiopsis spp.,0.62,Low
2026-07-08 10:00:00,Kandy,21.88,86.41,3.87,15.2,Grey Blight,Pestalotiopsis spp.,1.0,Moderate
2026-07-08 11:00:00,Kandy,21.53,72.67,0.0,9.62,Grey Blight (dormant/low risk),Pestalotiopsis spp.,0.907,Low
2026-07-08 12:00:00,Kandy,20.05,66.13,0.0,9.99,Grey Blight (dormant/low risk),Pestalotiopsis spp.,0.645,Low
2026-07-08 13:00:00,Kandy,19.24,62.11,0.0,5.61,Grey Blight (dormant/low risk),Pestalotiopsis spp.,0.454,Low
2026-07-08 14:00:00,Kandy,24.88,62.42,0.0,17.93,Grey Blight,Pestalotiopsis spp.,0.497,High
2026-07-08 15:00:00,Kandy,22.09,70.17,0.34,14.76,Grey Blight,Pestalotiopsis spp.,0.807,Moderate
2026-07-08 16:00:00,Kandy,24.24,69.21,1.15,8.07,Grey Blight (dormant/low risk),Pestalotiopsis spp.,0.768,Low
2026-07-08 17:00:00,Kandy,26.74,80.14,2.85,11.76,Grey Blight,Pestalotiopsis spp.,0.93,Moderate
2026-07-08 18:00:00,Kandy,25.47,77.17,1.63,12.02,Grey Blight,Pestalotiopsis spp.,0.981,Moderate
2026-07-08 19:00:00,Kandy,21.4,60.45,0.0,11.74,Grey Blight,Pestalotiopsis spp.,0.418,Moderate
2026-07-08 20:00:00,Kandy,25.32,72.09,0.0,16.47,Grey Blight,Pestalotiopsis spp.,0.871,High
2026-07-08 21:00:00,Kandy,24.67,76.05,0.55,19.23,Grey Blight,Pestalotiopsis spp.,1.0,High
2026-07-08 22:00:00,Kandy,28.64,78.64,3.95,10.59,Grey Blight (dormant/low risk),Pestalotiopsis spp.,0.854,Low
2026-07-08 23:00:00,Kandy,23.22,64.16,0.0,11.42,Grey Blight,Pestalotiopsis spp.,0.566,Moderate
2026-07-08 00:00:00,Ratnapura,32.26,76.35,0.0,9.56,Brown Blight (dormant/low risk),Colletotrichum / Glomerella spp.,0.764,Low
2026-07-08 01:00:00,Ratnapura,28.93,76.76,0.0,14.09,Brown Blight,Colletotrichum / Glomerella spp.,0.87,Moderate
2026-07-08 02:00:00,Ratnapura,29.16,72.21,0.0,12.26,Brown Blight,Colletotrichum / Glomerella spp.,0.688,Moderate
2026-07-08 03:00:00,Ratnapura,28.36,74.05,0.16,15.72,Brown Blight,Colletotrichum / Glomerella spp.,0.762,High
2026-07-08 04:00:00,Ratnapura,23.01,98.0,3.17,18.89,Brown Blight,Colletotrichum / Glomerella spp.,0.92,High
2026-07-08 05:00:00,Ratnapura,22.26,92.52,0.0,20.77,Brown Blight,Colletotrichum / Glomerella spp.,0.89,High
2026-07-08 06:00:00,Ratnapura,22.0,96.71,3.76,21.67,Brown Blight,Colletotrichum / Glomerella spp.,0.88,High
2026-07-08 07:00:00,Ratnapura,24.77,93.42,2.88,19.84,Brown Blight,Colletotrichum / Glomerella spp.,0.991,High
2026-07-08 08:00:00,Ratnapura,28.82,79.73,0.05,11.03,Brown Blight,Colletotrichum / Glomerella spp.,0.989,Moderate
2026-07-08 09:00:00,Ratnapura,25.31,77.29,0.0,11.87,Brown Blight,Colletotrichum / Glomerella spp.,0.892,Moderate
2026-07-08 10:00:00,Ratnapura,26.1,82.37,0.0,9.98,Brown Blight (dormant/low risk),Colletotrichum / Glomerella spp.,1.0,Low
2026-07-08 11:00:00,Ratnapura,25.3,81.57,1.81,17.82,Brown Blight,Colletotrichum / Glomerella spp.,1.0,High
2026-07-08 12:00:00,Ratnapura,28.83,71.04,1.3,9.22,Brown Blight (dormant/low risk),Colletotrichum / Glomerella spp.,0.642,Low
2026-07-08 13:00:00,Ratnapura,27.83,67.06,1.44,8.96,Brown Blight (dormant/low risk),Colletotrichum / Glomerella spp.,0.482,Low
2026-07-08 14:00:00,Ratnapura,29.48,68.58,0.0,8.78,Brown Blight (dormant/low risk),Colletotrichum / Glomerella spp.,0.543,Low
2026-07-08 15:00:00,Ratnapura,24.83,65.0,0.0,13.67,Brown Blight,Colletotrichum / Glomerella spp.,0.393,Moderate
2026-07-08 16:00:00,Ratnapura,27.58,71.07,4.04,13.58,Brown Blight,Colletotrichum / Glomerella spp.,0.643,Moderate
2026-07-08 17:00:00,Ratnapura,27.28,84.38,0.0,9.53,Brown Blight (dormant/low risk),Colletotrichum / Glomerella spp.,1.0,Low
2026-07-08 18:00:00,Ratnapura,30.6,76.11,1.46,16.02,Brown Blight,Colletotrichum / Glomerella spp.,0.82,High
2026-07-08 19:00:00,Ratnapura,31.83,74.31,0.0,16.86,Brown Blight,Colletotrichum / Glomerella spp.,0.699,High
2026-07-08 20:00:00,Ratnapura,31.34,81.08,2.25,12.67,Brown Blight,Colletotrichum / Glomerella spp.,0.946,Moderate
2026-07-08 21:00:00,Ratnapura,25.59,77.61,0.5,11.07,Brown Blight,Colletotrichum / Glomerella spp.,0.904,Moderate
2026-07-08 22:00:00,Ratnapura,32.7,72.29,0.0,5.57,Brown Blight (dormant/low risk),Colletotrichum / Glomerella spp.,0.584,Low
2026-07-08 23:00:00,Ratnapura,35.02,65.22,0.0,15.47,Brown Blight,Colletotrichum / Glomerella spp.,0.208,Moderate
2026-07-09 00:00:00,Nuwara Eliya,14.51,95.0,3.05,19.06,Blister Blight,Exobasidium vexans,0.98,High
2026-07-09 01:00:00,Nuwara Eliya,15.38,81.59,0.0,16.8,Blister Blight,Exobasidium vexans,1.0,High
2026-07-09 02:00:00,Nuwara Eliya,13.88,81.13,1.11,11.62,Blister Blight,Exobasidium vexans,0.955,Moderate
2026-07-09 03:00:00,Nuwara Eliya,18.79,89.91,6.72,13.46,Blister Blight,Exobasidium vexans,1.0,Moderate
2026-07-09 04:00:00,Nuwara Eliya,13.11,95.0,3.94,17.98,Blister Blight,Exobasidium vexans,0.924,High
2026-07-09 05:00:00,Nuwara Eliya,14.54,95.0,10.73,20.5,Blister Blight,Exobasidium vexans,0.982,High
2026-07-09 06:00:00,Nuwara Eliya,14.83,88.23,0.35,16.95,Blister Blight,Exobasidium vexans,0.993,High
2026-07-09 07:00:00,Nuwara Eliya,10.61,93.97,0.0,18.1,Blister Blight,Exobasidium vexans,0.824,High
2026-07-09 08:00:00,Nuwara Eliya,10.11,89.41,0.03,14.07,Blister Blight,Exobasidium vexans,0.804,Moderate
2026-07-09 09:00:00,Nuwara Eliya,15.2,77.9,1.09,14.83,Blister Blight,Exobasidium vexans,0.916,Moderate
2026-07-09 10:00:00,Nuwara Eliya,10.63,90.06,0.0,15.05,Blister Blight,Exobasidium vexans,0.825,Moderate
2026-07-09 11:00:00,Nuwara Eliya,11.69,85.8,1.69,10.54,Blister Blight (dormant/low risk),Exobasidium vexans,0.868,Low
2026-07-09 12:00:00,Nuwara Eliya,13.34,73.09,0.0,9.24,Blister Blight (dormant/low risk),Exobasidium vexans,0.657,Low
2026-07-09 13:00:00,Nuwara Eliya,14.07,85.65,3.41,8.3,Blister Blight (dormant/low risk),Exobasidium vexans,0.963,Low
2026-07-09 14:00:00,Nuwara Eliya,17.19,79.87,1.29,13.64,Blister Blight,Exobasidium vexans,0.995,Moderate
2026-07-09 15:00:00,Nuwara Eliya,14.15,79.35,0.0,15.94,Blister Blight,Exobasidium vexans,0.94,High
2026-07-09 16:00:00,Nuwara Eliya,17.41,75.91,0.8,12.02,Blister Blight,Exobasidium vexans,0.836,Moderate
2026-07-09 17:00:00,Nuwara Eliya,15.31,81.22,0.0,13.11,Blister Blight,Exobasidium vexans,1.0,Moderate
2026-07-09 18:00:00,Nuwara Eliya,21.11,74.47,0.32,15.46,Blister Blight,Exobasidium vexans,0.779,Moderate
2026-07-09 19:00:00,Nuwara Eliya,17.72,95.0,6.41,22.0,Blister Blight,Exobasidium vexans,1.0,High
2026-07-09 20:00:00,Nuwara Eliya,18.46,88.02,0.0,15.26,Blister Blight,Exobasidium vexans,1.0,Moderate
2026-07-09 21:00:00,Nuwara Eliya,17.23,85.25,0.0,14.46,Blister Blight,Exobasidium vexans,1.0,Moderate
2026-07-09 22:00:00,Nuwara Eliya,16.85,77.45,1.9,14.77,Blister Blight,Exobasidium vexans,0.898,Moderate
2026-07-09 23:00:00,Nuwara Eliya,17.58,95.0,8.72,20.48,Blister Blight,Exobasidium vexans,1.0,High
2026-07-09 00:00:00,Kandy,27.61,70.16,0.0,11.42,Grey Blight,Pestalotiopsis spp.,0.702,Moderate
2026-07-09 01:00:00,Kandy,22.26,67.39,0.0,12.63,Grey Blight,Pestalotiopsis spp.,0.696,Moderate
2026-07-09 02:00:00,Kandy,24.84,80.17,0.0,13.62,Grey Blight,Pestalotiopsis spp.,1.0,Moderate
2026-07-09 03:00:00,Kandy,21.34,78.45,2.19,18.97,Grey Blight,Pestalotiopsis spp.,1.0,High
2026-07-09 04:00:00,Kandy,18.07,76.42,0.0,15.35,Grey Blight,Pestalotiopsis spp.,0.923,Moderate
2026-07-09 05:00:00,Kandy,19.02,82.38,0.0,12.75,Grey Blight,Pestalotiopsis spp.,0.961,Moderate
2026-07-09 06:00:00,Kandy,18.88,82.41,0.0,12.84,Grey Blight,Pestalotiopsis spp.,0.955,Moderate
2026-07-09 07:00:00,Kandy,20.68,81.13,0.0,14.22,Grey Blight,Pestalotiopsis spp.,1.0,Moderate
2026-07-09 08:00:00,Kandy,22.08,81.58,0.0,14.7,Grey Blight,Pestalotiopsis spp.,1.0,Moderate
2026-07-09 09:00:00,Kandy,22.9,76.19,0.0,13.27,Grey Blight,Pestalotiopsis spp.,1.0,Moderate
2026-07-09 10:00:00,Kandy,24.26,69.84,0.0,12.88,Grey Blight,Pestalotiopsis spp.,0.794,Moderate
2026-07-09 11:00:00,Kandy,23.49,74.75,3.61,12.88,Grey Blight,Pestalotiopsis spp.,0.99,Moderate
2026-07-09 12:00:00,Kandy,20.08,70.66,0.0,19.39,Grey Blight,Pestalotiopsis spp.,0.826,High
2026-07-09 13:00:00,Kandy,23.53,65.0,0.0,16.43,Grey Blight,Pestalotiopsis spp.,0.6,High
2026-07-09 14:00:00,Kandy,21.85,63.26,1.04,13.57,Grey Blight,Pestalotiopsis spp.,0.53,Moderate
2026-07-09 15:00:00,Kandy,20.68,61.62,0.0,10.74,Grey Blight (dormant/low risk),Pestalotiopsis spp.,0.465,Low
2026-07-09 16:00:00,Kandy,23.78,63.9,0.0,14.91,Grey Blight,Pestalotiopsis spp.,0.556,Moderate
2026-07-09 17:00:00,Kandy,28.46,65.32,0.0,15.33,Grey Blight,Pestalotiopsis spp.,0.474,Moderate
2026-07-09 18:00:00,Kandy,25.32,70.44,0.0,13.91,Grey Blight,Pestalotiopsis spp.,0.805,Moderate
2026-07-09 19:00:00,Kandy,25.21,78.15,0.0,13.4,Grey Blight,Pestalotiopsis spp.,0.992,Moderate
2026-07-09 20:00:00,Kandy,28.29,72.03,0.0,9.32,Grey Blight (dormant/low risk),Pestalotiopsis spp.,0.75,Low
2026-07-09 21:00:00,Kandy,23.82,70.09,2.22,12.53,Grey Blight,Pestalotiopsis spp.,0.804,Moderate
2026-07-09 22:00:00,Kandy,25.12,67.2,0.0,10.13,Grey Blight (dormant/low risk),Pestalotiopsis spp.,0.683,Low
2026-07-09 23:00:00,Kandy,25.96,68.68,1.72,17.04,Grey Blight,Pestalotiopsis spp.,0.709,High
2026-07-09 00:00:00,Ratnapura,28.72,72.83,0.0,14.11,Brown Blight,Colletotrichum / Glomerella spp.,0.713,Moderate
2026-07-09 01:00:00,Ratnapura,29.42,81.46,0.0,12.4,Brown Blight,Colletotrichum / Glomerella spp.,1.0,Moderate
2026-07-09 02:00:00,Ratnapura,29.64,75.16,1.43,14.96,Brown Blight,Colletotrichum / Glomerella spp.,0.806,Moderate
2026-07-09 03:00:00,Ratnapura,27.49,78.32,0.0,14.58,Brown Blight,Colletotrichum / Glomerella spp.,0.933,Moderate
2026-07-09 04:00:00,Ratnapura,23.26,90.37,0.0,20.66,Brown Blight,Colletotrichum / Glomerella spp.,0.93,High
2026-07-09 05:00:00,Ratnapura,24.06,95.07,6.56,16.15,Brown Blight,Colletotrichum / Glomerella spp.,0.962,High
2026-07-09 06:00:00,Ratnapura,24.35,82.43,1.62,12.9,Brown Blight,Colletotrichum / Glomerella spp.,0.974,Moderate
2026-07-09 07:00:00,Ratnapura,25.28,85.5,0.35,10.84,Brown Blight,Colletotrichum / Glomerella spp.,1.0,Moderate
2026-07-09 08:00:00,Ratnapura,25.19,87.64,0.0,15.64,Brown Blight,Colletotrichum / Glomerella spp.,1.0,Moderate
2026-07-09 09:00:00,Ratnapura,27.31,79.77,0.0,18.17,Brown Blight,Colletotrichum / Glomerella spp.,0.991,High
2026-07-09 10:00:00,Ratnapura,28.64,74.14,0.0,11.82,Brown Blight,Colletotrichum / Glomerella spp.,0.766,Moderate
2026-07-09 11:00:00,Ratnapura,26.87,78.44,0.0,12.64,Brown Blight,Colletotrichum / Glomerella spp.,0.938,Moderate
2026-07-09 12:00:00,Ratnapura,24.89,65.83,0.0,7.82,Brown Blight (dormant/low risk),Colletotrichum / Glomerella spp.,0.429,Low
2026-07-09 13:00:00,Ratnapura,26.92,67.22,0.0,9.66,Brown Blight (dormant/low risk),Colletotrichum / Glomerella spp.,0.489,Low
2026-07-09 14:00:00,Ratnapura,27.12,65.61,0.0,10.5,Brown Blight (dormant/low risk),Colletotrichum / Glomerella spp.,0.424,Low
2026-07-09 15:00:00,Ratnapura,30.37,65.0,0.0,12.29,Brown Blight,Colletotrichum / Glomerella spp.,0.385,Moderate
2026-07-09 16:00:00,Ratnapura,31.4,68.64,0.0,11.84,Brown Blight,Colletotrichum / Glomerella spp.,0.49,Moderate
2026-07-09 17:00:00,Ratnapura,30.62,65.65,0.0,8.32,Brown Blight (dormant/low risk),Colletotrichum / Glomerella spp.,0.401,Low
2026-07-09 18:00:00,Ratnapura,29.14,71.31,0.0,14.91,Brown Blight,Colletotrichum / Glomerella spp.,0.652,Moderate
2026-07-09 19:00:00,Ratnapura,27.75,79.16,0.0,14.69,Brown Blight,Colletotrichum / Glomerella spp.,0.966,Moderate
2026-07-09 20:00:00,Ratnapura,28.84,71.66,0.0,10.99,Brown Blight,Colletotrichum / Glomerella spp.,0.666,Moderate
2026-07-09 21:00:00,Ratnapura,33.75,72.46,2.92,11.66,Brown Blight,Colletotrichum / Glomerella spp.,0.548,Moderate
2026-07-09 22:00:00,Ratnapura,26.3,76.65,0.84,18.59,Brown Blight,Colletotrichum / Glomerella spp.,0.866,High
2026-07-09 23:00:00,Ratnapura,30.4,78.12,0.0,10.31,Brown Blight (dormant/low risk),Colletotrichum / Glomerella spp.,0.909,Low
2026-07-10 00:00:00,Nuwara Eliya,16.57,90.14,1.73,12.06,Blister Blight,Exobasidium vexans,1.0,Moderate
2026-07-10 01:00:00,Nuwara Eliya,17.65,77.67,0.0,17.03,Blister Blight,Exobasidium vexans,0.907,High
2026-07-10 02:00:00,Nuwara Eliya,18.6,81.83,0.0,12.61,Blister Blight,Exobasidium vexans,1.0,Moderate
2026-07-10 03:00:00,Nuwara Eliya,12.25,95.0,3.29,14.2,Blister Blight,Exobasidium vexans,0.89,Moderate
2026-07-10 04:00:00,Nuwara Eliya,15.96,85.5,1.63,8.54,Blister Blight (dormant/low risk),Exobasidium vexans,1.0,Low
2026-07-10 05:00:00,Nuwara Eliya,12.59,90.36,1.39,13.63,Blister Blight,Exobasidium vexans,0.904,Moderate
2026-07-10 06:00:00,Nuwara Eliya,17.35,88.49,0.0,10.09,Blister Blight (dormant/low risk),Exobasidium vexans,1.0,Low
2026-07-10 07:00:00,Nuwara Eliya,13.24,86.06,0.0,12.65,Blister Blight,Exobasidium vexans,0.93,Moderate
2026-07-10 08:00:00,Nuwara Eliya,11.68,95.0,3.56,20.9,Blister Blight,Exobasidium vexans,0.867,High
2026-07-10 09:00:00,Nuwara Eliya,12.65,85.15,0.18,21.12,Blister Blight,Exobasidium vexans,0.906,High
2026-07-10 10:00:00,Nuwara Eliya,10.42,93.85,8.69,12.9,Blister Blight,Exobasidium vexans,0.817,Moderate
2026-07-10 11:00:00,Nuwara Eliya,16.9,86.23,0.0,9.79,Blister Blight (dormant/low risk),Exobasidium vexans,1.0,Low
2026-07-10 12:00:00,Nuwara Eliya,10.53,74.24,0.0,12.07,Blister Blight,Exobasidium vexans,0.591,Moderate
2026-07-10 13:00:00,Nuwara Eliya,13.95,81.16,0.0,9.09,Blister Blight (dormant/low risk),Exobasidium vexans,0.958,Low
2026-07-10 14:00:00,Nuwara Eliya,16.14,80.28,3.71,14.85,Blister Blight,Exobasidium vexans,1.0,Moderate
2026-07-10 15:00:00,Nuwara Eliya,16.29,74.53,0.0,8.02,Blister Blight (dormant/low risk),Exobasidium vexans,0.781,Low
2026-07-10 16:00:00,Nuwara Eliya,16.36,81.07,0.0,12.03,Blister Blight,Exobasidium vexans,1.0,Moderate
2026-07-10 17:00:00,Nuwara Eliya,18.69,84.46,0.02,12.55,Blister Blight,Exobasidium vexans,1.0,Moderate
2026-07-10 18:00:00,Nuwara Eliya,21.58,80.89,2.18,14.49,Blister Blight,Exobasidium vexans,1.0,Moderate
2026-07-10 19:00:00,Nuwara Eliya,18.3,86.44,1.59,9.44,Blister Blight (dormant/low risk),Exobasidium vexans,1.0,Low
2026-07-10 20:00:00,Nuwara Eliya,20.46,82.34,0.83,11.7,Blister Blight,Exobasidium vexans,1.0,Moderate
2026-07-10 21:00:00,Nuwara Eliya,18.1,79.59,0.88,9.92,Blister Blight (dormant/low risk),Exobasidium vexans,0.984,Low
2026-07-10 22:00:00,Nuwara Eliya,16.15,95.0,5.18,20.77,Blister Blight,Exobasidium vexans,1.0,High
2026-07-10 23:00:00,Nuwara Eliya,14.92,83.92,0.49,17.13,Blister Blight,Exobasidium vexans,0.997,High
2026-07-10 00:00:00,Kandy,23.41,81.7,0.0,11.58,Grey Blight,Pestalotiopsis spp.,1.0,Moderate
2026-07-10 01:00:00,Kandy,24.78,73.98,0.0,13.76,Grey Blight,Pestalotiopsis spp.,0.959,Moderate
2026-07-10 02:00:00,Kandy,23.07,72.41,0.0,11.37,Grey Blight,Pestalotiopsis spp.,0.896,Moderate
2026-07-10 03:00:00,Kandy,21.1,74.05,0.0,13.51,Grey Blight,Pestalotiopsis spp.,0.962,Moderate
2026-07-10 04:00:00,Kandy,21.3,80.63,0.0,13.16,Grey Blight,Pestalotiopsis spp.,1.0,Moderate
2026-07-10 05:00:00,Kandy,19.82,84.67,0.92,11.41,Grey Blight,Pestalotiopsis spp.,0.993,Moderate
2026-07-10 06:00:00,Kandy,18.0,84.09,0.01,11.69,Grey Blight,Pestalotiopsis spp.,0.92,Moderate
2026-07-10 07:00:00,Kandy,18.75,79.66,0.11,12.06,Grey Blight,Pestalotiopsis spp.,0.95,Moderate
2026-07-10 08:00:00,Kandy,21.52,68.91,0.0,13.84,Grey Blight,Pestalotiopsis spp.,0.756,Moderate
2026-07-10 09:00:00,Kandy,19.78,77.5,0.0,8.74,Grey Blight (dormant/low risk),Pestalotiopsis spp.,0.991,Low
2026-07-10 10:00:00,Kandy,19.6,75.0,0.0,13.86,Grey Blight,Pestalotiopsis spp.,0.984,Moderate
2026-07-10 11:00:00,Kandy,20.08,87.51,5.88,15.8,Grey Blight,Pestalotiopsis spp.,1.0,High
2026-07-10 12:00:00,Kandy,19.97,64.77,0.0,11.85,Grey Blight,Pestalotiopsis spp.,0.59,Moderate
2026-07-10 13:00:00,Kandy,20.37,61.13,0.0,12.25,Grey Blight,Pestalotiopsis spp.,0.445,Moderate
2026-07-10 14:00:00,Kandy,20.02,61.93,0.0,10.77,Grey Blight,Pestalotiopsis spp.,0.477,Moderate
2026-07-10 15:00:00,Kandy,25.87,73.04,2.12,11.84,Grey Blight,Pestalotiopsis spp.,0.887,Moderate
2026-07-10 16:00:00,Kandy,22.05,58.75,0.29,9.76,Grey Blight (dormant/low risk),Pestalotiopsis spp.,0.4,Low
2026-07-10 17:00:00,Kandy,24.21,66.84,0.47,19.66,Grey Blight,Pestalotiopsis spp.,0.674,High
2026-07-10 18:00:00,Kandy,27.47,68.15,0.0,6.02,Grey Blight (dormant/low risk),Pestalotiopsis spp.,0.627,Low
2026-07-10 19:00:00,Kandy,26.16,60.65,0.0,12.72,Grey Blight,Pestalotiopsis spp.,0.38,Moderate
2026-07-10 20:00:00,Kandy,30.0,76.84,0.0,10.42,Grey Blight (dormant/low risk),Pestalotiopsis spp.,0.8,Low
2026-07-10 21:00:00,Kandy,26.13,71.67,0.0,5.92,Grey Blight (dormant/low risk),Pestalotiopsis spp.,0.822,Low
2026-07-10 22:00:00,Kandy,25.13,65.33,0.35,13.91,Grey Blight,Pestalotiopsis spp.,0.608,Moderate
2026-07-10 23:00:00,Kandy,26.84,61.91,0.0,12.59,Grey Blight,Pestalotiopsis spp.,0.403,Moderate
2026-07-10 00:00:00,Ratnapura,30.88,75.68,1.24,9.03,Brown Blight (dormant/low risk),Colletotrichum / Glomerella spp.,0.792,Low
2026-07-10 01:00:00,Ratnapura,29.2,69.83,0.0,7.33,Brown Blight (dormant/low risk),Colletotrichum / Glomerella spp.,0.593,Low
2026-07-10 02:00:00,Ratnapura,31.74,88.0,4.2,8.08,Brown Blight (dormant/low risk),Colletotrichum / Glomerella spp.,0.93,Low
2026-07-10 03:00:00,Ratnapura,27.63,77.54,0.74,12.88,Brown Blight,Colletotrichum / Glomerella spp.,0.902,Moderate
2026-07-10 04:00:00,Ratnapura,26.28,98.0,8.16,12.74,Brown Blight,Colletotrichum / Glomerella spp.,1.0,Moderate
2026-07-10 05:00:00,Ratnapura,25.58,89.87,0.0,17.36,Brown Blight,Colletotrichum / Glomerella spp.,1.0,High
2026-07-10 06:00:00,Ratnapura,26.03,79.94,0.0,6.58,Brown Blight (dormant/low risk),Colletotrichum / Glomerella spp.,0.998,Low
2026-07-10 07:00:00,Ratnapura,24.74,89.0,1.86,9.99,Brown Blight (dormant/low risk),Colletotrichum / Glomerella spp.,0.99,Low
2026-07-10 08:00:00,Ratnapura,24.56,82.59,0.0,12.5,Brown Blight,Colletotrichum / Glomerella spp.,0.982,Moderate
2026-07-10 09:00:00,Ratnapura,24.36,73.8,0.0,13.25,Brown Blight,Colletotrichum / Glomerella spp.,0.726,Moderate
2026-07-10 10:00:00,Ratnapura,22.62,79.1,0.0,6.42,Brown Blight (dormant/low risk),Colletotrichum / Glomerella spp.,0.869,Low
2026-07-10 11:00:00,Ratnapura,27.61,80.58,0.47,11.36,Brown Blight,Colletotrichum / Glomerella spp.,1.0,Moderate
2026-07-10 12:00:00,Ratnapura,26.16,68.88,0.0,15.46,Brown Blight,Colletotrichum / Glomerella spp.,0.555,Moderate
2026-07-10 13:00:00,Ratnapura,26.38,75.35,0.0,14.8,Brown Blight,Colletotrichum / Glomerella spp.,0.814,Moderate
2026-07-10 14:00:00,Ratnapura,29.24,65.0,0.0,12.83,Brown Blight,Colletotrichum / Glomerella spp.,0.4,Moderate
2026-07-10 15:00:00,Ratnapura,29.27,68.79,1.22,8.05,Brown Blight (dormant/low risk),Colletotrichum / Glomerella spp.,0.552,Low
2026-07-10 16:00:00,Ratnapura,30.55,71.04,2.17,9.23,Brown Blight (dormant/low risk),Colletotrichum / Glomerella spp.,0.62,Low
2026-07-10 17:00:00,Ratnapura,31.74,79.59,2.03,20.29,Brown Blight,Colletotrichum / Glomerella spp.,0.914,High
2026-07-10 18:00:00,Ratnapura,30.35,72.54,0.0,11.56,Brown Blight,Colletotrichum / Glomerella spp.,0.688,Moderate
2026-07-10 19:00:00,Ratnapura,32.13,74.98,0.0,5.5,Brown Blight (dormant/low risk),Colletotrichum / Glomerella spp.,0.714,Low
2026-07-10 20:00:00,Ratnapura,33.2,76.7,0.0,16.2,Brown Blight,Colletotrichum / Glomerella spp.,0.74,High
2026-07-10 21:00:00,Ratnapura,33.04,67.94,0.28,10.76,Brown Blight,Colletotrichum / Glomerella spp.,0.396,Moderate
2026-07-10 22:00:00,Ratnapura,32.9,68.65,0.0,8.35,Brown Blight (dormant/low risk),Colletotrichum / Glomerella spp.,0.43,Low
2026-07-10 23:00:00,Ratnapura,30.3,69.71,0.0,16.45,Brown Blight,Colletotrichum / Glomerella spp.,0.576,High
2026-07-11 00:00:00,Nuwara Eliya,17.48,82.56,0.0,12.17,Blister Blight,Exobasidium vexans,1.0,Moderate
2026-07-11 01:00:00,Nuwara Eliya,18.08,79.69,0.0,14.75,Blister Blight,Exobasidium vexans,0.988,Moderate
2026-07-11 02:00:00,Nuwara Eliya,15.44,95.0,13.42,15.0,Blister Blight,Exobasidium vexans,1.0,Moderate
2026-07-11 03:00:00,Nuwara Eliya,13.78,84.48,0.0,14.08,Blister Blight,Exobasidium vexans,0.951,Moderate
2026-07-11 04:00:00,Nuwara Eliya,13.79,85.55,0.85,10.69,Blister Blight (dormant/low risk),Exobasidium vexans,0.952,Low
2026-07-11 05:00:00,Nuwara Eliya,15.42,87.61,0.0,10.87,Blister Blight,Exobasidium vexans,1.0,Moderate
2026-07-11 06:00:00,Nuwara Eliya,11.64,95.0,2.25,20.76,Blister Blight,Exobasidium vexans,0.866,High
2026-07-11 07:00:00,Nuwara Eliya,12.93,95.0,1.52,21.23,Blister Blight,Exobasidium vexans,0.917,High
2026-07-11 08:00:00,Nuwara Eliya,11.7,95.0,5.97,16.26,Blister Blight,Exobasidium vexans,0.868,High
2026-07-11 09:00:00,Nuwara Eliya,13.66,85.43,0.0,10.47,Blister Blight (dormant/low risk),Exobasidium vexans,0.946,Low
2026-07-11 10:00:00,Nuwara Eliya,11.96,83.77,0.23,10.63,Blister Blight (dormant/low risk),Exobasidium vexans,0.878,Low
2026-07-11 11:00:00,Nuwara Eliya,15.76,88.08,0.0,17.99,Blister Blight,Exobasidium vexans,1.0,High
2026-07-11 12:00:00,Nuwara Eliya,12.03,76.77,0.0,16.26,Blister Blight,Exobasidium vexans,0.752,High
2026-07-11 13:00:00,Nuwara Eliya,12.71,87.91,1.17,7.85,Blister Blight (dormant/low risk),Exobasidium vexans,0.908,Low
2026-07-11 14:00:00,Nuwara Eliya,15.02,84.32,0.0,13.06,Blister Blight,Exobasidium vexans,1.0,Moderate
2026-07-11 15:00:00,Nuwara Eliya,14.69,75.93,0.05,10.19,Blister Blight (dormant/low risk),Exobasidium vexans,0.825,Low
2026-07-11 16:00:00,Nuwara Eliya,13.99,77.2,0.0,13.9,Blister Blight,Exobasidium vexans,0.848,Moderate
2026-07-11 17:00:00,Nuwara Eliya,16.62,89.24,2.01,16.56,Blister Blight,Exobasidium vexans,1.0,High
2026-07-11 18:00:00,Nuwara Eliya,17.82,81.45,0.0,4.49,Blister Blight (dormant/low risk),Exobasidium vexans,1.0,Low
2026-07-11 19:00:00,Nuwara Eliya,19.22,81.07,0.0,13.41,Blister Blight,Exobasidium vexans,1.0,Moderate
2026-07-11 20:00:00,Nuwara Eliya,17.83,82.11,1.5,18.97,Blister Blight,Exobasidium vexans,1.0,High
2026-07-11 21:00:00,Nuwara Eliya,19.53,90.41,7.07,18.31,Blister Blight,Exobasidium vexans,1.0,High
2026-07-11 22:00:00,Nuwara Eliya,19.31,82.74,0.14,17.21,Blister Blight,Exobasidium vexans,1.0,High
2026-07-11 23:00:00,Nuwara Eliya,12.9,84.52,0.03,12.02,Blister Blight,Exobasidium vexans,0.916,Moderate
2026-07-11 00:00:00,Kandy,24.56,67.01,0.03,12.74,Grey Blight,Pestalotiopsis spp.,0.68,Moderate
2026-07-11 01:00:00,Kandy,22.8,72.48,0.41,13.48,Grey Blight,Pestalotiopsis spp.,0.899,Moderate
2026-07-11 02:00:00,Kandy,20.41,75.31,0.0,14.51,Grey Blight,Pestalotiopsis spp.,1.0,Moderate
2026-07-11 03:00:00,Kandy,25.0,81.22,4.65,10.94,Grey Blight,Pestalotiopsis spp.,1.0,Moderate
2026-07-11 04:00:00,Kandy,21.85,81.12,0.0,15.94,Grey Blight,Pestalotiopsis spp.,1.0,High
2026-07-11 05:00:00,Kandy,24.32,69.39,0.0,11.21,Grey Blight,Pestalotiopsis spp.,0.776,Moderate
2026-07-11 06:00:00,Kandy,20.44,75.43,0.0,16.99,Grey Blight,Pestalotiopsis spp.,1.0,High
2026-07-11 07:00:00,Kandy,20.5,88.32,0.0,14.18,Grey Blight,Pestalotiopsis spp.,1.0,Moderate
2026-07-11 08:00:00,Kandy,22.28,77.63,0.0,16.52,Grey Blight,Pestalotiopsis spp.,1.0,High
2026-07-11 09:00:00,Kandy,24.97,74.36,0.0,14.32,Grey Blight,Pestalotiopsis spp.,0.974,Moderate
2026-07-11 10:00:00,Kandy,20.31,78.69,0.15,9.11,Grey Blight (dormant/low risk),Pestalotiopsis spp.,1.0,Low
2026-07-11 11:00:00,Kandy,22.08,69.48,0.0,13.72,Grey Blight,Pestalotiopsis spp.,0.779,Moderate
2026-07-11 12:00:00,Kandy,19.99,69.28,1.04,3.0,Grey Blight (dormant/low risk),Pestalotiopsis spp.,0.771,Low
2026-07-11 13:00:00,Kandy,20.43,67.52,0.45,11.37,Grey Blight,Pestalotiopsis spp.,0.701,Moderate
2026-07-11 14:00:00,Kandy,21.85,70.18,0.8,14.4,Grey Blight,Pestalotiopsis spp.,0.807,Moderate
2026-07-11 15:00:00,Kandy,26.18,62.0,1.31,4.5,Grey Blight (dormant/low risk),Pestalotiopsis spp.,0.433,Low
2026-07-11 16:00:00,Kandy,23.17,69.59,0.09,15.64,Grey Blight,Pestalotiopsis spp.,0.784,Moderate
2026-07-11 17:00:00,Kandy,24.04,68.67,0.0,11.75,Grey Blight,Pestalotiopsis spp.,0.747,Moderate
2026-07-11 18:00:00,Kandy,20.58,67.77,0.0,11.37,Grey Blight,Pestalotiopsis spp.,0.711,Moderate
2026-07-11 19:00:00,Kandy,25.88,78.66,3.32,18.81,Grey Blight,Pestalotiopsis spp.,0.965,High
2026-07-11 20:00:00,Kandy,24.64,72.96,0.59,16.09,Grey Blight,Pestalotiopsis spp.,0.918,High
2026-07-11 21:00:00,Kandy,27.75,71.22,0.56,10.49,Grey Blight (dormant/low risk),Pestalotiopsis spp.,0.739,Low
2026-07-11 22:00:00,Kandy,25.45,75.45,0.26,18.33,Grey Blight,Pestalotiopsis spp.,0.982,High
2026-07-11 23:00:00,Kandy,27.11,62.1,0.0,9.51,Grey Blight (dormant/low risk),Pestalotiopsis spp.,0.4,Low
2026-07-11 00:00:00,Ratnapura,32.1,75.56,0.0,12.58,Brown Blight,Colletotrichum / Glomerella spp.,0.738,Moderate
2026-07-11 01:00:00,Ratnapura,31.72,72.99,0.0,13.0,Brown Blight,Colletotrichum / Glomerella spp.,0.651,Moderate
2026-07-11 02:00:00,Ratnapura,26.8,80.49,1.33,9.12,Brown Blight (dormant/low risk),Colletotrichum / Glomerella spp.,1.0,Low
2026-07-11 03:00:00,Ratnapura,24.97,83.93,0.0,15.3,Brown Blight,Colletotrichum / Glomerella spp.,0.999,Moderate
2026-07-11 04:00:00,Ratnapura,26.47,86.97,0.0,15.33,Brown Blight,Colletotrichum / Glomerella spp.,1.0,Moderate
2026-07-11 05:00:00,Ratnapura,27.76,80.27,0.32,7.66,Brown Blight (dormant/low risk),Colletotrichum / Glomerella spp.,1.0,Low
2026-07-11 06:00:00,Ratnapura,23.51,78.76,0.0,17.73,Brown Blight,Colletotrichum / Glomerella spp.,0.891,High
2026-07-11 07:00:00,Ratnapura,25.69,88.78,0.0,14.15,Brown Blight,Colletotrichum / Glomerella spp.,1.0,Moderate
2026-07-11 08:00:00,Ratnapura,23.78,83.72,0.0,15.95,Brown Blight,Colletotrichum / Glomerella spp.,0.951,High
2026-07-11 09:00:00,Ratnapura,26.43,78.48,0.0,9.76,Brown Blight (dormant/low risk),Colletotrichum / Glomerella spp.,0.939,Low
2026-07-11 10:00:00,Ratnapura,25.61,76.88,0.0,16.0,Brown Blight,Colletotrichum / Glomerella spp.,0.875,High
2026-07-11 11:00:00,Ratnapura,22.58,81.35,0.0,16.68,Brown Blight,Colletotrichum / Glomerella spp.,0.903,High
2026-07-11 12:00:00,Ratnapura,25.37,70.12,1.96,15.54,Brown Blight,Colletotrichum / Glomerella spp.,0.605,Moderate
2026-07-11 13:00:00,Ratnapura,26.2,69.93,0.0,3.99,Brown Blight (dormant/low risk),Colletotrichum / Glomerella spp.,0.597,Low
2026-07-11 14:00:00,Ratnapura,29.56,65.0,0.0,16.46,Brown Blight,Colletotrichum / Glomerella spp.,0.4,High
2026-07-11 15:00:00,Ratnapura,24.91,67.84,0.0,15.04,Brown Blight,Colletotrichum / Glomerella spp.,0.51,Moderate
2026-07-11 16:00:00,Ratnapura,28.86,78.13,0.33,11.75,Brown Blight,Colletotrichum / Glomerella spp.,0.925,Moderate
2026-07-11 17:00:00,Ratnapura,28.56,77.34,0.0,9.65,Brown Blight (dormant/low risk),Colletotrichum / Glomerella spp.,0.894,Low
2026-07-11 18:00:00,Ratnapura,31.58,65.0,0.0,12.57,Brown Blight,Colletotrichum / Glomerella spp.,0.337,Moderate
2026-07-11 19:00:00,Ratnapura,29.52,73.28,0.0,12.51,Brown Blight,Colletotrichum / Glomerella spp.,0.731,Moderate
2026-07-11 20:00:00,Ratnapura,31.95,67.44,0.0,11.21,Brown Blight,Colletotrichum / Glomerella spp.,0.42,Moderate
2026-07-11 21:00:00,Ratnapura,30.54,84.04,4.79,9.48,Brown Blight (dormant/low risk),Colletotrichum / Glomerella spp.,0.978,Low
2026-07-11 22:00:00,Ratnapura,29.86,72.05,0.0,12.98,Brown Blight,Colletotrichum / Glomerella spp.,0.682,Moderate
2026-07-11 23:00:00,Ratnapura,30.78,70.19,0.0,12.7,Brown Blight,Colletotrichum / Glomerella spp.,0.576,Moderate
2026-07-12 00:00:00,Nuwara Eliya,16.86,89.69,1.8,22.73,Blister Blight,Exobasidium vexans,1.0,High
2026-07-12 01:00:00,Nuwara Eliya,15.41,89.62,3.58,15.02,Blister Blight,Exobasidium vexans,1.0,Moderate
2026-07-12 02:00:00,Nuwara Eliya,14.92,81.64,1.68,10.86,Blister Blight,Exobasidium vexans,0.997,Moderate
2026-07-12 03:00:00,Nuwara Eliya,17.7,78.4,0.54,9.68,Blister Blight (dormant/low risk),Exobasidium vexans,0.936,Low
2026-07-12 04:00:00,Nuwara Eliya,10.0,95.0,4.51,16.4,Blister Blight,Exobasidium vexans,0.8,High
2026-07-12 05:00:00,Nuwara Eliya,14.17,82.62,0.0,15.16,Blister Blight,Exobasidium vexans,0.967,Moderate
2026-07-12 06:00:00,Nuwara Eliya,16.75,89.73,0.0,15.83,Blister Blight,Exobasidium vexans,1.0,High
2026-07-12 07:00:00,Nuwara Eliya,14.78,94.95,3.74,24.41,Blister Blight,Exobasidium vexans,0.991,High
2026-07-12 08:00:00,Nuwara Eliya,14.05,90.49,1.8,20.24,Blister Blight,Exobasidium vexans,0.962,High
2026-07-12 09:00:00,Nuwara Eliya,12.42,82.82,0.0,11.0,Blister Blight,Exobasidium vexans,0.897,Moderate
2026-07-12 10:00:00,Nuwara Eliya,12.39,95.0,9.19,18.48,Blister Blight,Exobasidium vexans,0.896,High
2026-07-12 11:00:00,Nuwara Eliya,13.08,85.21,3.7,8.52,Blister Blight (dormant/low risk),Exobasidium vexans,0.923,Low
2026-07-12 12:00:00,Nuwara Eliya,14.82,89.68,5.85,22.27,Blister Blight,Exobasidium vexans,0.993,High
2026-07-12 13:00:00,Nuwara Eliya,13.74,81.45,2.46,7.04,Blister Blight (dormant/low risk),Exobasidium vexans,0.95,Low
2026-07-12 14:00:00,Nuwara Eliya,12.66,88.31,3.19,17.0,Blister Blight,Exobasidium vexans,0.906,High
2026-07-12 15:00:00,Nuwara Eliya,12.79,83.01,0.0,9.59,Blister Blight (dormant/low risk),Exobasidium vexans,0.912,Low
2026-07-12 16:00:00,Nuwara Eliya,14.52,83.67,1.49,14.89,Blister Blight,Exobasidium vexans,0.981,Moderate
2026-07-12 17:00:00,Nuwara Eliya,19.23,77.41,0.0,17.09,Blister Blight,Exobasidium vexans,0.896,High
2026-07-12 18:00:00,Nuwara Eliya,19.11,82.55,1.21,16.23,Blister Blight,Exobasidium vexans,1.0,High
2026-07-12 19:00:00,Nuwara Eliya,18.28,74.37,0.0,11.63,Blister Blight,Exobasidium vexans,0.775,Moderate
2026-07-12 20:00:00,Nuwara Eliya,19.77,72.78,0.31,14.57,Blister Blight,Exobasidium vexans,0.711,Moderate
2026-07-12 21:00:00,Nuwara Eliya,17.91,81.02,0.0,11.82,Blister Blight,Exobasidium vexans,1.0,Moderate
2026-07-12 22:00:00,Nuwara Eliya,17.74,82.7,0.0,11.99,Blister Blight,Exobasidium vexans,1.0,Moderate
2026-07-12 23:00:00,Nuwara Eliya,19.98,68.51,0.0,6.47,Blister Blight (dormant/low risk),Exobasidium vexans,0.54,Low
2026-07-12 00:00:00,Kandy,24.18,69.4,0.33,13.97,Grey Blight,Pestalotiopsis spp.,0.776,Moderate
2026-07-12 01:00:00,Kandy,21.65,72.66,0.0,14.12,Grey Blight,Pestalotiopsis spp.,0.906,Moderate
2026-07-12 02:00:00,Kandy,23.75,69.8,0.0,8.71,Grey Blight (dormant/low risk),Pestalotiopsis spp.,0.792,Low
2026-07-12 03:00:00,Kandy,19.98,70.2,0.02,9.2,Grey Blight (dormant/low risk),Pestalotiopsis spp.,0.807,Low
2026-07-12 04:00:00,Kandy,20.84,90.0,5.23,16.93,Grey Blight,Pestalotiopsis spp.,1.0,High
2026-07-12 05:00:00,Kandy,22.2,87.41,7.51,11.87,Grey Blight,Pestalotiopsis spp.,1.0,Moderate
2026-07-12 06:00:00,Kandy,18.0,90.0,1.65,16.57,Grey Blight,Pestalotiopsis spp.,0.92,High
2026-07-12 07:00:00,Kandy,19.91,83.39,1.76,19.2,Grey Blight,Pestalotiopsis spp.,0.996,High
2026-07-12 08:00:00,Kandy,22.24,79.4,0.0,13.61,Grey Blight,Pestalotiopsis spp.,1.0,Moderate
2026-07-12 09:00:00,Kandy,19.26,80.07,0.0,8.05,Grey Blight (dormant/low risk),Pestalotiopsis spp.,0.97,Low
2026-07-12 10:00:00,Kandy,20.78,73.75,0.0,17.03,Grey Blight,Pestalotiopsis spp.,0.95,High
2026-07-12 11:00:00,Kandy,26.24,69.5,0.0,2.77,Grey Blight (dormant/low risk),Pestalotiopsis spp.,0.73,Low
2026-07-12 12:00:00,Kandy,23.95,61.55,0.0,9.54,Grey Blight (dormant/low risk),Pestalotiopsis spp.,0.462,Low
2026-07-12 13:00:00,Kandy,24.12,66.28,2.9,12.04,Grey Blight,Pestalotiopsis spp.,0.651,Moderate
2026-07-12 14:00:00,Kandy,27.41,55.0,0.0,7.41,Grey Blight (dormant/low risk),Pestalotiopsis spp.,0.304,Low
2026-07-12 15:00:00,Kandy,24.3,62.6,0.24,14.54,Grey Blight,Pestalotiopsis spp.,0.504,Moderate
2026-07-12 16:00:00,Kandy,22.32,60.97,0.0,10.84,Grey Blight,Pestalotiopsis spp.,0.439,Moderate
2026-07-12 17:00:00,Kandy,23.9,81.11,1.65,10.43,Grey Blight (dormant/low risk),Pestalotiopsis spp.,1.0,Low
2026-07-12 18:00:00,Kandy,25.35,74.02,0.59,9.63,Grey Blight (dormant/low risk),Pestalotiopsis spp.,0.947,Low
2026-07-12 19:00:00,Kandy,24.93,77.26,7.58,14.81,Grey Blight,Pestalotiopsis spp.,1.0,Moderate
2026-07-12 20:00:00,Kandy,23.59,69.44,0.0,13.45,Grey Blight,Pestalotiopsis spp.,0.778,Moderate
2026-07-12 21:00:00,Kandy,23.6,74.57,0.0,16.85,Grey Blight,Pestalotiopsis spp.,0.983,High
2026-07-12 22:00:00,Kandy,27.02,68.74,0.0,7.96,Grey Blight (dormant/low risk),Pestalotiopsis spp.,0.669,Low
2026-07-12 23:00:00,Kandy,21.85,75.21,0.0,16.82,Grey Blight,Pestalotiopsis spp.,1.0,High
2026-07-12 00:00:00,Ratnapura,31.71,72.8,0.0,6.99,Brown Blight (dormant/low risk),Colletotrichum / Glomerella spp.,0.644,Low
2026-07-12 01:00:00,Ratnapura,27.38,77.47,0.4,8.87,Brown Blight (dormant/low risk),Colletotrichum / Glomerella spp.,0.899,Low
2026-07-12 02:00:00,Ratnapura,27.54,71.62,0.0,12.58,Brown Blight,Colletotrichum / Glomerella spp.,0.665,Moderate
2026-07-12 03:00:00,Ratnapura,28.41,77.17,0.07,17.57,Brown Blight,Colletotrichum / Glomerella spp.,0.887,High
2026-07-12 04:00:00,Ratnapura,24.65,84.02,0.0,10.66,Brown Blight (dormant/low risk),Colletotrichum / Glomerella spp.,0.986,Low
2026-07-12 05:00:00,Ratnapura,29.22,79.75,0.0,10.76,Brown Blight,Colletotrichum / Glomerella spp.,0.99,Moderate
2026-07-12 06:00:00,Ratnapura,23.7,86.42,0.04,18.52,Brown Blight,Colletotrichum / Glomerella spp.,0.948,High
2026-07-12 07:00:00,Ratnapura,26.76,80.2,0.0,12.18,Brown Blight,Colletotrichum / Glomerella spp.,1.0,Moderate
2026-07-12 08:00:00,Ratnapura,25.27,79.99,0.0,20.49,Brown Blight,Colletotrichum / Glomerella spp.,1.0,High
2026-07-12 09:00:00,Ratnapura,23.17,81.08,0.0,11.14,Brown Blight,Colletotrichum / Glomerella spp.,0.927,Moderate
2026-07-12 10:00:00,Ratnapura,23.72,81.2,1.29,13.14,Brown Blight,Colletotrichum / Glomerella spp.,0.949,Moderate
2026-07-12 11:00:00,Ratnapura,24.76,87.83,1.56,17.62,Brown Blight,Colletotrichum / Glomerella spp.,0.99,High
2026-07-12 12:00:00,Ratnapura,26.99,72.97,0.0,10.45,Brown Blight (dormant/low risk),Colletotrichum / Glomerella spp.,0.719,Low
2026-07-12 13:00:00,Ratnapura,26.28,70.56,0.0,14.08,Brown Blight,Colletotrichum / Glomerella spp.,0.622,Moderate
2026-07-12 14:00:00,Ratnapura,27.34,65.0,0.0,12.84,Brown Blight,Colletotrichum / Glomerella spp.,0.4,Moderate
2026-07-12 15:00:00,Ratnapura,30.31,65.0,0.0,10.81,Brown Blight,Colletotrichum / Glomerella spp.,0.388,Moderate
2026-07-12 16:00:00,Ratnapura,28.97,68.73,0.0,4.95,Brown Blight (dormant/low risk),Colletotrichum / Glomerella spp.,0.549,Low
2026-07-12 17:00:00,Ratnapura,30.01,80.65,1.79,5.37,Brown Blight (dormant/low risk),Colletotrichum / Glomerella spp.,1.0,Low
2026-07-12 18:00:00,Ratnapura,28.01,78.63,0.0,11.57,Brown Blight,Colletotrichum / Glomerella spp.,0.945,Moderate
2026-07-12 19:00:00,Ratnapura,32.18,74.46,0.0,12.98,Brown Blight,Colletotrichum / Glomerella spp.,0.691,Moderate
2026-07-12 20:00:00,Ratnapura,30.02,73.19,0.0,8.5,Brown Blight (dormant/low risk),Colletotrichum / Glomerella spp.,0.727,Low
2026-07-12 21:00:00,Ratnapura,32.63,71.37,0.0,15.72,Brown Blight,Colletotrichum / Glomerella spp.,0.55,High
2026-07-12 22:00:00,Ratnapura,33.36,77.23,4.27,13.31,Brown Blight,Colletotrichum / Glomerella spp.,0.755,Moderate
2026-07-12 23:00:00,Ratnapura,30.7,79.15,4.36,13.67,Brown Blight,Colletotrichum / Glomerella spp.,0.938,Moderate
2026-07-13 00:00:00,Nuwara Eliya,18.16,81.2,0.0,12.67,Blister Blight,Exobasidium vexans,1.0,Moderate
2026-07-13 01:00:00,Nuwara Eliya,16.55,78.66,0.0,11.53,Blister Blight,Exobasidium vexans,0.946,Moderate
2026-07-13 02:00:00,Nuwara Eliya,11.38,86.69,0.38,10.82,Blister Blight,Exobasidium vexans,0.855,Moderate
2026-07-13 03:00:00,Nuwara Eliya,16.15,85.11,3.81,16.27,Blister Blight,Exobasidium vexans,1.0,High
2026-07-13 04:00:00,Nuwara Eliya,15.22,89.9,1.94,14.85,Blister Blight,Exobasidium vexans,1.0,Moderate
2026-07-13 05:00:00,Nuwara Eliya,14.16,81.96,0.7,15.58,Blister Blight,Exobasidium vexans,0.966,Moderate
2026-07-13 06:00:00,Nuwara Eliya,10.61,95.0,13.57,21.76,Blister Blight,Exobasidium vexans,0.824,High
2026-07-13 07:00:00,Nuwara Eliya,12.16,95.0,2.77,14.87,Blister Blight,Exobasidium vexans,0.886,Moderate
2026-07-13 08:00:00,Nuwara Eliya,15.01,89.16,0.0,14.46,Blister Blight,Exobasidium vexans,1.0,Moderate
2026-07-13 09:00:00,Nuwara Eliya,14.53,87.62,0.0,11.62,Blister Blight,Exobasidium vexans,0.981,Moderate
2026-07-13 10:00:00,Nuwara Eliya,14.45,85.2,0.43,11.74,Blister Blight,Exobasidium vexans,0.978,Moderate
2026-07-13 11:00:00,Nuwara Eliya,15.06,83.9,0.25,11.29,Blister Blight,Exobasidium vexans,1.0,Moderate
2026-07-13 12:00:00,Nuwara Eliya,13.61,77.07,0.0,13.02,Blister Blight,Exobasidium vexans,0.827,Moderate
2026-07-13 13:00:00,Nuwara Eliya,15.17,75.6,0.0,10.81,Blister Blight,Exobasidium vexans,0.824,Moderate
2026-07-13 14:00:00,Nuwara Eliya,19.33,63.21,0.0,6.09,Blister Blight (dormant/low risk),Exobasidium vexans,0.4,Low
2026-07-13 15:00:00,Nuwara Eliya,14.87,83.94,1.95,16.0,Blister Blight,Exobasidium vexans,0.995,High
2026-07-13 16:00:00,Nuwara Eliya,19.33,79.39,0.0,18.51,Blister Blight,Exobasidium vexans,0.976,High
2026-07-13 17:00:00,Nuwara Eliya,19.08,84.62,0.1,13.18,Blister Blight,Exobasidium vexans,1.0,Moderate
2026-07-13 18:00:00,Nuwara Eliya,17.16,80.32,1.14,12.56,Blister Blight,Exobasidium vexans,1.0,Moderate
2026-07-13 19:00:00,Nuwara Eliya,20.28,86.19,1.27,14.46,Blister Blight,Exobasidium vexans,1.0,Moderate
2026-07-13 20:00:00,Nuwara Eliya,18.19,79.4,0.08,11.18,Blister Blight,Exobasidium vexans,0.976,Moderate
2026-07-13 21:00:00,Nuwara Eliya,16.77,93.67,2.9,17.88,Blister Blight,Exobasidium vexans,1.0,High
2026-07-13 22:00:00,Nuwara Eliya,18.34,79.56,0.02,13.42,Blister Blight,Exobasidium vexans,0.982,Moderate
2026-07-13 23:00:00,Nuwara Eliya,21.36,80.98,0.0,17.4,Blister Blight,Exobasidium vexans,1.0,High
2026-07-13 00:00:00,Kandy,27.05,70.14,0.0,9.14,Grey Blight (dormant/low risk),Pestalotiopsis spp.,0.724,Low
2026-07-13 01:00:00,Kandy,25.14,72.28,0.0,15.18,Grey Blight,Pestalotiopsis spp.,0.886,Moderate
2026-07-13 02:00:00,Kandy,24.49,73.13,0.35,14.35,Grey Blight,Pestalotiopsis spp.,0.925,Moderate
2026-07-13 03:00:00,Kandy,22.02,77.99,0.0,11.15,Grey Blight,Pestalotiopsis spp.,1.0,Moderate
2026-07-13 04:00:00,Kandy,18.8,90.0,5.4,19.07,Grey Blight,Pestalotiopsis spp.,0.952,High
2026-07-13 05:00:00,Kandy,19.8,80.37,0.0,14.91,Grey Blight,Pestalotiopsis spp.,0.992,Moderate
2026-07-13 06:00:00,Kandy,18.38,85.14,1.78,15.44,Grey Blight,Pestalotiopsis spp.,0.935,Moderate
2026-07-13 07:00:00,Kandy,20.89,82.69,2.84,14.83,Grey Blight,Pestalotiopsis spp.,1.0,Moderate
2026-07-13 08:00:00,Kandy,20.38,80.47,0.64,8.66,Grey Blight (dormant/low risk),Pestalotiopsis spp.,1.0,Low
2026-07-13 09:00:00,Kandy,20.06,75.16,0.0,9.44,Grey Blight (dormant/low risk),Pestalotiopsis spp.,1.0,Low
2026-07-13 10:00:00,Kandy,24.39,74.66,2.27,10.88,Grey Blight,Pestalotiopsis spp.,0.986,Moderate
2026-07-13 11:00:00,Kandy,23.6,72.63,0.0,13.41,Grey Blight,Pestalotiopsis spp.,0.905,Moderate
2026-07-13 12:00:00,Kandy,21.91,65.64,0.98,15.95,Grey Blight,Pestalotiopsis spp.,0.626,High
2026-07-13 13:00:00,Kandy,24.71,56.2,0.0,10.15,Grey Blight (dormant/low risk),Pestalotiopsis spp.,0.4,Low
2026-07-13 14:00:00,Kandy,21.36,59.13,0.0,19.34,Grey Blight,Pestalotiopsis spp.,0.4,High
2026-07-13 15:00:00,Kandy,24.49,65.57,0.0,14.23,Grey Blight,Pestalotiopsis spp.,0.623,Moderate
2026-07-13 16:00:00,Kandy,22.76,71.77,0.0,10.92,Grey Blight,Pestalotiopsis spp.,0.871,Moderate
2026-07-13 17:00:00,Kandy,24.43,61.13,0.0,13.73,Grey Blight,Pestalotiopsis spp.,0.445,Moderate
2026-07-13 18:00:00,Kandy,25.07,67.01,0.0,7.53,Grey Blight (dormant/low risk),Pestalotiopsis spp.,0.678,Low
2026-07-13 19:00:00,Kandy,23.37,76.04,0.0,15.32,Grey Blight,Pestalotiopsis spp.,1.0,Moderate
2026-07-13 20:00:00,Kandy,27.19,66.9,0.0,15.98,Grey Blight,Pestalotiopsis spp.,0.588,High
2026-07-13 21:00:00,Kandy,25.15,75.14,0.0,16.94,Grey Blight,Pestalotiopsis spp.,0.994,High
2026-07-13 22:00:00,Kandy,26.27,67.75,0.0,14.2,Grey Blight,Pestalotiopsis spp.,0.659,Moderate
2026-07-13 23:00:00,Kandy,26.39,71.93,0.41,7.77,Grey Blight (dormant/low risk),Pestalotiopsis spp.,0.822,Low
2026-07-13 00:00:00,Ratnapura,25.33,80.2,0.0,15.71,Brown Blight,Colletotrichum / Glomerella spp.,1.0,High
2026-07-13 01:00:00,Ratnapura,30.69,74.52,0.0,11.1,Brown Blight,Colletotrichum / Glomerella spp.,0.753,Moderate
2026-07-13 02:00:00,Ratnapura,30.09,73.33,0.0,17.42,Brown Blight,Colletotrichum / Glomerella spp.,0.73,High
2026-07-13 03:00:00,Ratnapura,25.22,71.93,0.0,12.06,Brown Blight,Colletotrichum / Glomerella spp.,0.677,Moderate
2026-07-13 04:00:00,Ratnapura,28.17,76.82,0.0,12.19,Brown Blight,Colletotrichum / Glomerella spp.,0.873,Moderate
2026-07-13 05:00:00,Ratnapura,23.37,86.26,0.56,17.15,Brown Blight,Colletotrichum / Glomerella spp.,0.935,High
2026-07-13 06:00:00,Ratnapura,23.24,86.11,1.06,14.22,Brown Blight,Colletotrichum / Glomerella spp.,0.93,Moderate
2026-07-13 07:00:00,Ratnapura,23.4,87.99,0.0,15.51,Brown Blight,Colletotrichum / Glomerella spp.,0.936,Moderate
2026-07-13 08:00:00,Ratnapura,26.34,83.93,0.0,5.8,Brown Blight (dormant/low risk),Colletotrichum / Glomerella spp.,1.0,Low
2026-07-13 09:00:00,Ratnapura,22.0,83.47,0.0,14.09,Brown Blight,Colletotrichum / Glomerella spp.,0.88,Moderate
2026-07-13 10:00:00,Ratnapura,22.12,92.1,3.73,18.22,Brown Blight,Colletotrichum / Glomerella spp.,0.885,High
2026-07-13 11:00:00,Ratnapura,25.05,79.24,0.0,18.01,Brown Blight,Colletotrichum / Glomerella spp.,0.97,High
2026-07-13 12:00:00,Ratnapura,27.22,68.69,0.0,8.32,Brown Blight (dormant/low risk),Colletotrichum / Glomerella spp.,0.548,Low
2026-07-13 13:00:00,Ratnapura,26.18,66.68,0.49,13.81,Brown Blight,Colletotrichum / Glomerella spp.,0.467,Moderate
2026-07-13 14:00:00,Ratnapura,26.18,73.39,0.0,9.66,Brown Blight (dormant/low risk),Colletotrichum / Glomerella spp.,0.736,Low
2026-07-13 15:00:00,Ratnapura,29.04,65.0,0.0,10.23,Brown Blight (dormant/low risk),Colletotrichum / Glomerella spp.,0.4,Low
2026-07-13 16:00:00,Ratnapura,29.77,74.92,0.0,16.12,Brown Blight,Colletotrichum / Glomerella spp.,0.797,High
2026-07-13 17:00:00,Ratnapura,30.52,71.97,0.0,15.78,Brown Blight,Colletotrichum / Glomerella spp.,0.658,High
2026-07-13 18:00:00,Ratnapura,27.67,73.21,0.0,8.83,Brown Blight (dormant/low risk),Colletotrichum / Glomerella spp.,0.728,Low
2026-07-13 19:00:00,Ratnapura,31.96,73.89,1.22,17.98,Brown Blight,Colletotrichum / Glomerella spp.,0.677,High
2026-07-13 20:00:00,Ratnapura,28.9,72.79,0.0,13.13,Brown Blight,Colletotrichum / Glomerella spp.,0.712,Moderate
2026-07-13 21:00:00,Ratnapura,34.37,72.99,0.0,13.55,Brown Blight,Colletotrichum / Glomerella spp.,0.545,Moderate
2026-07-13 22:00:00,Ratnapura,33.51,70.15,0.6,14.15,Brown Blight,Colletotrichum / Glomerella spp.,0.466,Moderate
2026-07-13 23:00:00,Ratnapura,29.33,72.48,0.0,11.99,Brown Blight,Colletotrichum / Glomerella spp.,0.699,Moderate
2026-07-14 00:00:00,Nuwara Eliya,15.35,91.57,0.1,15.38,Blister Blight,Exobasidium vexans,1.0,Moderate
2026-07-14 01:00:00,Nuwara Eliya,17.71,75.23,1.07,17.25,Blister Blight,Exobasidium vexans,0.809,High
2026-07-14 02:00:00,Nuwara Eliya,15.46,95.0,7.8,16.56,Blister Blight,Exobasidium vexans,1.0,High
2026-07-14 03:00:00,Nuwara Eliya,15.21,87.64,0.0,15.08,Blister Blight,Exobasidium vexans,1.0,Moderate
2026-07-14 04:00:00,Nuwara Eliya,14.17,92.63,0.33,13.17,Blister Blight,Exobasidium vexans,0.967,Moderate
2026-07-14 05:00:00,Nuwara Eliya,15.25,95.0,4.24,22.28,Blister Blight,Exobasidium vexans,1.0,High
2026-07-14 06:00:00,Nuwara Eliya,17.59,92.41,1.16,18.97,Blister Blight,Exobasidium vexans,1.0,High
2026-07-14 07:00:00,Nuwara Eliya,13.47,95.0,1.5,16.27,Blister Blight,Exobasidium vexans,0.939,High
2026-07-14 08:00:00,Nuwara Eliya,13.64,95.0,2.22,15.79,Blister Blight,Exobasidium vexans,0.946,High
2026-07-14 09:00:00,Nuwara Eliya,10.54,93.92,0.0,16.94,Blister Blight,Exobasidium vexans,0.822,High
2026-07-14 10:00:00,Nuwara Eliya,13.29,93.9,3.42,18.37,Blister Blight,Exobasidium vexans,0.932,High
2026-07-14 11:00:00,Nuwara Eliya,12.69,83.06,1.46,10.87,Blister Blight,Exobasidium vexans,0.908,Moderate
2026-07-14 12:00:00,Nuwara Eliya,17.8,71.42,0.0,10.96,Blister Blight,Exobasidium vexans,0.657,Moderate
2026-07-14 13:00:00,Nuwara Eliya,14.33,75.49,0.0,15.14,Blister Blight,Exobasidium vexans,0.793,Moderate
2026-07-14 14:00:00,Nuwara Eliya,14.28,79.77,1.44,16.89,Blister Blight,Exobasidium vexans,0.962,High
2026-07-14 15:00:00,Nuwara Eliya,16.96,71.68,0.0,13.8,Blister Blight,Exobasidium vexans,0.667,Moderate
2026-07-14 16:00:00,Nuwara Eliya,10.75,88.25,4.35,10.81,Blister Blight,Exobasidium vexans,0.83,Moderate
2026-07-14 17:00:00,Nuwara Eliya,18.21,91.67,2.87,18.31,Blister Blight,Exobasidium vexans,1.0,High
2026-07-14 18:00:00,Nuwara Eliya,19.22,78.63,0.0,19.27,Blister Blight,Exobasidium vexans,0.945,High
2026-07-14 19:00:00,Nuwara Eliya,18.56,78.33,1.46,19.73,Blister Blight,Exobasidium vexans,0.933,High
2026-07-14 20:00:00,Nuwara Eliya,13.74,85.06,1.04,15.33,Blister Blight,Exobasidium vexans,0.95,Moderate
2026-07-14 21:00:00,Nuwara Eliya,18.09,77.67,0.0,13.07,Blister Blight,Exobasidium vexans,0.907,Moderate
2026-07-14 22:00:00,Nuwara Eliya,16.57,86.1,0.76,10.72,Blister Blight (dormant/low risk),Exobasidium vexans,1.0,Low
2026-07-14 23:00:00,Nuwara Eliya,17.49,90.57,6.57,16.02,Blister Blight,Exobasidium vexans,1.0,High
2026-07-14 00:00:00,Kandy,22.26,67.56,0.0,9.44,Grey Blight (dormant/low risk),Pestalotiopsis spp.,0.702,Low
2026-07-14 01:00:00,Kandy,21.34,72.36,0.0,17.2,Grey Blight,Pestalotiopsis spp.,0.894,High
2026-07-14 02:00:00,Kandy,20.05,74.07,0.0,17.78,Grey Blight,Pestalotiopsis spp.,0.963,High
2026-07-14 03:00:00,Kandy,24.26,74.67,1.61,12.84,Grey Blight,Pestalotiopsis spp.,0.987,Moderate
2026-07-14 04:00:00,Kandy,20.12,80.88,0.0,12.53,Grey Blight,Pestalotiopsis spp.,1.0,Moderate
2026-07-14 05:00:00,Kandy,18.0,90.0,2.78,16.41,Grey Blight,Pestalotiopsis spp.,0.92,High
2026-07-14 06:00:00,Kandy,19.36,86.71,4.54,17.41,Grey Blight,Pestalotiopsis spp.,0.974,High
2026-07-14 07:00:00,Kandy,20.86,87.3,0.0,17.33,Grey Blight,Pestalotiopsis spp.,1.0,High
2026-07-14 08:00:00,Kandy,20.81,77.86,0.83,15.55,Grey Blight,Pestalotiopsis spp.,1.0,Moderate
2026-07-14 09:00:00,Kandy,18.39,78.92,0.0,15.04,Grey Blight,Pestalotiopsis spp.,0.936,Moderate
2026-07-14 10:00:00,Kandy,19.65,83.02,4.05,15.61,Grey Blight,Pestalotiopsis spp.,0.986,Moderate
2026-07-14 11:00:00,Kandy,18.0,70.87,0.0,8.04,Grey Blight (dormant/low risk),Pestalotiopsis spp.,0.755,Low
2026-07-14 12:00:00,Kandy,19.21,64.67,0.0,8.89,Grey Blight (dormant/low risk),Pestalotiopsis spp.,0.555,Low
2026-07-14 13:00:00,Kandy,23.05,64.6,0.0,10.95,Grey Blight,Pestalotiopsis spp.,0.584,Moderate
2026-07-14 14:00:00,Kandy,21.67,62.8,0.0,18.66,Grey Blight,Pestalotiopsis spp.,0.512,High
2026-07-14 15:00:00,Kandy,22.6,59.94,0.0,10.11,Grey Blight (dormant/low risk),Pestalotiopsis spp.,0.4,Low
2026-07-14 16:00:00,Kandy,21.54,80.0,7.74,17.07,Grey Blight,Pestalotiopsis spp.,1.0,High
2026-07-14 17:00:00,Kandy,23.89,75.29,2.64,13.99,Grey Blight,Pestalotiopsis spp.,1.0,Moderate
2026-07-14 18:00:00,Kandy,23.54,71.24,0.0,9.66,Grey Blight (dormant/low risk),Pestalotiopsis spp.,0.85,Low
2026-07-14 19:00:00,Kandy,22.71,73.46,0.74,14.58,Grey Blight,Pestalotiopsis spp.,0.938,Moderate
2026-07-14 20:00:00,Kandy,28.47,75.1,0.0,10.35,Grey Blight (dormant/low risk),Pestalotiopsis spp.,0.861,Low
2026-07-14 21:00:00,Kandy,26.62,62.35,0.0,8.19,Grey Blight (dormant/low risk),Pestalotiopsis spp.,0.429,Low
2026-07-14 22:00:00,Kandy,22.32,67.21,0.0,8.93,Grey Blight (dormant/low risk),Pestalotiopsis spp.,0.688,Low
2026-07-14 23:00:00,Kandy,25.24,79.74,1.82,14.32,Grey Blight,Pestalotiopsis spp.,0.99,Moderate
2026-07-14 00:00:00,Ratnapura,29.71,84.61,3.21,9.93,Brown Blight (dormant/low risk),Colletotrichum / Glomerella spp.,1.0,Low
2026-07-14 01:00:00,Ratnapura,29.53,71.22,0.0,12.95,Brown Blight,Colletotrichum / Glomerella spp.,0.649,Moderate
2026-07-14 02:00:00,Ratnapura,31.12,70.42,0.0,7.81,Brown Blight (dormant/low risk),Colletotrichum / Glomerella spp.,0.572,Low
2026-07-14 03:00:00,Ratnapura,28.06,78.43,0.0,11.6,Brown Blight,Colletotrichum / Glomerella spp.,0.937,Moderate
2026-07-14 04:00:00,Ratnapura,29.21,82.69,0.8,7.03,Brown Blight (dormant/low risk),Colletotrichum / Glomerella spp.,1.0,Low
2026-07-14 05:00:00,Ratnapura,25.47,78.69,0.48,12.29,Brown Blight,Colletotrichum / Glomerella spp.,0.948,Moderate
2026-07-14 06:00:00,Ratnapura,25.28,95.86,2.24,28.7,Brown Blight,Colletotrichum / Glomerella spp.,1.0,High
2026-07-14 07:00:00,Ratnapura,25.6,81.89,0.0,19.14,Brown Blight,Colletotrichum / Glomerella spp.,1.0,High
2026-07-14 08:00:00,Ratnapura,26.17,80.09,0.0,3.76,Brown Blight (dormant/low risk),Colletotrichum / Glomerella spp.,1.0,Low
2026-07-14 09:00:00,Ratnapura,27.96,78.56,1.53,11.55,Brown Blight,Colletotrichum / Glomerella spp.,0.942,Moderate
2026-07-14 10:00:00,Ratnapura,22.1,80.27,0.0,12.52,Brown Blight,Colletotrichum / Glomerella spp.,0.884,Moderate
2026-07-14 11:00:00,Ratnapura,27.7,75.93,0.0,5.01,Brown Blight (dormant/low risk),Colletotrichum / Glomerella spp.,0.837,Low
2026-07-14 12:00:00,Ratnapura,28.81,68.82,0.0,3.3,Brown Blight (dormant/low risk),Colletotrichum / Glomerella spp.,0.553,Low
2026-07-14 13:00:00,Ratnapura,24.88,70.88,0.0,14.37,Brown Blight,Colletotrichum / Glomerella spp.,0.63,Moderate
2026-07-14 14:00:00,Ratnapura,31.21,65.0,0.13,10.52,Brown Blight (dormant/low risk),Colletotrichum / Glomerella spp.,0.352,Low
2026-07-14 15:00:00,Ratnapura,28.38,69.28,0.0,13.21,Brown Blight,Colletotrichum / Glomerella spp.,0.571,Moderate
2026-07-14 16:00:00,Ratnapura,27.16,70.3,0.0,10.43,Brown Blight (dormant/low risk),Colletotrichum / Glomerella spp.,0.612,Low
2026-07-14 17:00:00,Ratnapura,30.74,81.49,7.0,8.72,Brown Blight (dormant/low risk),Colletotrichum / Glomerella spp.,0.97,Low
2026-07-14 18:00:00,Ratnapura,31.08,68.27,0.0,17.23,Brown Blight,Colletotrichum / Glomerella spp.,0.488,High
2026-07-14 19:00:00,Ratnapura,30.69,73.25,1.7,10.41,Brown Blight (dormant/low risk),Colletotrichum / Glomerella spp.,0.702,Low
2026-07-14 20:00:00,Ratnapura,28.37,74.65,0.0,12.93,Brown Blight,Colletotrichum / Glomerella spp.,0.786,Moderate
2026-07-14 21:00:00,Ratnapura,28.87,78.62,0.0,15.17,Brown Blight,Colletotrichum / Glomerella spp.,0.945,Moderate
2026-07-14 22:00:00,Ratnapura,33.71,73.14,1.53,12.99,Brown Blight,Colletotrichum / Glomerella spp.,0.577,Moderate
2026-07-14 23:00:00,Ratnapura,31.17,71.89,2.35,12.84,Brown Blight,Colletotrichum / Glomerella spp.,0.629,Moderate
2026-07-15 00:00:00,Nuwara Eliya,19.16,75.4,0.0,8.47,Blister Blight (dormant/low risk),Exobasidium vexans,0.816,Low
2026-07-15 01:00:00,Nuwara Eliya,16.01,77.52,0.0,16.98,Blister Blight,Exobasidium vexans,0.901,High
2026-07-15 02:00:00,Nuwara Eliya,14.37,89.91,3.62,16.26,Blister Blight,Exobasidium vexans,0.975,High
2026-07-15 03:00:00,Nuwara Eliya,16.14,87.44,3.8,13.21,Blister Blight,Exobasidium vexans,1.0,Moderate
2026-07-15 04:00:00,Nuwara Eliya,12.94,95.0,0.07,21.27,Blister Blight,Exobasidium vexans,0.918,High
2026-07-15 05:00:00,Nuwara Eliya,15.51,93.99,0.71,16.21,Blister Blight,Exobasidium vexans,1.0,High
2026-07-15 06:00:00,Nuwara Eliya,10.0,89.78,1.01,16.79,Blister Blight,Exobasidium vexans,0.8,High
2026-07-15 07:00:00,Nuwara Eliya,17.08,94.8,1.65,22.18,Blister Blight,Exobasidium vexans,1.0,High
2026-07-15 08:00:00,Nuwara Eliya,12.28,94.97,4.2,19.53,Blister Blight,Exobasidium vexans,0.891,High
2026-07-15 09:00:00,Nuwara Eliya,14.77,91.62,1.6,15.01,Blister Blight,Exobasidium vexans,0.991,Moderate
2026-07-15 10:00:00,Nuwara Eliya,16.9,79.95,0.0,20.82,Blister Blight,Exobasidium vexans,0.998,High
2026-07-15 11:00:00,Nuwara Eliya,12.25,85.62,2.65,13.5,Blister Blight,Exobasidium vexans,0.89,Moderate
2026-07-15 12:00:00,Nuwara Eliya,12.4,65.01,0.0,15.44,Blister Blight,Exobasidium vexans,0.296,Moderate
2026-07-15 13:00:00,Nuwara Eliya,16.13,70.12,1.08,12.94,Blister Blight,Exobasidium vexans,0.605,Moderate
2026-07-15 14:00:00,Nuwara Eliya,17.51,77.22,0.0,16.81,Blister Blight,Exobasidium vexans,0.889,High
2026-07-15 15:00:00,Nuwara Eliya,14.17,82.86,0.0,7.68,Blister Blight (dormant/low risk),Exobasidium vexans,0.967,Low
2026-07-15 16:00:00,Nuwara Eliya,17.43,75.73,1.95,14.51,Blister Blight,Exobasidium vexans,0.829,Moderate
2026-07-15 17:00:00,Nuwara Eliya,15.27,90.11,1.89,17.39,Blister Blight,Exobasidium vexans,1.0,High
2026-07-15 18:00:00,Nuwara Eliya,20.5,79.24,4.68,22.61,Blister Blight,Exobasidium vexans,0.97,High
2026-07-15 19:00:00,Nuwara Eliya,22.48,81.64,0.0,17.57,Blister Blight,Exobasidium vexans,1.0,High
2026-07-15 20:00:00,Nuwara Eliya,14.58,84.02,0.51,7.97,Blister Blight (dormant/low risk),Exobasidium vexans,0.983,Low
2026-07-15 21:00:00,Nuwara Eliya,19.74,81.55,2.6,13.17,Blister Blight,Exobasidium vexans,1.0,Moderate
2026-07-15 22:00:00,Nuwara Eliya,19.94,78.6,0.6,15.26,Blister Blight,Exobasidium vexans,0.944,Moderate
2026-07-15 23:00:00,Nuwara Eliya,21.06,78.44,0.0,14.5,Blister Blight,Exobasidium vexans,0.938,Moderate
2026-07-15 00:00:00,Kandy,24.96,84.56,2.17,18.89,Grey Blight,Pestalotiopsis spp.,1.0,High
2026-07-15 01:00:00,Kandy,23.22,70.71,0.0,13.93,Grey Blight,Pestalotiopsis spp.,0.828,Moderate
2026-07-15 02:00:00,Kandy,26.07,72.09,0.0,13.97,Grey Blight,Pestalotiopsis spp.,0.841,Moderate
2026-07-15 03:00:00,Kandy,22.36,71.39,0.0,8.11,Grey Blight (dormant/low risk),Pestalotiopsis spp.,0.856,Low
2026-07-15 04:00:00,Kandy,24.24,73.63,0.0,13.18,Grey Blight,Pestalotiopsis spp.,0.945,Moderate
2026-07-15 05:00:00,Kandy,22.3,75.46,0.0,13.71,Grey Blight,Pestalotiopsis spp.,1.0,Moderate
2026-07-15 06:00:00,Kandy,19.27,77.29,1.34,13.36,Grey Blight,Pestalotiopsis spp.,0.971,Moderate
2026-07-15 07:00:00,Kandy,21.66,84.9,2.31,14.62,Grey Blight,Pestalotiopsis spp.,1.0,Moderate
2026-07-15 08:00:00,Kandy,22.1,77.12,0.0,13.17,Grey Blight,Pestalotiopsis spp.,1.0,Moderate
2026-07-15 09:00:00,Kandy,21.43,70.8,1.27,13.88,Grey Blight,Pestalotiopsis spp.,0.832,Moderate
2026-07-15 10:00:00,Kandy,18.14,74.49,0.0,19.71,Grey Blight,Pestalotiopsis spp.,0.905,High
2026-07-15 11:00:00,Kandy,18.0,87.99,5.64,8.3,Grey Blight (dormant/low risk),Pestalotiopsis spp.,0.92,Low
2026-07-15 12:00:00,Kandy,22.32,61.36,0.0,14.38,Grey Blight,Pestalotiopsis spp.,0.454,Moderate
2026-07-15 13:00:00,Kandy,22.99,64.44,0.0,18.8,Grey Blight,Pestalotiopsis spp.,0.578,High
2026-07-15 14:00:00,Kandy,21.06,58.04,1.12,8.12,Grey Blight (dormant/low risk),Pestalotiopsis spp.,0.4,Low
2026-07-15 15:00:00,Kandy,25.57,57.83,0.0,9.73,Grey Blight (dormant/low risk),Pestalotiopsis spp.,0.377,Low
2026-07-15 16:00:00,Kandy,24.34,69.5,4.2,12.25,Grey Blight,Pestalotiopsis spp.,0.78,Moderate
2026-07-15 17:00:00,Kandy,25.44,68.03,0.32,11.37,Grey Blight,Pestalotiopsis spp.,0.704,Moderate
2026-07-15 18:00:00,Kandy,24.81,64.02,0.0,14.03,Grey Blight,Pestalotiopsis spp.,0.561,Moderate
2026-07-15 19:00:00,Kandy,30.0,65.86,0.0,12.23,Grey Blight,Pestalotiopsis spp.,0.434,Moderate
2026-07-15 20:00:00,Kandy,22.78,73.56,0.0,15.64,Grey Blight,Pestalotiopsis spp.,0.942,Moderate
2026-07-15 21:00:00,Kandy,22.58,73.94,0.0,14.3,Grey Blight,Pestalotiopsis spp.,0.958,Moderate
2026-07-15 22:00:00,Kandy,23.71,73.04,0.53,16.49,Grey Blight,Pestalotiopsis spp.,0.922,High
2026-07-15 23:00:00,Kandy,26.3,68.51,0.0,9.29,Grey Blight (dormant/low risk),Pestalotiopsis spp.,0.688,Low
2026-07-15 00:00:00,Ratnapura,29.22,87.41,7.65,12.74,Brown Blight,Colletotrichum / Glomerella spp.,1.0,Moderate
2026-07-15 01:00:00,Ratnapura,29.68,78.46,0.0,9.71,Brown Blight (dormant/low risk),Colletotrichum / Glomerella spp.,0.938,Low
2026-07-15 02:00:00,Ratnapura,26.27,71.12,0.0,7.24,Brown Blight (dormant/low risk),Colletotrichum / Glomerella spp.,0.645,Low
2026-07-15 03:00:00,Ratnapura,23.45,85.41,0.0,8.31,Brown Blight (dormant/low risk),Colletotrichum / Glomerella spp.,0.938,Low
2026-07-15 04:00:00,Ratnapura,29.1,82.81,0.0,14.18,Brown Blight,Colletotrichum / Glomerella spp.,1.0,Moderate
2026-07-15 05:00:00,Ratnapura,24.97,98.0,14.25,20.95,Brown Blight,Colletotrichum / Glomerella spp.,0.999,High
2026-07-15 06:00:00,Ratnapura,23.66,86.39,1.02,10.55,Brown Blight (dormant/low risk),Colletotrichum / Glomerella spp.,0.946,Low
2026-07-15 07:00:00,Ratnapura,25.73,82.59,0.0,19.06,Brown Blight,Colletotrichum / Glomerella spp.,1.0,High
2026-07-15 08:00:00,Ratnapura,22.82,91.7,2.63,17.25,Brown Blight,Colletotrichum / Glomerella spp.,0.913,High
2026-07-15 09:00:00,Ratnapura,22.84,79.58,0.03,20.93,Brown Blight,Colletotrichum / Glomerella spp.,0.897,High
2026-07-15 10:00:00,Ratnapura,27.12,78.29,0.0,13.58,Brown Blight,Colletotrichum / Glomerella spp.,0.932,Moderate
2026-07-15 11:00:00,Ratnapura,29.24,75.41,0.0,8.48,Brown Blight (dormant/low risk),Colletotrichum / Glomerella spp.,0.816,Low
2026-07-15 12:00:00,Ratnapura,28.07,65.0,0.56,14.14,Brown Blight,Colletotrichum / Glomerella spp.,0.4,Moderate
2026-07-15 13:00:00,Ratnapura,27.58,76.32,1.73,9.36,Brown Blight (dormant/low risk),Colletotrichum / Glomerella spp.,0.853,Low
2026-07-15 14:00:00,Ratnapura,24.07,71.06,0.0,12.82,Brown Blight,Colletotrichum / Glomerella spp.,0.605,Moderate
2026-07-15 15:00:00,Ratnapura,26.43,68.49,0.93,7.82,Brown Blight (dormant/low risk),Colletotrichum / Glomerella spp.,0.54,Low
2026-07-15 16:00:00,Ratnapura,31.43,65.0,0.0,9.6,Brown Blight (dormant/low risk),Colletotrichum / Glomerella spp.,0.343,Low
2026-07-15 17:00:00,Ratnapura,30.54,74.08,0.0,13.06,Brown Blight,Colletotrichum / Glomerella spp.,0.742,Moderate
2026-07-15 18:00:00,Ratnapura,32.74,75.75,4.55,13.13,Brown Blight,Colletotrichum / Glomerella spp.,0.72,Moderate
2026-07-15 19:00:00,Ratnapura,34.13,76.45,0.0,15.04,Brown Blight,Colletotrichum / Glomerella spp.,0.693,Moderate
2026-07-15 20:00:00,Ratnapura,29.19,73.3,0.0,11.29,Brown Blight,Colletotrichum / Glomerella spp.,0.732,Moderate
2026-07-15 21:00:00,Ratnapura,30.47,79.61,0.0,16.33,Brown Blight,Colletotrichum / Glomerella spp.,0.966,High
2026-07-15 22:00:00,Ratnapura,31.83,73.21,0.0,11.65,Brown Blight,Colletotrichum / Glomerella spp.,0.655,Moderate
2026-07-15 23:00:00,Ratnapura,31.35,77.82,1.19,14.4,Brown Blight,Colletotrichum / Glomerella spp.,0.859,Moderate
2026-07-16 00:00:00,Nuwara Eliya,16.71,79.9,0.37,15.96,Blister Blight,Exobasidium vexans,0.996,High
2026-07-16 01:00:00,Nuwara Eliya,18.24,75.64,0.73,15.05,Blister Blight,Exobasidium vexans,0.826,Moderate
2026-07-16 02:00:00,Nuwara Eliya,16.62,84.7,1.93,13.19,Blister Blight,Exobasidium vexans,1.0,Moderate
2026-07-16 03:00:00,Nuwara Eliya,13.14,82.24,0.0,15.68,Blister Blight,Exobasidium vexans,0.926,Moderate
2026-07-16 04:00:00,Nuwara Eliya,14.66,95.0,7.78,11.9,Blister Blight,Exobasidium vexans,0.986,Moderate
2026-07-16 05:00:00,Nuwara Eliya,14.02,91.59,1.2,10.68,Blister Blight (dormant/low risk),Exobasidium vexans,0.961,Low
2026-07-16 06:00:00,Nuwara Eliya,10.0,95.0,1.91,10.66,Blister Blight (dormant/low risk),Exobasidium vexans,0.8,Low
2026-07-16 07:00:00,Nuwara Eliya,13.67,90.14,1.0,11.58,Blister Blight,Exobasidium vexans,0.947,Moderate
2026-07-16 08:00:00,Nuwara Eliya,14.18,91.81,0.0,18.82,Blister Blight,Exobasidium vexans,0.967,High
2026-07-16 09:00:00,Nuwara Eliya,12.49,83.31,1.4,10.02,Blister Blight (dormant/low risk),Exobasidium vexans,0.9,Low
2026-07-16 10:00:00,Nuwara Eliya,13.32,88.3,1.41,11.4,Blister Blight,Exobasidium vexans,0.933,Moderate
2026-07-16 11:00:00,Nuwara Eliya,15.32,88.62,0.02,16.66,Blister Blight,Exobasidium vexans,1.0,High
2026-07-16 12:00:00,Nuwara Eliya,14.65,75.83,0.0,13.73,Blister Blight,Exobasidium vexans,0.819,Moderate
2026-07-16 13:00:00,Nuwara Eliya,13.75,72.02,0.0,9.69,Blister Blight (dormant/low risk),Exobasidium vexans,0.631,Low
2026-07-16 14:00:00,Nuwara Eliya,16.19,73.22,0.0,11.49,Blister Blight,Exobasidium vexans,0.729,Moderate
2026-07-16 15:00:00,Nuwara Eliya,18.08,78.52,2.45,11.14,Blister Blight,Exobasidium vexans,0.941,Moderate
2026-07-16 16:00:00,Nuwara Eliya,15.45,75.47,0.0,14.88,Blister Blight,Exobasidium vexans,0.819,Moderate
2026-07-16 17:00:00,Nuwara Eliya,16.86,80.45,0.11,8.0,Blister Blight (dormant/low risk),Exobasidium vexans,1.0,Low
2026-07-16 18:00:00,Nuwara Eliya,21.6,85.78,5.9,15.64,Blister Blight,Exobasidium vexans,1.0,Moderate
2026-07-16 19:00:00,Nuwara Eliya,16.81,79.32,0.0,13.67,Blister Blight,Exobasidium vexans,0.973,Moderate
2026-07-16 20:00:00,Nuwara Eliya,17.11,80.27,0.0,13.4,Blister Blight,Exobasidium vexans,1.0,Moderate
2026-07-16 21:00:00,Nuwara Eliya,17.25,75.02,0.06,11.52,Blister Blight,Exobasidium vexans,0.801,Moderate
2026-07-16 22:00:00,Nuwara Eliya,16.57,88.18,0.5,11.44,Blister Blight,Exobasidium vexans,1.0,Moderate
2026-07-16 23:00:00,Nuwara Eliya,17.77,83.88,4.24,10.96,Blister Blight,Exobasidium vexans,1.0,Moderate
2026-07-16 00:00:00,Kandy,25.58,67.51,0.0,16.52,Grey Blight,Pestalotiopsis spp.,0.677,High
2026-07-16 01:00:00,Kandy,28.89,69.35,0.0,4.57,Grey Blight (dormant/low risk),Pestalotiopsis spp.,0.618,Low
2026-07-16 02:00:00,Kandy,22.23,74.39,0.53,12.12,Grey Blight,Pestalotiopsis spp.,0.976,Moderate
2026-07-16 03:00:00,Kandy,18.4,75.98,0.33,12.82,Grey Blight,Pestalotiopsis spp.,0.936,Moderate
2026-07-16 04:00:00,Kandy,21.33,83.51,0.33,14.42,Grey Blight,Pestalotiopsis spp.,1.0,Moderate
2026-07-16 05:00:00,Kandy,20.08,85.08,1.03,16.13,Grey Blight,Pestalotiopsis spp.,1.0,High
2026-07-16 06:00:00,Kandy,19.69,80.21,0.21,13.0,Grey Blight,Pestalotiopsis spp.,0.988,Moderate
2026-07-16 07:00:00,Kandy,20.73,77.3,0.46,7.73,Grey Blight (dormant/low risk),Pestalotiopsis spp.,1.0,Low
2026-07-16 08:00:00,Kandy,20.38,80.24,2.5,3.85,Grey Blight (dormant/low risk),Pestalotiopsis spp.,1.0,Low
2026-07-16 09:00:00,Kandy,20.03,80.24,0.0,16.82,Grey Blight,Pestalotiopsis spp.,1.0,High
2026-07-16 10:00:00,Kandy,23.44,67.26,0.0,10.31,Grey Blight (dormant/low risk),Pestalotiopsis spp.,0.69,Low
2026-07-16 11:00:00,Kandy,25.89,66.59,0.0,15.24,Grey Blight,Pestalotiopsis spp.,0.628,Moderate
2026-07-16 12:00:00,Kandy,19.79,67.97,0.0,13.62,Grey Blight,Pestalotiopsis spp.,0.71,Moderate
2026-07-16 13:00:00,Kandy,21.16,60.8,0.0,14.5,Grey Blight,Pestalotiopsis spp.,0.432,Moderate
2026-07-16 14:00:00,Kandy,26.04,62.68,0.31,15.47,Grey Blight,Pestalotiopsis spp.,0.466,Moderate
2026-07-16 15:00:00,Kandy,21.38,62.61,0.0,12.75,Grey Blight,Pestalotiopsis spp.,0.504,Moderate
2026-07-16 16:00:00,Kandy,27.07,63.74,0.0,14.03,Grey Blight,Pestalotiopsis spp.,0.467,Moderate
2026-07-16 17:00:00,Kandy,23.34,74.03,2.55,10.37,Grey Blight (dormant/low risk),Pestalotiopsis spp.,0.961,Low
2026-07-16 18:00:00,Kandy,21.6,76.94,1.25,13.54,Grey Blight,Pestalotiopsis spp.,1.0,Moderate
2026-07-16 19:00:00,Kandy,29.22,63.25,0.0,16.56,Grey Blight,Pestalotiopsis spp.,0.361,High
2026-07-16 20:00:00,Kandy,27.27,62.41,0.0,11.9,Grey Blight,Pestalotiopsis spp.,0.406,Moderate
2026-07-16 21:00:00,Kandy,24.25,72.89,0.96,21.04,Grey Blight,Pestalotiopsis spp.,0.916,High
2026-07-16 22:00:00,Kandy,26.8,67.44,0.0,8.92,Grey Blight (dormant/low risk),Pestalotiopsis spp.,0.626,Low
2026-07-16 23:00:00,Kandy,24.79,69.66,0.0,21.98,Grey Blight,Pestalotiopsis spp.,0.786,High
2026-07-16 00:00:00,Ratnapura,32.04,76.33,3.84,12.75,Brown Blight,Colletotrichum / Glomerella spp.,0.772,Moderate
2026-07-16 01:00:00,Ratnapura,29.17,70.4,0.0,9.08,Brown Blight (dormant/low risk),Colletotrichum / Glomerella spp.,0.616,Low
2026-07-16 02:00:00,Ratnapura,28.21,73.31,0.0,13.79,Brown Blight,Colletotrichum / Glomerella spp.,0.732,Moderate
2026-07-16 03:00:00,Ratnapura,30.55,75.93,0.0,14.74,Brown Blight,Colletotrichum / Glomerella spp.,0.815,Moderate
2026-07-16 04:00:00,Ratnapura,28.36,84.6,2.81,9.49,Brown Blight (dormant/low risk),Colletotrichum / Glomerella spp.,1.0,Low
2026-07-16 05:00:00,Ratnapura,26.88,93.45,4.29,6.05,Brown Blight (dormant/low risk),Colletotrichum / Glomerella spp.,1.0,Low
2026-07-16 06:00:00,Ratnapura,25.67,77.96,0.0,17.63,Brown Blight,Colletotrichum / Glomerella spp.,0.918,High
2026-07-16 07:00:00,Ratnapura,25.91,80.12,0.0,13.83,Brown Blight,Colletotrichum / Glomerella spp.,1.0,Moderate
2026-07-16 08:00:00,Ratnapura,26.92,81.74,0.0,9.12,Brown Blight (dormant/low risk),Colletotrichum / Glomerella spp.,1.0,Low
2026-07-16 09:00:00,Ratnapura,22.0,87.09,0.0,17.38,Brown Blight,Colletotrichum / Glomerella spp.,0.88,High
2026-07-16 10:00:00,Ratnapura,27.96,82.9,1.14,11.2,Brown Blight,Colletotrichum / Glomerella spp.,1.0,Moderate
2026-07-16 11:00:00,Ratnapura,27.03,87.18,2.39,14.44,Brown Blight,Colletotrichum / Glomerella spp.,1.0,Moderate
2026-07-16 12:00:00,Ratnapura,24.25,79.26,0.0,17.03,Brown Blight,Colletotrichum / Glomerella spp.,0.94,High
2026-07-16 13:00:00,Ratnapura,26.84,65.0,0.0,11.05,Brown Blight,Colletotrichum / Glomerella spp.,0.4,Moderate
2026-07-16 14:00:00,Ratnapura,25.89,65.0,0.0,19.35,Brown Blight,Colletotrichum / Glomerella spp.,0.4,High
2026-07-16 15:00:00,Ratnapura,29.93,75.66,4.44,15.38,Brown Blight,Colletotrichum / Glomerella spp.,0.826,Moderate
2026-07-16 16:00:00,Ratnapura,30.5,70.37,0.0,7.23,Brown Blight (dormant/low risk),Colletotrichum / Glomerella spp.,0.595,Low
2026-07-16 17:00:00,Ratnapura,26.02,84.04,1.27,11.83,Brown Blight,Colletotrichum / Glomerella spp.,1.0,Moderate
2026-07-16 18:00:00,Ratnapura,30.31,74.6,0.0,15.86,Brown Blight,Colletotrichum / Glomerella spp.,0.772,High
2026-07-16 19:00:00,Ratnapura,31.44,69.6,0.0,6.11,Brown Blight (dormant/low risk),Colletotrichum / Glomerella spp.,0.526,Low
2026-07-16 20:00:00,Ratnapura,32.66,70.16,0.0,11.63,Brown Blight,Colletotrichum / Glomerella spp.,0.5,Moderate
2026-07-16 21:00:00,Ratnapura,28.35,70.21,0.0,8.82,Brown Blight (dormant/low risk),Colletotrichum / Glomerella spp.,0.608,Low
2026-07-16 22:00:00,Ratnapura,29.91,67.79,0.0,7.45,Brown Blight (dormant/low risk),Colletotrichum / Glomerella spp.,0.512,Low
2026-07-16 23:00:00,Ratnapura,31.1,70.15,0.0,12.67,Brown Blight,Colletotrichum / Glomerella spp.,0.562,Moderate
2026-07-17 00:00:00,Nuwara Eliya,17.96,81.68,0.0,10.86,Blister Blight,Exobasidium vexans,1.0,Moderate
2026-07-17 01:00:00,Nuwara Eliya,18.84,84.06,0.0,11.88,Blister Blight,Exobasidium vexans,1.0,Moderate
2026-07-17 02:00:00,Nuwara Eliya,13.79,81.99,0.0,13.43,Blister Blight,Exobasidium vexans,0.952,Moderate
2026-07-17 03:00:00,Nuwara Eliya,16.04,88.63,2.53,18.43,Blister Blight,Exobasidium vexans,1.0,High
2026-07-17 04:00:00,Nuwara Eliya,13.68,91.36,0.0,17.56,Blister Blight,Exobasidium vexans,0.947,High
2026-07-17 05:00:00,Nuwara Eliya,11.31,94.69,0.0,15.62,Blister Blight,Exobasidium vexans,0.852,Moderate
2026-07-17 06:00:00,Nuwara Eliya,15.04,86.09,1.06,14.78,Blister Blight,Exobasidium vexans,1.0,Moderate
2026-07-17 07:00:00,Nuwara Eliya,10.0,95.0,2.62,15.3,Blister Blight,Exobasidium vexans,0.8,Moderate
2026-07-17 08:00:00,Nuwara Eliya,10.0,87.12,0.21,5.29,Blister Blight (dormant/low risk),Exobasidium vexans,0.8,Low
2026-07-17 09:00:00,Nuwara Eliya,12.11,95.0,4.19,17.69,Blister Blight,Exobasidium vexans,0.884,High
2026-07-17 10:00:00,Nuwara Eliya,12.47,86.08,0.77,8.97,Blister Blight (dormant/low risk),Exobasidium vexans,0.899,Low
2026-07-17 11:00:00,Nuwara Eliya,10.0,84.64,0.05,7.41,Blister Blight (dormant/low risk),Exobasidium vexans,0.8,Low
2026-07-17 12:00:00,Nuwara Eliya,12.92,78.02,0.0,11.21,Blister Blight,Exobasidium vexans,0.838,Moderate
2026-07-17 13:00:00,Nuwara Eliya,14.08,82.43,2.04,10.86,Blister Blight,Exobasidium vexans,0.963,Moderate
2026-07-17 14:00:00,Nuwara Eliya,14.7,83.51,0.0,14.77,Blister Blight,Exobasidium vexans,0.988,Moderate
2026-07-17 15:00:00,Nuwara Eliya,14.57,72.59,0.22,18.21,Blister Blight,Exobasidium vexans,0.686,High
2026-07-17 16:00:00,Nuwara Eliya,16.67,73.45,0.0,16.31,Blister Blight,Exobasidium vexans,0.738,High
2026-07-17 17:00:00,Nuwara Eliya,21.97,77.06,0.0,12.94,Blister Blight,Exobasidium vexans,0.882,Moderate
2026-07-17 18:00:00,Nuwara Eliya,17.18,80.73,0.0,14.41,Blister Blight,Exobasidium vexans,1.0,Moderate
2026-07-17 19:00:00,Nuwara Eliya,19.05,82.03,0.86,9.6,Blister Blight (dormant/low risk),Exobasidium vexans,1.0,Low
2026-07-17 20:00:00,Nuwara Eliya,17.45,78.05,0.0,16.61,Blister Blight,Exobasidium vexans,0.922,High
2026-07-17 21:00:00,Nuwara Eliya,17.33,92.08,4.67,16.17,Blister Blight,Exobasidium vexans,1.0,High
2026-07-17 22:00:00,Nuwara Eliya,18.43,79.22,0.0,16.33,Blister Blight,Exobasidium vexans,0.969,High
2026-07-17 23:00:00,Nuwara Eliya,18.4,90.84,5.11,16.6,Blister Blight,Exobasidium vexans,1.0,High
2026-07-17 00:00:00,Kandy,24.81,74.1,0.0,11.12,Grey Blight,Pestalotiopsis spp.,0.964,Moderate
2026-07-17 01:00:00,Kandy,18.8,69.46,0.07,6.37,Grey Blight (dormant/low risk),Pestalotiopsis spp.,0.73,Low
2026-07-17 02:00:00,Kandy,22.5,76.49,0.79,19.07,Grey Blight,Pestalotiopsis spp.,1.0,High
2026-07-17 03:00:00,Kandy,22.07,70.97,0.0,12.01,Grey Blight,Pestalotiopsis spp.,0.839,Moderate
2026-07-17 04:00:00,Kandy,18.65,82.06,0.0,16.56,Grey Blight,Pestalotiopsis spp.,0.946,High
2026-07-17 05:00:00,Kandy,24.72,77.85,0.0,12.17,Grey Blight,Pestalotiopsis spp.,1.0,Moderate
2026-07-17 06:00:00,Kandy,18.0,77.09,0.0,12.31,Grey Blight,Pestalotiopsis spp.,0.92,Moderate
2026-07-17 07:00:00,Kandy,21.66,80.21,0.47,15.7,Grey Blight,Pestalotiopsis spp.,1.0,Moderate
2026-07-17 08:00:00,Kandy,20.56,81.15,0.06,17.49,Grey Blight,Pestalotiopsis spp.,1.0,High
2026-07-17 09:00:00,Kandy,18.48,82.15,1.07,11.7,Grey Blight,Pestalotiopsis spp.,0.939,Moderate
2026-07-17 10:00:00,Kandy,18.07,79.6,0.43,15.1,Grey Blight,Pestalotiopsis spp.,0.923,Moderate
2026-07-17 11:00:00,Kandy,22.9,72.29,1.61,13.82,Grey Blight,Pestalotiopsis spp.,0.892,Moderate
2026-07-17 12:00:00,Kandy,20.62,66.54,0.0,11.15,Grey Blight,Pestalotiopsis spp.,0.662,Moderate
2026-07-17 13:00:00,Kandy,22.47,59.15,0.0,7.25,Grey Blight (dormant/low risk),Pestalotiopsis spp.,0.4,Low
2026-07-17 14:00:00,Kandy,22.2,67.43,0.0,10.48,Grey Blight (dormant/low risk),Pestalotiopsis spp.,0.697,Low
2026-07-17 15:00:00,Kandy,23.4,65.66,2.04,8.66,Grey Blight (dormant/low risk),Pestalotiopsis spp.,0.626,Low
2026-07-17 16:00:00,Kandy,22.03,66.87,0.0,9.79,Grey Blight (dormant/low risk),Pestalotiopsis spp.,0.675,Low
2026-07-17 17:00:00,Kandy,23.83,75.57,0.47,13.05,Grey Blight,Pestalotiopsis spp.,1.0,Moderate
2026-07-17 18:00:00,Kandy,25.17,68.22,0.0,7.68,Grey Blight (dormant/low risk),Pestalotiopsis spp.,0.722,Low
2026-07-17 19:00:00,Kandy,24.1,67.92,0.0,7.17,Grey Blight (dormant/low risk),Pestalotiopsis spp.,0.717,Low
2026-07-17 20:00:00,Kandy,24.97,74.75,1.56,22.38,Grey Blight,Pestalotiopsis spp.,0.99,High
2026-07-17 21:00:00,Kandy,22.37,65.65,0.0,9.4,Grey Blight (dormant/low risk),Pestalotiopsis spp.,0.626,Low
2026-07-17 22:00:00,Kandy,25.13,60.39,0.0,15.8,Grey Blight,Pestalotiopsis spp.,0.41,High
2026-07-17 23:00:00,Kandy,25.67,70.77,1.8,15.48,Grey Blight,Pestalotiopsis spp.,0.804,Moderate
2026-07-17 00:00:00,Ratnapura,27.03,74.36,0.0,8.68,Brown Blight (dormant/low risk),Colletotrichum / Glomerella spp.,0.774,Low
2026-07-17 01:00:00,Ratnapura,31.22,73.03,0.0,8.99,Brown Blight (dormant/low risk),Colletotrichum / Glomerella spp.,0.672,Low
2026-07-17 02:00:00,Ratnapura,26.33,76.48,1.15,13.18,Brown Blight,Colletotrichum / Glomerella spp.,0.859,Moderate
2026-07-17 03:00:00,Ratnapura,26.16,80.8,0.0,9.73,Brown Blight (dormant/low risk),Colletotrichum / Glomerella spp.,1.0,Low
2026-07-17 04:00:00,Ratnapura,27.11,82.76,0.0,13.68,Brown Blight,Colletotrichum / Glomerella spp.,1.0,Moderate
2026-07-17 05:00:00,Ratnapura,23.63,98.0,15.79,21.38,Brown Blight,Colletotrichum / Glomerella spp.,0.945,High
2026-07-17 06:00:00,Ratnapura,24.28,92.56,4.02,13.83,Brown Blight,Colletotrichum / Glomerella spp.,0.971,Moderate
2026-07-17 07:00:00,Ratnapura,26.92,79.03,0.0,9.67,Brown Blight (dormant/low risk),Colletotrichum / Glomerella spp.,0.961,Low
2026-07-17 08:00:00,Ratnapura,23.79,89.82,0.0,16.98,Brown Blight,Colletotrichum / Glomerella spp.,0.952,High
2026-07-17 09:00:00,Ratnapura,24.88,74.65,0.0,16.13,Brown Blight,Colletotrichum / Glomerella spp.,0.781,High
2026-07-17 10:00:00,Ratnapura,26.12,80.33,0.0,6.47,Brown Blight (dormant/low risk),Colletotrichum / Glomerella spp.,1.0,Low
2026-07-17 11:00:00,Ratnapura,25.47,74.65,0.57,15.13,Brown Blight,Colletotrichum / Glomerella spp.,0.786,Moderate
2026-07-17 12:00:00,Ratnapura,28.64,65.0,2.09,16.82,Brown Blight,Colletotrichum / Glomerella spp.,0.4,High
2026-07-17 13:00:00,Ratnapura,27.44,77.84,4.21,14.18,Brown Blight,Colletotrichum / Glomerella spp.,0.914,Moderate
2026-07-17 14:00:00,Ratnapura,25.95,76.36,0.0,9.98,Brown Blight (dormant/low risk),Colletotrichum / Glomerella spp.,0.854,Low
2026-07-17 15:00:00,Ratnapura,27.98,71.48,2.16,8.98,Brown Blight (dormant/low risk),Colletotrichum / Glomerella spp.,0.659,Low
2026-07-17 16:00:00,Ratnapura,32.73,65.0,0.0,9.97,Brown Blight (dormant/low risk),Colletotrichum / Glomerella spp.,0.291,Low
2026-07-17 17:00:00,Ratnapura,33.61,73.63,0.0,16.37,Brown Blight,Colletotrichum / Glomerella spp.,0.601,High
2026-07-17 18:00:00,Ratnapura,31.19,68.86,0.0,6.48,Brown Blight (dormant/low risk),Colletotrichum / Glomerella spp.,0.507,Low
2026-07-17 19:00:00,Ratnapura,29.83,70.99,0.0,8.81,Brown Blight (dormant/low risk),Colletotrichum / Glomerella spp.,0.64,Low
2026-07-17 20:00:00,Ratnapura,32.71,72.5,0.0,12.54,Brown Blight,Colletotrichum / Glomerella spp.,0.592,Moderate
2026-07-17 21:00:00,Ratnapura,32.52,77.8,1.57,16.07,Brown Blight,Colletotrichum / Glomerella spp.,0.811,High
2026-07-17 22:00:00,Ratnapura,28.52,74.73,0.77,7.71,Brown Blight (dormant/low risk),Colletotrichum / Glomerella spp.,0.789,Low
2026-07-17 23:00:00,Ratnapura,31.84,70.95,0.0,12.47,Brown Blight,Colletotrichum / Glomerella spp.,0.564,Moderate
2026-07-18 00:00:00,Nuwara Eliya,16.86,77.69,1.29,10.03,Blister Blight (dormant/low risk),Exobasidium vexans,0.908,Low
2026-07-18 01:00:00,Nuwara Eliya,17.1,82.28,0.0,14.65,Blister Blight,Exobasidium vexans,1.0,Moderate
2026-07-18 02:00:00,Nuwara Eliya,12.11,95.0,4.71,12.26,Blister Blight,Exobasidium vexans,0.884,Moderate
2026-07-18 03:00:00,Nuwara Eliya,12.48,82.21,0.84,7.56,Blister Blight (dormant/low risk),Exobasidium vexans,0.899,Low
2026-07-18 04:00:00,Nuwara Eliya,14.24,85.62,0.0,16.74,Blister Blight,Exobasidium vexans,0.97,High
2026-07-18 05:00:00,Nuwara Eliya,10.64,95.0,4.7,16.72,Blister Blight,Exobasidium vexans,0.826,High
2026-07-18 06:00:00,Nuwara Eliya,12.79,95.0,2.49,25.36,Blister Blight,Exobasidium vexans,0.912,High
2026-07-18 07:00:00,Nuwara Eliya,11.96,93.02,0.18,15.41,Blister Blight,Exobasidium vexans,0.878,Moderate
2026-07-18 08:00:00,Nuwara Eliya,13.33,95.0,1.36,18.58,Blister Blight,Exobasidium vexans,0.933,High
2026-07-18 09:00:00,Nuwara Eliya,13.58,76.41,0.0,17.31,Blister Blight,Exobasidium vexans,0.8,High
2026-07-18 10:00:00,Nuwara Eliya,12.13,92.33,2.14,13.58,Blister Blight,Exobasidium vexans,0.885,Moderate
2026-07-18 11:00:00,Nuwara Eliya,12.75,85.61,0.0,20.63,Blister Blight,Exobasidium vexans,0.91,High
2026-07-18 12:00:00,Nuwara Eliya,14.94,72.53,0.0,12.36,Blister Blight,Exobasidium vexans,0.699,Moderate
2026-07-18 13:00:00,Nuwara Eliya,17.31,91.5,5.18,16.41,Blister Blight,Exobasidium vexans,1.0,High
2026-07-18 14:00:00,Nuwara Eliya,12.01,78.58,0.0,11.76,Blister Blight,Exobasidium vexans,0.824,Moderate
2026-07-18 15:00:00,Nuwara Eliya,16.49,69.56,0.52,9.74,Blister Blight (dormant/low risk),Exobasidium vexans,0.582,Low
2026-07-18 16:00:00,Nuwara Eliya,18.27,68.81,0.0,13.43,Blister Blight,Exobasidium vexans,0.552,Moderate
2026-07-18 17:00:00,Nuwara Eliya,19.97,86.72,3.8,19.43,Blister Blight,Exobasidium vexans,1.0,High
2026-07-18 18:00:00,Nuwara Eliya,21.45,76.02,0.08,14.73,Blister Blight,Exobasidium vexans,0.841,Moderate
2026-07-18 19:00:00,Nuwara Eliya,14.19,74.95,0.0,5.08,Blister Blight (dormant/low risk),Exobasidium vexans,0.766,Low
2026-07-18 20:00:00,Nuwara Eliya,18.68,87.63,4.05,14.67,Blister Blight,Exobasidium vexans,1.0,Moderate
2026-07-18 21:00:00,Nuwara Eliya,16.52,87.76,3.06,14.67,Blister Blight,Exobasidium vexans,1.0,Moderate
2026-07-18 22:00:00,Nuwara Eliya,16.76,80.22,1.02,11.29,Blister Blight,Exobasidium vexans,1.0,Moderate
2026-07-18 23:00:00,Nuwara Eliya,18.08,75.63,0.0,11.86,Blister Blight,Exobasidium vexans,0.825,Moderate
2026-07-18 00:00:00,Kandy,21.55,71.83,0.0,7.25,Grey Blight (dormant/low risk),Pestalotiopsis spp.,0.873,Low
2026-07-18 01:00:00,Kandy,22.0,66.96,0.0,19.08,Grey Blight,Pestalotiopsis spp.,0.678,High
2026-07-18 02:00:00,Kandy,23.64,66.51,0.0,14.22,Grey Blight,Pestalotiopsis spp.,0.66,Moderate
2026-07-18 03:00:00,Kandy,19.46,79.76,0.0,18.44,Grey Blight,Pestalotiopsis spp.,0.978,High
2026-07-18 04:00:00,Kandy,21.31,87.14,1.8,17.41,Grey Blight,Pestalotiopsis spp.,1.0,High
2026-07-18 05:00:00,Kandy,21.86,90.0,0.9,19.73,Grey Blight,Pestalotiopsis spp.,1.0,High
2026-07-18 06:00:00,Kandy,18.25,75.59,0.78,5.02,Grey Blight (dormant/low risk),Pestalotiopsis spp.,0.93,Low
2026-07-18 07:00:00,Kandy,24.06,82.36,0.25,11.8,Grey Blight,Pestalotiopsis spp.,1.0,Moderate
2026-07-18 08:00:00,Kandy,23.86,74.1,1.56,18.03,Grey Blight,Pestalotiopsis spp.,0.964,High
2026-07-18 09:00:00,Kandy,23.81,77.09,0.9,19.03,Grey Blight,Pestalotiopsis spp.,1.0,High
2026-07-18 10:00:00,Kandy,22.98,85.01,0.0,14.32,Grey Blight,Pestalotiopsis spp.,1.0,Moderate
2026-07-18 11:00:00,Kandy,21.21,79.53,2.5,15.47,Grey Blight,Pestalotiopsis spp.,1.0,Moderate
2026-07-18 12:00:00,Kandy,22.41,67.81,0.0,10.11,Grey Blight (dormant/low risk),Pestalotiopsis spp.,0.712,Low
2026-07-18 13:00:00,Kandy,21.9,66.18,0.0,16.05,Grey Blight,Pestalotiopsis spp.,0.647,High
2026-07-18 14:00:00,Kandy,21.75,61.07,0.0,17.74,Grey Blight,Pestalotiopsis spp.,0.443,High
2026-07-18 15:00:00,Kandy,26.94,58.39,0.0,13.37,Grey Blight,Pestalotiopsis spp.,0.322,Moderate
2026-07-18 16:00:00,Kandy,23.87,65.12,0.04,14.57,Grey Blight,Pestalotiopsis spp.,0.605,Moderate
2026-07-18 17:00:00,Kandy,25.15,65.69,0.75,18.77,Grey Blight,Pestalotiopsis spp.,0.622,High
2026-07-18 18:00:00,Kandy,27.4,70.71,0.0,12.72,Grey Blight,Pestalotiopsis spp.,0.732,Moderate
2026-07-18 19:00:00,Kandy,24.27,73.46,1.26,10.87,Grey Blight,Pestalotiopsis spp.,0.938,Moderate
2026-07-18 20:00:00,Kandy,27.02,65.3,0.0,13.61,Grey Blight,Pestalotiopsis spp.,0.531,Moderate
2026-07-18 21:00:00,Kandy,26.01,62.94,0.0,14.74,Grey Blight,Pestalotiopsis spp.,0.477,Moderate
2026-07-18 22:00:00,Kandy,25.72,74.23,0.37,11.27,Grey Blight,Pestalotiopsis spp.,0.94,Moderate
2026-07-18 23:00:00,Kandy,25.39,69.13,0.0,10.56,Grey Blight (dormant/low risk),Pestalotiopsis spp.,0.75,Low
2026-07-18 00:00:00,Ratnapura,32.45,91.72,6.63,13.67,Brown Blight,Colletotrichum / Glomerella spp.,0.902,Moderate
2026-07-18 01:00:00,Ratnapura,30.15,70.97,0.0,11.92,Brown Blight,Colletotrichum / Glomerella spp.,0.633,Moderate
2026-07-18 02:00:00,Ratnapura,29.22,77.43,1.52,14.18,Brown Blight,Colletotrichum / Glomerella spp.,0.897,Moderate
2026-07-18 03:00:00,Ratnapura,27.19,87.56,3.22,14.4,Brown Blight,Colletotrichum / Glomerella spp.,1.0,Moderate
2026-07-18 04:00:00,Ratnapura,25.51,83.5,0.39,19.84,Brown Blight,Colletotrichum / Glomerella spp.,1.0,High
2026-07-18 05:00:00,Ratnapura,23.55,95.31,1.52,22.27,Brown Blight,Colletotrichum / Glomerella spp.,0.942,High
2026-07-18 06:00:00,Ratnapura,25.74,80.07,0.67,13.52,Brown Blight,Colletotrichum / Glomerella spp.,1.0,Moderate
2026-07-18 07:00:00,Ratnapura,26.19,84.23,0.0,7.31,Brown Blight (dormant/low risk),Colletotrichum / Glomerella spp.,1.0,Low
2026-07-18 08:00:00,Ratnapura,27.98,82.87,0.0,10.37,Brown Blight (dormant/low risk),Colletotrichum / Glomerella spp.,1.0,Low
2026-07-18 09:00:00,Ratnapura,25.33,78.26,0.16,19.21,Brown Blight,Colletotrichum / Glomerella spp.,0.93,High
2026-07-18 10:00:00,Ratnapura,22.99,86.34,0.0,15.42,Brown Blight,Colletotrichum / Glomerella spp.,0.92,Moderate
2026-07-18 11:00:00,Ratnapura,27.83,78.28,2.67,9.71,Brown Blight (dormant/low risk),Colletotrichum / Glomerella spp.,0.931,Low
2026-07-18 12:00:00,Ratnapura,25.93,75.28,0.0,17.01,Brown Blight,Colletotrichum / Glomerella spp.,0.811,High
2026-07-18 13:00:00,Ratnapura,27.14,71.44,0.0,6.93,Brown Blight (dormant/low risk),Colletotrichum / Glomerella spp.,0.658,Low
2026-07-18 14:00:00,Ratnapura,28.13,84.61,6.84,15.01,Brown Blight,Colletotrichum / Glomerella spp.,1.0,Moderate
2026-07-18 15:00:00,Ratnapura,29.29,71.54,0.13,10.75,Brown Blight,Colletotrichum / Glomerella spp.,0.662,Moderate
2026-07-18 16:00:00,Ratnapura,28.03,68.84,0.0,9.44,Brown Blight (dormant/low risk),Colletotrichum / Glomerella spp.,0.554,Low
2026-07-18 17:00:00,Ratnapura,28.38,87.18,3.24,15.3,Brown Blight,Colletotrichum / Glomerella spp.,1.0,Moderate
2026-07-18 18:00:00,Ratnapura,32.62,73.07,0.91,17.87,Brown Blight,Colletotrichum / Glomerella spp.,0.618,High
2026-07-18 19:00:00,Ratnapura,30.54,66.27,0.0,14.71,Brown Blight,Colletotrichum / Glomerella spp.,0.429,Moderate
2026-07-18 20:00:00,Ratnapura,31.9,73.5,0.35,13.33,Brown Blight,Colletotrichum / Glomerella spp.,0.664,Moderate
2026-07-18 21:00:00,Ratnapura,32.35,75.76,0.0,16.37,Brown Blight,Colletotrichum / Glomerella spp.,0.736,High
2026-07-18 22:00:00,Ratnapura,32.46,76.5,0.0,15.78,Brown Blight,Colletotrichum / Glomerella spp.,0.762,High
2026-07-18 23:00:00,Ratnapura,29.66,80.56,3.41,12.63,Brown Blight,Colletotrichum / Glomerella spp.,1.0,Moderate
2026-07-19 00:00:00,Nuwara Eliya,17.15,83.31,0.4,15.34,Blister Blight,Exobasidium vexans,1.0,Moderate
2026-07-19 01:00:00,Nuwara Eliya,19.79,84.11,2.77,19.61,Blister Blight,Exobasidium vexans,1.0,High
2026-07-19 02:00:00,Nuwara Eliya,14.11,82.48,1.27,11.55,Blister Blight,Exobasidium vexans,0.964,Moderate
2026-07-19 03:00:00,Nuwara Eliya,15.64,81.7,0.01,15.32,Blister Blight,Exobasidium vexans,1.0,Moderate
2026-07-19 04:00:00,Nuwara Eliya,12.57,95.0,4.58,16.77,Blister Blight,Exobasidium vexans,0.903,High
2026-07-19 05:00:00,Nuwara Eliya,11.35,95.0,3.43,15.6,Blister Blight,Exobasidium vexans,0.854,Moderate
2026-07-19 06:00:00,Nuwara Eliya,11.57,89.84,0.68,14.74,Blister Blight,Exobasidium vexans,0.863,Moderate
2026-07-19 07:00:00,Nuwara Eliya,10.0,86.41,0.68,16.84,Blister Blight,Exobasidium vexans,0.8,High
2026-07-19 08:00:00,Nuwara Eliya,11.26,90.85,0.0,19.61,Blister Blight,Exobasidium vexans,0.85,High
2026-07-19 09:00:00,Nuwara Eliya,11.7,94.09,7.2,16.22,Blister Blight,Exobasidium vexans,0.868,High
2026-07-19 10:00:00,Nuwara Eliya,11.44,94.06,5.34,17.91,Blister Blight,Exobasidium vexans,0.858,High
2026-07-19 11:00:00,Nuwara Eliya,15.18,92.97,4.42,11.14,Blister Blight,Exobasidium vexans,1.0,Moderate
2026-07-19 12:00:00,Nuwara Eliya,15.78,73.16,0.0,10.39,Blister Blight (dormant/low risk),Exobasidium vexans,0.726,Low
2026-07-19 13:00:00,Nuwara Eliya,11.85,72.45,0.0,13.69,Blister Blight,Exobasidium vexans,0.572,Moderate
2026-07-19 14:00:00,Nuwara Eliya,17.42,73.63,0.0,11.15,Blister Blight,Exobasidium vexans,0.745,Moderate
2026-07-19 15:00:00,Nuwara Eliya,17.57,66.61,0.0,14.61,Blister Blight,Exobasidium vexans,0.464,Moderate
2026-07-19 16:00:00,Nuwara Eliya,17.55,68.73,0.36,10.97,Blister Blight,Exobasidium vexans,0.549,Moderate
2026-07-19 17:00:00,Nuwara Eliya,22.12,74.17,0.0,12.52,Blister Blight,Exobasidium vexans,0.767,Moderate
2026-07-19 18:00:00,Nuwara Eliya,17.46,81.96,2.78,11.98,Blister Blight,Exobasidium vexans,1.0,Moderate
2026-07-19 19:00:00,Nuwara Eliya,18.17,76.17,0.0,16.03,Blister Blight,Exobasidium vexans,0.847,High
2026-07-19 20:00:00,Nuwara Eliya,17.86,75.33,0.0,10.05,Blister Blight (dormant/low risk),Exobasidium vexans,0.813,Low
2026-07-19 21:00:00,Nuwara Eliya,18.59,83.98,0.21,9.8,Blister Blight (dormant/low risk),Exobasidium vexans,1.0,Low
2026-07-19 22:00:00,Nuwara Eliya,17.17,78.23,0.0,14.04,Blister Blight,Exobasidium vexans,0.929,Moderate
2026-07-19 23:00:00,Nuwara Eliya,17.15,83.92,3.45,13.88,Blister Blight,Exobasidium vexans,1.0,Moderate
2026-07-19 00:00:00,Kandy,23.01,72.98,0.0,13.53,Grey Blight,Pestalotiopsis spp.,0.919,Moderate
2026-07-19 01:00:00,Kandy,21.58,66.39,0.0,11.1,Grey Blight,Pestalotiopsis spp.,0.656,Moderate
2026-07-19 02:00:00,Kandy,21.97,70.23,0.0,13.1,Grey Blight,Pestalotiopsis spp.,0.809,Moderate
2026-07-19 03:00:00,Kandy,27.89,69.55,0.0,14.4,Grey Blight,Pestalotiopsis spp.,0.666,Moderate
2026-07-19 04:00:00,Kandy,22.24,84.39,1.54,8.95,Grey Blight (dormant/low risk),Pestalotiopsis spp.,1.0,Low
2026-07-19 05:00:00,Kandy,24.13,77.65,1.82,16.51,Grey Blight,Pestalotiopsis spp.,1.0,High
2026-07-19 06:00:00,Kandy,22.05,85.6,0.22,11.35,Grey Blight,Pestalotiopsis spp.,1.0,Moderate
2026-07-19 07:00:00,Kandy,18.0,78.44,0.75,12.92,Grey Blight,Pestalotiopsis spp.,0.92,Moderate
2026-07-19 08:00:00,Kandy,18.0,83.12,1.54,9.51,Grey Blight (dormant/low risk),Pestalotiopsis spp.,0.92,Low
2026-07-19 09:00:00,Kandy,20.1,67.82,0.0,12.72,Grey Blight,Pestalotiopsis spp.,0.713,Moderate
2026-07-19 10:00:00,Kandy,18.0,75.56,0.6,13.15,Grey Blight,Pestalotiopsis spp.,0.92,Moderate
2026-07-19 11:00:00,Kandy,22.22,71.96,0.0,11.87,Grey Blight,Pestalotiopsis spp.,0.878,Moderate
2026-07-19 12:00:00,Kandy,19.21,66.5,0.0,14.99,Grey Blight,Pestalotiopsis spp.,0.628,Moderate
2026-07-19 13:00:00,Kandy,22.44,64.98,0.48,14.52,Grey Blight,Pestalotiopsis spp.,0.599,Moderate
2026-07-19 14:00:00,Kandy,21.09,67.42,0.0,16.51,Grey Blight,Pestalotiopsis spp.,0.697,High
2026-07-19 15:00:00,Kandy,22.72,67.82,1.24,8.14,Grey Blight (dormant/low risk),Pestalotiopsis spp.,0.713,Low
2026-07-19 16:00:00,Kandy,23.53,60.98,0.0,13.2,Grey Blight,Pestalotiopsis spp.,0.439,Moderate
2026-07-19 17:00:00,Kandy,26.06,69.21,0.0,9.35,Grey Blight (dormant/low risk),Pestalotiopsis spp.,0.726,Low
2026-07-19 18:00:00,Kandy,24.48,66.25,0.0,8.76,Grey Blight (dormant/low risk),Pestalotiopsis spp.,0.65,Low
2026-07-19 19:00:00,Kandy,26.97,72.68,0.0,16.64,Grey Blight,Pestalotiopsis spp.,0.828,High
2026-07-19 20:00:00,Kandy,26.9,73.59,0.0,5.69,Grey Blight (dormant/low risk),Pestalotiopsis spp.,0.868,Low
2026-07-19 21:00:00,Kandy,23.25,84.91,5.02,11.45,Grey Blight,Pestalotiopsis spp.,1.0,Moderate
2026-07-19 22:00:00,Kandy,25.1,69.9,0.0,10.65,Grey Blight (dormant/low risk),Pestalotiopsis spp.,0.792,Low
2026-07-19 23:00:00,Kandy,28.39,68.57,0.45,10.88,Grey Blight,Pestalotiopsis spp.,0.607,Moderate
2026-07-19 00:00:00,Ratnapura,29.17,79.17,1.56,12.12,Brown Blight,Colletotrichum / Glomerella spp.,0.967,Moderate
2026-07-19 01:00:00,Ratnapura,31.17,83.64,6.09,11.93,Brown Blight,Colletotrichum / Glomerella spp.,0.953,Moderate
2026-07-19 02:00:00,Ratnapura,28.21,79.04,0.0,14.22,Brown Blight,Colletotrichum / Glomerella spp.,0.962,Moderate
2026-07-19 03:00:00,Ratnapura,27.54,72.58,0.0,9.89,Brown Blight (dormant/low risk),Colletotrichum / Glomerella spp.,0.703,Low
2026-07-19 04:00:00,Ratnapura,26.71,93.41,5.68,13.45,Brown Blight,Colletotrichum / Glomerella spp.,1.0,Moderate
2026-07-19 05:00:00,Ratnapura,28.26,82.49,0.0,11.27,Brown Blight,Colletotrichum / Glomerella spp.,1.0,Moderate
2026-07-19 06:00:00,Ratnapura,27.06,81.29,0.0,11.28,Brown Blight,Colletotrichum / Glomerella spp.,1.0,Moderate
2026-07-19 07:00:00,Ratnapura,22.03,77.72,0.0,9.14,Brown Blight (dormant/low risk),Colletotrichum / Glomerella spp.,0.79,Low
2026-07-19 08:00:00,Ratnapura,22.64,83.37,1.4,14.75,Brown Blight,Colletotrichum / Glomerella spp.,0.906,Moderate
2026-07-19 09:00:00,Ratnapura,25.35,83.8,6.0,13.8,Brown Blight,Colletotrichum / Glomerella spp.,1.0,Moderate
2026-07-19 10:00:00,Ratnapura,29.87,77.16,2.07,14.41,Brown Blight,Colletotrichum / Glomerella spp.,0.886,Moderate
2026-07-19 11:00:00,Ratnapura,26.95,78.65,0.0,12.99,Brown Blight,Colletotrichum / Glomerella spp.,0.946,Moderate
2026-07-19 12:00:00,Ratnapura,27.73,67.39,2.18,11.33,Brown Blight,Colletotrichum / Glomerella spp.,0.496,Moderate
2026-07-19 13:00:00,Ratnapura,25.66,68.72,0.0,15.0,Brown Blight,Colletotrichum / Glomerella spp.,0.549,Moderate
2026-07-19 14:00:00,Ratnapura,26.51,68.79,0.0,10.4,Brown Blight (dormant/low risk),Colletotrichum / Glomerella spp.,0.552,Low
2026-07-19 15:00:00,Ratnapura,30.0,69.97,0.0,3.58,Brown Blight (dormant/low risk),Colletotrichum / Glomerella spp.,0.599,Low
2026-07-19 16:00:00,Ratnapura,27.05,68.17,0.0,13.22,Brown Blight,Colletotrichum / Glomerella spp.,0.527,Moderate
2026-07-19 17:00:00,Ratnapura,31.9,65.0,0.0,11.36,Brown Blight,Colletotrichum / Glomerella spp.,0.324,Moderate
2026-07-19 18:00:00,Ratnapura,25.99,83.55,0.27,14.59,Brown Blight,Colletotrichum / Glomerella spp.,1.0,Moderate
2026-07-19 19:00:00,Ratnapura,29.71,76.2,0.0,11.38,Brown Blight,Colletotrichum / Glomerella spp.,0.848,Moderate
2026-07-19 20:00:00,Ratnapura,29.44,75.57,0.0,10.69,Brown Blight (dormant/low risk),Colletotrichum / Glomerella spp.,0.823,Low
2026-07-19 21:00:00,Ratnapura,30.35,76.05,1.24,9.36,Brown Blight (dormant/low risk),Colletotrichum / Glomerella spp.,0.828,Low
2026-07-19 22:00:00,Ratnapura,29.56,68.11,0.0,11.02,Brown Blight,Colletotrichum / Glomerella spp.,0.524,Moderate
2026-07-19 23:00:00,Ratnapura,33.55,69.59,0.0,16.92,Brown Blight,Colletotrichum / Glomerella spp.,0.442,High
2026-07-20 00:00:00,Nuwara Eliya,20.69,88.93,6.55,17.68,Blister Blight,Exobasidium vexans,1.0,High
2026-07-20 01:00:00,Nuwara Eliya,19.28,86.35,3.47,15.1,Blister Blight,Exobasidium vexans,1.0,Moderate
2026-07-20 02:00:00,Nuwara Eliya,13.13,82.34,1.92,3.02,Blister Blight (dormant/low risk),Exobasidium vexans,0.925,Low
2026-07-20 03:00:00,Nuwara Eliya,15.03,80.82,0.32,11.68,Blister Blight,Exobasidium vexans,1.0,Moderate
2026-07-20 04:00:00,Nuwara Eliya,13.03,95.0,5.51,19.42,Blister Blight,Exobasidium vexans,0.921,High
2026-07-20 05:00:00,Nuwara Eliya,12.18,88.8,1.17,13.09,Blister Blight,Exobasidium vexans,0.887,Moderate
2026-07-20 06:00:00,Nuwara Eliya,14.53,94.65,3.26,18.26,Blister Blight,Exobasidium vexans,0.981,High
2026-07-20 07:00:00,Nuwara Eliya,12.52,91.2,1.09,14.37,Blister Blight,Exobasidium vexans,0.901,Moderate
2026-07-20 08:00:00,Nuwara Eliya,10.06,95.0,9.62,16.86,Blister Blight,Exobasidium vexans,0.802,High
2026-07-20 09:00:00,Nuwara Eliya,14.68,95.0,7.18,16.15,Blister Blight,Exobasidium vexans,0.987,High
2026-07-20 10:00:00,Nuwara Eliya,14.37,95.0,9.0,18.8,Blister Blight,Exobasidium vexans,0.975,High
2026-07-20 11:00:00,Nuwara Eliya,12.68,81.51,0.0,13.12,Blister Blight,Exobasidium vexans,0.907,Moderate
2026-07-20 12:00:00,Nuwara Eliya,16.68,74.38,0.0,14.67,Blister Blight,Exobasidium vexans,0.775,Moderate
2026-07-20 13:00:00,Nuwara Eliya,10.94,74.03,0.75,6.52,Blister Blight (dormant/low risk),Exobasidium vexans,0.599,Low
2026-07-20 14:00:00,Nuwara Eliya,15.08,80.97,2.0,10.05,Blister Blight (dormant/low risk),Exobasidium vexans,1.0,Low
2026-07-20 15:00:00,Nuwara Eliya,16.53,77.65,2.24,17.87,Blister Blight,Exobasidium vexans,0.906,High
2026-07-20 16:00:00,Nuwara Eliya,17.51,74.34,0.0,13.69,Blister Blight,Exobasidium vexans,0.774,Moderate
2026-07-20 17:00:00,Nuwara Eliya,19.68,85.62,1.98,14.69,Blister Blight,Exobasidium vexans,1.0,Moderate
2026-07-20 18:00:00,Nuwara Eliya,14.94,95.0,4.34,20.89,Blister Blight,Exobasidium vexans,0.998,High
2026-07-20 19:00:00,Nuwara Eliya,15.81,83.64,0.33,17.17,Blister Blight,Exobasidium vexans,1.0,High
2026-07-20 20:00:00,Nuwara Eliya,18.01,91.09,5.24,21.34,Blister Blight,Exobasidium vexans,1.0,High
2026-07-20 21:00:00,Nuwara Eliya,18.12,70.58,0.0,9.61,Blister Blight (dormant/low risk),Exobasidium vexans,0.623,Low
2026-07-20 22:00:00,Nuwara Eliya,21.11,75.35,0.0,19.68,Blister Blight,Exobasidium vexans,0.814,High
2026-07-20 23:00:00,Nuwara Eliya,16.07,90.08,2.8,12.68,Blister Blight,Exobasidium vexans,1.0,Moderate
2026-07-20 00:00:00,Kandy,21.62,70.84,0.0,15.12,Grey Blight,Pestalotiopsis spp.,0.834,Moderate
2026-07-20 01:00:00,Kandy,21.67,75.89,0.1,16.12,Grey Blight,Pestalotiopsis spp.,1.0,High
2026-07-20 02:00:00,Kandy,21.59,66.48,0.0,17.26,Grey Blight,Pestalotiopsis spp.,0.659,High
2026-07-20 03:00:00,Kandy,23.9,72.85,0.0,15.34,Grey Blight,Pestalotiopsis spp.,0.914,Moderate
2026-07-20 04:00:00,Kandy,21.41,76.39,0.0,14.78,Grey Blight,Pestalotiopsis spp.,1.0,Moderate
2026-07-20 05:00:00,Kandy,21.38,76.02,0.98,17.9,Grey Blight,Pestalotiopsis spp.,1.0,High
2026-07-20 06:00:00,Kandy,18.45,82.62,0.54,9.08,Grey Blight (dormant/low risk),Pestalotiopsis spp.,0.938,Low
2026-07-20 07:00:00,Kandy,22.17,81.11,0.0,11.7,Grey Blight,Pestalotiopsis spp.,1.0,Moderate
2026-07-20 08:00:00,Kandy,21.93,79.61,0.0,18.75,Grey Blight,Pestalotiopsis spp.,1.0,High
2026-07-20 09:00:00,Kandy,21.19,74.08,1.85,18.84,Grey Blight,Pestalotiopsis spp.,0.963,High
2026-07-20 10:00:00,Kandy,18.31,71.89,0.17,12.01,Grey Blight,Pestalotiopsis spp.,0.808,Moderate
2026-07-20 11:00:00,Kandy,20.31,67.69,0.0,15.33,Grey Blight,Pestalotiopsis spp.,0.708,Moderate
2026-07-20 12:00:00,Kandy,20.0,64.32,0.27,12.75,Grey Blight,Pestalotiopsis spp.,0.573,Moderate
2026-07-20 13:00:00,Kandy,22.49,67.87,2.38,7.8,Grey Blight (dormant/low risk),Pestalotiopsis spp.,0.715,Low
2026-07-20 14:00:00,Kandy,23.59,68.72,1.53,10.32,Grey Blight (dormant/low risk),Pestalotiopsis spp.,0.749,Low
2026-07-20 15:00:00,Kandy,23.16,66.2,2.64,9.24,Grey Blight (dormant/low risk),Pestalotiopsis spp.,0.648,Low
2026-07-20 16:00:00,Kandy,26.73,59.51,0.0,9.73,Grey Blight (dormant/low risk),Pestalotiopsis spp.,0.331,Low
2026-07-20 17:00:00,Kandy,24.37,69.21,0.21,15.28,Grey Blight,Pestalotiopsis spp.,0.768,Moderate
2026-07-20 18:00:00,Kandy,21.77,70.3,0.0,15.42,Grey Blight,Pestalotiopsis spp.,0.812,Moderate
2026-07-20 19:00:00,Kandy,26.23,56.56,0.0,11.31,Grey Blight,Pestalotiopsis spp.,0.351,Moderate
2026-07-20 20:00:00,Kandy,26.81,72.2,0.66,11.46,Grey Blight,Pestalotiopsis spp.,0.816,Moderate
2026-07-20 21:00:00,Kandy,26.73,65.98,0.0,14.91,Grey Blight,Pestalotiopsis spp.,0.57,Moderate
2026-07-20 22:00:00,Kandy,25.19,70.47,0.81,13.78,Grey Blight,Pestalotiopsis spp.,0.811,Moderate
2026-07-20 23:00:00,Kandy,22.15,70.17,1.45,12.1,Grey Blight,Pestalotiopsis spp.,0.807,Moderate
2026-07-20 00:00:00,Ratnapura,29.4,76.21,0.0,15.94,Brown Blight,Colletotrichum / Glomerella spp.,0.848,High
2026-07-20 01:00:00,Ratnapura,28.28,79.27,4.42,15.75,Brown Blight,Colletotrichum / Glomerella spp.,0.971,High
2026-07-20 02:00:00,Ratnapura,27.55,68.39,0.0,15.54,Brown Blight,Colletotrichum / Glomerella spp.,0.536,Moderate
2026-07-20 03:00:00,Ratnapura,26.05,70.58,0.0,5.97,Brown Blight (dormant/low risk),Colletotrichum / Glomerella spp.,0.623,Low
2026-07-20 04:00:00,Ratnapura,26.74,80.62,0.0,1.2,Brown Blight (dormant/low risk),Colletotrichum / Glomerella spp.,1.0,Low
2026-07-20 05:00:00,Ratnapura,26.83,79.51,0.0,9.33,Brown Blight (dormant/low risk),Colletotrichum / Glomerella spp.,0.98,Low
2026-07-20 06:00:00,Ratnapura,27.54,81.9,0.97,15.05,Brown Blight,Colletotrichum / Glomerella spp.,1.0,Moderate
2026-07-20 07:00:00,Ratnapura,26.24,85.07,0.0,12.7,Brown Blight,Colletotrichum / Glomerella spp.,1.0,Moderate
2026-07-20 08:00:00,Ratnapura,25.06,91.22,0.0,13.87,Brown Blight,Colletotrichum / Glomerella spp.,1.0,Moderate
2026-07-20 09:00:00,Ratnapura,22.5,75.89,0.0,15.46,Brown Blight,Colletotrichum / Glomerella spp.,0.736,Moderate
2026-07-20 10:00:00,Ratnapura,26.57,79.65,0.0,10.12,Brown Blight (dormant/low risk),Colletotrichum / Glomerella spp.,0.986,Low
2026-07-20 11:00:00,Ratnapura,28.35,74.28,0.22,9.22,Brown Blight (dormant/low risk),Colletotrichum / Glomerella spp.,0.771,Low
2026-07-20 12:00:00,Ratnapura,24.55,79.08,3.07,15.62,Brown Blight,Colletotrichum / Glomerella spp.,0.945,Moderate
2026-07-20 13:00:00,Ratnapura,28.12,65.0,0.0,8.58,Brown Blight (dormant/low risk),Colletotrichum / Glomerella spp.,0.4,Low
2026-07-20 14:00:00,Ratnapura,30.79,65.0,0.0,12.58,Brown Blight,Colletotrichum / Glomerella spp.,0.368,Moderate
2026-07-20 15:00:00,Ratnapura,29.65,65.0,0.0,10.08,Brown Blight (dormant/low risk),Colletotrichum / Glomerella spp.,0.4,Low
2026-07-20 16:00:00,Ratnapura,30.48,65.0,0.0,11.04,Brown Blight,Colletotrichum / Glomerella spp.,0.381,Moderate
2026-07-20 17:00:00,Ratnapura,28.06,77.99,0.0,13.43,Brown Blight,Colletotrichum / Glomerella spp.,0.92,Moderate
2026-07-20 18:00:00,Ratnapura,31.59,72.37,0.07,9.07,Brown Blight (dormant/low risk),Colletotrichum / Glomerella spp.,0.631,Low
2026-07-20 19:00:00,Ratnapura,28.63,66.21,0.0,8.94,Brown Blight (dormant/low risk),Colletotrichum / Glomerella spp.,0.448,Low
2026-07-20 20:00:00,Ratnapura,31.89,72.91,0.0,14.78,Brown Blight,Colletotrichum / Glomerella spp.,0.641,Moderate
2026-07-20 21:00:00,Ratnapura,29.26,70.17,0.0,14.13,Brown Blight,Colletotrichum / Glomerella spp.,0.607,Moderate
2026-07-20 22:00:00,Ratnapura,32.19,71.42,0.0,11.02,Brown Blight,Colletotrichum / Glomerella spp.,0.569,Moderate
2026-07-20 23:00:00,Ratnapura,29.4,69.64,0.0,12.03,Brown Blight,Colletotrichum / Glomerella spp.,0.586,Moderate
2026-07-21 00:00:00,Nuwara Eliya,18.35,84.8,1.56,13.72,Blister Blight,Exobasidium vexans,1.0,Moderate
2026-07-21 01:00:00,Nuwara Eliya,15.65,82.87,0.0,10.65,Blister Blight (dormant/low risk),Exobasidium vexans,1.0,Low
2026-07-21 02:00:00,Nuwara Eliya,14.0,95.0,4.22,14.59,Blister Blight,Exobasidium vexans,0.96,Moderate
2026-07-21 03:00:00,Nuwara Eliya,12.27,95.0,17.58,21.26,Blister Blight,Exobasidium vexans,0.891,High
2026-07-21 04:00:00,Nuwara Eliya,18.26,91.93,3.78,15.47,Blister Blight,Exobasidium vexans,1.0,Moderate
2026-07-21 05:00:00,Nuwara Eliya,13.4,89.6,0.0,18.24,Blister Blight,Exobasidium vexans,0.936,High
2026-07-21 06:00:00,Nuwara Eliya,12.33,95.0,5.89,15.03,Blister Blight,Exobasidium vexans,0.893,Moderate
2026-07-21 07:00:00,Nuwara Eliya,12.81,95.0,0.52,17.76,Blister Blight,Exobasidium vexans,0.912,High
2026-07-21 08:00:00,Nuwara Eliya,14.28,93.55,2.67,18.88,Blister Blight,Exobasidium vexans,0.971,High
2026-07-21 09:00:00,Nuwara Eliya,12.88,80.92,0.28,11.31,Blister Blight,Exobasidium vexans,0.915,Moderate
2026-07-21 10:00:00,Nuwara Eliya,10.21,93.4,1.35,15.65,Blister Blight,Exobasidium vexans,0.808,Moderate
2026-07-21 11:00:00,Nuwara Eliya,13.65,84.72,0.0,11.73,Blister Blight,Exobasidium vexans,0.946,Moderate
2026-07-21 12:00:00,Nuwara Eliya,12.49,72.85,0.0,5.98,Blister Blight (dormant/low risk),Exobasidium vexans,0.614,Low
2026-07-21 13:00:00,Nuwara Eliya,16.1,70.08,1.43,9.89,Blister Blight (dormant/low risk),Exobasidium vexans,0.603,Low
2026-07-21 14:00:00,Nuwara Eliya,18.34,81.71,0.0,12.16,Blister Blight,Exobasidium vexans,1.0,Moderate
2026-07-21 15:00:00,Nuwara Eliya,19.43,74.83,0.0,11.89,Blister Blight,Exobasidium vexans,0.793,Moderate
2026-07-21 16:00:00,Nuwara Eliya,18.09,70.52,0.0,12.54,Blister Blight,Exobasidium vexans,0.621,Moderate
2026-07-21 17:00:00,Nuwara Eliya,16.17,80.11,1.27,4.2,Blister Blight (dormant/low risk),Exobasidium vexans,1.0,Low
2026-07-21 18:00:00,Nuwara Eliya,19.21,81.44,1.24,10.32,Blister Blight (dormant/low risk),Exobasidium vexans,1.0,Low
2026-07-21 19:00:00,Nuwara Eliya,20.83,75.35,0.0,19.09,Blister Blight,Exobasidium vexans,0.814,High
2026-07-21 20:00:00,Nuwara Eliya,16.9,83.72,0.0,12.93,Blister Blight,Exobasidium vexans,1.0,Moderate
2026-07-21 21:00:00,Nuwara Eliya,16.36,83.04,0.0,7.1,Blister Blight (dormant/low risk),Exobasidium vexans,1.0,Low
2026-07-21 22:00:00,Nuwara Eliya,17.93,81.5,0.31,10.06,Blister Blight (dormant/low risk),Exobasidium vexans,1.0,Low
2026-07-21 23:00:00,Nuwara Eliya,19.29,78.26,0.0,11.29,Blister Blight,Exobasidium vexans,0.93,Moderate
2026-07-21 00:00:00,Kandy,22.62,71.3,0.0,20.45,Grey Blight,Pestalotiopsis spp.,0.852,High
2026-07-21 01:00:00,Kandy,22.32,67.87,0.0,11.84,Grey Blight,Pestalotiopsis spp.,0.715,Moderate
2026-07-21 02:00:00,Kandy,22.62,77.02,0.0,21.51,Grey Blight,Pestalotiopsis spp.,1.0,High
2026-07-21 03:00:00,Kandy,20.4,69.28,0.0,7.73,Grey Blight (dormant/low risk),Pestalotiopsis spp.,0.771,Low
2026-07-21 04:00:00,Kandy,18.93,89.22,0.73,13.14,Grey Blight,Pestalotiopsis spp.,0.957,Moderate
2026-07-21 05:00:00,Kandy,23.24,90.0,6.34,15.82,Grey Blight,Pestalotiopsis spp.,1.0,High
2026-07-21 06:00:00,Kandy,20.78,82.38,0.0,16.72,Grey Blight,Pestalotiopsis spp.,1.0,High
2026-07-21 07:00:00,Kandy,20.76,85.25,0.36,16.32,Grey Blight,Pestalotiopsis spp.,1.0,High
2026-07-21 08:00:00,Kandy,20.67,76.74,0.6,17.36,Grey Blight,Pestalotiopsis spp.,1.0,High
2026-07-21 09:00:00,Kandy,21.25,72.24,0.0,13.0,Grey Blight,Pestalotiopsis spp.,0.89,Moderate
2026-07-21 10:00:00,Kandy,21.93,66.36,0.0,12.66,Grey Blight,Pestalotiopsis spp.,0.654,Moderate
2026-07-21 11:00:00,Kandy,21.23,72.2,0.11,16.37,Grey Blight,Pestalotiopsis spp.,0.888,High
2026-07-21 12:00:00,Kandy,23.68,60.39,0.0,17.27,Grey Blight,Pestalotiopsis spp.,0.416,High
2026-07-21 13:00:00,Kandy,23.03,68.01,0.0,13.25,Grey Blight,Pestalotiopsis spp.,0.72,Moderate
2026-07-21 14:00:00,Kandy,23.35,61.27,0.0,12.78,Grey Blight,Pestalotiopsis spp.,0.451,Moderate
2026-07-21 15:00:00,Kandy,23.4,60.4,0.0,12.82,Grey Blight,Pestalotiopsis spp.,0.416,Moderate
2026-07-21 16:00:00,Kandy,24.01,60.42,0.0,14.48,Grey Blight,Pestalotiopsis spp.,0.417,Moderate
2026-07-21 17:00:00,Kandy,28.54,74.81,3.29,7.41,Grey Blight (dormant/low risk),Pestalotiopsis spp.,0.851,Low
2026-07-21 18:00:00,Kandy,22.82,69.7,0.0,8.88,Grey Blight (dormant/low risk),Pestalotiopsis spp.,0.788,Low
2026-07-21 19:00:00,Kandy,24.68,63.39,1.09,18.99,Grey Blight,Pestalotiopsis spp.,0.536,High
2026-07-21 20:00:00,Kandy,23.32,75.31,1.27,11.68,Grey Blight,Pestalotiopsis spp.,1.0,Moderate
2026-07-21 21:00:00,Kandy,23.3,75.03,1.64,15.11,Grey Blight,Pestalotiopsis spp.,1.0,Moderate
2026-07-21 22:00:00,Kandy,27.26,62.26,0.0,18.14,Grey Blight,Pestalotiopsis spp.,0.4,High
2026-07-21 23:00:00,Kandy,25.04,64.4,0.0,13.1,Grey Blight,Pestalotiopsis spp.,0.574,Moderate
2026-07-21 00:00:00,Ratnapura,27.6,75.79,1.11,13.04,Brown Blight,Colletotrichum / Glomerella spp.,0.832,Moderate
2026-07-21 01:00:00,Ratnapura,28.82,71.29,0.0,11.21,Brown Blight,Colletotrichum / Glomerella spp.,0.652,Moderate
2026-07-21 02:00:00,Ratnapura,25.76,87.2,5.66,12.79,Brown Blight,Colletotrichum / Glomerella spp.,1.0,Moderate
2026-07-21 03:00:00,Ratnapura,30.14,73.02,0.0,15.16,Brown Blight,Colletotrichum / Glomerella spp.,0.715,Moderate
2026-07-21 04:00:00,Ratnapura,23.9,92.66,4.05,19.26,Brown Blight,Colletotrichum / Glomerella spp.,0.956,High
2026-07-21 05:00:00,Ratnapura,26.32,93.82,4.19,18.97,Brown Blight,Colletotrichum / Glomerella spp.,1.0,High
2026-07-21 06:00:00,Ratnapura,23.08,85.09,0.0,15.49,Brown Blight,Colletotrichum / Glomerella spp.,0.923,Moderate
2026-07-21 07:00:00,Ratnapura,22.84,91.13,1.54,15.12,Brown Blight,Colletotrichum / Glomerella spp.,0.914,Moderate
2026-07-21 08:00:00,Ratnapura,24.71,94.31,6.51,17.85,Brown Blight,Colletotrichum / Glomerella spp.,0.988,High
2026-07-21 09:00:00,Ratnapura,27.24,67.6,0.0,10.87,Brown Blight,Colletotrichum / Glomerella spp.,0.504,Moderate
2026-07-21 10:00:00,Ratnapura,26.97,77.34,0.0,17.69,Brown Blight,Colletotrichum / Glomerella spp.,0.894,High
2026-07-21 11:00:00,Ratnapura,28.62,65.89,0.0,11.85,Brown Blight,Colletotrichum / Glomerella spp.,0.436,Moderate
2026-07-21 12:00:00,Ratnapura,27.44,66.45,0.0,10.06,Brown Blight (dormant/low risk),Colletotrichum / Glomerella spp.,0.458,Low
2026-07-21 13:00:00,Ratnapura,29.47,69.37,0.0,9.13,Brown Blight (dormant/low risk),Colletotrichum / Glomerella spp.,0.575,Low
2026-07-21 14:00:00,Ratnapura,28.13,69.45,0.0,10.24,Brown Blight (dormant/low risk),Colletotrichum / Glomerella spp.,0.578,Low
2026-07-21 15:00:00,Ratnapura,30.26,68.48,0.0,14.72,Brown Blight,Colletotrichum / Glomerella spp.,0.529,Moderate
2026-07-21 16:00:00,Ratnapura,25.32,66.93,0.0,17.27,Brown Blight,Colletotrichum / Glomerella spp.,0.477,High
2026-07-21 17:00:00,Ratnapura,31.91,65.46,0.0,12.58,Brown Blight,Colletotrichum / Glomerella spp.,0.342,Moderate
2026-07-21 18:00:00,Ratnapura,32.36,77.23,0.0,11.56,Brown Blight,Colletotrichum / Glomerella spp.,0.795,Moderate
2026-07-21 19:00:00,Ratnapura,28.93,73.39,0.0,8.62,Brown Blight (dormant/low risk),Colletotrichum / Glomerella spp.,0.736,Low
2026-07-21 20:00:00,Ratnapura,31.28,71.02,0.0,15.98,Brown Blight,Colletotrichum / Glomerella spp.,0.59,High
2026-07-21 21:00:00,Ratnapura,30.57,75.51,0.0,17.45,Brown Blight,Colletotrichum / Glomerella spp.,0.798,High
2026-07-21 22:00:00,Ratnapura,33.35,74.86,0.0,18.03,Brown Blight,Colletotrichum / Glomerella spp.,0.66,High
2026-07-21 23:00:00,Ratnapura,29.91,72.1,0.0,9.21,Brown Blight (dormant/low risk),Colletotrichum / Glomerella spp.,0.684,Low
2026-07-22 00:00:00,Nuwara Eliya,17.53,83.72,0.0,18.0,Blister Blight,Exobasidium vexans,1.0,High
2026-07-22 01:00:00,Nuwara Eliya,13.31,88.88,2.05,14.72,Blister Blight,Exobasidium vexans,0.932,Moderate
2026-07-22 02:00:00,Nuwara Eliya,14.7,86.58,0.11,16.44,Blister Blight,Exobasidium vexans,0.988,High
2026-07-22 03:00:00,Nuwara Eliya,14.1,80.18,0.0,14.84,Blister Blight,Exobasidium vexans,0.964,Moderate
2026-07-22 04:00:00,Nuwara Eliya,14.62,95.0,8.41,18.93,Blister Blight,Exobasidium vexans,0.985,High
2026-07-22 05:00:00,Nuwara Eliya,15.36,93.43,4.43,13.53,Blister Blight,Exobasidium vexans,1.0,Moderate
2026-07-22 06:00:00,Nuwara Eliya,15.18,90.81,0.0,15.48,Blister Blight,Exobasidium vexans,1.0,Moderate
2026-07-22 07:00:00,Nuwara Eliya,11.61,95.0,1.55,14.25,Blister Blight,Exobasidium vexans,0.864,Moderate
2026-07-22 08:00:00,Nuwara Eliya,14.53,89.62,0.34,17.93,Blister Blight,Exobasidium vexans,0.981,High
2026-07-22 09:00:00,Nuwara Eliya,14.49,90.86,2.11,12.71,Blister Blight,Exobasidium vexans,0.98,Moderate
2026-07-22 10:00:00,Nuwara Eliya,12.97,95.0,0.0,22.9,Blister Blight,Exobasidium vexans,0.919,High
2026-07-22 11:00:00,Nuwara Eliya,12.29,82.77,0.0,11.66,Blister Blight,Exobasidium vexans,0.892,Moderate
2026-07-22 12:00:00,Nuwara Eliya,12.29,85.65,0.64,8.39,Blister Blight (dormant/low risk),Exobasidium vexans,0.892,Low
2026-07-22 13:00:00,Nuwara Eliya,17.07,76.25,0.01,9.4,Blister Blight (dormant/low risk),Exobasidium vexans,0.85,Low
2026-07-22 14:00:00,Nuwara Eliya,15.22,80.75,1.04,11.93,Blister Blight,Exobasidium vexans,1.0,Moderate
2026-07-22 15:00:00,Nuwara Eliya,16.19,70.31,0.0,9.88,Blister Blight (dormant/low risk),Exobasidium vexans,0.612,Low
2026-07-22 16:00:00,Nuwara Eliya,16.28,78.68,4.41,17.66,Blister Blight,Exobasidium vexans,0.947,High
2026-07-22 17:00:00,Nuwara Eliya,17.1,81.86,0.0,13.89,Blister Blight,Exobasidium vexans,1.0,Moderate
2026-07-22 18:00:00,Nuwara Eliya,21.2,73.0,0.0,17.43,Blister Blight,Exobasidium vexans,0.72,High
2026-07-22 19:00:00,Nuwara Eliya,19.06,90.37,4.99,17.93,Blister Blight,Exobasidium vexans,1.0,High
2026-07-22 20:00:00,Nuwara Eliya,22.01,80.96,0.0,12.66,Blister Blight,Exobasidium vexans,1.0,Moderate
2026-07-22 21:00:00,Nuwara Eliya,18.53,82.76,0.0,9.6,Blister Blight (dormant/low risk),Exobasidium vexans,1.0,Low
2026-07-22 22:00:00,Nuwara Eliya,20.45,78.99,0.0,20.23,Blister Blight,Exobasidium vexans,0.96,High
2026-07-22 23:00:00,Nuwara Eliya,17.3,78.72,0.0,13.27,Blister Blight,Exobasidium vexans,0.949,Moderate
2026-07-22 00:00:00,Kandy,23.06,77.31,3.85,11.32,Grey Blight,Pestalotiopsis spp.,1.0,Moderate
2026-07-22 01:00:00,Kandy,22.87,67.42,0.0,13.31,Grey Blight,Pestalotiopsis spp.,0.697,Moderate
2026-07-22 02:00:00,Kandy,21.5,73.78,0.0,15.84,Grey Blight,Pestalotiopsis spp.,0.951,High
2026-07-22 03:00:00,Kandy,20.78,79.71,0.0,15.47,Grey Blight,Pestalotiopsis spp.,1.0,Moderate
2026-07-22 04:00:00,Kandy,21.07,78.57,0.0,19.1,Grey Blight,Pestalotiopsis spp.,1.0,High
2026-07-22 05:00:00,Kandy,23.15,83.8,0.0,16.25,Grey Blight,Pestalotiopsis spp.,1.0,High
2026-07-22 06:00:00,Kandy,21.47,82.45,1.19,18.73,Grey Blight,Pestalotiopsis spp.,1.0,High
2026-07-22 07:00:00,Kandy,20.82,87.83,6.64,13.72,Grey Blight,Pestalotiopsis spp.,1.0,Moderate
2026-07-22 08:00:00,Kandy,20.33,90.0,6.57,15.52,Grey Blight,Pestalotiopsis spp.,1.0,Moderate
2026-07-22 09:00:00,Kandy,19.4,73.69,0.0,10.77,Grey Blight,Pestalotiopsis spp.,0.924,Moderate
2026-07-22 10:00:00,Kandy,24.1,65.77,0.0,13.06,Grey Blight,Pestalotiopsis spp.,0.631,Moderate
2026-07-22 11:00:00,Kandy,22.9,72.69,0.0,12.19,Grey Blight,Pestalotiopsis spp.,0.908,Moderate
2026-07-22 12:00:00,Kandy,18.22,71.41,3.92,14.49,Grey Blight,Pestalotiopsis spp.,0.785,Moderate
2026-07-22 13:00:00,Kandy,21.42,73.73,1.6,10.78,Grey Blight,Pestalotiopsis spp.,0.949,Moderate
2026-07-22 14:00:00,Kandy,25.4,58.99,0.26,14.86,Grey Blight,Pestalotiopsis spp.,0.384,Moderate
2026-07-22 15:00:00,Kandy,20.57,71.7,1.8,17.43,Grey Blight,Pestalotiopsis spp.,0.868,High
2026-07-22 16:00:00,Kandy,25.92,64.33,0.0,17.86,Grey Blight,Pestalotiopsis spp.,0.536,High
2026-07-22 17:00:00,Kandy,22.8,71.5,0.0,12.88,Grey Blight,Pestalotiopsis spp.,0.86,Moderate
2026-07-22 18:00:00,Kandy,24.4,68.34,0.0,11.98,Grey Blight,Pestalotiopsis spp.,0.734,Moderate
2026-07-22 19:00:00,Kandy,24.07,68.44,0.25,15.87,Grey Blight,Pestalotiopsis spp.,0.738,High
2026-07-22 20:00:00,Kandy,23.72,72.56,0.0,17.47,Grey Blight,Pestalotiopsis spp.,0.902,High
2026-07-22 21:00:00,Kandy,27.7,75.4,0.0,8.6,Grey Blight (dormant/low risk),Pestalotiopsis spp.,0.892,Low
2026-07-22 22:00:00,Kandy,26.62,75.8,0.0,16.03,Grey Blight,Pestalotiopsis spp.,0.935,High
2026-07-22 23:00:00,Kandy,22.95,62.32,0.0,8.95,Grey Blight (dormant/low risk),Pestalotiopsis spp.,0.493,Low
2026-07-22 00:00:00,Ratnapura,32.72,73.93,0.0,10.88,Brown Blight,Colletotrichum / Glomerella spp.,0.648,Moderate
2026-07-22 01:00:00,Ratnapura,30.84,78.34,0.29,12.62,Brown Blight,Colletotrichum / Glomerella spp.,0.9,Moderate
2026-07-22 02:00:00,Ratnapura,31.94,78.18,0.0,14.68,Brown Blight,Colletotrichum / Glomerella spp.,0.85,Moderate
2026-07-22 03:00:00,Ratnapura,27.87,79.39,0.0,18.98,Brown Blight,Colletotrichum / Glomerella spp.,0.976,High
2026-07-22 04:00:00,Ratnapura,22.61,91.26,1.49,17.72,Brown Blight,Colletotrichum / Glomerella spp.,0.904,High
2026-07-22 05:00:00,Ratnapura,26.98,82.39,0.32,8.52,Brown Blight (dormant/low risk),Colletotrichum / Glomerella spp.,1.0,Low
2026-07-22 06:00:00,Ratnapura,24.92,84.22,0.0,13.77,Brown Blight,Colletotrichum / Glomerella spp.,0.997,Moderate
2026-07-22 07:00:00,Ratnapura,24.69,79.17,0.0,17.89,Brown Blight,Colletotrichum / Glomerella spp.,0.954,High
2026-07-22 08:00:00,Ratnapura,22.0,98.0,7.61,23.3,Brown Blight,Colletotrichum / Glomerella spp.,0.88,High
2026-07-22 09:00:00,Ratnapura,26.98,96.28,5.22,15.58,Brown Blight,Colletotrichum / Glomerella spp.,1.0,Moderate
2026-07-22 10:00:00,Ratnapura,25.14,80.79,0.73,16.03,Brown Blight,Colletotrichum / Glomerella spp.,1.0,High
2026-07-22 11:00:00,Ratnapura,25.61,73.72,0.0,13.91,Brown Blight,Colletotrichum / Glomerella spp.,0.749,Moderate
2026-07-22 12:00:00,Ratnapura,23.02,78.36,0.0,14.9,Brown Blight,Colletotrichum / Glomerella spp.,0.855,Moderate
2026-07-22 13:00:00,Ratnapura,25.3,72.73,0.0,10.1,Brown Blight (dormant/low risk),Colletotrichum / Glomerella spp.,0.709,Low
2026-07-22 14:00:00,Ratnapura,26.36,66.76,0.0,11.96,Brown Blight,Colletotrichum / Glomerella spp.,0.47,Moderate
2026-07-22 15:00:00,Ratnapura,29.17,75.36,1.15,8.74,Brown Blight (dormant/low risk),Colletotrichum / Glomerella spp.,0.814,Low
2026-07-22 16:00:00,Ratnapura,28.4,68.58,0.0,12.55,Brown Blight,Colletotrichum / Glomerella spp.,0.543,Moderate
2026-07-22 17:00:00,Ratnapura,31.92,67.34,0.0,10.11,Brown Blight (dormant/low risk),Colletotrichum / Glomerella spp.,0.417,Low
2026-07-22 18:00:00,Ratnapura,31.42,74.57,0.0,17.38,Brown Blight,Colletotrichum / Glomerella spp.,0.726,High
2026-07-22 19:00:00,Ratnapura,30.75,80.77,3.25,17.51,Brown Blight,Colletotrichum / Glomerella spp.,0.97,High
2026-07-22 20:00:00,Ratnapura,29.48,70.81,0.42,13.31,Brown Blight,Colletotrichum / Glomerella spp.,0.632,Moderate
2026-07-22 21:00:00,Ratnapura,29.07,80.64,0.9,15.17,Brown Blight,Colletotrichum / Glomerella spp.,1.0,Moderate
2026-07-22 22:00:00,Ratnapura,31.45,77.2,0.0,13.19,Brown Blight,Colletotrichum / Glomerella spp.,0.83,Moderate
2026-07-22 23:00:00,Ratnapura,28.96,70.41,0.0,7.08,Brown Blight (dormant/low risk),Colletotrichum / Glomerella spp.,0.616,Low
2026-07-23 00:00:00,Nuwara Eliya,15.92,81.83,0.0,14.04,Blister Blight,Exobasidium vexans,1.0,Moderate
2026-07-23 01:00:00,Nuwara Eliya,18.37,77.32,0.0,17.31,Blister Blight,Exobasidium vexans,0.893,High
2026-07-23 02:00:00,Nuwara Eliya,13.4,95.0,1.35,21.24,Blister Blight,Exobasidium vexans,0.936,High
2026-07-23 03:00:00,Nuwara Eliya,15.94,84.41,1.31,12.64,Blister Blight,Exobasidium vexans,1.0,Moderate
2026-07-23 04:00:00,Nuwara Eliya,12.43,91.0,0.0,10.18,Blister Blight (dormant/low risk),Exobasidium vexans,0.897,Low
2026-07-23 05:00:00,Nuwara Eliya,10.56,95.0,8.61,16.57,Blister Blight,Exobasidium vexans,0.822,High
2026-07-23 06:00:00,Nuwara Eliya,14.61,95.0,8.93,11.72,Blister Blight,Exobasidium vexans,0.984,Moderate
2026-07-23 07:00:00,Nuwara Eliya,15.17,85.9,1.92,21.85,Blister Blight,Exobasidium vexans,1.0,High
2026-07-23 08:00:00,Nuwara Eliya,12.93,95.0,4.18,18.56,Blister Blight,Exobasidium vexans,0.917,High
2026-07-23 09:00:00,Nuwara Eliya,13.87,80.46,0.78,15.9,Blister Blight,Exobasidium vexans,0.955,High
2026-07-23 10:00:00,Nuwara Eliya,14.33,89.83,4.03,14.34,Blister Blight,Exobasidium vexans,0.973,Moderate
2026-07-23 11:00:00,Nuwara Eliya,13.76,83.73,0.0,10.21,Blister Blight (dormant/low risk),Exobasidium vexans,0.95,Low
2026-07-23 12:00:00,Nuwara Eliya,14.94,73.39,0.32,9.6,Blister Blight (dormant/low risk),Exobasidium vexans,0.733,Low
2026-07-23 13:00:00,Nuwara Eliya,14.1,74.14,0.43,13.26,Blister Blight,Exobasidium vexans,0.73,Moderate
2026-07-23 14:00:00,Nuwara Eliya,11.87,77.99,0.42,11.38,Blister Blight,Exobasidium vexans,0.794,Moderate
2026-07-23 15:00:00,Nuwara Eliya,18.08,73.22,0.45,10.21,Blister Blight (dormant/low risk),Exobasidium vexans,0.729,Low
2026-07-23 16:00:00,Nuwara Eliya,15.69,88.07,2.97,14.39,Blister Blight,Exobasidium vexans,1.0,Moderate
2026-07-23 17:00:00,Nuwara Eliya,18.88,78.77,0.0,15.89,Blister Blight,Exobasidium vexans,0.951,High
2026-07-23 18:00:00,Nuwara Eliya,15.81,77.75,0.0,18.02,Blister Blight,Exobasidium vexans,0.91,High
2026-07-23 19:00:00,Nuwara Eliya,18.81,87.32,3.04,16.9,Blister Blight,Exobasidium vexans,1.0,High
2026-07-23 20:00:00,Nuwara Eliya,19.67,70.85,1.23,19.66,Blister Blight,Exobasidium vexans,0.634,High
2026-07-23 21:00:00,Nuwara Eliya,18.94,88.37,1.36,14.43,Blister Blight,Exobasidium vexans,1.0,Moderate
2026-07-23 22:00:00,Nuwara Eliya,18.36,79.83,0.0,16.26,Blister Blight,Exobasidium vexans,0.993,High
2026-07-23 23:00:00,Nuwara Eliya,17.63,86.78,0.26,13.78,Blister Blight,Exobasidium vexans,1.0,Moderate
2026-07-23 00:00:00,Kandy,23.94,75.3,0.0,16.32,Grey Blight,Pestalotiopsis spp.,1.0,High
2026-07-23 01:00:00,Kandy,26.89,73.3,2.34,14.77,Grey Blight,Pestalotiopsis spp.,0.856,Moderate
2026-07-23 02:00:00,Kandy,22.6,74.74,0.0,12.75,Grey Blight,Pestalotiopsis spp.,0.99,Moderate
2026-07-23 03:00:00,Kandy,24.13,68.42,0.0,11.33,Grey Blight,Pestalotiopsis spp.,0.737,Moderate
2026-07-23 04:00:00,Kandy,23.71,74.12,0.0,15.43,Grey Blight,Pestalotiopsis spp.,0.965,Moderate
2026-07-23 05:00:00,Kandy,22.91,78.78,0.0,20.22,Grey Blight,Pestalotiopsis spp.,1.0,High
2026-07-23 06:00:00,Kandy,22.08,81.25,0.0,10.88,Grey Blight,Pestalotiopsis spp.,1.0,Moderate
2026-07-23 07:00:00,Kandy,18.07,90.0,2.63,17.2,Grey Blight,Pestalotiopsis spp.,0.923,High
2026-07-23 08:00:00,Kandy,21.41,79.89,0.0,15.03,Grey Blight,Pestalotiopsis spp.,1.0,Moderate
2026-07-23 09:00:00,Kandy,22.12,66.07,0.44,11.46,Grey Blight,Pestalotiopsis spp.,0.643,Moderate
2026-07-23 10:00:00,Kandy,18.83,80.4,0.0,13.32,Grey Blight,Pestalotiopsis spp.,0.953,Moderate
2026-07-23 11:00:00,Kandy,21.19,77.39,0.45,13.39,Grey Blight,Pestalotiopsis spp.,1.0,Moderate
2026-07-23 12:00:00,Kandy,21.03,66.03,3.22,16.99,Grey Blight,Pestalotiopsis spp.,0.641,High
2026-07-23 13:00:00,Kandy,22.86,70.55,0.0,19.72,Grey Blight,Pestalotiopsis spp.,0.822,High
2026-07-23 14:00:00,Kandy,22.0,63.24,0.0,16.39,Grey Blight,Pestalotiopsis spp.,0.53,High
2026-07-23 15:00:00,Kandy,23.22,61.99,0.0,12.87,Grey Blight,Pestalotiopsis spp.,0.48,Moderate
2026-07-23 16:00:00,Kandy,28.36,62.25,0.0,10.5,Grey Blight (dormant/low risk),Pestalotiopsis spp.,0.356,Low
2026-07-23 17:00:00,Kandy,25.21,68.77,0.0,12.09,Grey Blight,Pestalotiopsis spp.,0.742,Moderate
2026-07-23 18:00:00,Kandy,27.31,73.62,1.45,14.19,Grey Blight,Pestalotiopsis spp.,0.852,Moderate
2026-07-23 19:00:00,Kandy,25.38,71.35,0.58,18.07,Grey Blight,Pestalotiopsis spp.,0.839,High
2026-07-23 20:00:00,Kandy,25.57,65.22,0.22,13.94,Grey Blight,Pestalotiopsis spp.,0.586,Moderate
2026-07-23 21:00:00,Kandy,28.19,62.45,0.0,9.09,Grey Blight (dormant/low risk),Pestalotiopsis spp.,0.37,Low
2026-07-23 22:00:00,Kandy,24.82,70.39,0.44,14.62,Grey Blight,Pestalotiopsis spp.,0.816,Moderate
2026-07-23 23:00:00,Kandy,24.91,64.47,0.0,17.73,Grey Blight,Pestalotiopsis spp.,0.579,High
2026-07-23 00:00:00,Ratnapura,29.59,78.94,0.0,9.58,Brown Blight (dormant/low risk),Colletotrichum / Glomerella spp.,0.958,Low
2026-07-23 01:00:00,Ratnapura,28.1,75.07,2.17,11.25,Brown Blight,Colletotrichum / Glomerella spp.,0.803,Moderate
2026-07-23 02:00:00,Ratnapura,26.83,75.38,0.0,15.46,Brown Blight,Colletotrichum / Glomerella spp.,0.815,Moderate
2026-07-23 03:00:00,Ratnapura,26.96,73.8,0.0,6.99,Brown Blight (dormant/low risk),Colletotrichum / Glomerella spp.,0.752,Low
2026-07-23 04:00:00,Ratnapura,26.28,86.86,0.0,15.93,Brown Blight,Colletotrichum / Glomerella spp.,1.0,High
2026-07-23 05:00:00,Ratnapura,25.01,82.9,0.67,13.69,Brown Blight,Colletotrichum / Glomerella spp.,1.0,Moderate
2026-07-23 06:00:00,Ratnapura,25.7,85.46,0.0,16.75,Brown Blight,Colletotrichum / Glomerella spp.,1.0,High
2026-07-23 07:00:00,Ratnapura,24.45,89.35,0.64,18.28,Brown Blight,Colletotrichum / Glomerella spp.,0.978,High
2026-07-23 08:00:00,Ratnapura,23.19,82.69,0.08,12.59,Brown Blight,Colletotrichum / Glomerella spp.,0.928,Moderate
2026-07-23 09:00:00,Ratnapura,24.62,71.56,0.0,13.41,Brown Blight,Colletotrichum / Glomerella spp.,0.647,Moderate
2026-07-23 10:00:00,Ratnapura,24.48,78.42,0.0,18.9,Brown Blight,Colletotrichum / Glomerella spp.,0.916,High
2026-07-23 11:00:00,Ratnapura,25.46,74.26,0.0,15.5,Brown Blight,Colletotrichum / Glomerella spp.,0.77,Moderate
2026-07-23 12:00:00,Ratnapura,26.27,66.73,0.0,8.26,Brown Blight (dormant/low risk),Colletotrichum / Glomerella spp.,0.469,Low
2026-07-23 13:00:00,Ratnapura,24.94,72.89,0.06,16.36,Brown Blight,Colletotrichum / Glomerella spp.,0.713,High
2026-07-23 14:00:00,Ratnapura,27.29,72.55,0.0,9.38,Brown Blight (dormant/low risk),Colletotrichum / Glomerella spp.,0.702,Low
2026-07-23 15:00:00,Ratnapura,27.33,70.69,0.0,5.68,Brown Blight (dormant/low risk),Colletotrichum / Glomerella spp.,0.628,Low
2026-07-23 16:00:00,Ratnapura,27.69,70.33,0.0,13.87,Brown Blight,Colletotrichum / Glomerella spp.,0.613,Moderate
2026-07-23 17:00:00,Ratnapura,29.31,81.57,3.65,6.2,Brown Blight (dormant/low risk),Colletotrichum / Glomerella spp.,1.0,Low
2026-07-23 18:00:00,Ratnapura,31.11,69.15,0.0,13.71,Brown Blight,Colletotrichum / Glomerella spp.,0.522,Moderate
2026-07-23 19:00:00,Ratnapura,32.16,74.26,0.0,9.18,Brown Blight (dormant/low risk),Colletotrichum / Glomerella spp.,0.684,Low
2026-07-23 20:00:00,Ratnapura,28.75,76.64,1.42,10.39,Brown Blight (dormant/low risk),Colletotrichum / Glomerella spp.,0.866,Low
2026-07-23 21:00:00,Ratnapura,30.98,75.47,0.0,15.12,Brown Blight,Colletotrichum / Glomerella spp.,0.78,Moderate
2026-07-23 22:00:00,Ratnapura,28.85,81.31,1.23,3.93,Brown Blight (dormant/low risk),Colletotrichum / Glomerella spp.,1.0,Low
2026-07-23 23:00:00,Ratnapura,28.81,77.19,1.08,13.29,Brown Blight,Colletotrichum / Glomerella spp.,0.888,Moderate
2026-07-24 00:00:00,Nuwara Eliya,13.24,87.83,0.71,14.11,Blister Blight,Exobasidium vexans,0.93,Moderate
2026-07-24 01:00:00,Nuwara Eliya,18.22,80.26,0.0,8.62,Blister Blight (dormant/low risk),Exobasidium vexans,1.0,Low
2026-07-24 02:00:00,Nuwara Eliya,14.95,81.29,1.04,13.78,Blister Blight,Exobasidium vexans,0.998,Moderate
2026-07-24 03:00:00,Nuwara Eliya,15.12,94.46,3.99,20.46,Blister Blight,Exobasidium vexans,1.0,High
2026-07-24 04:00:00,Nuwara Eliya,14.55,91.26,2.33,18.34,Blister Blight,Exobasidium vexans,0.982,High
2026-07-24 05:00:00,Nuwara Eliya,13.77,89.36,0.0,13.04,Blister Blight,Exobasidium vexans,0.951,Moderate
2026-07-24 06:00:00,Nuwara Eliya,14.28,89.27,1.01,18.65,Blister Blight,Exobasidium vexans,0.971,High
2026-07-24 07:00:00,Nuwara Eliya,10.14,94.99,0.0,15.19,Blister Blight,Exobasidium vexans,0.806,Moderate
2026-07-24 08:00:00,Nuwara Eliya,10.0,88.34,0.1,11.72,Blister Blight,Exobasidium vexans,0.8,Moderate
2026-07-24 09:00:00,Nuwara Eliya,10.32,91.18,0.54,10.11,Blister Blight (dormant/low risk),Exobasidium vexans,0.813,Low
2026-07-24 10:00:00,Nuwara Eliya,11.78,86.33,0.0,7.85,Blister Blight (dormant/low risk),Exobasidium vexans,0.871,Low
2026-07-24 11:00:00,Nuwara Eliya,14.31,81.78,0.0,11.53,Blister Blight,Exobasidium vexans,0.972,Moderate
2026-07-24 12:00:00,Nuwara Eliya,13.32,93.24,5.01,18.31,Blister Blight,Exobasidium vexans,0.933,High
2026-07-24 13:00:00,Nuwara Eliya,13.69,80.79,1.26,11.73,Blister Blight,Exobasidium vexans,0.948,Moderate
2026-07-24 14:00:00,Nuwara Eliya,13.1,75.34,1.61,13.57,Blister Blight,Exobasidium vexans,0.738,Moderate
2026-07-24 15:00:00,Nuwara Eliya,18.29,78.14,3.69,17.74,Blister Blight,Exobasidium vexans,0.926,High
2026-07-24 16:00:00,Nuwara Eliya,14.32,71.94,0.0,7.33,Blister Blight (dormant/low risk),Exobasidium vexans,0.65,Low
2026-07-24 17:00:00,Nuwara Eliya,16.0,80.83,0.0,10.56,Blister Blight (dormant/low risk),Exobasidium vexans,1.0,Low
2026-07-24 18:00:00,Nuwara Eliya,20.23,77.91,0.46,21.1,Blister Blight,Exobasidium vexans,0.916,High
2026-07-24 19:00:00,Nuwara Eliya,19.89,78.3,0.0,11.35,Blister Blight,Exobasidium vexans,0.932,Moderate
2026-07-24 20:00:00,Nuwara Eliya,17.59,84.7,0.0,12.65,Blister Blight,Exobasidium vexans,1.0,Moderate
2026-07-24 21:00:00,Nuwara Eliya,15.57,88.19,0.0,13.87,Blister Blight,Exobasidium vexans,1.0,Moderate
2026-07-24 22:00:00,Nuwara Eliya,16.86,81.66,0.0,12.98,Blister Blight,Exobasidium vexans,1.0,Moderate
2026-07-24 23:00:00,Nuwara Eliya,12.99,88.77,0.91,10.09,Blister Blight (dormant/low risk),Exobasidium vexans,0.92,Low
2026-07-24 00:00:00,Kandy,24.22,68.05,0.0,11.08,Grey Blight,Pestalotiopsis spp.,0.722,Moderate
2026-07-24 01:00:00,Kandy,25.66,76.44,2.74,20.8,Grey Blight,Pestalotiopsis spp.,0.974,High
2026-07-24 02:00:00,Kandy,22.29,76.41,0.0,15.15,Grey Blight,Pestalotiopsis spp.,1.0,Moderate
2026-07-24 03:00:00,Kandy,25.31,72.14,0.35,11.69,Grey Blight,Pestalotiopsis spp.,0.873,Moderate
2026-07-24 04:00:00,Kandy,19.71,85.15,1.72,16.81,Grey Blight,Pestalotiopsis spp.,0.988,High
2026-07-24 05:00:00,Kandy,22.3,83.3,0.0,16.73,Grey Blight,Pestalotiopsis spp.,1.0,High
2026-07-24 06:00:00,Kandy,23.37,85.4,0.47,16.19,Grey Blight,Pestalotiopsis spp.,1.0,High
2026-07-24 07:00:00,Kandy,19.67,83.75,0.97,16.25,Grey Blight,Pestalotiopsis spp.,0.987,High
2026-07-24 08:00:00,Kandy,19.92,77.48,0.38,8.91,Grey Blight (dormant/low risk),Pestalotiopsis spp.,0.997,Low
2026-07-24 09:00:00,Kandy,21.31,66.77,0.0,9.81,Grey Blight (dormant/low risk),Pestalotiopsis spp.,0.671,Low
2026-07-24 10:00:00,Kandy,22.56,73.67,1.98,12.11,Grey Blight,Pestalotiopsis spp.,0.947,Moderate
2026-07-24 11:00:00,Kandy,24.24,75.93,0.0,17.74,Grey Blight,Pestalotiopsis spp.,1.0,High
2026-07-24 12:00:00,Kandy,24.25,59.56,0.0,17.7,Grey Blight,Pestalotiopsis spp.,0.4,High
2026-07-24 13:00:00,Kandy,25.37,65.21,0.0,13.35,Grey Blight,Pestalotiopsis spp.,0.594,Moderate
2026-07-24 14:00:00,Kandy,20.91,79.25,4.1,8.18,Grey Blight (dormant/low risk),Pestalotiopsis spp.,1.0,Low
2026-07-24 15:00:00,Kandy,23.07,63.61,1.79,13.9,Grey Blight,Pestalotiopsis spp.,0.544,Moderate
2026-07-24 16:00:00,Kandy,24.09,62.48,0.0,9.67,Grey Blight (dormant/low risk),Pestalotiopsis spp.,0.499,Low
2026-07-24 17:00:00,Kandy,24.33,71.02,0.0,9.66,Grey Blight (dormant/low risk),Pestalotiopsis spp.,0.841,Low
2026-07-24 18:00:00,Kandy,28.51,62.03,0.0,14.38,Grey Blight,Pestalotiopsis spp.,0.341,Moderate
2026-07-24 19:00:00,Kandy,22.68,72.97,1.33,10.7,Grey Blight (dormant/low risk),Pestalotiopsis spp.,0.919,Low
2026-07-24 20:00:00,Kandy,27.34,61.64,0.0,6.22,Grey Blight (dormant/low risk),Pestalotiopsis spp.,0.372,Low
2026-07-24 21:00:00,Kandy,30.0,69.76,0.0,6.67,Grey Blight (dormant/low risk),Pestalotiopsis spp.,0.59,Low
2026-07-24 22:00:00,Kandy,22.32,67.17,0.0,16.83,Grey Blight,Pestalotiopsis spp.,0.687,High
2026-07-24 23:00:00,Kandy,26.56,70.84,0.0,11.43,Grey Blight,Pestalotiopsis spp.,0.771,Moderate
2026-07-24 00:00:00,Ratnapura,31.69,67.88,0.0,12.05,Brown Blight,Colletotrichum / Glomerella spp.,0.448,Moderate
2026-07-24 01:00:00,Ratnapura,30.27,84.01,0.83,12.43,Brown Blight,Colletotrichum / Glomerella spp.,0.989,Moderate
2026-07-24 02:00:00,Ratnapura,27.01,75.08,0.0,4.22,Brown Blight (dormant/low risk),Colletotrichum / Glomerella spp.,0.803,Low
2026-07-24 03:00:00,Ratnapura,29.52,75.52,0.0,10.41,Brown Blight (dormant/low risk),Colletotrichum / Glomerella spp.,0.821,Low
2026-07-24 04:00:00,Ratnapura,27.25,82.96,0.0,12.47,Brown Blight,Colletotrichum / Glomerella spp.,1.0,Moderate
2026-07-24 05:00:00,Ratnapura,24.23,88.45,3.14,13.12,Brown Blight,Colletotrichum / Glomerella spp.,0.969,Moderate
2026-07-24 06:00:00,Ratnapura,25.21,85.65,0.0,13.53,Brown Blight,Colletotrichum / Glomerella spp.,1.0,Moderate
2026-07-24 07:00:00,Ratnapura,23.66,88.66,0.79,12.18,Brown Blight,Colletotrichum / Glomerella spp.,0.946,Moderate
2026-07-24 08:00:00,Ratnapura,27.71,84.89,1.04,10.25,Brown Blight (dormant/low risk),Colletotrichum / Glomerella spp.,1.0,Low
2026-07-24 09:00:00,Ratnapura,23.92,82.58,0.0,13.31,Brown Blight,Colletotrichum / Glomerella spp.,0.957,Moderate
2026-07-24 10:00:00,Ratnapura,24.99,81.34,0.0,15.51,Brown Blight,Colletotrichum / Glomerella spp.,1.0,Moderate
2026-07-24 11:00:00,Ratnapura,26.76,79.78,0.0,10.07,Brown Blight (dormant/low risk),Colletotrichum / Glomerella spp.,0.991,Low
2026-07-24 12:00:00,Ratnapura,24.9,85.5,4.38,14.62,Brown Blight,Colletotrichum / Glomerella spp.,0.996,Moderate
2026-07-24 13:00:00,Ratnapura,25.52,68.99,0.0,14.15,Brown Blight,Colletotrichum / Glomerella spp.,0.56,Moderate
2026-07-24 14:00:00,Ratnapura,30.84,65.0,0.53,14.29,Brown Blight,Colletotrichum / Glomerella spp.,0.366,Moderate
2026-07-24 15:00:00,Ratnapura,29.88,76.48,0.0,14.15,Brown Blight,Colletotrichum / Glomerella spp.,0.859,Moderate
2026-07-24 16:00:00,Ratnapura,29.6,65.0,0.0,7.52,Brown Blight (dormant/low risk),Colletotrichum / Glomerella spp.,0.4,Low
2026-07-24 17:00:00,Ratnapura,29.03,76.87,1.02,14.93,Brown Blight,Colletotrichum / Glomerella spp.,0.875,Moderate
2026-07-24 18:00:00,Ratnapura,29.8,82.59,4.15,9.07,Brown Blight (dormant/low risk),Colletotrichum / Glomerella spp.,1.0,Low
2026-07-24 19:00:00,Ratnapura,29.21,74.94,0.0,9.55,Brown Blight (dormant/low risk),Colletotrichum / Glomerella spp.,0.798,Low
2026-07-24 20:00:00,Ratnapura,30.46,71.03,0.01,12.66,Brown Blight,Colletotrichum / Glomerella spp.,0.623,Moderate
2026-07-24 21:00:00,Ratnapura,30.84,78.54,3.94,9.69,Brown Blight (dormant/low risk),Colletotrichum / Glomerella spp.,0.908,Low
2026-07-24 22:00:00,Ratnapura,30.78,81.27,1.11,8.68,Brown Blight (dormant/low risk),Colletotrichum / Glomerella spp.,0.969,Low
2026-07-24 23:00:00,Ratnapura,26.95,69.55,0.09,11.47,Brown Blight,Colletotrichum / Glomerella spp.,0.582,Moderate
2026-07-25 00:00:00,Nuwara Eliya,17.47,79.94,1.73,17.36,Blister Blight,Exobasidium vexans,0.998,High
2026-07-25 01:00:00,Nuwara Eliya,17.47,77.89,0.66,19.1,Blister Blight,Exobasidium vexans,0.916,High
2026-07-25 02:00:00,Nuwara Eliya,13.87,86.91,0.0,10.46,Blister Blight (dormant/low risk),Exobasidium vexans,0.955,Low
2026-07-25 03:00:00,Nuwara Eliya,18.06,73.78,0.0,9.07,Blister Blight (dormant/low risk),Exobasidium vexans,0.751,Low
2026-07-25 04:00:00,Nuwara Eliya,17.39,86.72,0.0,17.51,Blister Blight,Exobasidium vexans,1.0,High
2026-07-25 05:00:00,Nuwara Eliya,16.73,88.08,0.83,16.48,Blister Blight,Exobasidium vexans,1.0,High
2026-07-25 06:00:00,Nuwara Eliya,14.22,95.0,2.14,14.88,Blister Blight,Exobasidium vexans,0.969,Moderate
2026-07-25 07:00:00,Nuwara Eliya,15.99,93.85,1.46,20.62,Blister Blight,Exobasidium vexans,1.0,High
2026-07-25 08:00:00,Nuwara Eliya,10.0,92.24,0.0,10.5,Blister Blight (dormant/low risk),Exobasidium vexans,0.8,Low
2026-07-25 09:00:00,Nuwara Eliya,11.01,80.97,0.0,10.99,Blister Blight,Exobasidium vexans,0.84,Moderate
2026-07-25 10:00:00,Nuwara Eliya,11.72,82.72,2.53,12.21,Blister Blight,Exobasidium vexans,0.869,Moderate
2026-07-25 11:00:00,Nuwara Eliya,10.84,84.74,0.0,11.55,Blister Blight,Exobasidium vexans,0.834,Moderate
2026-07-25 12:00:00,Nuwara Eliya,15.58,84.13,0.0,16.75,Blister Blight,Exobasidium vexans,1.0,High
2026-07-25 13:00:00,Nuwara Eliya,15.26,84.24,0.0,10.95,Blister Blight,Exobasidium vexans,1.0,Moderate
2026-07-25 14:00:00,Nuwara Eliya,13.78,75.2,0.93,14.06,Blister Blight,Exobasidium vexans,0.759,Moderate
2026-07-25 15:00:00,Nuwara Eliya,15.82,74.23,0.0,13.35,Blister Blight,Exobasidium vexans,0.769,Moderate
2026-07-25 16:00:00,Nuwara Eliya,18.92,75.52,1.74,11.85,Blister Blight,Exobasidium vexans,0.821,Moderate
2026-07-25 17:00:00,Nuwara Eliya,17.33,76.35,0.0,10.94,Blister Blight,Exobasidium vexans,0.854,Moderate
2026-07-25 18:00:00,Nuwara Eliya,15.88,95.0,7.87,17.55,Blister Blight,Exobasidium vexans,1.0,High
2026-07-25 19:00:00,Nuwara Eliya,20.82,72.68,0.0,16.5,Blister Blight,Exobasidium vexans,0.707,High
2026-07-25 20:00:00,Nuwara Eliya,18.87,82.72,0.1,8.25,Blister Blight (dormant/low risk),Exobasidium vexans,1.0,Low
2026-07-25 21:00:00,Nuwara Eliya,18.29,82.72,0.16,9.2,Blister Blight (dormant/low risk),Exobasidium vexans,1.0,Low
2026-07-25 22:00:00,Nuwara Eliya,18.98,82.98,0.75,13.39,Blister Blight,Exobasidium vexans,1.0,Moderate
2026-07-25 23:00:00,Nuwara Eliya,21.36,69.65,0.0,10.37,Blister Blight (dormant/low risk),Exobasidium vexans,0.586,Low
2026-07-25 00:00:00,Kandy,26.31,72.31,0.71,7.76,Grey Blight (dormant/low risk),Pestalotiopsis spp.,0.84,Low
2026-07-25 01:00:00,Kandy,24.31,70.17,0.0,17.85,Grey Blight,Pestalotiopsis spp.,0.807,High
2026-07-25 02:00:00,Kandy,19.98,72.4,0.0,13.11,Grey Blight,Pestalotiopsis spp.,0.895,Moderate
2026-07-25 03:00:00,Kandy,21.05,73.27,0.03,13.7,Grey Blight,Pestalotiopsis spp.,0.931,Moderate
2026-07-25 04:00:00,Kandy,24.78,77.01,1.29,14.02,Grey Blight,Pestalotiopsis spp.,1.0,Moderate
2026-07-25 05:00:00,Kandy,22.31,85.75,0.52,11.38,Grey Blight,Pestalotiopsis spp.,1.0,Moderate
2026-07-25 06:00:00,Kandy,23.34,72.21,0.0,14.45,Grey Blight,Pestalotiopsis spp.,0.888,Moderate
2026-07-25 07:00:00,Kandy,20.72,86.05,0.6,21.2,Grey Blight,Pestalotiopsis spp.,1.0,High
2026-07-25 08:00:00,Kandy,20.58,78.0,0.5,13.84,Grey Blight,Pestalotiopsis spp.,1.0,Moderate
2026-07-25 09:00:00,Kandy,18.0,74.63,0.0,11.04,Grey Blight,Pestalotiopsis spp.,0.905,Moderate
2026-07-25 10:00:00,Kandy,18.01,72.06,0.38,13.7,Grey Blight,Pestalotiopsis spp.,0.803,Moderate
2026-07-25 11:00:00,Kandy,18.0,72.53,0.0,13.24,Grey Blight,Pestalotiopsis spp.,0.821,Moderate
2026-07-25 12:00:00,Kandy,23.35,61.13,0.66,13.77,Grey Blight,Pestalotiopsis spp.,0.445,Moderate
2026-07-25 13:00:00,Kandy,20.48,70.28,0.0,11.95,Grey Blight,Pestalotiopsis spp.,0.811,Moderate
2026-07-25 14:00:00,Kandy,22.78,71.86,0.0,9.4,Grey Blight (dormant/low risk),Pestalotiopsis spp.,0.874,Low
2026-07-25 15:00:00,Kandy,20.73,68.64,1.03,8.45,Grey Blight (dormant/low risk),Pestalotiopsis spp.,0.746,Low
2026-07-25 16:00:00,Kandy,23.97,60.82,0.5,13.7,Grey Blight,Pestalotiopsis spp.,0.433,Moderate
2026-07-25 17:00:00,Kandy,21.38,69.53,0.0,12.46,Grey Blight,Pestalotiopsis spp.,0.781,Moderate
2026-07-25 18:00:00,Kandy,25.3,69.61,0.0,16.09,Grey Blight,Pestalotiopsis spp.,0.772,High
2026-07-25 19:00:00,Kandy,23.33,85.04,3.08,15.79,Grey Blight,Pestalotiopsis spp.,1.0,High
2026-07-25 20:00:00,Kandy,23.75,72.89,0.88,15.51,Grey Blight,Pestalotiopsis spp.,0.916,Moderate
2026-07-25 21:00:00,Kandy,24.39,79.55,2.25,16.12,Grey Blight,Pestalotiopsis spp.,1.0,High
2026-07-25 22:00:00,Kandy,25.77,74.19,2.86,9.44,Grey Blight (dormant/low risk),Pestalotiopsis spp.,0.937,Low
2026-07-25 23:00:00,Kandy,23.39,71.05,0.0,15.71,Grey Blight,Pestalotiopsis spp.,0.842,High
2026-07-25 00:00:00,Ratnapura,29.37,75.92,0.0,8.1,Brown Blight (dormant/low risk),Colletotrichum / Glomerella spp.,0.837,Low
2026-07-25 01:00:00,Ratnapura,27.45,82.5,0.0,7.24,Brown Blight (dormant/low risk),Colletotrichum / Glomerella spp.,1.0,Low
2026-07-25 02:00:00,Ratnapura,29.41,68.04,0.0,5.44,Brown Blight (dormant/low risk),Colletotrichum / Glomerella spp.,0.522,Low
2026-07-25 03:00:00,Ratnapura,27.07,75.88,0.0,12.29,Brown Blight,Colletotrichum / Glomerella spp.,0.835,Moderate
2026-07-25 04:00:00,Ratnapura,29.77,88.27,3.19,9.51,Brown Blight (dormant/low risk),Colletotrichum / Glomerella spp.,1.0,Low
2026-07-25 05:00:00,Ratnapura,25.92,81.26,0.2,10.14,Brown Blight (dormant/low risk),Colletotrichum / Glomerella spp.,1.0,Low
2026-07-25 06:00:00,Ratnapura,22.43,87.36,0.0,14.96,Brown Blight,Colletotrichum / Glomerella spp.,0.897,Moderate
2026-07-25 07:00:00,Ratnapura,28.45,83.19,5.53,12.36,Brown Blight,Colletotrichum / Glomerella spp.,1.0,Moderate
2026-07-25 08:00:00,Ratnapura,24.35,79.98,0.0,15.72,Brown Blight,Colletotrichum / Glomerella spp.,0.973,High
2026-07-25 09:00:00,Ratnapura,27.5,69.67,0.0,9.11,Brown Blight (dormant/low risk),Colletotrichum / Glomerella spp.,0.587,Low
2026-07-25 10:00:00,Ratnapura,24.98,72.92,0.0,17.28,Brown Blight,Colletotrichum / Glomerella spp.,0.716,High
2026-07-25 11:00:00,Ratnapura,26.27,76.4,0.0,10.89,Brown Blight,Colletotrichum / Glomerella spp.,0.856,Moderate
2026-07-25 12:00:00,Ratnapura,25.75,75.26,0.0,14.96,Brown Blight,Colletotrichum / Glomerella spp.,0.81,Moderate
2026-07-25 13:00:00,Ratnapura,30.07,70.78,3.04,7.06,Brown Blight (dormant/low risk),Colletotrichum / Glomerella spp.,0.628,Low
2026-07-25 14:00:00,Ratnapura,29.26,65.0,0.0,11.08,Brown Blight,Colletotrichum / Glomerella spp.,0.4,Moderate
2026-07-25 15:00:00,Ratnapura,29.85,65.0,0.0,7.31,Brown Blight (dormant/low risk),Colletotrichum / Glomerella spp.,0.4,Low
2026-07-25 16:00:00,Ratnapura,25.58,77.87,0.14,18.38,Brown Blight,Colletotrichum / Glomerella spp.,0.915,High
2026-07-25 17:00:00,Ratnapura,28.22,72.18,0.0,16.96,Brown Blight,Colletotrichum / Glomerella spp.,0.687,High
2026-07-25 18:00:00,Ratnapura,31.21,75.32,1.45,9.55,Brown Blight (dormant/low risk),Colletotrichum / Glomerella spp.,0.764,Low
2026-07-25 19:00:00,Ratnapura,30.78,75.71,0.33,16.5,Brown Blight,Colletotrichum / Glomerella spp.,0.797,High
2026-07-25 20:00:00,Ratnapura,30.93,74.55,0.0,11.22,Brown Blight,Colletotrichum / Glomerella spp.,0.745,Moderate
2026-07-25 21:00:00,Ratnapura,30.29,73.94,0.0,15.01,Brown Blight,Colletotrichum / Glomerella spp.,0.746,Moderate
2026-07-25 22:00:00,Ratnapura,34.47,70.15,0.0,9.8,Brown Blight (dormant/low risk),Colletotrichum / Glomerella spp.,0.427,Low
2026-07-25 23:00:00,Ratnapura,28.64,73.81,0.0,13.62,Brown Blight,Colletotrichum / Glomerella spp.,0.752,Moderate
2026-07-26 00:00:00,Nuwara Eliya,21.4,85.94,2.36,15.79,Blister Blight,Exobasidium vexans,1.0,High
2026-07-26 01:00:00,Nuwara Eliya,15.17,79.41,0.0,15.87,Blister Blight,Exobasidium vexans,0.976,High
2026-07-26 02:00:00,Nuwara Eliya,16.23,87.98,0.0,12.96,Blister Blight,Exobasidium vexans,1.0,Moderate
2026-07-26 03:00:00,Nuwara Eliya,13.92,85.22,2.8,18.53,Blister Blight,Exobasidium vexans,0.957,High
2026-07-26 04:00:00,Nuwara Eliya,14.24,95.0,1.27,14.65,Blister Blight,Exobasidium vexans,0.97,Moderate
2026-07-26 05:00:00,Nuwara Eliya,14.47,92.58,0.0,16.77,Blister Blight,Exobasidium vexans,0.979,High
2026-07-26 06:00:00,Nuwara Eliya,14.26,92.61,0.0,19.16,Blister Blight,Exobasidium vexans,0.97,High
2026-07-26 07:00:00,Nuwara Eliya,12.66,95.0,9.99,18.85,Blister Blight,Exobasidium vexans,0.906,High
2026-07-26 08:00:00,Nuwara Eliya,10.0,95.0,7.77,11.28,Blister Blight,Exobasidium vexans,0.8,Moderate
2026-07-26 09:00:00,Nuwara Eliya,17.68,79.39,0.63,16.27,Blister Blight,Exobasidium vexans,0.976,High
2026-07-26 10:00:00,Nuwara Eliya,11.27,95.0,5.17,19.12,Blister Blight,Exobasidium vexans,0.851,High
2026-07-26 11:00:00,Nuwara Eliya,11.85,92.8,0.0,15.07,Blister Blight,Exobasidium vexans,0.874,Moderate
2026-07-26 12:00:00,Nuwara Eliya,15.75,73.5,0.14,16.01,Blister Blight,Exobasidium vexans,0.74,High
2026-07-26 13:00:00,Nuwara Eliya,15.03,83.55,2.7,14.0,Blister Blight,Exobasidium vexans,1.0,Moderate
2026-07-26 14:00:00,Nuwara Eliya,14.08,87.64,3.97,14.21,Blister Blight,Exobasidium vexans,0.963,Moderate
2026-07-26 15:00:00,Nuwara Eliya,16.95,72.48,0.02,13.03,Blister Blight,Exobasidium vexans,0.699,Moderate
2026-07-26 16:00:00,Nuwara Eliya,16.0,77.92,0.0,12.16,Blister Blight,Exobasidium vexans,0.917,Moderate
2026-07-26 17:00:00,Nuwara Eliya,16.34,79.79,0.0,17.46,Blister Blight,Exobasidium vexans,0.992,High
2026-07-26 18:00:00,Nuwara Eliya,19.23,75.16,0.0,22.3,Blister Blight,Exobasidium vexans,0.806,High
2026-07-26 19:00:00,Nuwara Eliya,17.24,80.37,0.71,10.33,Blister Blight (dormant/low risk),Exobasidium vexans,1.0,Low
2026-07-26 20:00:00,Nuwara Eliya,22.16,76.14,0.0,14.6,Blister Blight,Exobasidium vexans,0.846,Moderate
2026-07-26 21:00:00,Nuwara Eliya,18.11,79.92,0.0,13.39,Blister Blight,Exobasidium vexans,0.997,Moderate
2026-07-26 22:00:00,Nuwara Eliya,17.28,76.54,0.0,16.63,Blister Blight,Exobasidium vexans,0.862,High
2026-07-26 23:00:00,Nuwara Eliya,17.3,89.98,2.94,12.22,Blister Blight,Exobasidium vexans,1.0,Moderate
2026-07-26 00:00:00,Kandy,23.15,75.45,0.0,18.0,Grey Blight,Pestalotiopsis spp.,1.0,High
2026-07-26 01:00:00,Kandy,22.71,73.48,0.0,12.62,Grey Blight,Pestalotiopsis spp.,0.939,Moderate
2026-07-26 02:00:00,Kandy,26.15,67.1,0.0,8.16,Grey Blight (dormant/low risk),Pestalotiopsis spp.,0.638,Low
2026-07-26 03:00:00,Kandy,23.14,69.44,0.0,12.04,Grey Blight,Pestalotiopsis spp.,0.778,Moderate
2026-07-26 04:00:00,Kandy,19.02,83.49,2.41,8.45,Grey Blight (dormant/low risk),Pestalotiopsis spp.,0.961,Low
2026-07-26 05:00:00,Kandy,23.89,75.02,2.41,9.64,Grey Blight (dormant/low risk),Pestalotiopsis spp.,1.0,Low
2026-07-26 06:00:00,Kandy,19.37,75.92,0.0,13.16,Grey Blight,Pestalotiopsis spp.,0.975,Moderate
2026-07-26 07:00:00,Kandy,20.34,84.3,4.83,9.43,Grey Blight (dormant/low risk),Pestalotiopsis spp.,1.0,Low
2026-07-26 08:00:00,Kandy,20.4,81.43,0.21,9.18,Grey Blight (dormant/low risk),Pestalotiopsis spp.,1.0,Low
2026-07-26 09:00:00,Kandy,21.72,71.5,0.0,15.87,Grey Blight,Pestalotiopsis spp.,0.86,High
2026-07-26 10:00:00,Kandy,20.8,63.87,0.0,12.17,Grey Blight,Pestalotiopsis spp.,0.555,Moderate
2026-07-26 11:00:00,Kandy,19.35,76.41,1.5,14.15,Grey Blight,Pestalotiopsis spp.,0.974,Moderate
2026-07-26 12:00:00,Kandy,20.6,72.35,2.35,11.8,Grey Blight,Pestalotiopsis spp.,0.894,Moderate
2026-07-26 13:00:00,Kandy,20.74,61.06,0.97,15.06,Grey Blight,Pestalotiopsis spp.,0.442,Moderate
2026-07-26 14:00:00,Kandy,22.04,64.79,0.0,10.0,Grey Blight (dormant/low risk),Pestalotiopsis spp.,0.592,Low
2026-07-26 15:00:00,Kandy,25.57,59.05,0.0,12.06,Grey Blight,Pestalotiopsis spp.,0.377,Moderate
2026-07-26 16:00:00,Kandy,21.82,61.14,0.15,16.68,Grey Blight,Pestalotiopsis spp.,0.446,High
2026-07-26 17:00:00,Kandy,22.49,65.09,1.23,9.39,Grey Blight (dormant/low risk),Pestalotiopsis spp.,0.604,Low
2026-07-26 18:00:00,Kandy,21.22,80.88,1.79,10.48,Grey Blight (dormant/low risk),Pestalotiopsis spp.,1.0,Low
2026-07-26 19:00:00,Kandy,25.69,73.06,0.0,14.33,Grey Blight,Pestalotiopsis spp.,0.895,Moderate
2026-07-26 20:00:00,Kandy,28.58,68.44,0.0,10.19,Grey Blight (dormant/low risk),Pestalotiopsis spp.,0.594,Low
2026-07-26 21:00:00,Kandy,27.95,72.73,0.72,9.85,Grey Blight (dormant/low risk),Pestalotiopsis spp.,0.791,Low
2026-07-26 22:00:00,Kandy,22.57,76.49,0.0,10.79,Grey Blight,Pestalotiopsis spp.,1.0,Moderate
2026-07-26 23:00:00,Kandy,23.66,72.28,0.6,9.11,Grey Blight (dormant/low risk),Pestalotiopsis spp.,0.891,Low
2026-07-26 00:00:00,Ratnapura,31.01,73.41,0.0,7.52,Brown Blight (dormant/low risk),Colletotrichum / Glomerella spp.,0.696,Low
2026-07-26 01:00:00,Ratnapura,24.21,76.33,0.0,18.14,Brown Blight,Colletotrichum / Glomerella spp.,0.822,High
2026-07-26 02:00:00,Ratnapura,28.03,73.99,0.0,4.07,Brown Blight (dormant/low risk),Colletotrichum / Glomerella spp.,0.76,Low
2026-07-26 03:00:00,Ratnapura,27.45,68.61,0.0,6.35,Brown Blight (dormant/low risk),Colletotrichum / Glomerella spp.,0.544,Low
2026-07-26 04:00:00,Ratnapura,28.48,75.16,0.14,9.99,Brown Blight (dormant/low risk),Colletotrichum / Glomerella spp.,0.806,Low
2026-07-26 05:00:00,Ratnapura,28.15,94.1,6.6,17.94,Brown Blight,Colletotrichum / Glomerella spp.,1.0,High
2026-07-26 06:00:00,Ratnapura,22.0,98.0,5.88,19.75,Brown Blight,Colletotrichum / Glomerella spp.,0.88,High
2026-07-26 07:00:00,Ratnapura,24.68,79.88,0.0,18.77,Brown Blight,Colletotrichum / Glomerella spp.,0.982,High
2026-07-26 08:00:00,Ratnapura,23.46,89.55,0.0,22.45,Brown Blight,Colletotrichum / Glomerella spp.,0.938,High
2026-07-26 09:00:00,Ratnapura,24.21,80.39,0.0,13.49,Brown Blight,Colletotrichum / Glomerella spp.,0.968,Moderate
2026-07-26 10:00:00,Ratnapura,25.44,77.94,1.71,18.36,Brown Blight,Colletotrichum / Glomerella spp.,0.918,High
2026-07-26 11:00:00,Ratnapura,24.46,90.0,9.49,12.57,Brown Blight,Colletotrichum / Glomerella spp.,0.978,Moderate
2026-07-26 12:00:00,Ratnapura,24.95,66.31,0.0,12.5,Brown Blight,Colletotrichum / Glomerella spp.,0.45,Moderate
2026-07-26 13:00:00,Ratnapura,27.03,65.76,0.0,8.87,Brown Blight (dormant/low risk),Colletotrichum / Glomerella spp.,0.43,Low
2026-07-26 14:00:00,Ratnapura,29.65,78.58,6.66,14.41,Brown Blight,Colletotrichum / Glomerella spp.,0.943,Moderate
2026-07-26 15:00:00,Ratnapura,29.19,72.76,0.0,9.55,Brown Blight (dormant/low risk),Colletotrichum / Glomerella spp.,0.71,Low
2026-07-26 16:00:00,Ratnapura,27.02,67.26,0.0,17.51,Brown Blight,Colletotrichum / Glomerella spp.,0.49,High
2026-07-26 17:00:00,Ratnapura,32.74,65.11,0.0,16.07,Brown Blight,Colletotrichum / Glomerella spp.,0.295,High
2026-07-26 18:00:00,Ratnapura,32.5,76.43,0.0,16.7,Brown Blight,Colletotrichum / Glomerella spp.,0.757,High
2026-07-26 19:00:00,Ratnapura,32.94,71.12,0.0,14.7,Brown Blight,Colletotrichum / Glomerella spp.,0.527,Moderate
2026-07-26 20:00:00,Ratnapura,29.58,74.7,0.0,6.95,Brown Blight (dormant/low risk),Colletotrichum / Glomerella spp.,0.788,Low
2026-07-26 21:00:00,Ratnapura,27.06,70.92,0.0,12.24,Brown Blight,Colletotrichum / Glomerella spp.,0.637,Moderate
2026-07-26 22:00:00,Ratnapura,30.85,82.41,0.0,13.62,Brown Blight,Colletotrichum / Glomerella spp.,0.966,Moderate
2026-07-26 23:00:00,Ratnapura,28.72,81.21,4.33,11.32,Brown Blight,Colletotrichum / Glomerella spp.,1.0,Moderate
2026-07-27 00:00:00,Nuwara Eliya,20.28,79.5,1.35,14.14,Blister Blight,Exobasidium vexans,0.98,Moderate
2026-07-27 01:00:00,Nuwara Eliya,16.08,84.91,1.64,10.7,Blister Blight (dormant/low risk),Exobasidium vexans,1.0,Low
2026-07-27 02:00:00,Nuwara Eliya,14.87,81.67,1.69,10.0,Blister Blight (dormant/low risk),Exobasidium vexans,0.995,Low
2026-07-27 03:00:00,Nuwara Eliya,14.65,80.31,0.3,8.25,Blister Blight (dormant/low risk),Exobasidium vexans,0.986,Low
2026-07-27 04:00:00,Nuwara Eliya,14.25,95.0,8.43,17.99,Blister Blight,Exobasidium vexans,0.97,High
2026-07-27 05:00:00,Nuwara Eliya,15.84,90.44,0.58,12.9,Blister Blight,Exobasidium vexans,1.0,Moderate
2026-07-27 06:00:00,Nuwara Eliya,10.22,95.0,1.49,19.14,Blister Blight,Exobasidium vexans,0.809,High
2026-07-27 07:00:00,Nuwara Eliya,14.09,89.61,1.75,13.09,Blister Blight,Exobasidium vexans,0.964,Moderate
2026-07-27 08:00:00,Nuwara Eliya,15.36,83.22,0.0,15.19,Blister Blight,Exobasidium vexans,1.0,Moderate
2026-07-27 09:00:00,Nuwara Eliya,11.97,93.62,0.81,13.91,Blister Blight,Exobasidium vexans,0.879,Moderate
2026-07-27 10:00:00,Nuwara Eliya,12.11,91.31,4.11,10.51,Blister Blight (dormant/low risk),Exobasidium vexans,0.884,Low
2026-07-27 11:00:00,Nuwara Eliya,12.11,94.2,4.02,14.69,Blister Blight,Exobasidium vexans,0.884,Moderate
2026-07-27 12:00:00,Nuwara Eliya,19.43,82.11,0.0,10.13,Blister Blight (dormant/low risk),Exobasidium vexans,1.0,Low
2026-07-27 13:00:00,Nuwara Eliya,14.06,73.52,0.0,9.18,Blister Blight (dormant/low risk),Exobasidium vexans,0.703,Low
2026-07-27 14:00:00,Nuwara Eliya,17.42,77.23,0.0,11.26,Blister Blight,Exobasidium vexans,0.889,Moderate
2026-07-27 15:00:00,Nuwara Eliya,17.27,78.64,0.63,13.49,Blister Blight,Exobasidium vexans,0.946,Moderate
2026-07-27 16:00:00,Nuwara Eliya,14.63,72.85,1.06,13.75,Blister Blight,Exobasidium vexans,0.699,Moderate
2026-07-27 17:00:00,Nuwara Eliya,19.48,85.08,0.0,16.77,Blister Blight,Exobasidium vexans,1.0,High
2026-07-27 18:00:00,Nuwara Eliya,15.7,81.27,1.48,12.17,Blister Blight,Exobasidium vexans,1.0,Moderate
2026-07-27 19:00:00,Nuwara Eliya,20.77,75.83,0.0,19.92,Blister Blight,Exobasidium vexans,0.833,High
2026-07-27 20:00:00,Nuwara Eliya,17.55,85.84,0.22,11.88,Blister Blight,Exobasidium vexans,1.0,Moderate
2026-07-27 21:00:00,Nuwara Eliya,19.88,72.98,0.0,13.12,Blister Blight,Exobasidium vexans,0.719,Moderate
2026-07-27 22:00:00,Nuwara Eliya,16.92,80.92,1.2,13.03,Blister Blight,Exobasidium vexans,1.0,Moderate
2026-07-27 23:00:00,Nuwara Eliya,19.46,76.16,0.76,11.69,Blister Blight,Exobasidium vexans,0.846,Moderate
2026-07-27 00:00:00,Kandy,23.46,79.13,6.2,17.04,Grey Blight,Pestalotiopsis spp.,1.0,High
2026-07-27 01:00:00,Kandy,21.81,63.11,0.0,10.65,Grey Blight (dormant/low risk),Pestalotiopsis spp.,0.524,Low
2026-07-27 02:00:00,Kandy,22.43,78.19,1.42,12.35,Grey Blight,Pestalotiopsis spp.,1.0,Moderate
2026-07-27 03:00:00,Kandy,25.28,71.05,0.18,18.53,Grey Blight,Pestalotiopsis spp.,0.831,High
2026-07-27 04:00:00,Kandy,18.0,88.75,0.0,20.07,Grey Blight,Pestalotiopsis spp.,0.92,High
2026-07-27 05:00:00,Kandy,19.92,80.24,0.0,7.76,Grey Blight (dormant/low risk),Pestalotiopsis spp.,0.997,Low
2026-07-27 06:00:00,Kandy,20.68,75.73,0.0,10.88,Grey Blight,Pestalotiopsis spp.,1.0,Moderate
2026-07-27 07:00:00,Kandy,19.46,75.41,0.0,14.8,Grey Blight,Pestalotiopsis spp.,0.978,Moderate
2026-07-27 08:00:00,Kandy,19.84,82.32,1.57,9.34,Grey Blight (dormant/low risk),Pestalotiopsis spp.,0.994,Low
2026-07-27 09:00:00,Kandy,22.72,69.47,0.0,11.9,Grey Blight,Pestalotiopsis spp.,0.779,Moderate
2026-07-27 10:00:00,Kandy,20.34,63.16,0.0,10.74,Grey Blight (dormant/low risk),Pestalotiopsis spp.,0.526,Low
2026-07-27 11:00:00,Kandy,21.08,72.73,0.0,8.82,Grey Blight (dormant/low risk),Pestalotiopsis spp.,0.909,Low
2026-07-27 12:00:00,Kandy,23.0,66.09,0.0,8.98,Grey Blight (dormant/low risk),Pestalotiopsis spp.,0.644,Low
2026-07-27 13:00:00,Kandy,19.47,71.81,0.0,18.36,Grey Blight,Pestalotiopsis spp.,0.851,High
2026-07-27 14:00:00,Kandy,18.7,69.58,0.0,11.39,Grey Blight,Pestalotiopsis spp.,0.731,Moderate
2026-07-27 15:00:00,Kandy,24.31,64.47,0.0,9.1,Grey Blight (dormant/low risk),Pestalotiopsis spp.,0.579,Low
2026-07-27 16:00:00,Kandy,22.61,64.44,0.0,16.79,Grey Blight,Pestalotiopsis spp.,0.578,High
2026-07-27 17:00:00,Kandy,26.87,67.79,0.0,17.96,Grey Blight,Pestalotiopsis spp.,0.637,High
2026-07-27 18:00:00,Kandy,23.95,71.73,0.0,11.84,Grey Blight,Pestalotiopsis spp.,0.869,Moderate
2026-07-27 19:00:00,Kandy,24.67,58.22,0.0,8.73,Grey Blight (dormant/low risk),Pestalotiopsis spp.,0.4,Low
2026-07-27 20:00:00,Kandy,24.01,65.63,0.0,16.35,Grey Blight,Pestalotiopsis spp.,0.625,High
2026-07-27 21:00:00,Kandy,27.48,74.13,2.61,11.6,Grey Blight,Pestalotiopsis spp.,0.866,Moderate
2026-07-27 22:00:00,Kandy,23.34,72.75,0.0,14.03,Grey Blight,Pestalotiopsis spp.,0.91,Moderate
2026-07-27 23:00:00,Kandy,24.69,70.65,0.0,11.73,Grey Blight,Pestalotiopsis spp.,0.826,Moderate
2026-07-27 00:00:00,Ratnapura,31.95,74.18,0.0,16.07,Brown Blight,Colletotrichum / Glomerella spp.,0.689,High
2026-07-27 01:00:00,Ratnapura,28.42,78.57,0.0,16.54,Brown Blight,Colletotrichum / Glomerella spp.,0.943,High
2026-07-27 02:00:00,Ratnapura,25.59,82.32,1.91,9.69,Brown Blight (dormant/low risk),Colletotrichum / Glomerella spp.,1.0,Low
2026-07-27 03:00:00,Ratnapura,24.39,65.0,0.53,18.83,Brown Blight,Colletotrichum / Glomerella spp.,0.376,High
2026-07-27 04:00:00,Ratnapura,24.48,86.14,3.0,16.45,Brown Blight,Colletotrichum / Glomerella spp.,0.979,High
2026-07-27 05:00:00,Ratnapura,24.85,83.51,0.0,15.37,Brown Blight,Colletotrichum / Glomerella spp.,0.994,Moderate
2026-07-27 06:00:00,Ratnapura,26.22,82.74,0.0,5.93,Brown Blight (dormant/low risk),Colletotrichum / Glomerella spp.,1.0,Low
2026-07-27 07:00:00,Ratnapura,26.26,85.51,0.0,9.81,Brown Blight (dormant/low risk),Colletotrichum / Glomerella spp.,1.0,Low
2026-07-27 08:00:00,Ratnapura,23.28,94.87,2.26,14.21,Brown Blight,Colletotrichum / Glomerella spp.,0.931,Moderate
2026-07-27 09:00:00,Ratnapura,23.87,72.63,0.0,16.71,Brown Blight,Colletotrichum / Glomerella spp.,0.66,High
2026-07-27 10:00:00,Ratnapura,29.07,76.92,0.0,11.87,Brown Blight,Colletotrichum / Glomerella spp.,0.877,Moderate
2026-07-27 11:00:00,Ratnapura,26.47,71.87,0.0,5.04,Brown Blight (dormant/low risk),Colletotrichum / Glomerella spp.,0.675,Low
2026-07-27 12:00:00,Ratnapura,25.83,65.0,0.0,10.18,Brown Blight (dormant/low risk),Colletotrichum / Glomerella spp.,0.4,Low
2026-07-27 13:00:00,Ratnapura,26.15,65.0,0.0,9.3,Brown Blight (dormant/low risk),Colletotrichum / Glomerella spp.,0.4,Low
2026-07-27 14:00:00,Ratnapura,25.32,70.86,0.0,19.42,Brown Blight,Colletotrichum / Glomerella spp.,0.634,High
2026-07-27 15:00:00,Ratnapura,30.55,66.84,0.0,9.35,Brown Blight (dormant/low risk),Colletotrichum / Glomerella spp.,0.452,Low
2026-07-27 16:00:00,Ratnapura,26.11,71.45,0.0,10.04,Brown Blight (dormant/low risk),Colletotrichum / Glomerella spp.,0.658,Low
2026-07-27 17:00:00,Ratnapura,31.23,73.31,0.0,10.67,Brown Blight (dormant/low risk),Colletotrichum / Glomerella spp.,0.683,Low
2026-07-27 18:00:00,Ratnapura,30.34,67.65,0.42,15.51,Brown Blight,Colletotrichum / Glomerella spp.,0.492,Moderate
2026-07-27 19:00:00,Ratnapura,27.86,76.09,0.0,10.25,Brown Blight (dormant/low risk),Colletotrichum / Glomerella spp.,0.844,Low
2026-07-27 20:00:00,Ratnapura,29.61,89.15,9.03,9.41,Brown Blight (dormant/low risk),Colletotrichum / Glomerella spp.,1.0,Low
2026-07-27 21:00:00,Ratnapura,30.65,76.17,1.12,15.18,Brown Blight,Colletotrichum / Glomerella spp.,0.821,Moderate
2026-07-27 22:00:00,Ratnapura,31.28,73.98,0.0,13.38,Brown Blight,Colletotrichum / Glomerella spp.,0.708,Moderate
2026-07-27 23:00:00,Ratnapura,30.47,76.26,0.0,11.1,Brown Blight,Colletotrichum / Glomerella spp.,0.832,Moderate
2026-07-28 00:00:00,Nuwara Eliya,18.02,94.32,11.87,17.32,Blister Blight,Exobasidium vexans,1.0,High
2026-07-28 01:00:00,Nuwara Eliya,17.29,77.89,0.37,12.43,Blister Blight,Exobasidium vexans,0.916,Moderate
2026-07-28 02:00:00,Nuwara Eliya,17.52,81.6,0.22,9.35,Blister Blight (dormant/low risk),Exobasidium vexans,1.0,Low
2026-07-28 03:00:00,Nuwara Eliya,13.91,85.62,0.3,13.49,Blister Blight,Exobasidium vexans,0.956,Moderate
2026-07-28 04:00:00,Nuwara Eliya,13.21,93.9,1.09,17.55,Blister Blight,Exobasidium vexans,0.928,High
2026-07-28 05:00:00,Nuwara Eliya,13.86,94.57,1.73,21.05,Blister Blight,Exobasidium vexans,0.954,High
2026-07-28 06:00:00,Nuwara Eliya,14.35,95.0,8.35,19.54,Blister Blight,Exobasidium vexans,0.974,High
2026-07-28 07:00:00,Nuwara Eliya,15.54,82.31,0.4,10.76,Blister Blight,Exobasidium vexans,1.0,Moderate
2026-07-28 08:00:00,Nuwara Eliya,10.15,93.64,2.31,11.73,Blister Blight,Exobasidium vexans,0.806,Moderate
2026-07-28 09:00:00,Nuwara Eliya,14.5,81.83,0.0,11.55,Blister Blight,Exobasidium vexans,0.98,Moderate
2026-07-28 10:00:00,Nuwara Eliya,10.0,85.37,0.11,14.44,Blister Blight,Exobasidium vexans,0.8,Moderate
2026-07-28 11:00:00,Nuwara Eliya,13.93,94.9,3.69,23.54,Blister Blight,Exobasidium vexans,0.957,High
2026-07-28 12:00:00,Nuwara Eliya,11.98,78.78,1.18,16.53,Blister Blight,Exobasidium vexans,0.83,High
2026-07-28 13:00:00,Nuwara Eliya,15.2,74.28,0.0,11.09,Blister Blight,Exobasidium vexans,0.771,Moderate
2026-07-28 14:00:00,Nuwara Eliya,14.68,77.34,0.0,10.08,Blister Blight (dormant/low risk),Exobasidium vexans,0.881,Low
2026-07-28 15:00:00,Nuwara Eliya,19.39,70.32,0.0,10.87,Blister Blight,Exobasidium vexans,0.613,Moderate
2026-07-28 16:00:00,Nuwara Eliya,19.5,70.5,0.0,8.8,Blister Blight (dormant/low risk),Exobasidium vexans,0.62,Low
2026-07-28 17:00:00,Nuwara Eliya,17.2,87.49,4.18,14.94,Blister Blight,Exobasidium vexans,1.0,Moderate
2026-07-28 18:00:00,Nuwara Eliya,16.1,87.56,1.31,14.83,Blister Blight,Exobasidium vexans,1.0,Moderate
2026-07-28 19:00:00,Nuwara Eliya,19.72,80.05,1.92,9.22,Blister Blight (dormant/low risk),Exobasidium vexans,1.0,Low
2026-07-28 20:00:00,Nuwara Eliya,21.13,77.43,0.0,15.62,Blister Blight,Exobasidium vexans,0.897,Moderate
2026-07-28 21:00:00,Nuwara Eliya,19.36,79.33,0.0,11.41,Blister Blight,Exobasidium vexans,0.973,Moderate
2026-07-28 22:00:00,Nuwara Eliya,16.19,87.75,0.02,9.72,Blister Blight (dormant/low risk),Exobasidium vexans,1.0,Low
2026-07-28 23:00:00,Nuwara Eliya,18.01,78.67,0.92,14.55,Blister Blight,Exobasidium vexans,0.947,Moderate
2026-07-28 00:00:00,Kandy,23.05,64.84,0.79,13.9,Grey Blight,Pestalotiopsis spp.,0.594,Moderate
2026-07-28 01:00:00,Kandy,23.23,76.52,3.76,16.76,Grey Blight,Pestalotiopsis spp.,1.0,High
2026-07-28 02:00:00,Kandy,22.33,73.36,0.27,13.6,Grey Blight,Pestalotiopsis spp.,0.934,Moderate
2026-07-28 03:00:00,Kandy,22.68,71.51,0.0,14.08,Grey Blight,Pestalotiopsis spp.,0.86,Moderate
2026-07-28 04:00:00,Kandy,20.64,77.69,0.0,11.59,Grey Blight,Pestalotiopsis spp.,1.0,Moderate
2026-07-28 05:00:00,Kandy,22.71,80.29,0.0,9.05,Grey Blight (dormant/low risk),Pestalotiopsis spp.,1.0,Low
2026-07-28 06:00:00,Kandy,18.59,79.91,0.0,13.14,Grey Blight,Pestalotiopsis spp.,0.944,Moderate
2026-07-28 07:00:00,Kandy,19.35,82.78,0.0,11.35,Grey Blight,Pestalotiopsis spp.,0.974,Moderate
2026-07-28 08:00:00,Kandy,23.61,78.48,0.0,15.61,Grey Blight,Pestalotiopsis spp.,1.0,Moderate
2026-07-28 09:00:00,Kandy,18.74,74.32,1.51,12.41,Grey Blight,Pestalotiopsis spp.,0.922,Moderate
2026-07-28 10:00:00,Kandy,21.06,69.75,2.12,12.83,Grey Blight,Pestalotiopsis spp.,0.79,Moderate
2026-07-28 11:00:00,Kandy,18.0,73.21,0.09,14.18,Grey Blight,Pestalotiopsis spp.,0.848,Moderate
2026-07-28 12:00:00,Kandy,19.56,73.46,0.0,11.33,Grey Blight,Pestalotiopsis spp.,0.921,Moderate
2026-07-28 13:00:00,Kandy,19.65,70.02,0.0,9.04,Grey Blight (dormant/low risk),Pestalotiopsis spp.,0.787,Low
2026-07-28 14:00:00,Kandy,21.55,62.28,0.29,12.06,Grey Blight,Pestalotiopsis spp.,0.491,Moderate
2026-07-28 15:00:00,Kandy,25.15,62.63,0.0,10.97,Grey Blight,Pestalotiopsis spp.,0.499,Moderate
2026-07-28 16:00:00,Kandy,30.0,59.22,0.0,8.49,Grey Blight (dormant/low risk),Pestalotiopsis spp.,0.2,Low
2026-07-28 17:00:00,Kandy,24.22,74.31,0.54,11.89,Grey Blight,Pestalotiopsis spp.,0.972,Moderate
2026-07-28 18:00:00,Kandy,26.31,72.5,0.0,10.62,Grey Blight (dormant/low risk),Pestalotiopsis spp.,0.848,Low
2026-07-28 19:00:00,Kandy,27.71,61.14,0.08,8.03,Grey Blight (dormant/low risk),Pestalotiopsis spp.,0.337,Low
2026-07-28 20:00:00,Kandy,26.86,73.66,0.0,7.69,Grey Blight (dormant/low risk),Pestalotiopsis spp.,0.872,Low
2026-07-28 21:00:00,Kandy,24.46,76.53,0.99,14.77,Grey Blight,Pestalotiopsis spp.,1.0,Moderate
2026-07-28 22:00:00,Kandy,24.32,70.35,2.04,14.8,Grey Blight,Pestalotiopsis spp.,0.814,Moderate
2026-07-28 23:00:00,Kandy,21.17,71.17,0.74,12.7,Grey Blight,Pestalotiopsis spp.,0.847,Moderate
2026-07-28 00:00:00,Ratnapura,26.99,76.28,0.0,7.66,Brown Blight (dormant/low risk),Colletotrichum / Glomerella spp.,0.851,Low
2026-07-28 01:00:00,Ratnapura,27.58,71.89,0.0,10.58,Brown Blight (dormant/low risk),Colletotrichum / Glomerella spp.,0.676,Low
2026-07-28 02:00:00,Ratnapura,24.67,74.75,2.14,10.34,Brown Blight (dormant/low risk),Colletotrichum / Glomerella spp.,0.777,Low
2026-07-28 03:00:00,Ratnapura,30.27,73.8,0.0,13.76,Brown Blight,Colletotrichum / Glomerella spp.,0.741,Moderate
2026-07-28 04:00:00,Ratnapura,24.37,91.75,5.84,17.21,Brown Blight,Colletotrichum / Glomerella spp.,0.975,High
2026-07-28 05:00:00,Ratnapura,23.29,97.72,5.66,24.76,Brown Blight,Colletotrichum / Glomerella spp.,0.932,High
2026-07-28 06:00:00,Ratnapura,25.91,88.59,1.52,20.87,Brown Blight,Colletotrichum / Glomerella spp.,1.0,High
2026-07-28 07:00:00,Ratnapura,25.22,91.74,0.0,21.4,Brown Blight,Colletotrichum / Glomerella spp.,1.0,High
2026-07-28 08:00:00,Ratnapura,25.35,84.95,1.94,15.39,Brown Blight,Colletotrichum / Glomerella spp.,1.0,Moderate
2026-07-28 09:00:00,Ratnapura,25.65,75.69,0.0,14.03,Brown Blight,Colletotrichum / Glomerella spp.,0.828,Moderate
2026-07-28 10:00:00,Ratnapura,25.84,77.14,0.0,14.89,Brown Blight,Colletotrichum / Glomerella spp.,0.886,Moderate
2026-07-28 11:00:00,Ratnapura,27.6,75.47,0.0,14.58,Brown Blight,Colletotrichum / Glomerella spp.,0.819,Moderate
2026-07-28 12:00:00,Ratnapura,27.36,73.7,0.0,4.93,Brown Blight (dormant/low risk),Colletotrichum / Glomerella spp.,0.748,Low
2026-07-28 13:00:00,Ratnapura,23.06,76.89,0.62,13.33,Brown Blight,Colletotrichum / Glomerella spp.,0.798,Moderate
2026-07-28 14:00:00,Ratnapura,27.41,65.0,0.0,9.67,Brown Blight (dormant/low risk),Colletotrichum / Glomerella spp.,0.4,Low
2026-07-28 15:00:00,Ratnapura,29.26,70.87,1.69,15.66,Brown Blight,Colletotrichum / Glomerella spp.,0.635,Moderate
2026-07-28 16:00:00,Ratnapura,32.85,65.0,0.0,15.68,Brown Blight,Colletotrichum / Glomerella spp.,0.286,Moderate
2026-07-28 17:00:00,Ratnapura,30.97,73.51,0.0,9.66,Brown Blight (dormant/low risk),Colletotrichum / Glomerella spp.,0.702,Low
2026-07-28 18:00:00,Ratnapura,34.6,70.37,0.0,9.32,Brown Blight (dormant/low risk),Colletotrichum / Glomerella spp.,0.431,Low
2026-07-28 19:00:00,Ratnapura,32.1,71.09,0.0,13.85,Brown Blight,Colletotrichum / Glomerella spp.,0.56,Moderate
2026-07-28 20:00:00,Ratnapura,31.57,65.0,0.0,16.7,Brown Blight,Colletotrichum / Glomerella spp.,0.337,High
2026-07-28 21:00:00,Ratnapura,32.77,65.0,0.0,12.74,Brown Blight,Colletotrichum / Glomerella spp.,0.289,Moderate
2026-07-28 22:00:00,Ratnapura,33.01,67.39,0.0,12.54,Brown Blight,Colletotrichum / Glomerella spp.,0.375,Moderate
2026-07-28 23:00:00,Ratnapura,29.87,76.02,0.0,11.87,Brown Blight,Colletotrichum / Glomerella spp.,0.841,Moderate
2026-07-29 00:00:00,Nuwara Eliya,17.0,95.0,4.88,23.88,Blister Blight,Exobasidium vexans,1.0,High
2026-07-29 01:00:00,Nuwara Eliya,18.38,88.59,0.0,12.04,Blister Blight,Exobasidium vexans,1.0,Moderate
2026-07-29 02:00:00,Nuwara Eliya,15.97,79.96,1.34,14.09,Blister Blight,Exobasidium vexans,0.998,Moderate
2026-07-29 03:00:00,Nuwara Eliya,16.84,94.21,3.35,21.21,Blister Blight,Exobasidium vexans,1.0,High
2026-07-29 04:00:00,Nuwara Eliya,14.89,92.09,0.0,21.99,Blister Blight,Exobasidium vexans,0.996,High
2026-07-29 05:00:00,Nuwara Eliya,10.45,92.12,1.25,15.64,Blister Blight,Exobasidium vexans,0.818,Moderate
2026-07-29 06:00:00,Nuwara Eliya,13.06,95.0,2.23,17.88,Blister Blight,Exobasidium vexans,0.922,High
2026-07-29 07:00:00,Nuwara Eliya,14.97,95.0,4.04,19.8,Blister Blight,Exobasidium vexans,0.999,High
2026-07-29 08:00:00,Nuwara Eliya,11.14,90.93,0.01,11.1,Blister Blight,Exobasidium vexans,0.846,Moderate
2026-07-29 09:00:00,Nuwara Eliya,11.17,85.75,1.13,11.76,Blister Blight,Exobasidium vexans,0.847,Moderate
2026-07-29 10:00:00,Nuwara Eliya,13.4,83.39,0.0,14.87,Blister Blight,Exobasidium vexans,0.936,Moderate
2026-07-29 11:00:00,Nuwara Eliya,14.62,83.6,0.0,9.76,Blister Blight (dormant/low risk),Exobasidium vexans,0.985,Low
2026-07-29 12:00:00,Nuwara Eliya,11.49,81.08,0.68,7.83,Blister Blight (dormant/low risk),Exobasidium vexans,0.86,Low
2026-07-29 13:00:00,Nuwara Eliya,14.6,76.27,0.0,10.97,Blister Blight,Exobasidium vexans,0.835,Moderate
2026-07-29 14:00:00,Nuwara Eliya,10.94,83.57,0.03,9.88,Blister Blight (dormant/low risk),Exobasidium vexans,0.838,Low
2026-07-29 15:00:00,Nuwara Eliya,11.97,79.07,0.0,16.53,Blister Blight,Exobasidium vexans,0.842,High
2026-07-29 16:00:00,Nuwara Eliya,15.7,77.42,0.0,11.96,Blister Blight,Exobasidium vexans,0.897,Moderate
2026-07-29 17:00:00,Nuwara Eliya,18.76,81.73,1.4,16.38,Blister Blight,Exobasidium vexans,1.0,High
2026-07-29 18:00:00,Nuwara Eliya,16.39,86.8,2.16,14.98,Blister Blight,Exobasidium vexans,1.0,Moderate
2026-07-29 19:00:00,Nuwara Eliya,20.06,81.18,0.0,9.61,Blister Blight (dormant/low risk),Exobasidium vexans,1.0,Low
2026-07-29 20:00:00,Nuwara Eliya,20.37,89.31,1.78,18.32,Blister Blight,Exobasidium vexans,1.0,High
2026-07-29 21:00:00,Nuwara Eliya,20.21,76.63,0.57,7.35,Blister Blight (dormant/low risk),Exobasidium vexans,0.865,Low
2026-07-29 22:00:00,Nuwara Eliya,17.93,86.1,2.19,17.34,Blister Blight,Exobasidium vexans,1.0,High
2026-07-29 23:00:00,Nuwara Eliya,16.98,75.27,0.0,19.82,Blister Blight,Exobasidium vexans,0.811,High
2026-07-29 00:00:00,Kandy,22.89,74.29,0.0,16.03,Grey Blight,Pestalotiopsis spp.,0.972,High
2026-07-29 01:00:00,Kandy,24.28,71.58,0.5,14.33,Grey Blight,Pestalotiopsis spp.,0.863,Moderate
2026-07-29 02:00:00,Kandy,23.42,68.29,0.0,17.07,Grey Blight,Pestalotiopsis spp.,0.732,High
2026-07-29 03:00:00,Kandy,27.52,65.37,0.0,15.54,Grey Blight,Pestalotiopsis spp.,0.514,Moderate
2026-07-29 04:00:00,Kandy,23.03,73.71,0.21,11.63,Grey Blight,Pestalotiopsis spp.,0.948,Moderate
2026-07-29 05:00:00,Kandy,18.35,90.0,1.59,13.76,Grey Blight,Pestalotiopsis spp.,0.934,Moderate
2026-07-29 06:00:00,Kandy,23.7,77.91,3.87,18.22,Grey Blight,Pestalotiopsis spp.,1.0,High
2026-07-29 07:00:00,Kandy,18.0,79.91,0.32,18.78,Grey Blight,Pestalotiopsis spp.,0.92,High
2026-07-29 08:00:00,Kandy,19.66,77.49,0.0,14.59,Grey Blight,Pestalotiopsis spp.,0.986,Moderate
2026-07-29 09:00:00,Kandy,22.6,69.39,0.0,12.91,Grey Blight,Pestalotiopsis spp.,0.776,Moderate
2026-07-29 10:00:00,Kandy,20.51,77.05,0.0,11.85,Grey Blight,Pestalotiopsis spp.,1.0,Moderate
2026-07-29 11:00:00,Kandy,22.71,71.66,0.0,10.73,Grey Blight (dormant/low risk),Pestalotiopsis spp.,0.866,Low
2026-07-29 12:00:00,Kandy,24.4,66.26,0.0,15.38,Grey Blight,Pestalotiopsis spp.,0.65,Moderate
2026-07-29 13:00:00,Kandy,25.73,61.08,0.0,11.31,Grey Blight,Pestalotiopsis spp.,0.414,Moderate
2026-07-29 14:00:00,Kandy,23.74,59.07,0.0,12.07,Grey Blight,Pestalotiopsis spp.,0.4,Moderate
2026-07-29 15:00:00,Kandy,26.48,57.81,0.0,2.19,Grey Blight (dormant/low risk),Pestalotiopsis spp.,0.341,Low
2026-07-29 16:00:00,Kandy,24.72,67.36,0.25,13.8,Grey Blight,Pestalotiopsis spp.,0.694,Moderate
2026-07-29 17:00:00,Kandy,24.16,69.64,0.0,9.68,Grey Blight (dormant/low risk),Pestalotiopsis spp.,0.786,Low
2026-07-29 18:00:00,Kandy,27.69,66.47,0.0,8.62,Grey Blight (dormant/low risk),Pestalotiopsis spp.,0.551,Low
2026-07-29 19:00:00,Kandy,25.57,72.68,0.92,12.46,Grey Blight,Pestalotiopsis spp.,0.884,Moderate
2026-07-29 20:00:00,Kandy,26.71,65.77,0.0,13.44,Grey Blight,Pestalotiopsis spp.,0.562,Moderate
2026-07-29 21:00:00,Kandy,26.29,66.51,0.0,9.51,Grey Blight (dormant/low risk),Pestalotiopsis spp.,0.609,Low
2026-07-29 22:00:00,Kandy,23.99,61.51,0.0,7.94,Grey Blight (dormant/low risk),Pestalotiopsis spp.,0.46,Low
2026-07-29 23:00:00,Kandy,24.18,67.89,1.28,7.69,Grey Blight (dormant/low risk),Pestalotiopsis spp.,0.716,Low
2026-07-29 00:00:00,Ratnapura,32.31,68.15,0.0,12.73,Brown Blight,Colletotrichum / Glomerella spp.,0.434,Moderate
2026-07-29 01:00:00,Ratnapura,27.55,78.8,0.0,13.56,Brown Blight,Colletotrichum / Glomerella spp.,0.952,Moderate
2026-07-29 02:00:00,Ratnapura,28.26,83.31,1.35,7.92,Brown Blight (dormant/low risk),Colletotrichum / Glomerella spp.,1.0,Low
2026-07-29 03:00:00,Ratnapura,23.83,78.18,0.03,14.03,Brown Blight,Colletotrichum / Glomerella spp.,0.88,Moderate
2026-07-29 04:00:00,Ratnapura,24.09,81.54,0.0,10.06,Brown Blight (dormant/low risk),Colletotrichum / Glomerella spp.,0.964,Low
2026-07-29 05:00:00,Ratnapura,27.0,79.92,0.0,10.18,Brown Blight (dormant/low risk),Colletotrichum / Glomerella spp.,0.997,Low
2026-07-29 06:00:00,Ratnapura,23.19,84.09,0.0,11.39,Brown Blight,Colletotrichum / Glomerella spp.,0.928,Moderate
2026-07-29 07:00:00,Ratnapura,24.75,85.16,0.0,16.69,Brown Blight,Colletotrichum / Glomerella spp.,0.99,High
2026-07-29 08:00:00,Ratnapura,23.11,98.0,4.89,23.15,Brown Blight,Colletotrichum / Glomerella spp.,0.924,High
2026-07-29 09:00:00,Ratnapura,28.58,69.7,0.0,7.93,Brown Blight (dormant/low risk),Colletotrichum / Glomerella spp.,0.588,Low
2026-07-29 10:00:00,Ratnapura,24.9,74.93,0.0,13.69,Brown Blight,Colletotrichum / Glomerella spp.,0.793,Moderate
2026-07-29 11:00:00,Ratnapura,27.87,79.99,0.0,8.48,Brown Blight (dormant/low risk),Colletotrichum / Glomerella spp.,1.0,Low
2026-07-29 12:00:00,Ratnapura,26.04,68.52,0.0,6.68,Brown Blight (dormant/low risk),Colletotrichum / Glomerella spp.,0.541,Low
2026-07-29 13:00:00,Ratnapura,28.42,70.17,0.0,12.29,Brown Blight,Colletotrichum / Glomerella spp.,0.607,Moderate
2026-07-29 14:00:00,Ratnapura,30.27,66.46,0.0,17.34,Brown Blight,Colletotrichum / Glomerella spp.,0.448,High
2026-07-29 15:00:00,Ratnapura,28.5,66.16,0.0,11.1,Brown Blight,Colletotrichum / Glomerella spp.,0.446,Moderate
2026-07-29 16:00:00,Ratnapura,30.22,66.3,0.0,15.19,Brown Blight,Colletotrichum / Glomerella spp.,0.443,Moderate
2026-07-29 17:00:00,Ratnapura,28.86,76.15,0.0,14.01,Brown Blight,Colletotrichum / Glomerella spp.,0.846,Moderate
2026-07-29 18:00:00,Ratnapura,29.59,74.19,0.12,13.67,Brown Blight,Colletotrichum / Glomerella spp.,0.768,Moderate
2026-07-29 19:00:00,Ratnapura,31.29,70.07,0.0,14.0,Brown Blight,Colletotrichum / Glomerella spp.,0.551,Moderate
2026-07-29 20:00:00,Ratnapura,28.7,77.67,0.0,11.69,Brown Blight,Colletotrichum / Glomerella spp.,0.907,Moderate
2026-07-29 21:00:00,Ratnapura,31.55,85.68,5.42,7.97,Brown Blight (dormant/low risk),Colletotrichum / Glomerella spp.,0.938,Low
2026-07-29 22:00:00,Ratnapura,32.48,80.0,2.16,17.98,Brown Blight,Colletotrichum / Glomerella spp.,0.901,High
2026-07-29 23:00:00,Ratnapura,30.78,85.22,3.87,13.08,Brown Blight,Colletotrichum / Glomerella spp.,0.969,Moderate
2026-07-30 00:00:00,Nuwara Eliya,14.36,85.96,0.0,9.24,Blister Blight (dormant/low risk),Exobasidium vexans,0.974,Low
2026-07-30 01:00:00,Nuwara Eliya,19.54,78.68,0.0,10.25,Blister Blight (dormant/low risk),Exobasidium vexans,0.947,Low
2026-07-30 02:00:00,Nuwara Eliya,13.62,89.17,0.0,14.23,Blister Blight,Exobasidium vexans,0.945,Moderate
2026-07-30 03:00:00,Nuwara Eliya,15.4,84.47,0.0,11.15,Blister Blight,Exobasidium vexans,1.0,Moderate
2026-07-30 04:00:00,Nuwara Eliya,12.98,87.58,0.0,14.64,Blister Blight,Exobasidium vexans,0.919,Moderate
2026-07-30 05:00:00,Nuwara Eliya,16.11,90.18,1.14,21.78,Blister Blight,Exobasidium vexans,1.0,High
2026-07-30 06:00:00,Nuwara Eliya,10.0,95.0,6.69,10.71,Blister Blight (dormant/low risk),Exobasidium vexans,0.8,Low
2026-07-30 07:00:00,Nuwara Eliya,10.28,95.0,0.95,20.93,Blister Blight,Exobasidium vexans,0.811,High
2026-07-30 08:00:00,Nuwara Eliya,14.64,91.16,0.15,18.65,Blister Blight,Exobasidium vexans,0.986,High
2026-07-30 09:00:00,Nuwara Eliya,10.78,83.91,0.0,7.97,Blister Blight (dormant/low risk),Exobasidium vexans,0.831,Low
2026-07-30 10:00:00,Nuwara Eliya,10.0,93.22,4.05,12.84,Blister Blight,Exobasidium vexans,0.8,Moderate
2026-07-30 11:00:00,Nuwara Eliya,15.4,80.67,0.0,10.4,Blister Blight (dormant/low risk),Exobasidium vexans,1.0,Low
2026-07-30 12:00:00,Nuwara Eliya,15.44,74.41,0.0,7.31,Blister Blight (dormant/low risk),Exobasidium vexans,0.776,Low
2026-07-30 13:00:00,Nuwara Eliya,14.43,71.36,0.0,11.63,Blister Blight,Exobasidium vexans,0.632,Moderate
2026-07-30 14:00:00,Nuwara Eliya,17.69,84.83,3.37,11.18,Blister Blight,Exobasidium vexans,1.0,Moderate
2026-07-30 15:00:00,Nuwara Eliya,15.15,71.41,1.1,11.9,Blister Blight,Exobasidium vexans,0.656,Moderate
2026-07-30 16:00:00,Nuwara Eliya,16.91,71.55,0.0,14.78,Blister Blight,Exobasidium vexans,0.662,Moderate
2026-07-30 17:00:00,Nuwara Eliya,12.43,82.57,0.0,8.36,Blister Blight (dormant/low risk),Exobasidium vexans,0.897,Low
2026-07-30 18:00:00,Nuwara Eliya,21.47,73.33,0.37,15.03,Blister Blight,Exobasidium vexans,0.733,Moderate
2026-07-30 19:00:00,Nuwara Eliya,23.27,76.12,0.0,14.77,Blister Blight,Exobasidium vexans,0.845,Moderate
2026-07-30 20:00:00,Nuwara Eliya,16.86,84.22,0.0,12.18,Blister Blight,Exobasidium vexans,1.0,Moderate
2026-07-30 21:00:00,Nuwara Eliya,19.14,86.36,1.14,15.0,Blister Blight,Exobasidium vexans,1.0,Moderate
2026-07-30 22:00:00,Nuwara Eliya,17.65,87.53,1.6,15.55,Blister Blight,Exobasidium vexans,1.0,Moderate
2026-07-30 23:00:00,Nuwara Eliya,13.73,93.6,3.07,17.47,Blister Blight,Exobasidium vexans,0.949,High
2026-07-30 00:00:00,Kandy,23.04,66.38,1.19,14.41,Grey Blight,Pestalotiopsis spp.,0.655,Moderate
2026-07-30 01:00:00,Kandy,23.47,75.98,4.32,17.95,Grey Blight,Pestalotiopsis spp.,1.0,High
2026-07-30 02:00:00,Kandy,21.32,70.11,0.0,16.4,Grey Blight,Pestalotiopsis spp.,0.804,High
2026-07-30 03:00:00,Kandy,24.07,76.05,0.0,15.45,Grey Blight,Pestalotiopsis spp.,1.0,Moderate
2026-07-30 04:00:00,Kandy,22.85,79.95,0.54,14.96,Grey Blight,Pestalotiopsis spp.,1.0,Moderate
2026-07-30 05:00:00,Kandy,23.98,82.94,1.33,17.63,Grey Blight,Pestalotiopsis spp.,1.0,High
2026-07-30 06:00:00,Kandy,22.55,71.49,0.0,14.89,Grey Blight,Pestalotiopsis spp.,0.86,Moderate
2026-07-30 07:00:00,Kandy,21.45,82.02,1.64,17.89,Grey Blight,Pestalotiopsis spp.,1.0,High
2026-07-30 08:00:00,Kandy,22.5,79.5,0.17,9.42,Grey Blight (dormant/low risk),Pestalotiopsis spp.,1.0,Low
2026-07-30 09:00:00,Kandy,21.95,76.49,0.0,20.42,Grey Blight,Pestalotiopsis spp.,1.0,High
2026-07-30 10:00:00,Kandy,22.75,74.3,0.7,11.38,Grey Blight,Pestalotiopsis spp.,0.972,Moderate
2026-07-30 11:00:00,Kandy,21.99,71.16,0.0,13.65,Grey Blight,Pestalotiopsis spp.,0.846,Moderate
2026-07-30 12:00:00,Kandy,24.99,58.27,0.0,11.36,Grey Blight,Pestalotiopsis spp.,0.4,Moderate
2026-07-30 13:00:00,Kandy,23.37,59.22,0.0,12.19,Grey Blight,Pestalotiopsis spp.,0.4,Moderate
2026-07-30 14:00:00,Kandy,21.29,68.39,0.36,17.22,Grey Blight,Pestalotiopsis spp.,0.736,High
2026-07-30 15:00:00,Kandy,23.13,65.01,0.0,12.09,Grey Blight,Pestalotiopsis spp.,0.6,Moderate
2026-07-30 16:00:00,Kandy,25.45,74.11,0.55,11.89,Grey Blight,Pestalotiopsis spp.,0.946,Moderate
2026-07-30 17:00:00,Kandy,19.31,66.57,0.86,8.09,Grey Blight (dormant/low risk),Pestalotiopsis spp.,0.635,Low
2026-07-30 18:00:00,Kandy,19.88,70.5,0.74,12.79,Grey Blight,Pestalotiopsis spp.,0.815,Moderate
2026-07-30 19:00:00,Kandy,25.63,67.49,0.0,14.9,Grey Blight,Pestalotiopsis spp.,0.674,Moderate
2026-07-30 20:00:00,Kandy,27.35,69.98,0.0,9.93,Grey Blight (dormant/low risk),Pestalotiopsis spp.,0.705,Low
2026-07-30 21:00:00,Kandy,25.32,68.46,0.0,16.18,Grey Blight,Pestalotiopsis spp.,0.726,High
2026-07-30 22:00:00,Kandy,24.99,72.05,0.0,14.04,Grey Blight,Pestalotiopsis spp.,0.882,Moderate
2026-07-30 23:00:00,Kandy,26.39,71.49,0.0,11.29,Grey Blight,Pestalotiopsis spp.,0.804,Moderate
2026-07-30 00:00:00,Ratnapura,32.95,81.2,4.75,11.13,Brown Blight,Colletotrichum / Glomerella spp.,0.882,Moderate
2026-07-30 01:00:00,Ratnapura,30.62,78.76,1.88,13.77,Brown Blight,Colletotrichum / Glomerella spp.,0.926,Moderate
2026-07-30 02:00:00,Ratnapura,25.97,77.44,0.0,12.54,Brown Blight,Colletotrichum / Glomerella spp.,0.898,Moderate
2026-07-30 03:00:00,Ratnapura,25.23,77.99,0.0,16.84,Brown Blight,Colletotrichum / Glomerella spp.,0.92,High
2026-07-30 04:00:00,Ratnapura,27.76,88.25,1.93,6.67,Brown Blight (dormant/low risk),Colletotrichum / Glomerella spp.,1.0,Low
2026-07-30 05:00:00,Ratnapura,25.5,95.74,6.42,22.42,Brown Blight,Colletotrichum / Glomerella spp.,1.0,High
2026-07-30 06:00:00,Ratnapura,25.39,93.75,5.15,21.16,Brown Blight,Colletotrichum / Glomerella spp.,1.0,High
2026-07-30 07:00:00,Ratnapura,23.46,98.0,11.46,16.66,Brown Blight,Colletotrichum / Glomerella spp.,0.938,High
2026-07-30 08:00:00,Ratnapura,25.43,83.75,2.73,10.02,Brown Blight (dormant/low risk),Colletotrichum / Glomerella spp.,1.0,Low
2026-07-30 09:00:00,Ratnapura,28.19,75.1,0.0,15.69,Brown Blight,Colletotrichum / Glomerella spp.,0.804,Moderate
2026-07-30 10:00:00,Ratnapura,26.25,91.34,6.41,6.76,Brown Blight (dormant/low risk),Colletotrichum / Glomerella spp.,1.0,Low
2026-07-30 11:00:00,Ratnapura,22.87,82.16,0.0,7.68,Brown Blight (dormant/low risk),Colletotrichum / Glomerella spp.,0.915,Low
2026-07-30 12:00:00,Ratnapura,24.07,67.12,0.0,15.47,Brown Blight,Colletotrichum / Glomerella spp.,0.448,Moderate
2026-07-30 13:00:00,Ratnapura,23.82,67.28,0.0,14.17,Brown Blight,Colletotrichum / Glomerella spp.,0.444,Moderate
2026-07-30 14:00:00,Ratnapura,28.28,68.27,0.0,11.14,Brown Blight,Colletotrichum / Glomerella spp.,0.531,Moderate
2026-07-30 15:00:00,Ratnapura,31.57,71.4,0.0,16.0,Brown Blight,Colletotrichum / Glomerella spp.,0.593,High
2026-07-30 16:00:00,Ratnapura,31.24,69.08,0.0,9.8,Brown Blight (dormant/low risk),Colletotrichum / Glomerella spp.,0.514,Low
2026-07-30 17:00:00,Ratnapura,32.8,71.21,2.43,13.4,Brown Blight,Colletotrichum / Glomerella spp.,0.536,Moderate
2026-07-30 18:00:00,Ratnapura,32.33,80.51,1.08,10.72,Brown Blight (dormant/low risk),Colletotrichum / Glomerella spp.,0.907,Low
2026-07-30 19:00:00,Ratnapura,31.85,68.91,0.0,11.61,Brown Blight,Colletotrichum / Glomerella spp.,0.482,Moderate
2026-07-30 20:00:00,Ratnapura,31.91,77.94,0.05,16.69,Brown Blight,Colletotrichum / Glomerella spp.,0.841,High
2026-07-30 21:00:00,Ratnapura,28.23,80.27,1.54,8.64,Brown Blight (dormant/low risk),Colletotrichum / Glomerella spp.,1.0,Low
2026-07-30 22:00:00,Ratnapura,28.01,76.3,0.0,8.71,Brown Blight (dormant/low risk),Colletotrichum / Glomerella spp.,0.852,Low
2026-07-30 23:00:00,Ratnapura,29.96,76.53,0.0,11.63,Brown Blight,Colletotrichum / Glomerella spp.,0.861,Moderate
2026-07-31 00:00:00,Nuwara Eliya,15.06,82.21,0.0,11.96,Blister Blight,Exobasidium vexans,1.0,Moderate
2026-07-31 01:00:00,Nuwara Eliya,17.69,81.34,0.55,0.63,Blister Blight (dormant/low risk),Exobasidium vexans,1.0,Low
2026-07-31 02:00:00,Nuwara Eliya,15.19,83.94,0.0,12.64,Blister Blight,Exobasidium vexans,1.0,Moderate
2026-07-31 03:00:00,Nuwara Eliya,14.91,85.87,2.99,14.64,Blister Blight,Exobasidium vexans,0.996,Moderate
2026-07-31 04:00:00,Nuwara Eliya,16.64,94.8,2.35,17.92,Blister Blight,Exobasidium vexans,1.0,High
2026-07-31 05:00:00,Nuwara Eliya,13.16,92.43,2.67,17.96,Blister Blight,Exobasidium vexans,0.926,High
2026-07-31 06:00:00,Nuwara Eliya,12.16,91.89,1.77,16.99,Blister Blight,Exobasidium vexans,0.886,High
2026-07-31 07:00:00,Nuwara Eliya,14.6,84.54,0.0,15.39,Blister Blight,Exobasidium vexans,0.984,Moderate
2026-07-31 08:00:00,Nuwara Eliya,13.9,92.46,3.07,16.89,Blister Blight,Exobasidium vexans,0.956,High
2026-07-31 09:00:00,Nuwara Eliya,12.59,90.3,3.67,16.32,Blister Blight,Exobasidium vexans,0.904,High
2026-07-31 10:00:00,Nuwara Eliya,17.4,83.44,1.33,9.27,Blister Blight (dormant/low risk),Exobasidium vexans,1.0,Low
2026-07-31 11:00:00,Nuwara Eliya,16.61,80.99,1.38,10.08,Blister Blight (dormant/low risk),Exobasidium vexans,1.0,Low
2026-07-31 12:00:00,Nuwara Eliya,14.44,80.82,0.0,11.83,Blister Blight,Exobasidium vexans,0.978,Moderate
2026-07-31 13:00:00,Nuwara Eliya,17.92,77.27,1.79,8.13,Blister Blight (dormant/low risk),Exobasidium vexans,0.891,Low
2026-07-31 14:00:00,Nuwara Eliya,17.11,84.23,5.35,15.48,Blister Blight,Exobasidium vexans,1.0,Moderate
2026-07-31 15:00:00,Nuwara Eliya,19.71,68.18,0.0,9.25,Blister Blight (dormant/low risk),Exobasidium vexans,0.527,Low
2026-07-31 16:00:00,Nuwara Eliya,17.21,72.14,0.0,16.11,Blister Blight,Exobasidium vexans,0.686,High
2026-07-31 17:00:00,Nuwara Eliya,15.03,95.0,9.85,27.5,Blister Blight,Exobasidium vexans,1.0,High
2026-07-31 18:00:00,Nuwara Eliya,15.1,81.97,0.0,9.07,Blister Blight (dormant/low risk),Exobasidium vexans,1.0,Low
2026-07-31 19:00:00,Nuwara Eliya,21.81,74.84,0.0,19.33,Blister Blight,Exobasidium vexans,0.794,High
2026-07-31 20:00:00,Nuwara Eliya,17.42,83.42,0.0,12.37,Blister Blight,Exobasidium vexans,1.0,Moderate
2026-07-31 21:00:00,Nuwara Eliya,17.66,73.0,0.0,13.5,Blister Blight,Exobasidium vexans,0.72,Moderate
2026-07-31 22:00:00,Nuwara Eliya,18.69,84.14,2.94,16.44,Blister Blight,Exobasidium vexans,1.0,High
2026-07-31 23:00:00,Nuwara Eliya,18.99,87.17,2.69,14.3,Blister Blight,Exobasidium vexans,1.0,Moderate
2026-07-31 00:00:00,Kandy,24.14,62.49,0.0,12.52,Grey Blight,Pestalotiopsis spp.,0.5,Moderate
2026-07-31 01:00:00,Kandy,25.09,73.43,0.0,11.58,Grey Blight,Pestalotiopsis spp.,0.934,Moderate
2026-07-31 02:00:00,Kandy,21.32,86.26,1.81,15.08,Grey Blight,Pestalotiopsis spp.,1.0,Moderate
2026-07-31 03:00:00,Kandy,22.18,79.65,2.17,13.4,Grey Blight,Pestalotiopsis spp.,1.0,Moderate
2026-07-31 04:00:00,Kandy,23.76,74.87,0.0,14.13,Grey Blight,Pestalotiopsis spp.,0.995,Moderate
2026-07-31 05:00:00,Kandy,23.9,82.3,0.0,17.93,Grey Blight,Pestalotiopsis spp.,1.0,High
2026-07-31 06:00:00,Kandy,21.7,77.12,1.79,13.34,Grey Blight,Pestalotiopsis spp.,1.0,Moderate
2026-07-31 07:00:00,Kandy,22.45,80.1,0.54,15.28,Grey Blight,Pestalotiopsis spp.,1.0,Moderate
2026-07-31 08:00:00,Kandy,19.85,86.48,0.53,14.61,Grey Blight,Pestalotiopsis spp.,0.994,Moderate
2026-07-31 09:00:00,Kandy,20.55,70.77,0.0,11.97,Grey Blight,Pestalotiopsis spp.,0.831,Moderate
2026-07-31 10:00:00,Kandy,19.72,77.88,0.0,17.13,Grey Blight,Pestalotiopsis spp.,0.989,High
2026-07-31 11:00:00,Kandy,18.0,73.31,0.25,16.53,Grey Blight,Pestalotiopsis spp.,0.852,High
2026-07-31 12:00:00,Kandy,22.2,71.54,3.86,13.69,Grey Blight,Pestalotiopsis spp.,0.862,Moderate
2026-07-31 13:00:00,Kandy,23.16,66.57,0.0,7.49,Grey Blight (dormant/low risk),Pestalotiopsis spp.,0.663,Low
2026-07-31 14:00:00,Kandy,23.0,65.57,0.0,12.07,Grey Blight,Pestalotiopsis spp.,0.623,Moderate
2026-07-31 15:00:00,Kandy,22.5,66.23,0.44,6.79,Grey Blight (dormant/low risk),Pestalotiopsis spp.,0.649,Low
2026-07-31 16:00:00,Kandy,23.11,71.17,0.39,14.58,Grey Blight,Pestalotiopsis spp.,0.847,Moderate
2026-07-31 17:00:00,Kandy,21.79,75.97,2.88,12.96,Grey Blight,Pestalotiopsis spp.,1.0,Moderate
2026-07-31 18:00:00,Kandy,24.5,78.41,0.0,13.01,Grey Blight,Pestalotiopsis spp.,1.0,Moderate
2026-07-31 19:00:00,Kandy,26.98,71.07,0.0,17.34,Grey Blight,Pestalotiopsis spp.,0.764,High
2026-07-31 20:00:00,Kandy,26.8,64.27,0.2,3.94,Grey Blight (dormant/low risk),Pestalotiopsis spp.,0.499,Low
2026-07-31 21:00:00,Kandy,22.57,64.2,0.0,14.72,Grey Blight,Pestalotiopsis spp.,0.568,Moderate
2026-07-31 22:00:00,Kandy,23.94,68.81,0.0,10.97,Grey Blight,Pestalotiopsis spp.,0.752,Moderate
2026-07-31 23:00:00,Kandy,30.0,66.2,0.0,10.47,Grey Blight (dormant/low risk),Pestalotiopsis spp.,0.448,Low
2026-07-31 00:00:00,Ratnapura,29.69,71.21,0.0,13.08,Brown Blight,Colletotrichum / Glomerella spp.,0.648,Moderate
2026-07-31 01:00:00,Ratnapura,28.06,77.96,0.0,11.85,Brown Blight,Colletotrichum / Glomerella spp.,0.918,Moderate
2026-07-31 02:00:00,Ratnapura,29.28,78.36,0.0,15.44,Brown Blight,Colletotrichum / Glomerella spp.,0.934,Moderate
2026-07-31 03:00:00,Ratnapura,25.59,87.7,5.86,14.77,Brown Blight,Colletotrichum / Glomerella spp.,1.0,Moderate
2026-07-31 04:00:00,Ratnapura,27.73,83.57,0.67,14.87,Brown Blight,Colletotrichum / Glomerella spp.,1.0,Moderate
2026-07-31 05:00:00,Ratnapura,28.25,78.06,0.48,16.77,Brown Blight,Colletotrichum / Glomerella spp.,0.922,High
2026-07-31 06:00:00,Ratnapura,22.0,82.4,0.0,15.89,Brown Blight,Colletotrichum / Glomerella spp.,0.88,High
2026-07-31 07:00:00,Ratnapura,26.67,79.25,0.0,12.54,Brown Blight,Colletotrichum / Glomerella spp.,0.97,Moderate
2026-07-31 08:00:00,Ratnapura,26.47,83.73,0.0,12.19,Brown Blight,Colletotrichum / Glomerella spp.,1.0,Moderate
2026-07-31 09:00:00,Ratnapura,26.2,76.33,0.0,15.92,Brown Blight,Colletotrichum / Glomerella spp.,0.853,High
2026-07-31 10:00:00,Ratnapura,24.5,77.92,0.0,11.8,Brown Blight,Colletotrichum / Glomerella spp.,0.897,Moderate
2026-07-31 11:00:00,Ratnapura,25.16,83.23,0.0,9.77,Brown Blight (dormant/low risk),Colletotrichum / Glomerella spp.,1.0,Low
2026-07-31 12:00:00,Ratnapura,29.62,66.87,0.11,14.75,Brown Blight,Colletotrichum / Glomerella spp.,0.475,Moderate
2026-07-31 13:00:00,Ratnapura,25.48,73.32,0.0,16.44,Brown Blight,Colletotrichum / Glomerella spp.,0.733,High
2026-07-31 14:00:00,Ratnapura,27.21,66.48,0.0,5.16,Brown Blight (dormant/low risk),Colletotrichum / Glomerella spp.,0.459,Low
2026-07-31 15:00:00,Ratnapura,31.39,65.0,1.58,11.64,Brown Blight,Colletotrichum / Glomerella spp.,0.344,Moderate
2026-07-31 16:00:00,Ratnapura,30.39,66.37,0.4,8.76,Brown Blight (dormant/low risk),Colletotrichum / Glomerella spp.,0.439,Low
2026-07-31 17:00:00,Ratnapura,28.99,84.85,1.28,6.23,Brown Blight (dormant/low risk),Colletotrichum / Glomerella spp.,1.0,Low
2026-07-31 18:00:00,Ratnapura,30.26,73.83,0.94,15.93,Brown Blight,Colletotrichum / Glomerella spp.,0.743,High
2026-07-31 19:00:00,Ratnapura,33.69,66.85,0.0,9.22,Brown Blight (dormant/low risk),Colletotrichum / Glomerella spp.,0.326,Low
2026-07-31 20:00:00,Ratnapura,27.58,82.55,0.0,9.4,Brown Blight (dormant/low risk),Colletotrichum / Glomerella spp.,1.0,Low
2026-07-31 21:00:00,Ratnapura,32.16,73.97,0.0,10.7,Brown Blight (dormant/low risk),Colletotrichum / Glomerella spp.,0.672,Low
2026-07-31 22:00:00,Ratnapura,29.13,78.17,0.0,16.35,Brown Blight,Colletotrichum / Glomerella spp.,0.927,High
2026-07-31 23:00:00,Ratnapura,30.02,89.23,2.7,12.66,Brown Blight,Colletotrichum / Glomerella spp.,0.999,Moderate
2026-08-01 00:00:00,Nuwara Eliya,15.65,76.58,0.34,19.8,Blister Blight,Exobasidium vexans,0.863,High
2026-08-01 01:00:00,Nuwara Eliya,14.21,79.05,0.95,12.65,Blister Blight,Exobasidium vexans,0.93,Moderate
2026-08-01 02:00:00,Nuwara Eliya,16.23,77.96,0.0,13.4,Blister Blight,Exobasidium vexans,0.918,Moderate
2026-08-01 03:00:00,Nuwara Eliya,15.22,80.78,0.0,7.51,Blister Blight (dormant/low risk),Exobasidium vexans,1.0,Low
2026-08-01 04:00:00,Nuwara Eliya,14.77,79.86,0.53,16.34,Blister Blight,Exobasidium vexans,0.985,High
2026-08-01 05:00:00,Nuwara Eliya,14.03,95.0,7.66,14.89,Blister Blight,Exobasidium vexans,0.961,Moderate
2026-08-01 06:00:00,Nuwara Eliya,13.26,95.0,4.41,17.91,Blister Blight,Exobasidium vexans,0.93,High
2026-08-01 07:00:00,Nuwara Eliya,12.13,95.0,2.23,17.42,Blister Blight,Exobasidium vexans,0.885,High
2026-08-01 08:00:00,Nuwara Eliya,13.92,94.63,2.22,16.99,Blister Blight,Exobasidium vexans,0.957,High
2026-08-01 09:00:00,Nuwara Eliya,12.11,77.34,0.0,15.15,Blister Blight,Exobasidium vexans,0.778,Moderate
2026-08-01 10:00:00,Nuwara Eliya,11.68,89.1,2.76,16.35,Blister Blight,Exobasidium vexans,0.867,High
2026-08-01 11:00:00,Nuwara Eliya,13.22,84.79,0.0,11.91,Blister Blight,Exobasidium vexans,0.929,Moderate
2026-08-01 12:00:00,Nuwara Eliya,15.28,79.54,0.62,17.08,Blister Blight,Exobasidium vexans,0.982,High
2026-08-01 13:00:00,Nuwara Eliya,16.15,79.11,1.14,14.35,Blister Blight,Exobasidium vexans,0.964,Moderate
2026-08-01 14:00:00,Nuwara Eliya,15.53,74.88,0.0,13.21,Blister Blight,Exobasidium vexans,0.795,Moderate
2026-08-01 15:00:00,Nuwara Eliya,18.73,76.71,0.0,11.14,Blister Blight,Exobasidium vexans,0.868,Moderate
2026-08-01 16:00:00,Nuwara Eliya,17.72,63.39,0.0,7.1,Blister Blight (dormant/low risk),Exobasidium vexans,0.4,Low
2026-08-01 17:00:00,Nuwara Eliya,17.74,85.77,0.0,14.62,Blister Blight,Exobasidium vexans,1.0,Moderate
2026-08-01 18:00:00,Nuwara Eliya,20.27,84.09,1.15,12.08,Blister Blight,Exobasidium vexans,1.0,Moderate
2026-08-01 19:00:00,Nuwara Eliya,16.47,80.39,0.0,13.18,Blister Blight,Exobasidium vexans,1.0,Moderate
2026-08-01 20:00:00,Nuwara Eliya,19.46,83.97,0.61,12.72,Blister Blight,Exobasidium vexans,1.0,Moderate
2026-08-01 21:00:00,Nuwara Eliya,16.96,78.0,0.07,13.47,Blister Blight,Exobasidium vexans,0.92,Moderate
2026-08-01 22:00:00,Nuwara Eliya,17.85,89.18,2.74,17.46,Blister Blight,Exobasidium vexans,1.0,High
2026-08-01 23:00:00,Nuwara Eliya,20.63,78.26,0.0,15.71,Blister Blight,Exobasidium vexans,0.93,High
2026-08-01 00:00:00,Kandy,24.82,69.43,0.0,13.32,Grey Blight,Pestalotiopsis spp.,0.777,Moderate
2026-08-01 01:00:00,Kandy,20.83,77.04,0.0,14.8,Grey Blight,Pestalotiopsis spp.,1.0,Moderate
2026-08-01 02:00:00,Kandy,22.59,75.97,2.72,11.35,Grey Blight,Pestalotiopsis spp.,1.0,Moderate
2026-08-01 03:00:00,Kandy,21.39,76.02,2.36,14.98,Grey Blight,Pestalotiopsis spp.,1.0,Moderate
2026-08-01 04:00:00,Kandy,19.28,76.77,0.0,10.99,Grey Blight,Pestalotiopsis spp.,0.971,Moderate
2026-08-01 05:00:00,Kandy,21.73,90.0,7.73,15.82,Grey Blight,Pestalotiopsis spp.,1.0,High
2026-08-01 06:00:00,Kandy,22.16,85.2,3.06,16.8,Grey Blight,Pestalotiopsis spp.,1.0,High
2026-08-01 07:00:00,Kandy,20.8,80.17,0.0,6.81,Grey Blight (dormant/low risk),Pestalotiopsis spp.,1.0,Low
2026-08-01 08:00:00,Kandy,19.32,74.07,0.0,14.72,Grey Blight,Pestalotiopsis spp.,0.936,Moderate
2026-08-01 09:00:00,Kandy,19.5,69.62,0.13,11.87,Grey Blight,Pestalotiopsis spp.,0.765,Moderate
2026-08-01 10:00:00,Kandy,22.39,83.24,4.98,10.23,Grey Blight (dormant/low risk),Pestalotiopsis spp.,1.0,Low
2026-08-01 11:00:00,Kandy,21.37,65.02,0.0,13.86,Grey Blight,Pestalotiopsis spp.,0.601,Moderate
2026-08-01 12:00:00,Kandy,18.54,64.63,0.0,17.0,Grey Blight,Pestalotiopsis spp.,0.527,High
2026-08-01 13:00:00,Kandy,25.08,69.09,4.73,17.14,Grey Blight,Pestalotiopsis spp.,0.76,High
2026-08-01 14:00:00,Kandy,22.1,66.41,0.0,12.78,Grey Blight,Pestalotiopsis spp.,0.656,Moderate
2026-08-01 15:00:00,Kandy,24.32,58.05,0.0,14.0,Grey Blight,Pestalotiopsis spp.,0.4,Moderate
2026-08-01 16:00:00,Kandy,25.05,65.21,0.0,5.08,Grey Blight (dormant/low risk),Pestalotiopsis spp.,0.606,Low
2026-08-01 17:00:00,Kandy,25.12,69.75,0.0,9.63,Grey Blight (dormant/low risk),Pestalotiopsis spp.,0.785,Low
2026-08-01 18:00:00,Kandy,27.2,71.52,2.19,9.29,Grey Blight (dormant/low risk),Pestalotiopsis spp.,0.773,Low
2026-08-01 19:00:00,Kandy,23.38,77.0,0.0,8.56,Grey Blight (dormant/low risk),Pestalotiopsis spp.,1.0,Low
2026-08-01 20:00:00,Kandy,21.42,80.94,2.12,9.99,Grey Blight (dormant/low risk),Pestalotiopsis spp.,1.0,Low
2026-08-01 21:00:00,Kandy,26.55,70.25,0.0,15.0,Grey Blight,Pestalotiopsis spp.,0.748,Moderate
2026-08-01 22:00:00,Kandy,23.47,72.39,1.08,16.75,Grey Blight,Pestalotiopsis spp.,0.896,High
2026-08-01 23:00:00,Kandy,24.69,65.59,0.0,11.76,Grey Blight,Pestalotiopsis spp.,0.624,Moderate
2026-08-01 00:00:00,Ratnapura,28.44,77.7,0.0,11.1,Brown Blight,Colletotrichum / Glomerella spp.,0.908,Moderate
2026-08-01 01:00:00,Ratnapura,31.46,71.8,0.0,8.35,Brown Blight (dormant/low risk),Colletotrichum / Glomerella spp.,0.614,Low
2026-08-01 02:00:00,Ratnapura,28.07,76.32,0.0,10.64,Brown Blight (dormant/low risk),Colletotrichum / Glomerella spp.,0.853,Low
2026-08-01 03:00:00,Ratnapura,30.66,82.14,1.2,12.37,Brown Blight,Colletotrichum / Glomerella spp.,0.974,Moderate
2026-08-01 04:00:00,Ratnapura,27.3,81.66,0.0,3.75,Brown Blight (dormant/low risk),Colletotrichum / Glomerella spp.,1.0,Low
2026-08-01 05:00:00,Ratnapura,24.04,80.56,1.09,6.08,Brown Blight (dormant/low risk),Colletotrichum / Glomerella spp.,0.962,Low
2026-08-01 06:00:00,Ratnapura,26.94,87.49,0.0,15.34,Brown Blight,Colletotrichum / Glomerella spp.,1.0,Moderate
2026-08-01 07:00:00,Ratnapura,25.03,87.9,2.02,20.37,Brown Blight,Colletotrichum / Glomerella spp.,1.0,High
2026-08-01 08:00:00,Ratnapura,25.21,80.01,0.65,10.95,Brown Blight,Colletotrichum / Glomerella spp.,1.0,Moderate
2026-08-01 09:00:00,Ratnapura,28.97,72.51,0.0,9.52,Brown Blight (dormant/low risk),Colletotrichum / Glomerella spp.,0.7,Low
2026-08-01 10:00:00,Ratnapura,25.03,73.23,0.0,9.71,Brown Blight (dormant/low risk),Colletotrichum / Glomerella spp.,0.729,Low
2026-08-01 11:00:00,Ratnapura,25.52,72.14,0.0,16.07,Brown Blight,Colletotrichum / Glomerella spp.,0.686,High
2026-08-01 12:00:00,Ratnapura,28.06,75.98,2.45,10.29,Brown Blight (dormant/low risk),Colletotrichum / Glomerella spp.,0.839,Low
2026-08-01 13:00:00,Ratnapura,27.6,70.44,0.0,10.79,Brown Blight,Colletotrichum / Glomerella spp.,0.618,Moderate
2026-08-01 14:00:00,Ratnapura,24.36,71.13,0.0,17.69,Brown Blight,Colletotrichum / Glomerella spp.,0.62,High
2026-08-01 15:00:00,Ratnapura,29.98,65.0,0.0,14.84,Brown Blight,Colletotrichum / Glomerella spp.,0.4,Moderate
2026-08-01 16:00:00,Ratnapura,28.87,74.06,4.02,7.96,Brown Blight (dormant/low risk),Colletotrichum / Glomerella spp.,0.762,Low
2026-08-01 17:00:00,Ratnapura,27.98,79.63,1.7,16.34,Brown Blight,Colletotrichum / Glomerella spp.,0.985,High
2026-08-01 18:00:00,Ratnapura,29.17,78.36,0.0,14.08,Brown Blight,Colletotrichum / Glomerella spp.,0.934,Moderate
2026-08-01 19:00:00,Ratnapura,29.54,71.92,0.0,8.55,Brown Blight (dormant/low risk),Colletotrichum / Glomerella spp.,0.677,Low
2026-08-01 20:00:00,Ratnapura,32.32,70.7,0.0,11.2,Brown Blight,Colletotrichum / Glomerella spp.,0.535,Moderate
2026-08-01 21:00:00,Ratnapura,30.03,81.07,0.0,14.3,Brown Blight,Colletotrichum / Glomerella spp.,0.999,Moderate
2026-08-01 22:00:00,Ratnapura,29.74,73.63,0.0,11.83,Brown Blight,Colletotrichum / Glomerella spp.,0.745,Moderate
2026-08-01 23:00:00,Ratnapura,28.72,76.2,0.0,13.71,Brown Blight,Colletotrichum / Glomerella spp.,0.848,Moderate
2026-08-02 00:00:00,Nuwara Eliya,16.58,86.72,4.93,17.39,Blister Blight,Exobasidium vexans,1.0,High
2026-08-02 01:00:00,Nuwara Eliya,13.62,93.47,5.08,14.95,Blister Blight,Exobasidium vexans,0.945,Moderate
2026-08-02 02:00:00,Nuwara Eliya,15.98,80.19,0.0,8.21,Blister Blight (dormant/low risk),Exobasidium vexans,1.0,Low
2026-08-02 03:00:00,Nuwara Eliya,15.47,89.02,3.89,17.48,Blister Blight,Exobasidium vexans,1.0,High
2026-08-02 04:00:00,Nuwara Eliya,13.17,91.78,0.19,17.28,Blister Blight,Exobasidium vexans,0.927,High
2026-08-02 05:00:00,Nuwara Eliya,13.12,95.0,5.5,18.31,Blister Blight,Exobasidium vexans,0.925,High
2026-08-02 06:00:00,Nuwara Eliya,12.98,95.0,4.15,18.21,Blister Blight,Exobasidium vexans,0.919,High
2026-08-02 07:00:00,Nuwara Eliya,13.15,95.0,2.22,19.17,Blister Blight,Exobasidium vexans,0.926,High
2026-08-02 08:00:00,Nuwara Eliya,10.79,95.0,2.9,11.46,Blister Blight,Exobasidium vexans,0.832,Moderate
2026-08-02 09:00:00,Nuwara Eliya,13.51,84.87,1.0,11.39,Blister Blight,Exobasidium vexans,0.94,Moderate
2026-08-02 10:00:00,Nuwara Eliya,11.39,87.2,0.0,7.09,Blister Blight (dormant/low risk),Exobasidium vexans,0.856,Low
2026-08-02 11:00:00,Nuwara Eliya,12.41,95.0,8.28,18.9,Blister Blight,Exobasidium vexans,0.896,High
2026-08-02 12:00:00,Nuwara Eliya,16.87,71.54,0.0,10.17,Blister Blight (dormant/low risk),Exobasidium vexans,0.662,Low
2026-08-02 13:00:00,Nuwara Eliya,14.13,76.3,0.0,13.5,Blister Blight,Exobasidium vexans,0.817,Moderate
2026-08-02 14:00:00,Nuwara Eliya,15.42,73.33,0.0,15.08,Blister Blight,Exobasidium vexans,0.733,Moderate
2026-08-02 15:00:00,Nuwara Eliya,17.71,69.19,0.0,11.2,Blister Blight,Exobasidium vexans,0.568,Moderate
2026-08-02 16:00:00,Nuwara Eliya,14.52,73.3,0.0,17.48,Blister Blight,Exobasidium vexans,0.713,High
2026-08-02 17:00:00,Nuwara Eliya,17.74,90.6,8.99,14.63,Blister Blight,Exobasidium vexans,1.0,Moderate
2026-08-02 18:00:00,Nuwara Eliya,17.8,82.94,2.57,7.22,Blister Blight (dormant/low risk),Exobasidium vexans,1.0,Low
2026-08-02 19:00:00,Nuwara Eliya,16.82,82.08,0.0,10.43,Blister Blight (dormant/low risk),Exobasidium vexans,1.0,Low
2026-08-02 20:00:00,Nuwara Eliya,22.57,79.0,0.0,19.08,Blister Blight,Exobasidium vexans,0.96,High
2026-08-02 21:00:00,Nuwara Eliya,19.92,82.24,0.86,13.35,Blister Blight,Exobasidium vexans,1.0,Moderate
2026-08-02 22:00:00,Nuwara Eliya,18.18,80.81,0.0,11.02,Blister Blight,Exobasidium vexans,1.0,Moderate
2026-08-02 23:00:00,Nuwara Eliya,16.72,81.86,0.0,12.72,Blister Blight,Exobasidium vexans,1.0,Moderate
2026-08-02 00:00:00,Kandy,23.02,67.1,0.05,12.59,Grey Blight,Pestalotiopsis spp.,0.684,Moderate
2026-08-02 01:00:00,Kandy,24.13,66.93,0.12,8.89,Grey Blight (dormant/low risk),Pestalotiopsis spp.,0.677,Low
2026-08-02 02:00:00,Kandy,23.11,66.06,0.0,7.27,Grey Blight (dormant/low risk),Pestalotiopsis spp.,0.642,Low
2026-08-02 03:00:00,Kandy,22.31,72.89,0.0,8.89,Grey Blight (dormant/low risk),Pestalotiopsis spp.,0.916,Low
2026-08-02 04:00:00,Kandy,24.76,82.58,0.98,19.51,Grey Blight,Pestalotiopsis spp.,1.0,High
2026-08-02 05:00:00,Kandy,21.96,78.71,3.24,16.41,Grey Blight,Pestalotiopsis spp.,1.0,High
2026-08-02 06:00:00,Kandy,19.4,79.09,0.08,18.91,Grey Blight,Pestalotiopsis spp.,0.976,High
2026-08-02 07:00:00,Kandy,18.19,83.1,0.0,6.43,Grey Blight (dormant/low risk),Pestalotiopsis spp.,0.928,Low
2026-08-02 08:00:00,Kandy,21.25,75.09,0.26,10.14,Grey Blight (dormant/low risk),Pestalotiopsis spp.,1.0,Low
2026-08-02 09:00:00,Kandy,20.67,83.44,8.63,15.89,Grey Blight,Pestalotiopsis spp.,1.0,High
2026-08-02 10:00:00,Kandy,22.49,67.47,0.0,12.31,Grey Blight,Pestalotiopsis spp.,0.699,Moderate
2026-08-02 11:00:00,Kandy,19.83,77.64,0.79,12.55,Grey Blight,Pestalotiopsis spp.,0.993,Moderate
2026-08-02 12:00:00,Kandy,21.66,66.79,0.0,10.58,Grey Blight (dormant/low risk),Pestalotiopsis spp.,0.672,Low
2026-08-02 13:00:00,Kandy,23.95,65.94,0.0,12.54,Grey Blight,Pestalotiopsis spp.,0.638,Moderate
2026-08-02 14:00:00,Kandy,20.87,65.89,0.0,15.81,Grey Blight,Pestalotiopsis spp.,0.636,High
2026-08-02 15:00:00,Kandy,24.91,64.97,0.0,9.51,Grey Blight (dormant/low risk),Pestalotiopsis spp.,0.599,Low
2026-08-02 16:00:00,Kandy,23.95,63.65,0.0,12.05,Grey Blight,Pestalotiopsis spp.,0.546,Moderate
2026-08-02 17:00:00,Kandy,23.68,66.26,0.0,12.17,Grey Blight,Pestalotiopsis spp.,0.65,Moderate
2026-08-02 18:00:00,Kandy,27.29,70.6,1.11,8.89,Grey Blight (dormant/low risk),Pestalotiopsis spp.,0.732,Low
2026-08-02 19:00:00,Kandy,25.64,67.9,0.0,9.03,Grey Blight (dormant/low risk),Pestalotiopsis spp.,0.69,Low
2026-08-02 20:00:00,Kandy,25.46,71.87,0.0,14.83,Grey Blight,Pestalotiopsis spp.,0.856,Moderate
2026-08-02 21:00:00,Kandy,22.44,75.52,0.0,14.4,Grey Blight,Pestalotiopsis spp.,1.0,Moderate
2026-08-02 22:00:00,Kandy,24.57,66.83,0.34,5.94,Grey Blight (dormant/low risk),Pestalotiopsis spp.,0.673,Low
2026-08-02 23:00:00,Kandy,23.31,76.18,0.0,10.49,Grey Blight (dormant/low risk),Pestalotiopsis spp.,1.0,Low
2026-08-02 00:00:00,Ratnapura,28.77,75.33,0.0,13.42,Brown Blight,Colletotrichum / Glomerella spp.,0.813,Moderate
2026-08-02 01:00:00,Ratnapura,30.33,69.91,1.95,16.2,Brown Blight,Colletotrichum / Glomerella spp.,0.583,High
2026-08-02 02:00:00,Ratnapura,27.26,76.23,0.0,10.46,Brown Blight (dormant/low risk),Colletotrichum / Glomerella spp.,0.849,Low
2026-08-02 03:00:00,Ratnapura,22.86,79.25,0.0,15.81,Brown Blight,Colletotrichum / Glomerella spp.,0.884,High
2026-08-02 04:00:00,Ratnapura,22.2,79.45,0.0,14.31,Brown Blight,Colletotrichum / Glomerella spp.,0.866,Moderate
2026-08-02 05:00:00,Ratnapura,22.59,81.29,0.75,12.74,Brown Blight,Colletotrichum / Glomerella spp.,0.904,Moderate
2026-08-02 06:00:00,Ratnapura,25.29,86.04,0.0,16.21,Brown Blight,Colletotrichum / Glomerella spp.,1.0,High
2026-08-02 07:00:00,Ratnapura,22.86,85.49,2.34,17.67,Brown Blight,Colletotrichum / Glomerella spp.,0.914,High
2026-08-02 08:00:00,Ratnapura,24.0,86.39,0.13,14.12,Brown Blight,Colletotrichum / Glomerella spp.,0.96,Moderate
2026-08-02 09:00:00,Ratnapura,27.43,82.87,2.71,10.38,Brown Blight (dormant/low risk),Colletotrichum / Glomerella spp.,1.0,Low
2026-08-02 10:00:00,Ratnapura,23.62,79.96,0.0,16.08,Brown Blight,Colletotrichum / Glomerella spp.,0.943,High
2026-08-02 11:00:00,Ratnapura,24.92,74.05,0.0,8.46,Brown Blight (dormant/low risk),Colletotrichum / Glomerella spp.,0.759,Low
2026-08-02 12:00:00,Ratnapura,26.89,71.96,0.21,10.8,Brown Blight,Colletotrichum / Glomerella spp.,0.678,Moderate
2026-08-02 13:00:00,Ratnapura,29.06,68.49,0.0,6.85,Brown Blight (dormant/low risk),Colletotrichum / Glomerella spp.,0.54,Low
2026-08-02 14:00:00,Ratnapura,26.21,71.93,0.0,8.59,Brown Blight (dormant/low risk),Colletotrichum / Glomerella spp.,0.677,Low
2026-08-02 15:00:00,Ratnapura,29.11,75.28,0.0,5.48,Brown Blight (dormant/low risk),Colletotrichum / Glomerella spp.,0.811,Low
2026-08-02 16:00:00,Ratnapura,29.48,65.0,0.0,13.42,Brown Blight,Colletotrichum / Glomerella spp.,0.4,Moderate
2026-08-02 17:00:00,Ratnapura,28.92,73.29,0.0,10.13,Brown Blight (dormant/low risk),Colletotrichum / Glomerella spp.,0.732,Low
2026-08-02 18:00:00,Ratnapura,30.2,81.48,3.62,13.03,Brown Blight,Colletotrichum / Glomerella spp.,0.992,Moderate
2026-08-02 19:00:00,Ratnapura,34.18,77.39,0.0,17.47,Brown Blight,Colletotrichum / Glomerella spp.,0.728,High
2026-08-02 20:00:00,Ratnapura,31.85,69.92,0.0,9.26,Brown Blight (dormant/low risk),Colletotrichum / Glomerella spp.,0.523,Low
2026-08-02 21:00:00,Ratnapura,28.93,74.09,0.0,6.69,Brown Blight (dormant/low risk),Colletotrichum / Glomerella spp.,0.764,Low
2026-08-02 22:00:00,Ratnapura,29.75,73.45,0.0,5.54,Brown Blight (dormant/low risk),Colletotrichum / Glomerella spp.,0.738,Low
2026-08-02 23:00:00,Ratnapura,30.14,69.7,0.0,14.47,Brown Blight,Colletotrichum / Glomerella spp.,0.582,Moderate
2026-08-03 00:00:00,Nuwara Eliya,17.79,84.01,0.0,13.75,Blister Blight,Exobasidium vexans,1.0,Moderate
2026-08-03 01:00:00,Nuwara Eliya,15.32,82.14,0.29,16.13,Blister Blight,Exobasidium vexans,1.0,High
2026-08-03 02:00:00,Nuwara Eliya,14.13,81.18,0.0,13.6,Blister Blight,Exobasidium vexans,0.965,Moderate
2026-08-03 03:00:00,Nuwara Eliya,14.6,81.65,0.62,15.04,Blister Blight,Exobasidium vexans,0.984,Moderate
2026-08-03 04:00:00,Nuwara Eliya,12.11,94.28,1.64,18.31,Blister Blight,Exobasidium vexans,0.884,High
2026-08-03 05:00:00,Nuwara Eliya,10.88,92.26,0.43,14.24,Blister Blight,Exobasidium vexans,0.835,Moderate
2026-08-03 06:00:00,Nuwara Eliya,12.32,87.25,0.26,12.64,Blister Blight,Exobasidium vexans,0.893,Moderate
2026-08-03 07:00:00,Nuwara Eliya,10.47,95.0,18.89,19.71,Blister Blight,Exobasidium vexans,0.819,High
2026-08-03 08:00:00,Nuwara Eliya,13.25,85.99,0.0,14.91,Blister Blight,Exobasidium vexans,0.93,Moderate
2026-08-03 09:00:00,Nuwara Eliya,13.53,88.49,4.15,11.44,Blister Blight,Exobasidium vexans,0.941,Moderate
2026-08-03 10:00:00,Nuwara Eliya,13.06,85.85,0.0,11.76,Blister Blight,Exobasidium vexans,0.922,Moderate
2026-08-03 11:00:00,Nuwara Eliya,14.37,88.26,7.22,15.07,Blister Blight,Exobasidium vexans,0.975,Moderate
2026-08-03 12:00:00,Nuwara Eliya,17.9,82.77,3.68,9.61,Blister Blight (dormant/low risk),Exobasidium vexans,1.0,Low
2026-08-03 13:00:00,Nuwara Eliya,16.44,78.64,0.0,10.76,Blister Blight,Exobasidium vexans,0.946,Moderate
2026-08-03 14:00:00,Nuwara Eliya,15.96,72.7,0.0,20.47,Blister Blight,Exobasidium vexans,0.708,High
2026-08-03 15:00:00,Nuwara Eliya,16.17,78.66,0.76,14.61,Blister Blight,Exobasidium vexans,0.946,Moderate
2026-08-03 16:00:00,Nuwara Eliya,17.03,84.62,2.68,11.14,Blister Blight,Exobasidium vexans,1.0,Moderate
2026-08-03 17:00:00,Nuwara Eliya,21.72,75.04,1.18,15.87,Blister Blight,Exobasidium vexans,0.802,High
2026-08-03 18:00:00,Nuwara Eliya,14.55,84.87,0.33,11.59,Blister Blight,Exobasidium vexans,0.982,Moderate
2026-08-03 19:00:00,Nuwara Eliya,13.89,92.97,8.82,16.67,Blister Blight,Exobasidium vexans,0.956,High
2026-08-03 20:00:00,Nuwara Eliya,16.39,83.21,1.34,14.98,Blister Blight,Exobasidium vexans,1.0,Moderate
2026-08-03 21:00:00,Nuwara Eliya,18.29,79.93,0.15,16.37,Blister Blight,Exobasidium vexans,0.997,High
2026-08-03 22:00:00,Nuwara Eliya,13.08,78.78,0.0,11.15,Blister Blight,Exobasidium vexans,0.874,Moderate
2026-08-03 23:00:00,Nuwara Eliya,19.11,75.61,0.0,6.82,Blister Blight (dormant/low risk),Exobasidium vexans,0.824,Low
2026-08-03 00:00:00,Kandy,21.37,84.37,0.0,14.21,Grey Blight,Pestalotiopsis spp.,1.0,Moderate
2026-08-03 01:00:00,Kandy,22.29,70.83,0.0,12.23,Grey Blight,Pestalotiopsis spp.,0.833,Moderate
2026-08-03 02:00:00,Kandy,23.92,69.71,0.0,14.16,Grey Blight,Pestalotiopsis spp.,0.788,Moderate
2026-08-03 03:00:00,Kandy,20.72,71.85,0.0,14.88,Grey Blight,Pestalotiopsis spp.,0.874,Moderate
2026-08-03 04:00:00,Kandy,26.08,75.45,0.0,9.66,Grey Blight (dormant/low risk),Pestalotiopsis spp.,0.957,Low
2026-08-03 05:00:00,Kandy,24.34,84.95,0.0,16.83,Grey Blight,Pestalotiopsis spp.,1.0,High
2026-08-03 06:00:00,Kandy,18.06,85.46,0.44,14.33,Grey Blight,Pestalotiopsis spp.,0.922,Moderate
2026-08-03 07:00:00,Kandy,20.9,77.08,0.21,13.42,Grey Blight,Pestalotiopsis spp.,1.0,Moderate
2026-08-03 08:00:00,Kandy,20.62,85.66,1.69,8.68,Grey Blight (dormant/low risk),Pestalotiopsis spp.,1.0,Low
2026-08-03 09:00:00,Kandy,19.74,73.46,0.8,11.9,Grey Blight,Pestalotiopsis spp.,0.928,Moderate
2026-08-03 10:00:00,Kandy,18.0,81.72,2.97,10.52,Grey Blight (dormant/low risk),Pestalotiopsis spp.,0.92,Low
2026-08-03 11:00:00,Kandy,20.34,65.58,0.0,12.32,Grey Blight,Pestalotiopsis spp.,0.623,Moderate
2026-08-03 12:00:00,Kandy,19.63,70.73,0.0,13.7,Grey Blight,Pestalotiopsis spp.,0.814,Moderate
2026-08-03 13:00:00,Kandy,25.11,60.64,1.46,14.22,Grey Blight,Pestalotiopsis spp.,0.421,Moderate
2026-08-03 14:00:00,Kandy,21.66,66.09,0.0,11.73,Grey Blight,Pestalotiopsis spp.,0.644,Moderate
2026-08-03 15:00:00,Kandy,24.71,61.78,0.0,12.58,Grey Blight,Pestalotiopsis spp.,0.471,Moderate
2026-08-03 16:00:00,Kandy,27.22,55.89,0.0,9.8,Grey Blight (dormant/low risk),Pestalotiopsis spp.,0.311,Low
2026-08-03 17:00:00,Kandy,24.17,73.05,0.0,10.26,Grey Blight (dormant/low risk),Pestalotiopsis spp.,0.922,Low
2026-08-03 18:00:00,Kandy,21.59,72.5,0.0,12.4,Grey Blight,Pestalotiopsis spp.,0.9,Moderate
2026-08-03 19:00:00,Kandy,24.15,67.06,0.0,12.03,Grey Blight,Pestalotiopsis spp.,0.682,Moderate
2026-08-03 20:00:00,Kandy,26.73,69.57,0.12,13.65,Grey Blight,Pestalotiopsis spp.,0.714,Moderate
2026-08-03 21:00:00,Kandy,26.3,61.68,0.0,12.05,Grey Blight,Pestalotiopsis spp.,0.415,Moderate
2026-08-03 22:00:00,Kandy,25.11,71.89,0.0,13.63,Grey Blight,Pestalotiopsis spp.,0.871,Moderate
2026-08-03 23:00:00,Kandy,22.91,69.39,0.0,15.74,Grey Blight,Pestalotiopsis spp.,0.776,High
2026-08-03 00:00:00,Ratnapura,32.5,77.91,0.0,18.97,Brown Blight,Colletotrichum / Glomerella spp.,0.816,High
2026-08-03 01:00:00,Ratnapura,27.75,72.34,0.37,11.95,Brown Blight,Colletotrichum / Glomerella spp.,0.694,Moderate
2026-08-03 02:00:00,Ratnapura,29.47,83.92,12.26,11.26,Brown Blight,Colletotrichum / Glomerella spp.,1.0,Moderate
2026-08-03 03:00:00,Ratnapura,28.27,76.57,3.26,14.32,Brown Blight,Colletotrichum / Glomerella spp.,0.863,Moderate
2026-08-03 04:00:00,Ratnapura,26.7,77.62,0.0,16.7,Brown Blight,Colletotrichum / Glomerella spp.,0.905,High
2026-08-03 05:00:00,Ratnapura,26.09,79.1,0.0,12.12,Brown Blight,Colletotrichum / Glomerella spp.,0.964,Moderate
2026-08-03 06:00:00,Ratnapura,24.23,89.15,0.0,11.13,Brown Blight,Colletotrichum / Glomerella spp.,0.969,Moderate
2026-08-03 07:00:00,Ratnapura,22.35,89.08,0.0,16.77,Brown Blight,Colletotrichum / Glomerella spp.,0.894,High
2026-08-03 08:00:00,Ratnapura,24.0,92.84,0.99,15.22,Brown Blight,Colletotrichum / Glomerella spp.,0.96,Moderate
2026-08-03 09:00:00,Ratnapura,25.62,78.87,0.0,18.44,Brown Blight,Colletotrichum / Glomerella spp.,0.955,High
2026-08-03 10:00:00,Ratnapura,27.34,74.82,0.0,13.13,Brown Blight,Colletotrichum / Glomerella spp.,0.793,Moderate
2026-08-03 11:00:00,Ratnapura,25.78,75.21,0.0,17.9,Brown Blight,Colletotrichum / Glomerella spp.,0.808,High
2026-08-03 12:00:00,Ratnapura,28.53,66.9,0.0,8.28,Brown Blight (dormant/low risk),Colletotrichum / Glomerella spp.,0.476,Low
2026-08-03 13:00:00,Ratnapura,25.3,69.28,0.0,13.4,Brown Blight,Colletotrichum / Glomerella spp.,0.571,Moderate
2026-08-03 14:00:00,Ratnapura,29.64,65.0,0.0,9.3,Brown Blight (dormant/low risk),Colletotrichum / Glomerella spp.,0.4,Low
2026-08-03 15:00:00,Ratnapura,27.09,71.59,0.0,8.6,Brown Blight (dormant/low risk),Colletotrichum / Glomerella spp.,0.664,Low
2026-08-03 16:00:00,Ratnapura,28.61,69.58,0.0,3.83,Brown Blight (dormant/low risk),Colletotrichum / Glomerella spp.,0.583,Low
2026-08-03 17:00:00,Ratnapura,29.91,72.61,0.0,16.29,Brown Blight,Colletotrichum / Glomerella spp.,0.704,High
2026-08-03 18:00:00,Ratnapura,33.25,70.93,0.0,10.58,Brown Blight (dormant/low risk),Colletotrichum / Glomerella spp.,0.507,Low
2026-08-03 19:00:00,Ratnapura,30.23,77.9,2.81,16.26,Brown Blight,Colletotrichum / Glomerella spp.,0.907,High
2026-08-03 20:00:00,Ratnapura,29.66,79.64,0.0,13.74,Brown Blight,Colletotrichum / Glomerella spp.,0.986,Moderate
2026-08-03 21:00:00,Ratnapura,29.85,73.46,0.0,14.6,Brown Blight,Colletotrichum / Glomerella spp.,0.738,Moderate
2026-08-03 22:00:00,Ratnapura,32.22,73.55,0.0,14.76,Brown Blight,Colletotrichum / Glomerella spp.,0.653,Moderate
2026-08-03 23:00:00,Ratnapura,29.68,73.24,0.0,12.86,Brown Blight,Colletotrichum / Glomerella spp.,0.73,Moderate
2026-08-04 00:00:00,Nuwara Eliya,19.2,91.42,6.52,17.03,Blister Blight,Exobasidium vexans,1.0,High
2026-08-04 01:00:00,Nuwara Eliya,18.64,80.22,0.2,9.65,Blister Blight (dormant/low risk),Exobasidium vexans,1.0,Low
2026-08-04 02:00:00,Nuwara Eliya,15.81,86.24,0.19,11.75,Blister Blight,Exobasidium vexans,1.0,Moderate
2026-08-04 03:00:00,Nuwara Eliya,15.28,85.98,0.0,13.02,Blister Blight,Exobasidium vexans,1.0,Moderate
2026-08-04 04:00:00,Nuwara Eliya,14.44,90.36,0.0,18.83,Blister Blight,Exobasidium vexans,0.978,High
2026-08-04 05:00:00,Nuwara Eliya,16.2,89.06,0.63,14.58,Blister Blight,Exobasidium vexans,1.0,Moderate
2026-08-04 06:00:00,Nuwara Eliya,12.08,94.32,3.78,20.79,Blister Blight,Exobasidium vexans,0.883,High
2026-08-04 07:00:00,Nuwara Eliya,10.0,92.38,2.39,13.07,Blister Blight,Exobasidium vexans,0.8,Moderate
2026-08-04 08:00:00,Nuwara Eliya,11.18,89.06,0.0,17.45,Blister Blight,Exobasidium vexans,0.847,High
2026-08-04 09:00:00,Nuwara Eliya,11.85,86.15,2.1,13.38,Blister Blight,Exobasidium vexans,0.874,Moderate
2026-08-04 10:00:00,Nuwara Eliya,10.13,90.59,0.0,11.52,Blister Blight,Exobasidium vexans,0.805,Moderate
2026-08-04 11:00:00,Nuwara Eliya,10.0,91.93,0.0,18.76,Blister Blight,Exobasidium vexans,0.8,High
2026-08-04 12:00:00,Nuwara Eliya,14.89,83.62,0.0,10.42,Blister Blight (dormant/low risk),Exobasidium vexans,0.996,Low
2026-08-04 13:00:00,Nuwara Eliya,15.15,75.72,0.0,12.34,Blister Blight,Exobasidium vexans,0.829,Moderate
2026-08-04 14:00:00,Nuwara Eliya,14.97,81.12,2.08,13.82,Blister Blight,Exobasidium vexans,0.999,Moderate
2026-08-04 15:00:00,Nuwara Eliya,18.22,72.43,0.0,13.6,Blister Blight,Exobasidium vexans,0.697,Moderate
2026-08-04 16:00:00,Nuwara Eliya,18.0,69.31,0.0,10.13,Blister Blight (dormant/low risk),Exobasidium vexans,0.572,Low
2026-08-04 17:00:00,Nuwara Eliya,16.5,84.76,1.51,11.55,Blister Blight,Exobasidium vexans,1.0,Moderate
2026-08-04 18:00:00,Nuwara Eliya,19.33,77.92,0.0,12.73,Blister Blight,Exobasidium vexans,0.917,Moderate
2026-08-04 19:00:00,Nuwara Eliya,18.25,95.0,10.14,17.29,Blister Blight,Exobasidium vexans,1.0,High
2026-08-04 20:00:00,Nuwara Eliya,18.4,86.69,3.11,19.23,Blister Blight,Exobasidium vexans,1.0,High
2026-08-04 21:00:00,Nuwara Eliya,18.51,79.06,0.41,9.37,Blister Blight (dormant/low risk),Exobasidium vexans,0.962,Low
2026-08-04 22:00:00,Nuwara Eliya,19.64,81.22,0.0,15.2,Blister Blight,Exobasidium vexans,1.0,Moderate
2026-08-04 23:00:00,Nuwara Eliya,16.56,85.92,1.16,10.08,Blister Blight (dormant/low risk),Exobasidium vexans,1.0,Low
2026-08-04 00:00:00,Kandy,24.18,70.45,0.0,15.15,Grey Blight,Pestalotiopsis spp.,0.818,Moderate
2026-08-04 01:00:00,Kandy,23.54,62.51,0.0,8.63,Grey Blight (dormant/low risk),Pestalotiopsis spp.,0.5,Low
2026-08-04 02:00:00,Kandy,23.27,83.97,4.95,14.47,Grey Blight,Pestalotiopsis spp.,1.0,Moderate
2026-08-04 03:00:00,Kandy,20.47,74.54,0.36,10.25,Grey Blight (dormant/low risk),Pestalotiopsis spp.,0.982,Low
2026-08-04 04:00:00,Kandy,20.29,77.15,0.0,15.97,Grey Blight,Pestalotiopsis spp.,1.0,High
2026-08-04 05:00:00,Kandy,21.55,81.35,0.31,13.6,Grey Blight,Pestalotiopsis spp.,1.0,Moderate
2026-08-04 06:00:00,Kandy,23.56,77.3,0.13,16.53,Grey Blight,Pestalotiopsis spp.,1.0,High
2026-08-04 07:00:00,Kandy,19.25,84.31,1.44,13.26,Grey Blight,Pestalotiopsis spp.,0.97,Moderate
2026-08-04 08:00:00,Kandy,18.25,76.24,0.72,16.82,Grey Blight,Pestalotiopsis spp.,0.93,High
2026-08-04 09:00:00,Kandy,21.23,69.01,0.0,6.48,Grey Blight (dormant/low risk),Pestalotiopsis spp.,0.76,Low
2026-08-04 10:00:00,Kandy,22.05,73.38,0.0,15.66,Grey Blight,Pestalotiopsis spp.,0.935,Moderate
2026-08-04 11:00:00,Kandy,18.0,80.88,0.88,15.67,Grey Blight,Pestalotiopsis spp.,0.92,Moderate
2026-08-04 12:00:00,Kandy,23.86,74.29,0.0,14.13,Grey Blight,Pestalotiopsis spp.,0.972,Moderate
2026-08-04 13:00:00,Kandy,21.64,73.09,0.99,15.02,Grey Blight,Pestalotiopsis spp.,0.924,Moderate
2026-08-04 14:00:00,Kandy,21.43,59.04,0.18,11.91,Grey Blight,Pestalotiopsis spp.,0.4,Moderate
2026-08-04 15:00:00,Kandy,23.18,68.94,0.0,14.16,Grey Blight,Pestalotiopsis spp.,0.758,Moderate
2026-08-04 16:00:00,Kandy,24.29,63.23,0.0,20.91,Grey Blight,Pestalotiopsis spp.,0.529,High
2026-08-04 17:00:00,Kandy,24.53,71.83,1.02,17.36,Grey Blight,Pestalotiopsis spp.,0.873,High
2026-08-04 18:00:00,Kandy,25.31,65.66,0.0,14.02,Grey Blight,Pestalotiopsis spp.,0.614,Moderate
2026-08-04 19:00:00,Kandy,24.77,67.01,0.0,13.79,Grey Blight,Pestalotiopsis spp.,0.68,Moderate
2026-08-04 20:00:00,Kandy,26.93,72.56,0.75,7.34,Grey Blight (dormant/low risk),Pestalotiopsis spp.,0.825,Low
2026-08-04 21:00:00,Kandy,27.61,74.65,1.58,7.1,Grey Blight (dormant/low risk),Pestalotiopsis spp.,0.882,Low
2026-08-04 22:00:00,Kandy,25.29,69.72,0.0,4.87,Grey Blight (dormant/low risk),Pestalotiopsis spp.,0.777,Low
2026-08-04 23:00:00,Kandy,29.58,62.44,0.0,11.18,Grey Blight,Pestalotiopsis spp.,0.314,Moderate
2026-08-04 00:00:00,Ratnapura,29.6,73.28,0.0,12.02,Brown Blight,Colletotrichum / Glomerella spp.,0.731,Moderate
2026-08-04 01:00:00,Ratnapura,27.43,82.48,0.0,4.35,Brown Blight (dormant/low risk),Colletotrichum / Glomerella spp.,1.0,Low
2026-08-04 02:00:00,Ratnapura,25.82,81.39,0.0,17.74,Brown Blight,Colletotrichum / Glomerella spp.,1.0,High
2026-08-04 03:00:00,Ratnapura,27.67,73.96,0.27,8.17,Brown Blight (dormant/low risk),Colletotrichum / Glomerella spp.,0.758,Low
2026-08-04 04:00:00,Ratnapura,26.96,84.77,0.0,9.85,Brown Blight (dormant/low risk),Colletotrichum / Glomerella spp.,1.0,Low
2026-08-04 05:00:00,Ratnapura,27.87,82.68,0.58,11.38,Brown Blight,Colletotrichum / Glomerella spp.,1.0,Moderate
2026-08-04 06:00:00,Ratnapura,25.43,79.98,0.0,16.24,Brown Blight,Colletotrichum / Glomerella spp.,0.999,High
2026-08-04 07:00:00,Ratnapura,24.08,80.18,0.0,8.87,Brown Blight (dormant/low risk),Colletotrichum / Glomerella spp.,0.963,Low
2026-08-04 08:00:00,Ratnapura,25.07,86.06,0.0,12.39,Brown Blight,Colletotrichum / Glomerella spp.,1.0,Moderate
2026-08-04 09:00:00,Ratnapura,27.55,77.15,1.87,7.08,Brown Blight (dormant/low risk),Colletotrichum / Glomerella spp.,0.886,Low
2026-08-04 10:00:00,Ratnapura,23.68,82.37,0.91,12.14,Brown Blight,Colletotrichum / Glomerella spp.,0.947,Moderate
2026-08-04 11:00:00,Ratnapura,26.39,78.53,0.0,4.2,Brown Blight (dormant/low risk),Colletotrichum / Glomerella spp.,0.941,Low
2026-08-04 12:00:00,Ratnapura,28.62,69.88,3.34,11.18,Brown Blight,Colletotrichum / Glomerella spp.,0.595,Moderate
2026-08-04 13:00:00,Ratnapura,29.34,65.0,0.0,13.29,Brown Blight,Colletotrichum / Glomerella spp.,0.4,Moderate
2026-08-04 14:00:00,Ratnapura,27.26,68.72,0.04,11.75,Brown Blight,Colletotrichum / Glomerella spp.,0.549,Moderate
2026-08-04 15:00:00,Ratnapura,28.71,65.0,0.0,13.32,Brown Blight,Colletotrichum / Glomerella spp.,0.4,Moderate
2026-08-04 16:00:00,Ratnapura,26.25,69.21,0.0,12.12,Brown Blight,Colletotrichum / Glomerella spp.,0.568,Moderate
2026-08-04 17:00:00,Ratnapura,29.26,71.88,0.62,12.43,Brown Blight,Colletotrichum / Glomerella spp.,0.675,Moderate
2026-08-04 18:00:00,Ratnapura,31.66,70.76,0.31,14.16,Brown Blight,Colletotrichum / Glomerella spp.,0.564,Moderate
2026-08-04 19:00:00,Ratnapura,29.93,73.62,0.0,13.28,Brown Blight,Colletotrichum / Glomerella spp.,0.745,Moderate
2026-08-04 20:00:00,Ratnapura,28.67,73.16,0.0,7.07,Brown Blight (dormant/low risk),Colletotrichum / Glomerella spp.,0.726,Low
2026-08-04 21:00:00,Ratnapura,31.5,74.92,0.0,14.48,Brown Blight,Colletotrichum / Glomerella spp.,0.737,Moderate
2026-08-04 22:00:00,Ratnapura,34.04,74.65,0.0,15.12,Brown Blight,Colletotrichum / Glomerella spp.,0.624,Moderate
2026-08-04 23:00:00,Ratnapura,31.79,71.09,0.97,15.98,Brown Blight,Colletotrichum / Glomerella spp.,0.572,High
2026-08-05 00:00:00,Nuwara Eliya,15.65,84.75,2.84,13.42,Blister Blight,Exobasidium vexans,1.0,Moderate
2026-08-05 01:00:00,Nuwara Eliya,14.74,84.2,0.0,7.19,Blister Blight (dormant/low risk),Exobasidium vexans,0.99,Low
2026-08-05 02:00:00,Nuwara Eliya,15.75,82.93,0.0,10.5,Blister Blight (dormant/low risk),Exobasidium vexans,1.0,Low
2026-08-05 03:00:00,Nuwara Eliya,16.88,76.18,0.0,22.18,Blister Blight,Exobasidium vexans,0.847,High
2026-08-05 04:00:00,Nuwara Eliya,15.08,95.0,1.93,19.0,Blister Blight,Exobasidium vexans,1.0,High
2026-08-05 05:00:00,Nuwara Eliya,13.9,88.13,0.0,13.22,Blister Blight,Exobasidium vexans,0.956,Moderate
2026-08-05 06:00:00,Nuwara Eliya,11.76,95.0,2.59,13.85,Blister Blight,Exobasidium vexans,0.87,Moderate
2026-08-05 07:00:00,Nuwara Eliya,12.49,95.0,6.81,16.68,Blister Blight,Exobasidium vexans,0.9,High
2026-08-05 08:00:00,Nuwara Eliya,13.45,86.95,0.92,17.79,Blister Blight,Exobasidium vexans,0.938,High
2026-08-05 09:00:00,Nuwara Eliya,15.08,81.97,0.0,11.42,Blister Blight,Exobasidium vexans,1.0,Moderate
2026-08-05 10:00:00,Nuwara Eliya,13.23,85.64,2.64,11.6,Blister Blight,Exobasidium vexans,0.929,Moderate
2026-08-05 11:00:00,Nuwara Eliya,15.03,77.65,0.15,16.53,Blister Blight,Exobasidium vexans,0.906,High
2026-08-05 12:00:00,Nuwara Eliya,13.75,75.97,0.07,16.57,Blister Blight,Exobasidium vexans,0.789,High
2026-08-05 13:00:00,Nuwara Eliya,14.7,82.95,0.0,10.9,Blister Blight,Exobasidium vexans,0.988,Moderate
2026-08-05 14:00:00,Nuwara Eliya,18.5,69.89,1.4,7.41,Blister Blight (dormant/low risk),Exobasidium vexans,0.596,Low
2026-08-05 15:00:00,Nuwara Eliya,12.65,81.37,3.5,9.3,Blister Blight (dormant/low risk),Exobasidium vexans,0.906,Low
2026-08-05 16:00:00,Nuwara Eliya,16.27,77.35,0.84,15.16,Blister Blight,Exobasidium vexans,0.894,Moderate
2026-08-05 17:00:00,Nuwara Eliya,17.46,79.44,0.0,11.93,Blister Blight,Exobasidium vexans,0.978,Moderate
2026-08-05 18:00:00,Nuwara Eliya,16.01,85.96,0.02,14.19,Blister Blight,Exobasidium vexans,1.0,Moderate
2026-08-05 19:00:00,Nuwara Eliya,22.19,76.55,0.0,12.8,Blister Blight,Exobasidium vexans,0.862,Moderate
2026-08-05 20:00:00,Nuwara Eliya,19.85,83.64,1.82,8.92,Blister Blight (dormant/low risk),Exobasidium vexans,1.0,Low
2026-08-05 21:00:00,Nuwara Eliya,17.86,78.5,0.26,15.5,Blister Blight,Exobasidium vexans,0.94,Moderate
2026-08-05 22:00:00,Nuwara Eliya,18.26,80.53,2.77,8.41,Blister Blight (dormant/low risk),Exobasidium vexans,1.0,Low
2026-08-05 23:00:00,Nuwara Eliya,16.45,86.92,0.2,14.81,Blister Blight,Exobasidium vexans,1.0,Moderate
2026-08-05 00:00:00,Kandy,25.18,68.22,0.0,17.63,Grey Blight,Pestalotiopsis spp.,0.722,High
2026-08-05 01:00:00,Kandy,18.95,74.96,0.0,19.62,Grey Blight,Pestalotiopsis spp.,0.956,High
2026-08-05 02:00:00,Kandy,25.44,68.21,0.0,15.8,Grey Blight,Pestalotiopsis spp.,0.711,High
2026-08-05 03:00:00,Kandy,21.14,70.88,1.83,8.63,Grey Blight (dormant/low risk),Pestalotiopsis spp.,0.835,Low
2026-08-05 04:00:00,Kandy,21.89,80.02,0.0,6.6,Grey Blight (dormant/low risk),Pestalotiopsis spp.,1.0,Low
2026-08-05 05:00:00,Kandy,22.35,73.87,0.28,12.57,Grey Blight,Pestalotiopsis spp.,0.955,Moderate
2026-08-05 06:00:00,Kandy,19.63,90.0,7.56,18.33,Grey Blight,Pestalotiopsis spp.,0.985,High
2026-08-05 07:00:00,Kandy,22.48,72.51,0.48,14.35,Grey Blight,Pestalotiopsis spp.,0.9,Moderate
2026-08-05 08:00:00,Kandy,21.29,77.45,0.21,7.02,Grey Blight (dormant/low risk),Pestalotiopsis spp.,1.0,Low
2026-08-05 09:00:00,Kandy,22.74,77.22,0.0,13.4,Grey Blight,Pestalotiopsis spp.,1.0,Moderate
2026-08-05 10:00:00,Kandy,18.26,85.28,1.92,13.61,Grey Blight,Pestalotiopsis spp.,0.93,Moderate
2026-08-05 11:00:00,Kandy,25.65,67.66,0.54,15.15,Grey Blight,Pestalotiopsis spp.,0.68,Moderate
2026-08-05 12:00:00,Kandy,21.61,66.52,1.31,12.24,Grey Blight,Pestalotiopsis spp.,0.661,Moderate
2026-08-05 13:00:00,Kandy,20.69,67.12,1.97,17.69,Grey Blight,Pestalotiopsis spp.,0.685,High
2026-08-05 14:00:00,Kandy,23.75,58.59,0.0,11.46,Grey Blight,Pestalotiopsis spp.,0.4,Moderate
2026-08-05 15:00:00,Kandy,22.57,65.6,0.0,25.37,Grey Blight,Pestalotiopsis spp.,0.624,High
2026-08-05 16:00:00,Kandy,21.62,68.72,0.0,8.11,Grey Blight (dormant/low risk),Pestalotiopsis spp.,0.749,Low
2026-08-05 17:00:00,Kandy,24.04,74.67,0.0,11.18,Grey Blight,Pestalotiopsis spp.,0.987,Moderate
2026-08-05 18:00:00,Kandy,24.41,73.76,0.0,18.38,Grey Blight,Pestalotiopsis spp.,0.95,High
2026-08-05 19:00:00,Kandy,24.95,80.19,5.21,9.07,Grey Blight (dormant/low risk),Pestalotiopsis spp.,1.0,Low
2026-08-05 20:00:00,Kandy,23.01,69.11,0.0,8.15,Grey Blight (dormant/low risk),Pestalotiopsis spp.,0.764,Low
2026-08-05 21:00:00,Kandy,27.8,66.84,0.0,8.12,Grey Blight (dormant/low risk),Pestalotiopsis spp.,0.562,Low
2026-08-05 22:00:00,Kandy,28.83,65.61,0.0,11.5,Grey Blight,Pestalotiopsis spp.,0.471,Moderate
2026-08-05 23:00:00,Kandy,23.51,72.07,0.0,14.69,Grey Blight,Pestalotiopsis spp.,0.883,Moderate
2026-08-05 00:00:00,Ratnapura,28.73,82.17,11.92,10.85,Brown Blight,Colletotrichum / Glomerella spp.,1.0,Moderate
2026-08-05 01:00:00,Ratnapura,28.76,74.93,0.11,15.57,Brown Blight,Colletotrichum / Glomerella spp.,0.797,Moderate
2026-08-05 02:00:00,Ratnapura,30.62,67.62,0.0,13.15,Brown Blight,Colletotrichum / Glomerella spp.,0.48,Moderate
2026-08-05 03:00:00,Ratnapura,27.51,75.76,0.0,12.48,Brown Blight,Colletotrichum / Glomerella spp.,0.83,Moderate
2026-08-05 04:00:00,Ratnapura,27.61,73.93,0.0,8.71,Brown Blight (dormant/low risk),Colletotrichum / Glomerella spp.,0.757,Low
2026-08-05 05:00:00,Ratnapura,24.29,83.53,0.4,10.55,Brown Blight (dormant/low risk),Colletotrichum / Glomerella spp.,0.972,Low
2026-08-05 06:00:00,Ratnapura,24.97,85.9,0.0,14.45,Brown Blight,Colletotrichum / Glomerella spp.,0.999,Moderate
2026-08-05 07:00:00,Ratnapura,24.51,82.18,0.0,19.03,Brown Blight,Colletotrichum / Glomerella spp.,0.98,High
2026-08-05 08:00:00,Ratnapura,25.76,80.92,1.34,16.0,Brown Blight,Colletotrichum / Glomerella spp.,1.0,High
2026-08-05 09:00:00,Ratnapura,27.38,79.4,0.26,12.24,Brown Blight,Colletotrichum / Glomerella spp.,0.976,Moderate
2026-08-05 10:00:00,Ratnapura,23.57,79.66,0.0,14.04,Brown Blight,Colletotrichum / Glomerella spp.,0.929,Moderate
2026-08-05 11:00:00,Ratnapura,25.34,82.28,0.49,13.59,Brown Blight,Colletotrichum / Glomerella spp.,1.0,Moderate
2026-08-05 12:00:00,Ratnapura,27.93,69.66,4.48,14.25,Brown Blight,Colletotrichum / Glomerella spp.,0.586,Moderate
2026-08-05 13:00:00,Ratnapura,27.18,71.57,0.0,10.28,Brown Blight (dormant/low risk),Colletotrichum / Glomerella spp.,0.663,Low
2026-08-05 14:00:00,Ratnapura,32.39,69.14,0.0,10.98,Brown Blight,Colletotrichum / Glomerella spp.,0.47,Moderate
2026-08-05 15:00:00,Ratnapura,29.02,67.07,0.0,8.28,Brown Blight (dormant/low risk),Colletotrichum / Glomerella spp.,0.483,Low
2026-08-05 16:00:00,Ratnapura,31.56,65.0,0.39,12.78,Brown Blight,Colletotrichum / Glomerella spp.,0.338,Moderate
2026-08-05 17:00:00,Ratnapura,29.42,76.15,0.0,17.13,Brown Blight,Colletotrichum / Glomerella spp.,0.846,High
2026-08-05 18:00:00,Ratnapura,25.49,89.34,3.85,11.55,Brown Blight,Colletotrichum / Glomerella spp.,1.0,Moderate
2026-08-05 19:00:00,Ratnapura,27.23,90.24,6.41,15.83,Brown Blight,Colletotrichum / Glomerella spp.,1.0,High
2026-08-05 20:00:00,Ratnapura,31.77,73.37,1.83,14.42,Brown Blight,Colletotrichum / Glomerella spp.,0.664,Moderate
2026-08-05 21:00:00,Ratnapura,31.4,74.99,0.36,7.05,Brown Blight (dormant/low risk),Colletotrichum / Glomerella spp.,0.744,Low
2026-08-05 22:00:00,Ratnapura,31.18,79.62,3.34,14.0,Brown Blight,Colletotrichum / Glomerella spp.,0.938,Moderate
2026-08-05 23:00:00,Ratnapura,31.29,71.91,0.0,7.47,Brown Blight (dormant/low risk),Colletotrichum / Glomerella spp.,0.625,Low
2026-08-06 00:00:00,Nuwara Eliya,19.37,82.21,0.32,19.51,Blister Blight,Exobasidium vexans,1.0,High
2026-08-06 01:00:00,Nuwara Eliya,19.5,80.63,0.46,17.06,Blister Blight,Exobasidium vexans,1.0,High
2026-08-06 02:00:00,Nuwara Eliya,14.34,90.93,3.5,19.08,Blister Blight,Exobasidium vexans,0.974,High
2026-08-06 03:00:00,Nuwara Eliya,11.98,83.12,1.56,11.07,Blister Blight,Exobasidium vexans,0.879,Moderate
2026-08-06 04:00:00,Nuwara Eliya,15.4,82.79,0.37,11.69,Blister Blight,Exobasidium vexans,1.0,Moderate
2026-08-06 05:00:00,Nuwara Eliya,11.03,95.0,0.42,15.48,Blister Blight,Exobasidium vexans,0.841,Moderate
2026-08-06 06:00:00,Nuwara Eliya,12.63,88.17,0.0,12.06,Blister Blight,Exobasidium vexans,0.905,Moderate
2026-08-06 07:00:00,Nuwara Eliya,13.65,95.0,6.24,20.2,Blister Blight,Exobasidium vexans,0.946,High
2026-08-06 08:00:00,Nuwara Eliya,11.24,95.0,3.39,19.26,Blister Blight,Exobasidium vexans,0.85,High
2026-08-06 09:00:00,Nuwara Eliya,11.2,82.48,2.09,2.89,Blister Blight (dormant/low risk),Exobasidium vexans,0.848,Low
2026-08-06 10:00:00,Nuwara Eliya,10.96,86.47,0.48,10.66,Blister Blight (dormant/low risk),Exobasidium vexans,0.838,Low
2026-08-06 11:00:00,Nuwara Eliya,14.76,88.08,0.0,15.89,Blister Blight,Exobasidium vexans,0.99,High
2026-08-06 12:00:00,Nuwara Eliya,11.93,75.92,0.0,8.71,Blister Blight (dormant/low risk),Exobasidium vexans,0.714,Low
2026-08-06 13:00:00,Nuwara Eliya,15.0,77.98,0.0,14.42,Blister Blight,Exobasidium vexans,0.919,Moderate
2026-08-06 14:00:00,Nuwara Eliya,13.89,71.76,0.0,4.89,Blister Blight (dormant/low risk),Exobasidium vexans,0.626,Low
2026-08-06 15:00:00,Nuwara Eliya,17.31,73.46,0.0,11.29,Blister Blight,Exobasidium vexans,0.738,Moderate
2026-08-06 16:00:00,Nuwara Eliya,19.13,71.88,0.0,9.27,Blister Blight (dormant/low risk),Exobasidium vexans,0.675,Low
2026-08-06 17:00:00,Nuwara Eliya,15.41,89.51,1.29,15.47,Blister Blight,Exobasidium vexans,1.0,Moderate
2026-08-06 18:00:00,Nuwara Eliya,14.12,78.94,0.0,12.26,Blister Blight,Exobasidium vexans,0.922,Moderate
2026-08-06 19:00:00,Nuwara Eliya,18.45,84.0,2.01,13.14,Blister Blight,Exobasidium vexans,1.0,Moderate
2026-08-06 20:00:00,Nuwara Eliya,17.24,84.38,1.33,14.23,Blister Blight,Exobasidium vexans,1.0,Moderate
2026-08-06 21:00:00,Nuwara Eliya,16.37,87.97,3.96,19.39,Blister Blight,Exobasidium vexans,1.0,High
2026-08-06 22:00:00,Nuwara Eliya,19.53,72.29,0.0,8.79,Blister Blight (dormant/low risk),Exobasidium vexans,0.692,Low
2026-08-06 23:00:00,Nuwara Eliya,17.3,82.23,0.81,9.12,Blister Blight (dormant/low risk),Exobasidium vexans,1.0,Low
2026-08-06 00:00:00,Kandy,21.49,73.64,0.0,15.01,Grey Blight,Pestalotiopsis spp.,0.946,Moderate
2026-08-06 01:00:00,Kandy,23.12,79.08,2.87,15.64,Grey Blight,Pestalotiopsis spp.,1.0,Moderate
2026-08-06 02:00:00,Kandy,23.78,75.09,1.67,19.43,Grey Blight,Pestalotiopsis spp.,1.0,High
2026-08-06 03:00:00,Kandy,23.99,64.22,0.0,14.11,Grey Blight,Pestalotiopsis spp.,0.569,Moderate
2026-08-06 04:00:00,Kandy,22.37,76.67,0.0,17.54,Grey Blight,Pestalotiopsis spp.,1.0,High
2026-08-06 05:00:00,Kandy,21.15,75.12,0.0,16.15,Grey Blight,Pestalotiopsis spp.,1.0,High
2026-08-06 06:00:00,Kandy,21.69,74.24,0.02,13.86,Grey Blight,Pestalotiopsis spp.,0.97,Moderate
2026-08-06 07:00:00,Kandy,20.08,81.61,0.0,18.4,Grey Blight,Pestalotiopsis spp.,1.0,High
2026-08-06 08:00:00,Kandy,21.57,71.87,0.0,15.73,Grey Blight,Pestalotiopsis spp.,0.875,High
2026-08-06 09:00:00,Kandy,22.81,70.88,0.95,15.2,Grey Blight,Pestalotiopsis spp.,0.835,Moderate
2026-08-06 10:00:00,Kandy,21.73,74.18,0.0,9.75,Grey Blight (dormant/low risk),Pestalotiopsis spp.,0.967,Low
2026-08-06 11:00:00,Kandy,20.98,65.47,0.15,15.89,Grey Blight,Pestalotiopsis spp.,0.619,High
2026-08-06 12:00:00,Kandy,22.19,66.66,0.0,9.97,Grey Blight (dormant/low risk),Pestalotiopsis spp.,0.666,Low
2026-08-06 13:00:00,Kandy,21.64,64.4,0.0,10.08,Grey Blight (dormant/low risk),Pestalotiopsis spp.,0.576,Low
2026-08-06 14:00:00,Kandy,26.69,65.6,1.02,17.15,Grey Blight,Pestalotiopsis spp.,0.556,High
2026-08-06 15:00:00,Kandy,23.84,69.96,0.0,13.38,Grey Blight,Pestalotiopsis spp.,0.798,Moderate
2026-08-06 16:00:00,Kandy,26.65,73.43,4.31,11.48,Grey Blight,Pestalotiopsis spp.,0.871,Moderate
2026-08-06 17:00:00,Kandy,20.57,65.61,0.32,10.55,Grey Blight (dormant/low risk),Pestalotiopsis spp.,0.624,Low
2026-08-06 18:00:00,Kandy,24.94,74.05,0.0,13.1,Grey Blight,Pestalotiopsis spp.,0.962,Moderate
2026-08-06 19:00:00,Kandy,25.5,77.25,0.46,17.28,Grey Blight,Pestalotiopsis spp.,0.98,High
2026-08-06 20:00:00,Kandy,22.63,66.25,0.0,14.04,Grey Blight,Pestalotiopsis spp.,0.65,Moderate
2026-08-06 21:00:00,Kandy,26.7,63.41,0.0,8.77,Grey Blight (dormant/low risk),Pestalotiopsis spp.,0.468,Low
2026-08-06 22:00:00,Kandy,24.32,72.44,0.0,13.37,Grey Blight,Pestalotiopsis spp.,0.898,Moderate
2026-08-06 23:00:00,Kandy,26.22,65.54,0.0,12.76,Grey Blight,Pestalotiopsis spp.,0.573,Moderate
2026-08-06 00:00:00,Ratnapura,28.47,81.51,4.12,7.42,Brown Blight (dormant/low risk),Colletotrichum / Glomerella spp.,1.0,Low
2026-08-06 01:00:00,Ratnapura,29.82,80.72,1.77,10.55,Brown Blight (dormant/low risk),Colletotrichum / Glomerella spp.,1.0,Low
2026-08-06 02:00:00,Ratnapura,26.97,73.81,0.0,16.34,Brown Blight,Colletotrichum / Glomerella spp.,0.752,High
2026-08-06 03:00:00,Ratnapura,27.7,77.89,1.48,7.68,Brown Blight (dormant/low risk),Colletotrichum / Glomerella spp.,0.916,Low
2026-08-06 04:00:00,Ratnapura,24.22,87.92,0.49,17.08,Brown Blight,Colletotrichum / Glomerella spp.,0.969,High
2026-08-06 05:00:00,Ratnapura,27.35,79.1,0.0,7.95,Brown Blight (dormant/low risk),Colletotrichum / Glomerella spp.,0.964,Low
2026-08-06 06:00:00,Ratnapura,27.91,86.0,1.68,10.86,Brown Blight,Colletotrichum / Glomerella spp.,1.0,Moderate
2026-08-06 07:00:00,Ratnapura,22.47,97.57,4.23,23.6,Brown Blight,Colletotrichum / Glomerella spp.,0.899,High
2026-08-06 08:00:00,Ratnapura,25.25,88.38,3.14,11.87,Brown Blight,Colletotrichum / Glomerella spp.,1.0,Moderate
2026-08-06 09:00:00,Ratnapura,28.78,74.54,0.0,11.93,Brown Blight,Colletotrichum / Glomerella spp.,0.782,Moderate
2026-08-06 10:00:00,Ratnapura,26.19,78.25,0.0,10.12,Brown Blight (dormant/low risk),Colletotrichum / Glomerella spp.,0.93,Low
2026-08-06 11:00:00,Ratnapura,24.94,80.15,0.0,13.24,Brown Blight,Colletotrichum / Glomerella spp.,0.998,Moderate
2026-08-06 12:00:00,Ratnapura,25.99,71.52,0.0,14.73,Brown Blight,Colletotrichum / Glomerella spp.,0.661,Moderate
2026-08-06 13:00:00,Ratnapura,26.75,68.21,0.0,8.42,Brown Blight (dormant/low risk),Colletotrichum / Glomerella spp.,0.528,Low
2026-08-06 14:00:00,Ratnapura,27.27,70.28,0.0,13.55,Brown Blight,Colletotrichum / Glomerella spp.,0.611,Moderate
2026-08-06 15:00:00,Ratnapura,29.19,65.0,0.0,14.27,Brown Blight,Colletotrichum / Glomerella spp.,0.4,Moderate
2026-08-06 16:00:00,Ratnapura,27.95,70.86,0.0,7.62,Brown Blight (dormant/low risk),Colletotrichum / Glomerella spp.,0.634,Low
2026-08-06 17:00:00,Ratnapura,29.31,73.3,0.0,10.81,Brown Blight,Colletotrichum / Glomerella spp.,0.732,Moderate
2026-08-06 18:00:00,Ratnapura,30.9,77.99,0.0,11.75,Brown Blight,Colletotrichum / Glomerella spp.,0.884,Moderate
2026-08-06 19:00:00,Ratnapura,31.24,77.55,0.0,12.09,Brown Blight,Colletotrichum / Glomerella spp.,0.852,Moderate
2026-08-06 20:00:00,Ratnapura,30.25,70.31,0.0,14.23,Brown Blight,Colletotrichum / Glomerella spp.,0.602,Moderate
2026-08-06 21:00:00,Ratnapura,31.68,75.3,0.0,16.15,Brown Blight,Colletotrichum / Glomerella spp.,0.745,High
2026-08-06 22:00:00,Ratnapura,30.89,72.2,0.0,14.87,Brown Blight,Colletotrichum / Glomerella spp.,0.652,Moderate
2026-08-06 23:00:00,Ratnapura,30.69,77.67,0.0,8.72,Brown Blight (dormant/low risk),Colletotrichum / Glomerella spp.,0.879,Low
2026-08-07 00:00:00,Nuwara Eliya,17.63,82.36,0.0,18.01,Blister Blight,Exobasidium vexans,1.0,High
2026-08-07 01:00:00,Nuwara Eliya,20.4,80.03,1.55,13.27,Blister Blight,Exobasidium vexans,1.0,Moderate
2026-08-07 02:00:00,Nuwara Eliya,13.13,81.77,0.39,4.95,Blister Blight (dormant/low risk),Exobasidium vexans,0.925,Low
2026-08-07 03:00:00,Nuwara Eliya,19.04,78.99,0.0,10.16,Blister Blight (dormant/low risk),Exobasidium vexans,0.96,Low
2026-08-07 04:00:00,Nuwara Eliya,11.37,85.19,0.0,8.58,Blister Blight (dormant/low risk),Exobasidium vexans,0.855,Low
2026-08-07 05:00:00,Nuwara Eliya,15.36,92.91,0.34,20.09,Blister Blight,Exobasidium vexans,1.0,High
2026-08-07 06:00:00,Nuwara Eliya,15.64,95.0,8.03,17.36,Blister Blight,Exobasidium vexans,1.0,High
2026-08-07 07:00:00,Nuwara Eliya,11.19,95.0,3.98,11.62,Blister Blight,Exobasidium vexans,0.848,Moderate
2026-08-07 08:00:00,Nuwara Eliya,12.92,95.0,7.27,17.44,Blister Blight,Exobasidium vexans,0.917,High
2026-08-07 09:00:00,Nuwara Eliya,12.4,87.81,0.34,15.27,Blister Blight,Exobasidium vexans,0.896,Moderate
2026-08-07 10:00:00,Nuwara Eliya,11.49,86.23,2.44,2.76,Blister Blight (dormant/low risk),Exobasidium vexans,0.86,Low
2026-08-07 11:00:00,Nuwara Eliya,14.92,81.05,0.0,7.28,Blister Blight (dormant/low risk),Exobasidium vexans,0.997,Low
2026-08-07 12:00:00,Nuwara Eliya,12.16,89.86,7.16,16.67,Blister Blight,Exobasidium vexans,0.886,High
2026-08-07 13:00:00,Nuwara Eliya,15.66,71.82,0.51,14.2,Blister Blight,Exobasidium vexans,0.673,Moderate
2026-08-07 14:00:00,Nuwara Eliya,14.18,80.54,2.45,10.63,Blister Blight (dormant/low risk),Exobasidium vexans,0.967,Low
2026-08-07 15:00:00,Nuwara Eliya,16.16,73.32,0.09,12.52,Blister Blight,Exobasidium vexans,0.733,Moderate
2026-08-07 16:00:00,Nuwara Eliya,13.66,80.75,3.43,10.35,Blister Blight (dormant/low risk),Exobasidium vexans,0.946,Low
2026-08-07 17:00:00,Nuwara Eliya,16.04,94.51,4.37,19.71,Blister Blight,Exobasidium vexans,1.0,High
2026-08-07 18:00:00,Nuwara Eliya,15.02,86.76,0.0,8.55,Blister Blight (dormant/low risk),Exobasidium vexans,1.0,Low
2026-08-07 19:00:00,Nuwara Eliya,22.06,73.44,0.0,13.62,Blister Blight,Exobasidium vexans,0.738,Moderate
2026-08-07 20:00:00,Nuwara Eliya,16.17,75.91,0.0,8.49,Blister Blight (dormant/low risk),Exobasidium vexans,0.836,Low
2026-08-07 21:00:00,Nuwara Eliya,16.71,83.9,0.53,12.89,Blister Blight,Exobasidium vexans,1.0,Moderate
2026-08-07 22:00:00,Nuwara Eliya,19.83,75.2,2.03,15.98,Blister Blight,Exobasidium vexans,0.808,High
2026-08-07 23:00:00,Nuwara Eliya,15.07,87.9,3.96,11.85,Blister Blight,Exobasidium vexans,1.0,Moderate
2026-08-07 00:00:00,Kandy,23.72,75.28,0.0,16.81,Grey Blight,Pestalotiopsis spp.,1.0,High
2026-08-07 01:00:00,Kandy,23.28,73.01,0.0,11.79,Grey Blight,Pestalotiopsis spp.,0.92,Moderate
2026-08-07 02:00:00,Kandy,26.6,68.52,0.95,14.14,Grey Blight,Pestalotiopsis spp.,0.677,Moderate
2026-08-07 03:00:00,Kandy,23.73,75.24,0.0,18.65,Grey Blight,Pestalotiopsis spp.,1.0,High
2026-08-07 04:00:00,Kandy,21.39,80.11,0.0,12.17,Grey Blight,Pestalotiopsis spp.,1.0,Moderate
2026-08-07 05:00:00,Kandy,21.41,74.33,0.0,13.91,Grey Blight,Pestalotiopsis spp.,0.973,Moderate
2026-08-07 06:00:00,Kandy,21.12,87.27,0.47,14.01,Grey Blight,Pestalotiopsis spp.,1.0,Moderate
2026-08-07 07:00:00,Kandy,18.34,75.97,0.0,15.99,Grey Blight,Pestalotiopsis spp.,0.934,High
2026-08-07 08:00:00,Kandy,21.96,74.03,1.03,15.04,Grey Blight,Pestalotiopsis spp.,0.961,Moderate
2026-08-07 09:00:00,Kandy,21.37,81.54,0.0,10.3,Grey Blight (dormant/low risk),Pestalotiopsis spp.,1.0,Low
2026-08-07 10:00:00,Kandy,21.78,73.81,0.24,16.62,Grey Blight,Pestalotiopsis spp.,0.952,High
2026-08-07 11:00:00,Kandy,23.48,64.36,0.05,11.71,Grey Blight,Pestalotiopsis spp.,0.574,Moderate
2026-08-07 12:00:00,Kandy,19.05,70.53,0.0,10.2,Grey Blight (dormant/low risk),Pestalotiopsis spp.,0.783,Low
2026-08-07 13:00:00,Kandy,26.27,69.8,2.22,8.73,Grey Blight (dormant/low risk),Pestalotiopsis spp.,0.741,Low
2026-08-07 14:00:00,Kandy,22.84,63.68,0.14,8.26,Grey Blight (dormant/low risk),Pestalotiopsis spp.,0.547,Low
2026-08-07 15:00:00,Kandy,22.19,70.27,0.0,11.03,Grey Blight,Pestalotiopsis spp.,0.811,Moderate
2026-08-07 16:00:00,Kandy,23.93,67.22,1.94,11.34,Grey Blight,Pestalotiopsis spp.,0.689,Moderate
2026-08-07 17:00:00,Kandy,25.67,68.66,0.0,15.81,Grey Blight,Pestalotiopsis spp.,0.72,High
2026-08-07 18:00:00,Kandy,24.96,68.58,0.0,17.71,Grey Blight,Pestalotiopsis spp.,0.743,High
2026-08-07 19:00:00,Kandy,25.81,80.08,3.5,11.64,Grey Blight,Pestalotiopsis spp.,0.968,Moderate
2026-08-07 20:00:00,Kandy,25.93,71.38,0.0,20.44,Grey Blight,Pestalotiopsis spp.,0.818,High
2026-08-07 21:00:00,Kandy,21.61,66.43,0.0,11.43,Grey Blight,Pestalotiopsis spp.,0.657,Moderate
2026-08-07 22:00:00,Kandy,23.97,72.83,0.18,13.54,Grey Blight,Pestalotiopsis spp.,0.913,Moderate
2026-08-07 23:00:00,Kandy,26.64,74.0,0.0,6.3,Grey Blight (dormant/low risk),Pestalotiopsis spp.,0.894,Low
2026-08-07 00:00:00,Ratnapura,27.15,82.88,0.0,9.05,Brown Blight (dormant/low risk),Colletotrichum / Glomerella spp.,1.0,Low
2026-08-07 01:00:00,Ratnapura,27.73,79.04,0.0,11.81,Brown Blight,Colletotrichum / Glomerella spp.,0.962,Moderate
2026-08-07 02:00:00,Ratnapura,24.65,75.31,0.0,15.56,Brown Blight,Colletotrichum / Glomerella spp.,0.798,Moderate
2026-08-07 03:00:00,Ratnapura,26.05,81.83,0.8,8.86,Brown Blight (dormant/low risk),Colletotrichum / Glomerella spp.,1.0,Low
2026-08-07 04:00:00,Ratnapura,27.46,71.83,0.0,10.93,Brown Blight,Colletotrichum / Glomerella spp.,0.673,Moderate
2026-08-07 05:00:00,Ratnapura,27.94,82.27,0.0,8.87,Brown Blight (dormant/low risk),Colletotrichum / Glomerella spp.,1.0,Low
2026-08-07 06:00:00,Ratnapura,24.16,86.68,1.55,15.13,Brown Blight,Colletotrichum / Glomerella spp.,0.966,Moderate
2026-08-07 07:00:00,Ratnapura,22.71,88.31,0.83,16.09,Brown Blight,Colletotrichum / Glomerella spp.,0.908,High
2026-08-07 08:00:00,Ratnapura,25.01,98.0,5.33,26.39,Brown Blight,Colletotrichum / Glomerella spp.,1.0,High
2026-08-07 09:00:00,Ratnapura,28.3,75.2,1.54,13.37,Brown Blight,Colletotrichum / Glomerella spp.,0.808,Moderate
2026-08-07 10:00:00,Ratnapura,26.41,72.95,0.0,10.98,Brown Blight,Colletotrichum / Glomerella spp.,0.718,Moderate
2026-08-07 11:00:00,Ratnapura,25.1,87.03,2.63,16.38,Brown Blight,Colletotrichum / Glomerella spp.,1.0,High
2026-08-07 12:00:00,Ratnapura,27.3,67.94,0.0,6.8,Brown Blight (dormant/low risk),Colletotrichum / Glomerella spp.,0.518,Low
2026-08-07 13:00:00,Ratnapura,26.4,69.48,0.0,7.51,Brown Blight (dormant/low risk),Colletotrichum / Glomerella spp.,0.579,Low
2026-08-07 14:00:00,Ratnapura,30.02,73.17,4.42,5.03,Brown Blight (dormant/low risk),Colletotrichum / Glomerella spp.,0.726,Low
2026-08-07 15:00:00,Ratnapura,28.56,77.81,2.42,15.59,Brown Blight,Colletotrichum / Glomerella spp.,0.912,Moderate
2026-08-07 16:00:00,Ratnapura,33.44,65.0,0.0,8.92,Brown Blight (dormant/low risk),Colletotrichum / Glomerella spp.,0.262,Low
2026-08-07 17:00:00,Ratnapura,28.86,71.0,0.0,17.75,Brown Blight,Colletotrichum / Glomerella spp.,0.64,High
2026-08-07 18:00:00,Ratnapura,31.21,65.4,0.0,12.16,Brown Blight,Colletotrichum / Glomerella spp.,0.368,Moderate
2026-08-07 19:00:00,Ratnapura,30.13,73.96,0.67,16.21,Brown Blight,Colletotrichum / Glomerella spp.,0.753,High
2026-08-07 20:00:00,Ratnapura,28.34,73.21,0.0,11.78,Brown Blight,Colletotrichum / Glomerella spp.,0.728,Moderate
2026-08-07 21:00:00,Ratnapura,30.9,71.8,0.0,14.43,Brown Blight,Colletotrichum / Glomerella spp.,0.636,Moderate
2026-08-07 22:00:00,Ratnapura,28.7,71.02,0.0,10.53,Brown Blight (dormant/low risk),Colletotrichum / Glomerella spp.,0.641,Low
2026-08-07 23:00:00,Ratnapura,28.16,71.09,1.82,10.34,Brown Blight (dormant/low risk),Colletotrichum / Glomerella spp.,0.644,Low
2026-08-08 00:00:00,Nuwara Eliya,14.99,89.88,0.0,15.84,Blister Blight,Exobasidium vexans,1.0,High
2026-08-08 01:00:00,Nuwara Eliya,17.58,77.47,0.0,14.02,Blister Blight,Exobasidium vexans,0.899,Moderate
2026-08-08 02:00:00,Nuwara Eliya,10.19,91.75,0.48,12.31,Blister Blight,Exobasidium vexans,0.808,Moderate
2026-08-08 03:00:00,Nuwara Eliya,19.04,83.27,0.37,18.73,Blister Blight,Exobasidium vexans,1.0,High
2026-08-08 04:00:00,Nuwara Eliya,12.89,87.22,0.0,14.44,Blister Blight,Exobasidium vexans,0.916,Moderate
2026-08-08 05:00:00,Nuwara Eliya,13.65,95.0,9.95,11.68,Blister Blight,Exobasidium vexans,0.946,Moderate
2026-08-08 06:00:00,Nuwara Eliya,13.3,93.49,2.16,13.6,Blister Blight,Exobasidium vexans,0.932,Moderate
2026-08-08 07:00:00,Nuwara Eliya,12.98,95.0,1.85,17.37,Blister Blight,Exobasidium vexans,0.919,High
2026-08-08 08:00:00,Nuwara Eliya,12.36,86.14,0.0,15.98,Blister Blight,Exobasidium vexans,0.894,High
2026-08-08 09:00:00,Nuwara Eliya,15.88,89.51,0.0,21.17,Blister Blight,Exobasidium vexans,1.0,High
2026-08-08 10:00:00,Nuwara Eliya,13.57,94.52,1.83,14.9,Blister Blight,Exobasidium vexans,0.943,Moderate
2026-08-08 11:00:00,Nuwara Eliya,10.0,92.87,2.29,10.11,Blister Blight (dormant/low risk),Exobasidium vexans,0.8,Low
2026-08-08 12:00:00,Nuwara Eliya,15.04,73.41,0.0,11.67,Blister Blight,Exobasidium vexans,0.736,Moderate
2026-08-08 13:00:00,Nuwara Eliya,16.41,65.63,0.0,2.0,Blister Blight (dormant/low risk),Exobasidium vexans,0.425,Low
2026-08-08 14:00:00,Nuwara Eliya,14.41,79.35,0.0,12.47,Blister Blight,Exobasidium vexans,0.95,Moderate
2026-08-08 15:00:00,Nuwara Eliya,16.78,76.29,0.91,15.79,Blister Blight,Exobasidium vexans,0.852,High
2026-08-08 16:00:00,Nuwara Eliya,16.93,77.01,0.87,11.86,Blister Blight,Exobasidium vexans,0.88,Moderate
2026-08-08 17:00:00,Nuwara Eliya,19.48,79.23,1.55,20.63,Blister Blight,Exobasidium vexans,0.969,High
2026-08-08 18:00:00,Nuwara Eliya,17.27,81.19,0.0,12.13,Blister Blight,Exobasidium vexans,1.0,Moderate
2026-08-08 19:00:00,Nuwara Eliya,17.28,81.19,0.19,10.93,Blister Blight,Exobasidium vexans,1.0,Moderate
2026-08-08 20:00:00,Nuwara Eliya,15.5,80.73,0.99,8.87,Blister Blight (dormant/low risk),Exobasidium vexans,1.0,Low
2026-08-08 21:00:00,Nuwara Eliya,20.18,72.79,0.9,20.55,Blister Blight,Exobasidium vexans,0.712,High
2026-08-08 22:00:00,Nuwara Eliya,15.45,95.0,5.65,22.24,Blister Blight,Exobasidium vexans,1.0,High
2026-08-08 23:00:00,Nuwara Eliya,14.27,85.2,0.0,18.85,Blister Blight,Exobasidium vexans,0.971,High
2026-08-08 00:00:00,Kandy,25.26,67.01,1.03,13.56,Grey Blight,Pestalotiopsis spp.,0.67,Moderate
2026-08-08 01:00:00,Kandy,21.36,74.28,0.0,19.78,Grey Blight,Pestalotiopsis spp.,0.971,High
2026-08-08 02:00:00,Kandy,21.78,74.79,0.0,16.24,Grey Blight,Pestalotiopsis spp.,0.992,High
2026-08-08 03:00:00,Kandy,20.19,68.95,2.52,8.1,Grey Blight (dormant/low risk),Pestalotiopsis spp.,0.758,Low
2026-08-08 04:00:00,Kandy,19.74,86.05,2.32,13.36,Grey Blight,Pestalotiopsis spp.,0.99,Moderate
2026-08-08 05:00:00,Kandy,21.05,79.92,0.0,14.97,Grey Blight,Pestalotiopsis spp.,1.0,Moderate
2026-08-08 06:00:00,Kandy,21.27,82.04,0.38,15.15,Grey Blight,Pestalotiopsis spp.,1.0,Moderate
2026-08-08 07:00:00,Kandy,22.36,83.0,0.33,12.16,Grey Blight,Pestalotiopsis spp.,1.0,Moderate
2026-08-08 08:00:00,Kandy,21.04,77.41,0.0,14.65,Grey Blight,Pestalotiopsis spp.,1.0,Moderate
2026-08-08 09:00:00,Kandy,22.28,73.0,0.0,10.12,Grey Blight (dormant/low risk),Pestalotiopsis spp.,0.92,Low
2026-08-08 10:00:00,Kandy,22.49,71.39,0.0,12.07,Grey Blight,Pestalotiopsis spp.,0.856,Moderate
2026-08-08 11:00:00,Kandy,24.29,68.6,0.0,11.81,Grey Blight,Pestalotiopsis spp.,0.744,Moderate
2026-08-08 12:00:00,Kandy,24.08,66.8,0.0,11.13,Grey Blight,Pestalotiopsis spp.,0.672,Moderate
2026-08-08 13:00:00,Kandy,20.4,66.8,0.0,15.06,Grey Blight,Pestalotiopsis spp.,0.672,Moderate
2026-08-08 14:00:00,Kandy,25.62,64.53,0.0,14.88,Grey Blight,Pestalotiopsis spp.,0.556,Moderate
2026-08-08 15:00:00,Kandy,24.06,71.18,1.68,14.16,Grey Blight,Pestalotiopsis spp.,0.847,Moderate
2026-08-08 16:00:00,Kandy,22.24,71.79,0.0,8.52,Grey Blight (dormant/low risk),Pestalotiopsis spp.,0.872,Low
2026-08-08 17:00:00,Kandy,23.06,71.22,0.0,10.17,Grey Blight (dormant/low risk),Pestalotiopsis spp.,0.849,Low
2026-08-08 18:00:00,Kandy,26.94,71.95,2.19,10.48,Grey Blight (dormant/low risk),Pestalotiopsis spp.,0.8,Low
2026-08-08 19:00:00,Kandy,26.67,76.8,0.0,15.99,Grey Blight,Pestalotiopsis spp.,0.933,High
2026-08-08 20:00:00,Kandy,24.79,68.8,0.0,7.09,Grey Blight (dormant/low risk),Pestalotiopsis spp.,0.752,Low
2026-08-08 21:00:00,Kandy,30.0,63.04,0.0,15.64,Grey Blight,Pestalotiopsis spp.,0.322,Moderate
2026-08-08 22:00:00,Kandy,23.55,69.5,0.0,11.87,Grey Blight,Pestalotiopsis spp.,0.78,Moderate
2026-08-08 23:00:00,Kandy,26.89,58.67,0.0,10.67,Grey Blight (dormant/low risk),Pestalotiopsis spp.,0.324,Low
2026-08-08 00:00:00,Ratnapura,23.64,83.02,0.0,7.8,Brown Blight (dormant/low risk),Colletotrichum / Glomerella spp.,0.946,Low
2026-08-08 01:00:00,Ratnapura,25.62,87.96,0.0,11.62,Brown Blight,Colletotrichum / Glomerella spp.,1.0,Moderate
2026-08-08 02:00:00,Ratnapura,26.65,77.6,0.0,13.46,Brown Blight,Colletotrichum / Glomerella spp.,0.904,Moderate
2026-08-08 03:00:00,Ratnapura,23.4,83.99,0.0,10.65,Brown Blight (dormant/low risk),Colletotrichum / Glomerella spp.,0.936,Low
2026-08-08 04:00:00,Ratnapura,25.32,83.03,0.0,16.95,Brown Blight,Colletotrichum / Glomerella spp.,1.0,High
2026-08-08 05:00:00,Ratnapura,22.79,85.05,1.2,12.81,Brown Blight,Colletotrichum / Glomerella spp.,0.912,Moderate
2026-08-08 06:00:00,Ratnapura,24.65,88.4,2.38,12.97,Brown Blight,Colletotrichum / Glomerella spp.,0.986,Moderate
2026-08-08 07:00:00,Ratnapura,23.67,82.99,0.15,12.01,Brown Blight,Colletotrichum / Glomerella spp.,0.947,Moderate
2026-08-08 08:00:00,Ratnapura,25.23,83.08,0.0,14.04,Brown Blight,Colletotrichum / Glomerella spp.,1.0,Moderate
2026-08-08 09:00:00,Ratnapura,24.63,75.23,0.0,13.02,Brown Blight,Colletotrichum / Glomerella spp.,0.794,Moderate
2026-08-08 10:00:00,Ratnapura,25.8,70.25,0.07,16.75,Brown Blight,Colletotrichum / Glomerella spp.,0.61,High
2026-08-08 11:00:00,Ratnapura,25.13,88.67,13.75,15.52,Brown Blight,Colletotrichum / Glomerella spp.,1.0,Moderate
2026-08-08 12:00:00,Ratnapura,25.2,75.14,0.0,13.41,Brown Blight,Colletotrichum / Glomerella spp.,0.806,Moderate
2026-08-08 13:00:00,Ratnapura,28.29,65.23,0.0,9.08,Brown Blight (dormant/low risk),Colletotrichum / Glomerella spp.,0.409,Low
2026-08-08 14:00:00,Ratnapura,27.96,68.6,0.0,9.11,Brown Blight (dormant/low risk),Colletotrichum / Glomerella spp.,0.544,Low
2026-08-08 15:00:00,Ratnapura,29.02,68.6,0.0,9.2,Brown Blight (dormant/low risk),Colletotrichum / Glomerella spp.,0.544,Low
2026-08-08 16:00:00,Ratnapura,33.62,69.64,4.0,5.65,Brown Blight (dormant/low risk),Colletotrichum / Glomerella spp.,0.441,Low
2026-08-08 17:00:00,Ratnapura,29.88,76.09,0.0,14.64,Brown Blight,Colletotrichum / Glomerella spp.,0.844,Moderate
2026-08-08 18:00:00,Ratnapura,30.9,70.43,0.0,12.68,Brown Blight,Colletotrichum / Glomerella spp.,0.581,Moderate
2026-08-08 19:00:00,Ratnapura,30.38,70.96,1.34,1.57,Brown Blight (dormant/low risk),Colletotrichum / Glomerella spp.,0.623,Low
2026-08-08 20:00:00,Ratnapura,32.92,74.0,0.0,13.51,Brown Blight,Colletotrichum / Glomerella spp.,0.643,Moderate
2026-08-08 21:00:00,Ratnapura,31.57,74.62,0.0,9.21,Brown Blight (dormant/low risk),Colletotrichum / Glomerella spp.,0.722,Low
2026-08-08 22:00:00,Ratnapura,29.64,75.16,0.0,7.6,Brown Blight (dormant/low risk),Colletotrichum / Glomerella spp.,0.806,Low
2026-08-08 23:00:00,Ratnapura,30.2,75.07,0.0,12.8,Brown Blight,Colletotrichum / Glomerella spp.,0.795,Moderate
2026-08-09 00:00:00,Nuwara Eliya,18.0,93.31,3.42,22.17,Blister Blight,Exobasidium vexans,1.0,High
2026-08-09 01:00:00,Nuwara Eliya,15.34,81.69,0.0,17.9,Blister Blight,Exobasidium vexans,1.0,High
2026-08-09 02:00:00,Nuwara Eliya,12.7,86.62,0.76,18.96,Blister Blight,Exobasidium vexans,0.908,High
2026-08-09 03:00:00,Nuwara Eliya,13.32,89.16,1.36,12.42,Blister Blight,Exobasidium vexans,0.933,Moderate
2026-08-09 04:00:00,Nuwara Eliya,13.38,95.0,6.76,18.61,Blister Blight,Exobasidium vexans,0.935,High
2026-08-09 05:00:00,Nuwara Eliya,11.51,95.0,0.71,18.02,Blister Blight,Exobasidium vexans,0.86,High
2026-08-09 06:00:00,Nuwara Eliya,14.9,91.58,1.42,15.63,Blister Blight,Exobasidium vexans,0.996,Moderate
2026-08-09 07:00:00,Nuwara Eliya,15.93,95.0,3.99,20.51,Blister Blight,Exobasidium vexans,1.0,High
2026-08-09 08:00:00,Nuwara Eliya,14.21,90.31,0.35,17.31,Blister Blight,Exobasidium vexans,0.968,High
2026-08-09 09:00:00,Nuwara Eliya,13.45,87.75,3.62,14.3,Blister Blight,Exobasidium vexans,0.938,Moderate
2026-08-09 10:00:00,Nuwara Eliya,11.44,87.99,0.0,11.93,Blister Blight,Exobasidium vexans,0.858,Moderate
2026-08-09 11:00:00,Nuwara Eliya,11.38,89.37,8.7,13.7,Blister Blight,Exobasidium vexans,0.855,Moderate
2026-08-09 12:00:00,Nuwara Eliya,13.26,79.09,3.41,16.51,Blister Blight,Exobasidium vexans,0.894,High
2026-08-09 13:00:00,Nuwara Eliya,15.09,80.0,0.09,15.51,Blister Blight,Exobasidium vexans,1.0,Moderate
2026-08-09 14:00:00,Nuwara Eliya,16.19,68.6,0.0,11.54,Blister Blight,Exobasidium vexans,0.544,Moderate
2026-08-09 15:00:00,Nuwara Eliya,14.96,78.89,0.62,12.22,Blister Blight,Exobasidium vexans,0.954,Moderate
2026-08-09 16:00:00,Nuwara Eliya,18.06,71.05,0.7,6.91,Blister Blight (dormant/low risk),Exobasidium vexans,0.642,Low
2026-08-09 17:00:00,Nuwara Eliya,19.62,79.99,1.52,14.1,Blister Blight,Exobasidium vexans,1.0,Moderate
2026-08-09 18:00:00,Nuwara Eliya,19.8,78.95,0.0,19.72,Blister Blight,Exobasidium vexans,0.958,High
2026-08-09 19:00:00,Nuwara Eliya,13.89,92.55,10.36,19.23,Blister Blight,Exobasidium vexans,0.956,High
2026-08-09 20:00:00,Nuwara Eliya,17.22,92.92,0.0,14.51,Blister Blight,Exobasidium vexans,1.0,Moderate
2026-08-09 21:00:00,Nuwara Eliya,20.33,89.27,0.0,10.89,Blister Blight,Exobasidium vexans,1.0,Moderate
2026-08-09 22:00:00,Nuwara Eliya,17.72,81.45,0.0,11.47,Blister Blight,Exobasidium vexans,1.0,Moderate
2026-08-09 23:00:00,Nuwara Eliya,16.27,84.52,2.62,15.94,Blister Blight,Exobasidium vexans,1.0,High
2026-08-09 00:00:00,Kandy,23.73,74.72,0.0,19.35,Grey Blight,Pestalotiopsis spp.,0.989,High
2026-08-09 01:00:00,Kandy,21.08,68.18,0.0,9.54,Grey Blight (dormant/low risk),Pestalotiopsis spp.,0.727,Low
2026-08-09 02:00:00,Kandy,21.97,73.08,0.0,12.99,Grey Blight,Pestalotiopsis spp.,0.923,Moderate
2026-08-09 03:00:00,Kandy,22.48,75.53,0.46,13.99,Grey Blight,Pestalotiopsis spp.,1.0,Moderate
2026-08-09 04:00:00,Kandy,19.13,84.2,0.65,8.32,Grey Blight (dormant/low risk),Pestalotiopsis spp.,0.965,Low
2026-08-09 05:00:00,Kandy,22.32,84.22,0.27,17.42,Grey Blight,Pestalotiopsis spp.,1.0,High
2026-08-09 06:00:00,Kandy,19.62,90.0,5.62,17.34,Grey Blight,Pestalotiopsis spp.,0.985,High
2026-08-09 07:00:00,Kandy,21.24,79.33,0.0,16.74,Grey Blight,Pestalotiopsis spp.,1.0,High
2026-08-09 08:00:00,Kandy,24.52,82.12,0.0,17.86,Grey Blight,Pestalotiopsis spp.,1.0,High
2026-08-09 09:00:00,Kandy,19.4,76.96,0.0,14.97,Grey Blight,Pestalotiopsis spp.,0.976,Moderate
2026-08-09 10:00:00,Kandy,25.22,63.26,0.0,13.5,Grey Blight,Pestalotiopsis spp.,0.522,Moderate
2026-08-09 11:00:00,Kandy,21.79,70.66,2.61,10.25,Grey Blight (dormant/low risk),Pestalotiopsis spp.,0.826,Low
2026-08-09 12:00:00,Kandy,19.71,66.0,0.0,16.22,Grey Blight,Pestalotiopsis spp.,0.628,High
2026-08-09 13:00:00,Kandy,21.23,71.86,0.0,17.53,Grey Blight,Pestalotiopsis spp.,0.874,High
2026-08-09 14:00:00,Kandy,20.75,67.83,0.0,15.15,Grey Blight,Pestalotiopsis spp.,0.713,Moderate
2026-08-09 15:00:00,Kandy,26.62,55.0,0.0,7.26,Grey Blight (dormant/low risk),Pestalotiopsis spp.,0.335,Low
2026-08-09 16:00:00,Kandy,25.69,59.08,0.0,16.0,Grey Blight,Pestalotiopsis spp.,0.372,High
2026-08-09 17:00:00,Kandy,22.56,70.96,0.0,9.87,Grey Blight (dormant/low risk),Pestalotiopsis spp.,0.838,Low
2026-08-09 18:00:00,Kandy,24.77,66.2,1.08,10.89,Grey Blight,Pestalotiopsis spp.,0.648,Moderate
2026-08-09 19:00:00,Kandy,26.99,67.66,0.0,13.22,Grey Blight,Pestalotiopsis spp.,0.627,Moderate
2026-08-09 20:00:00,Kandy,23.12,74.17,0.0,9.39,Grey Blight (dormant/low risk),Pestalotiopsis spp.,0.967,Low
2026-08-09 21:00:00,Kandy,23.7,76.43,0.0,11.21,Grey Blight,Pestalotiopsis spp.,1.0,Moderate
2026-08-09 22:00:00,Kandy,24.88,67.81,0.44,14.66,Grey Blight,Pestalotiopsis spp.,0.712,Moderate
2026-08-09 23:00:00,Kandy,24.84,72.91,0.0,11.3,Grey Blight,Pestalotiopsis spp.,0.916,Moderate
2026-08-09 00:00:00,Ratnapura,27.25,78.68,0.0,5.41,Brown Blight (dormant/low risk),Colletotrichum / Glomerella spp.,0.947,Low
2026-08-09 01:00:00,Ratnapura,27.56,78.56,0.0,9.37,Brown Blight (dormant/low risk),Colletotrichum / Glomerella spp.,0.942,Low
2026-08-09 02:00:00,Ratnapura,27.3,76.31,0.0,9.2,Brown Blight (dormant/low risk),Colletotrichum / Glomerella spp.,0.852,Low
2026-08-09 03:00:00,Ratnapura,27.47,71.77,0.0,11.15,Brown Blight,Colletotrichum / Glomerella spp.,0.671,Moderate
2026-08-09 04:00:00,Ratnapura,27.85,83.39,0.0,12.22,Brown Blight,Colletotrichum / Glomerella spp.,1.0,Moderate
2026-08-09 05:00:00,Ratnapura,22.18,87.01,0.0,12.54,Brown Blight,Colletotrichum / Glomerella spp.,0.887,Moderate
2026-08-09 06:00:00,Ratnapura,23.13,84.61,0.15,16.8,Brown Blight,Colletotrichum / Glomerella spp.,0.925,High
2026-08-09 07:00:00,Ratnapura,22.0,87.4,1.49,13.58,Brown Blight,Colletotrichum / Glomerella spp.,0.88,Moderate
2026-08-09 08:00:00,Ratnapura,28.59,84.05,0.0,13.24,Brown Blight,Colletotrichum / Glomerella spp.,1.0,Moderate
2026-08-09 09:00:00,Ratnapura,25.94,74.34,0.0,12.54,Brown Blight,Colletotrichum / Glomerella spp.,0.774,Moderate
2026-08-09 10:00:00,Ratnapura,26.48,93.82,5.57,11.59,Brown Blight,Colletotrichum / Glomerella spp.,1.0,Moderate
2026-08-09 11:00:00,Ratnapura,24.46,81.39,0.0,13.15,Brown Blight,Colletotrichum / Glomerella spp.,0.978,Moderate
2026-08-09 12:00:00,Ratnapura,27.39,65.0,0.0,10.63,Brown Blight (dormant/low risk),Colletotrichum / Glomerella spp.,0.4,Low
2026-08-09 13:00:00,Ratnapura,26.16,69.95,0.8,10.2,Brown Blight (dormant/low risk),Colletotrichum / Glomerella spp.,0.598,Low
2026-08-09 14:00:00,Ratnapura,26.88,75.77,0.0,9.09,Brown Blight (dormant/low risk),Colletotrichum / Glomerella spp.,0.831,Low
2026-08-09 15:00:00,Ratnapura,30.31,65.0,0.0,9.43,Brown Blight (dormant/low risk),Colletotrichum / Glomerella spp.,0.388,Low
2026-08-09 16:00:00,Ratnapura,27.81,72.76,0.0,5.34,Brown Blight (dormant/low risk),Colletotrichum / Glomerella spp.,0.71,Low
2026-08-09 17:00:00,Ratnapura,31.72,65.0,0.0,8.82,Brown Blight (dormant/low risk),Colletotrichum / Glomerella spp.,0.331,Low
2026-08-09 18:00:00,Ratnapura,31.02,69.4,0.0,6.64,Brown Blight (dormant/low risk),Colletotrichum / Glomerella spp.,0.535,Low
2026-08-09 19:00:00,Ratnapura,32.22,65.34,0.0,9.8,Brown Blight (dormant/low risk),Colletotrichum / Glomerella spp.,0.325,Low
2026-08-09 20:00:00,Ratnapura,30.85,72.85,0.0,10.9,Brown Blight,Colletotrichum / Glomerella spp.,0.68,Moderate
2026-08-09 21:00:00,Ratnapura,27.52,72.87,0.54,11.8,Brown Blight,Colletotrichum / Glomerella spp.,0.715,Moderate
2026-08-09 22:00:00,Ratnapura,29.51,71.11,0.41,8.81,Brown Blight (dormant/low risk),Colletotrichum / Glomerella spp.,0.644,Low
2026-08-09 23:00:00,Ratnapura,28.89,79.76,0.0,9.34,Brown Blight (dormant/low risk),Colletotrichum / Glomerella spp.,0.99,Low
2026-08-10 00:00:00,Nuwara Eliya,13.13,82.04,0.0,8.21,Blister Blight (dormant/low risk),Exobasidium vexans,0.925,Low
2026-08-10 01:00:00,Nuwara Eliya,11.34,90.53,0.0,14.03,Blister Blight,Exobasidium vexans,0.854,Moderate
2026-08-10 02:00:00,Nuwara Eliya,15.23,85.62,0.97,10.34,Blister Blight (dormant/low risk),Exobasidium vexans,1.0,Low
2026-08-10 03:00:00,Nuwara Eliya,14.0,88.29,0.48,15.6,Blister Blight,Exobasidium vexans,0.96,Moderate
2026-08-10 04:00:00,Nuwara Eliya,16.62,95.0,3.96,21.38,Blister Blight,Exobasidium vexans,1.0,High
2026-08-10 05:00:00,Nuwara Eliya,12.03,95.0,0.72,17.36,Blister Blight,Exobasidium vexans,0.881,High
2026-08-10 06:00:00,Nuwara Eliya,13.12,85.86,0.65,6.98,Blister Blight (dormant/low risk),Exobasidium vexans,0.925,Low
2026-08-10 07:00:00,Nuwara Eliya,10.03,95.0,1.17,14.6,Blister Blight,Exobasidium vexans,0.801,Moderate
2026-08-10 08:00:00,Nuwara Eliya,12.53,94.15,1.81,14.37,Blister Blight,Exobasidium vexans,0.901,Moderate
2026-08-10 09:00:00,Nuwara Eliya,13.2,83.4,0.56,11.72,Blister Blight,Exobasidium vexans,0.928,Moderate
2026-08-10 10:00:00,Nuwara Eliya,12.0,86.29,1.21,17.22,Blister Blight,Exobasidium vexans,0.88,High
2026-08-10 11:00:00,Nuwara Eliya,12.01,82.99,2.18,9.09,Blister Blight (dormant/low risk),Exobasidium vexans,0.88,Low
2026-08-10 12:00:00,Nuwara Eliya,14.32,73.43,0.0,13.37,Blister Blight,Exobasidium vexans,0.71,Moderate
2026-08-10 13:00:00,Nuwara Eliya,12.31,75.69,0.0,8.63,Blister Blight (dormant/low risk),Exobasidium vexans,0.72,Low
2026-08-10 14:00:00,Nuwara Eliya,11.82,79.83,1.76,16.29,Blister Blight,Exobasidium vexans,0.866,High
2026-08-10 15:00:00,Nuwara Eliya,15.39,71.19,0.0,14.92,Blister Blight,Exobasidium vexans,0.648,Moderate
2026-08-10 16:00:00,Nuwara Eliya,19.58,71.97,0.0,18.62,Blister Blight,Exobasidium vexans,0.679,High
2026-08-10 17:00:00,Nuwara Eliya,16.58,81.99,0.54,11.74,Blister Blight,Exobasidium vexans,1.0,Moderate
2026-08-10 18:00:00,Nuwara Eliya,19.22,79.66,0.0,9.42,Blister Blight (dormant/low risk),Exobasidium vexans,0.986,Low
2026-08-10 19:00:00,Nuwara Eliya,21.75,87.06,6.52,18.31,Blister Blight,Exobasidium vexans,1.0,High
2026-08-10 20:00:00,Nuwara Eliya,20.92,86.32,0.0,21.6,Blister Blight,Exobasidium vexans,1.0,High
2026-08-10 21:00:00,Nuwara Eliya,18.85,83.12,0.0,16.39,Blister Blight,Exobasidium vexans,1.0,High
2026-08-10 22:00:00,Nuwara Eliya,14.91,82.15,0.0,15.75,Blister Blight,Exobasidium vexans,0.996,High
2026-08-10 23:00:00,Nuwara Eliya,20.43,74.14,0.49,14.65,Blister Blight,Exobasidium vexans,0.766,Moderate
2026-08-10 00:00:00,Kandy,23.5,75.22,0.0,15.95,Grey Blight,Pestalotiopsis spp.,1.0,High
2026-08-10 01:00:00,Kandy,21.93,68.53,0.0,12.11,Grey Blight,Pestalotiopsis spp.,0.741,Moderate
2026-08-10 02:00:00,Kandy,22.35,67.66,0.6,8.2,Grey Blight (dormant/low risk),Pestalotiopsis spp.,0.706,Low
2026-08-10 03:00:00,Kandy,23.9,67.45,0.0,8.46,Grey Blight (dormant/low risk),Pestalotiopsis spp.,0.698,Low
2026-08-10 04:00:00,Kandy,20.02,81.08,0.0,9.0,Grey Blight (dormant/low risk),Pestalotiopsis spp.,1.0,Low
2026-08-10 05:00:00,Kandy,21.18,74.59,0.0,19.66,Grey Blight,Pestalotiopsis spp.,0.984,High
2026-08-10 06:00:00,Kandy,22.28,75.97,0.0,11.89,Grey Blight,Pestalotiopsis spp.,1.0,Moderate
2026-08-10 07:00:00,Kandy,20.59,81.45,0.8,16.36,Grey Blight,Pestalotiopsis spp.,1.0,High
2026-08-10 08:00:00,Kandy,19.96,74.55,0.0,18.99,Grey Blight,Pestalotiopsis spp.,0.98,High
2026-08-10 09:00:00,Kandy,21.07,77.99,0.25,15.24,Grey Blight,Pestalotiopsis spp.,1.0,Moderate
2026-08-10 10:00:00,Kandy,18.85,79.27,0.69,15.95,Grey Blight,Pestalotiopsis spp.,0.954,High
2026-08-10 11:00:00,Kandy,20.71,67.5,0.0,17.75,Grey Blight,Pestalotiopsis spp.,0.7,High
2026-08-10 12:00:00,Kandy,23.61,66.0,0.0,13.42,Grey Blight,Pestalotiopsis spp.,0.64,Moderate
2026-08-10 13:00:00,Kandy,24.2,63.31,0.14,15.33,Grey Blight,Pestalotiopsis spp.,0.532,Moderate
2026-08-10 14:00:00,Kandy,23.5,66.87,0.0,9.33,Grey Blight (dormant/low risk),Pestalotiopsis spp.,0.675,Low
2026-08-10 15:00:00,Kandy,20.83,68.81,2.89,7.03,Grey Blight (dormant/low risk),Pestalotiopsis spp.,0.752,Low
2026-08-10 16:00:00,Kandy,25.75,65.53,1.19,13.86,Grey Blight,Pestalotiopsis spp.,0.591,Moderate
2026-08-10 17:00:00,Kandy,28.26,73.58,0.0,14.16,Grey Blight,Pestalotiopsis spp.,0.813,Moderate
2026-08-10 18:00:00,Kandy,26.91,67.85,0.13,12.96,Grey Blight,Pestalotiopsis spp.,0.638,Moderate
2026-08-10 19:00:00,Kandy,27.15,61.91,0.0,8.47,Grey Blight (dormant/low risk),Pestalotiopsis spp.,0.39,Low
2026-08-10 20:00:00,Kandy,23.65,71.21,0.0,13.92,Grey Blight,Pestalotiopsis spp.,0.848,Moderate
2026-08-10 21:00:00,Kandy,26.49,75.35,0.0,9.88,Grey Blight (dormant/low risk),Pestalotiopsis spp.,0.94,Low
2026-08-10 22:00:00,Kandy,26.01,66.37,0.32,15.31,Grey Blight,Pestalotiopsis spp.,0.614,Moderate
2026-08-10 23:00:00,Kandy,23.11,70.72,0.0,11.4,Grey Blight,Pestalotiopsis spp.,0.829,Moderate
2026-08-10 00:00:00,Ratnapura,30.27,78.18,0.0,18.06,Brown Blight,Colletotrichum / Glomerella spp.,0.916,High
2026-08-10 01:00:00,Ratnapura,30.07,71.86,0.0,17.08,Brown Blight,Colletotrichum / Glomerella spp.,0.672,High
2026-08-10 02:00:00,Ratnapura,28.67,79.77,1.42,11.87,Brown Blight,Colletotrichum / Glomerella spp.,0.991,Moderate
2026-08-10 03:00:00,Ratnapura,27.05,78.34,0.8,10.31,Brown Blight (dormant/low risk),Colletotrichum / Glomerella spp.,0.934,Low
2026-08-10 04:00:00,Ratnapura,24.84,84.94,0.0,16.47,Brown Blight,Colletotrichum / Glomerella spp.,0.994,High
2026-08-10 05:00:00,Ratnapura,27.65,82.94,1.71,10.88,Brown Blight,Colletotrichum / Glomerella spp.,1.0,Moderate
2026-08-10 06:00:00,Ratnapura,23.68,90.39,2.44,18.44,Brown Blight,Colletotrichum / Glomerella spp.,0.947,High
2026-08-10 07:00:00,Ratnapura,25.24,80.55,0.24,14.0,Brown Blight,Colletotrichum / Glomerella spp.,1.0,Moderate
2026-08-10 08:00:00,Ratnapura,29.19,90.19,3.31,9.94,Brown Blight (dormant/low risk),Colletotrichum / Glomerella spp.,1.0,Low
2026-08-10 09:00:00,Ratnapura,22.97,77.7,0.01,15.12,Brown Blight,Colletotrichum / Glomerella spp.,0.827,Moderate
2026-08-10 10:00:00,Ratnapura,26.53,79.68,0.0,13.61,Brown Blight,Colletotrichum / Glomerella spp.,0.987,Moderate
2026-08-10 11:00:00,Ratnapura,27.72,79.18,0.0,11.78,Brown Blight,Colletotrichum / Glomerella spp.,0.967,Moderate
2026-08-10 12:00:00,Ratnapura,27.24,75.19,2.86,15.13,Brown Blight,Colletotrichum / Glomerella spp.,0.808,Moderate
2026-08-10 13:00:00,Ratnapura,25.54,66.97,0.0,6.28,Brown Blight (dormant/low risk),Colletotrichum / Glomerella spp.,0.479,Low
2026-08-10 14:00:00,Ratnapura,29.43,71.11,0.0,12.63,Brown Blight,Colletotrichum / Glomerella spp.,0.644,Moderate
2026-08-10 15:00:00,Ratnapura,28.45,74.56,1.8,11.7,Brown Blight,Colletotrichum / Glomerella spp.,0.782,Moderate
2026-08-10 16:00:00,Ratnapura,28.25,69.2,0.0,5.62,Brown Blight (dormant/low risk),Colletotrichum / Glomerella spp.,0.568,Low
2026-08-10 17:00:00,Ratnapura,28.8,75.22,0.0,12.6,Brown Blight,Colletotrichum / Glomerella spp.,0.809,Moderate
2026-08-10 18:00:00,Ratnapura,33.73,69.11,0.0,13.7,Brown Blight,Colletotrichum / Glomerella spp.,0.415,Moderate
2026-08-10 19:00:00,Ratnapura,27.42,81.6,2.24,12.3,Brown Blight,Colletotrichum / Glomerella spp.,1.0,Moderate
2026-08-10 20:00:00,Ratnapura,30.0,74.46,0.0,14.33,Brown Blight,Colletotrichum / Glomerella spp.,0.778,Moderate
2026-08-10 21:00:00,Ratnapura,29.64,67.73,0.87,11.95,Brown Blight,Colletotrichum / Glomerella spp.,0.509,Moderate
2026-08-10 22:00:00,Ratnapura,34.3,75.18,0.0,17.13,Brown Blight,Colletotrichum / Glomerella spp.,0.635,High
2026-08-10 23:00:00,Ratnapura,29.94,82.79,2.45,14.91,Brown Blight,Colletotrichum / Glomerella spp.,1.0,Moderate
2026-08-11 00:00:00,Nuwara Eliya,22.2,78.63,0.13,12.05,Blister Blight,Exobasidium vexans,0.945,Moderate
2026-08-11 01:00:00,Nuwara Eliya,15.42,89.74,2.39,10.39,Blister Blight (dormant/low risk),Exobasidium vexans,1.0,Low
2026-08-11 02:00:00,Nuwara Eliya,17.97,75.63,1.34,15.16,Blister Blight,Exobasidium vexans,0.825,Moderate
2026-08-11 03:00:00,Nuwara Eliya,12.82,85.31,1.0,12.67,Blister Blight,Exobasidium vexans,0.913,Moderate
2026-08-11 04:00:00,Nuwara Eliya,12.15,95.0,12.03,15.57,Blister Blight,Exobasidium vexans,0.886,Moderate
2026-08-11 05:00:00,Nuwara Eliya,13.44,87.95,1.49,18.29,Blister Blight,Exobasidium vexans,0.938,High
2026-08-11 06:00:00,Nuwara Eliya,14.59,90.07,0.73,14.91,Blister Blight,Exobasidium vexans,0.984,Moderate
2026-08-11 07:00:00,Nuwara Eliya,10.0,95.0,3.61,17.31,Blister Blight,Exobasidium vexans,0.8,High
2026-08-11 08:00:00,Nuwara Eliya,13.8,90.23,0.91,11.64,Blister Blight,Exobasidium vexans,0.952,Moderate
2026-08-11 09:00:00,Nuwara Eliya,16.24,85.18,0.0,13.19,Blister Blight,Exobasidium vexans,1.0,Moderate
2026-08-11 10:00:00,Nuwara Eliya,14.03,95.0,3.82,11.43,Blister Blight,Exobasidium vexans,0.961,Moderate
2026-08-11 11:00:00,Nuwara Eliya,13.53,89.57,0.42,15.46,Blister Blight,Exobasidium vexans,0.941,Moderate
2026-08-11 12:00:00,Nuwara Eliya,12.74,76.62,0.0,9.36,Blister Blight (dormant/low risk),Exobasidium vexans,0.774,Low
2026-08-11 13:00:00,Nuwara Eliya,11.5,79.1,0.0,4.39,Blister Blight (dormant/low risk),Exobasidium vexans,0.824,Low
2026-08-11 14:00:00,Nuwara Eliya,16.91,74.69,0.0,12.2,Blister Blight,Exobasidium vexans,0.788,Moderate
2026-08-11 15:00:00,Nuwara Eliya,14.05,76.3,0.0,12.48,Blister Blight,Exobasidium vexans,0.814,Moderate
2026-08-11 16:00:00,Nuwara Eliya,13.28,83.36,3.83,11.72,Blister Blight,Exobasidium vexans,0.931,Moderate
2026-08-11 17:00:00,Nuwara Eliya,17.16,84.97,0.0,14.82,Blister Blight,Exobasidium vexans,1.0,Moderate
2026-08-11 18:00:00,Nuwara Eliya,19.36,81.59,2.46,9.24,Blister Blight (dormant/low risk),Exobasidium vexans,1.0,Low
2026-08-11 19:00:00,Nuwara Eliya,16.24,82.57,4.1,14.19,Blister Blight,Exobasidium vexans,1.0,Moderate
2026-08-11 20:00:00,Nuwara Eliya,20.58,76.77,2.33,16.16,Blister Blight,Exobasidium vexans,0.871,High
2026-08-11 21:00:00,Nuwara Eliya,14.28,81.42,1.74,13.0,Blister Blight,Exobasidium vexans,0.971,Moderate
2026-08-11 22:00:00,Nuwara Eliya,17.69,77.88,0.06,14.26,Blister Blight,Exobasidium vexans,0.915,Moderate
2026-08-11 23:00:00,Nuwara Eliya,16.51,87.8,5.6,6.44,Blister Blight (dormant/low risk),Exobasidium vexans,1.0,Low
2026-08-11 00:00:00,Kandy,24.67,72.97,0.0,9.08,Grey Blight (dormant/low risk),Pestalotiopsis spp.,0.919,Low
2026-08-11 01:00:00,Kandy,25.51,81.76,3.94,7.7,Grey Blight (dormant/low risk),Pestalotiopsis spp.,0.98,Low
2026-08-11 02:00:00,Kandy,21.14,73.8,0.0,10.39,Grey Blight (dormant/low risk),Pestalotiopsis spp.,0.952,Low
2026-08-11 03:00:00,Kandy,22.0,66.1,0.0,15.29,Grey Blight,Pestalotiopsis spp.,0.644,Moderate
2026-08-11 04:00:00,Kandy,24.12,72.56,0.0,14.18,Grey Blight,Pestalotiopsis spp.,0.902,Moderate
2026-08-11 05:00:00,Kandy,22.07,81.51,1.95,14.78,Grey Blight,Pestalotiopsis spp.,1.0,Moderate
2026-08-11 06:00:00,Kandy,23.26,68.86,0.0,17.35,Grey Blight,Pestalotiopsis spp.,0.754,High
2026-08-11 07:00:00,Kandy,23.35,74.99,0.0,12.23,Grey Blight,Pestalotiopsis spp.,1.0,Moderate
2026-08-11 08:00:00,Kandy,18.72,74.99,0.0,10.94,Grey Blight,Pestalotiopsis spp.,0.948,Moderate
2026-08-11 09:00:00,Kandy,21.17,74.83,0.13,19.18,Grey Blight,Pestalotiopsis spp.,0.993,High
2026-08-11 10:00:00,Kandy,22.56,75.88,0.0,18.38,Grey Blight,Pestalotiopsis spp.,1.0,High
2026-08-11 11:00:00,Kandy,21.96,69.8,0.0,11.22,Grey Blight,Pestalotiopsis spp.,0.792,Moderate
2026-08-11 12:00:00,Kandy,19.74,67.47,0.12,7.82,Grey Blight (dormant/low risk),Pestalotiopsis spp.,0.688,Low
2026-08-11 13:00:00,Kandy,22.74,69.22,0.0,14.47,Grey Blight,Pestalotiopsis spp.,0.769,Moderate
2026-08-11 14:00:00,Kandy,22.63,63.64,0.6,14.41,Grey Blight,Pestalotiopsis spp.,0.546,Moderate
2026-08-11 15:00:00,Kandy,24.13,64.89,0.0,5.56,Grey Blight (dormant/low risk),Pestalotiopsis spp.,0.596,Low
2026-08-11 16:00:00,Kandy,24.15,59.29,1.23,15.1,Grey Blight,Pestalotiopsis spp.,0.4,Moderate
2026-08-11 17:00:00,Kandy,23.29,66.0,0.0,12.95,Grey Blight,Pestalotiopsis spp.,0.64,Moderate
2026-08-11 18:00:00,Kandy,25.61,74.11,0.0,17.4,Grey Blight,Pestalotiopsis spp.,0.94,High
2026-08-11 19:00:00,Kandy,23.51,72.18,0.0,9.91,Grey Blight (dormant/low risk),Pestalotiopsis spp.,0.887,Low
2026-08-11 20:00:00,Kandy,24.86,64.99,0.0,17.38,Grey Blight,Pestalotiopsis spp.,0.6,High
2026-08-11 21:00:00,Kandy,24.28,68.53,0.0,9.09,Grey Blight (dormant/low risk),Pestalotiopsis spp.,0.741,Low
2026-08-11 22:00:00,Kandy,21.24,75.54,0.54,15.82,Grey Blight,Pestalotiopsis spp.,1.0,High
2026-08-11 23:00:00,Kandy,24.16,67.5,0.0,15.33,Grey Blight,Pestalotiopsis spp.,0.7,Moderate
2026-08-11 00:00:00,Ratnapura,29.25,69.49,0.0,14.73,Brown Blight,Colletotrichum / Glomerella spp.,0.58,Moderate
2026-08-11 01:00:00,Ratnapura,32.11,70.08,2.32,11.21,Brown Blight,Colletotrichum / Glomerella spp.,0.519,Moderate
2026-08-11 02:00:00,Ratnapura,29.01,70.84,0.0,12.19,Brown Blight,Colletotrichum / Glomerella spp.,0.634,Moderate
2026-08-11 03:00:00,Ratnapura,23.63,83.76,0.53,16.42,Brown Blight,Colletotrichum / Glomerella spp.,0.945,High
2026-08-11 04:00:00,Ratnapura,29.23,81.94,0.0,7.15,Brown Blight (dormant/low risk),Colletotrichum / Glomerella spp.,1.0,Low
2026-08-11 05:00:00,Ratnapura,24.97,84.88,0.0,21.52,Brown Blight,Colletotrichum / Glomerella spp.,0.999,High
2026-08-11 06:00:00,Ratnapura,24.41,89.97,0.0,17.97,Brown Blight,Colletotrichum / Glomerella spp.,0.976,High
2026-08-11 07:00:00,Ratnapura,26.22,82.59,0.0,6.6,Brown Blight (dormant/low risk),Colletotrichum / Glomerella spp.,1.0,Low
2026-08-11 08:00:00,Ratnapura,23.67,89.95,0.0,22.81,Brown Blight,Colletotrichum / Glomerella spp.,0.947,High
2026-08-11 09:00:00,Ratnapura,29.0,66.21,0.0,10.41,Brown Blight (dormant/low risk),Colletotrichum / Glomerella spp.,0.448,Low
2026-08-11 10:00:00,Ratnapura,23.34,77.18,0.0,13.36,Brown Blight,Colletotrichum / Glomerella spp.,0.821,Moderate
2026-08-11 11:00:00,Ratnapura,28.05,75.29,0.0,15.03,Brown Blight,Colletotrichum / Glomerella spp.,0.812,Moderate
2026-08-11 12:00:00,Ratnapura,27.81,65.0,0.0,10.42,Brown Blight (dormant/low risk),Colletotrichum / Glomerella spp.,0.4,Low
2026-08-11 13:00:00,Ratnapura,28.65,69.75,0.0,7.75,Brown Blight (dormant/low risk),Colletotrichum / Glomerella spp.,0.59,Low
2026-08-11 14:00:00,Ratnapura,27.55,77.02,9.13,13.95,Brown Blight,Colletotrichum / Glomerella spp.,0.881,Moderate
2026-08-11 15:00:00,Ratnapura,29.64,73.66,4.28,14.19,Brown Blight,Colletotrichum / Glomerella spp.,0.746,Moderate
2026-08-11 16:00:00,Ratnapura,28.47,75.14,0.0,10.51,Brown Blight (dormant/low risk),Colletotrichum / Glomerella spp.,0.806,Low
2026-08-11 17:00:00,Ratnapura,29.29,82.94,2.96,14.35,Brown Blight,Colletotrichum / Glomerella spp.,1.0,Moderate
2026-08-11 18:00:00,Ratnapura,30.44,77.01,0.0,14.38,Brown Blight,Colletotrichum / Glomerella spp.,0.863,Moderate
2026-08-11 19:00:00,Ratnapura,30.17,81.11,0.0,7.11,Brown Blight (dormant/low risk),Colletotrichum / Glomerella spp.,0.993,Low
2026-08-11 20:00:00,Ratnapura,32.45,71.29,0.0,16.99,Brown Blight,Colletotrichum / Glomerella spp.,0.554,High
2026-08-11 21:00:00,Ratnapura,30.78,84.87,3.76,10.52,Brown Blight (dormant/low risk),Colletotrichum / Glomerella spp.,0.969,Low
2026-08-11 22:00:00,Ratnapura,31.25,72.89,0.0,10.92,Brown Blight,Colletotrichum / Glomerella spp.,0.666,Moderate
2026-08-11 23:00:00,Ratnapura,30.52,82.23,3.45,11.95,Brown Blight,Colletotrichum / Glomerella spp.,0.979,Moderate
2026-08-12 00:00:00,Nuwara Eliya,18.03,76.15,0.0,13.88,Blister Blight,Exobasidium vexans,0.846,Moderate
2026-08-12 01:00:00,Nuwara Eliya,15.84,76.49,0.0,15.46,Blister Blight,Exobasidium vexans,0.86,Moderate
2026-08-12 02:00:00,Nuwara Eliya,18.28,79.65,0.0,16.72,Blister Blight,Exobasidium vexans,0.986,High
2026-08-12 03:00:00,Nuwara Eliya,13.74,92.77,3.42,19.45,Blister Blight,Exobasidium vexans,0.95,High
2026-08-12 04:00:00,Nuwara Eliya,17.34,93.9,4.94,13.14,Blister Blight,Exobasidium vexans,1.0,Moderate
2026-08-12 05:00:00,Nuwara Eliya,11.34,95.0,3.85,13.61,Blister Blight,Exobasidium vexans,0.854,Moderate
2026-08-12 06:00:00,Nuwara Eliya,10.04,95.0,5.69,15.03,Blister Blight,Exobasidium vexans,0.802,Moderate
2026-08-12 07:00:00,Nuwara Eliya,14.17,91.87,0.0,18.06,Blister Blight,Exobasidium vexans,0.967,High
2026-08-12 08:00:00,Nuwara Eliya,10.0,93.8,0.42,15.76,Blister Blight,Exobasidium vexans,0.8,High
2026-08-12 09:00:00,Nuwara Eliya,15.78,80.57,0.0,8.32,Blister Blight (dormant/low risk),Exobasidium vexans,1.0,Low
2026-08-12 10:00:00,Nuwara Eliya,11.75,91.33,4.05,16.62,Blister Blight,Exobasidium vexans,0.87,High
2026-08-12 11:00:00,Nuwara Eliya,16.5,85.7,0.0,14.44,Blister Blight,Exobasidium vexans,1.0,Moderate
2026-08-12 12:00:00,Nuwara Eliya,14.89,72.29,0.0,12.34,Blister Blight,Exobasidium vexans,0.687,Moderate
2026-08-12 13:00:00,Nuwara Eliya,13.75,87.21,6.78,15.78,Blister Blight,Exobasidium vexans,0.95,High
2026-08-12 14:00:00,Nuwara Eliya,15.27,83.03,1.31,10.8,Blister Blight,Exobasidium vexans,1.0,Moderate
2026-08-12 15:00:00,Nuwara Eliya,16.31,72.01,0.0,16.05,Blister Blight,Exobasidium vexans,0.68,High
2026-08-12 16:00:00,Nuwara Eliya,18.67,70.85,0.0,8.7,Blister Blight (dormant/low risk),Exobasidium vexans,0.634,Low
2026-08-12 17:00:00,Nuwara Eliya,22.84,81.42,0.34,15.2,Blister Blight,Exobasidium vexans,1.0,Moderate
2026-08-12 18:00:00,Nuwara Eliya,18.81,82.34,0.79,13.71,Blister Blight,Exobasidium vexans,1.0,Moderate
2026-08-12 19:00:00,Nuwara Eliya,15.04,95.0,7.64,20.62,Blister Blight,Exobasidium vexans,1.0,High
2026-08-12 20:00:00,Nuwara Eliya,18.49,86.76,0.47,10.56,Blister Blight (dormant/low risk),Exobasidium vexans,1.0,Low
2026-08-12 21:00:00,Nuwara Eliya,20.16,76.84,0.0,15.03,Blister Blight,Exobasidium vexans,0.874,Moderate
2026-08-12 22:00:00,Nuwara Eliya,18.26,81.2,0.53,17.43,Blister Blight,Exobasidium vexans,1.0,High
2026-08-12 23:00:00,Nuwara Eliya,17.69,85.03,1.16,8.13,Blister Blight (dormant/low risk),Exobasidium vexans,1.0,Low
2026-08-12 00:00:00,Kandy,23.72,65.87,0.0,8.99,Grey Blight (dormant/low risk),Pestalotiopsis spp.,0.635,Low
2026-08-12 01:00:00,Kandy,21.98,67.84,0.0,10.65,Grey Blight (dormant/low risk),Pestalotiopsis spp.,0.714,Low
2026-08-12 02:00:00,Kandy,20.2,69.88,0.0,13.08,Grey Blight,Pestalotiopsis spp.,0.795,Moderate
2026-08-12 03:00:00,Kandy,24.74,72.87,0.0,11.84,Grey Blight,Pestalotiopsis spp.,0.915,Moderate
2026-08-12 04:00:00,Kandy,22.18,79.3,0.0,16.93,Grey Blight,Pestalotiopsis spp.,1.0,High
2026-08-12 05:00:00,Kandy,21.15,76.07,0.0,9.2,Grey Blight (dormant/low risk),Pestalotiopsis spp.,1.0,Low
2026-08-12 06:00:00,Kandy,20.39,81.93,0.0,8.36,Grey Blight (dormant/low risk),Pestalotiopsis spp.,1.0,Low
2026-08-12 07:00:00,Kandy,20.17,78.53,0.0,18.61,Grey Blight,Pestalotiopsis spp.,1.0,High
2026-08-12 08:00:00,Kandy,22.42,82.17,0.64,10.35,Grey Blight (dormant/low risk),Pestalotiopsis spp.,1.0,Low
2026-08-12 09:00:00,Kandy,22.92,71.93,0.0,14.93,Grey Blight,Pestalotiopsis spp.,0.877,Moderate
2026-08-12 10:00:00,Kandy,23.06,71.29,0.0,8.3,Grey Blight (dormant/low risk),Pestalotiopsis spp.,0.852,Low
2026-08-12 11:00:00,Kandy,19.77,80.26,1.22,14.01,Grey Blight,Pestalotiopsis spp.,0.991,Moderate
2026-08-12 12:00:00,Kandy,22.47,68.2,0.72,14.73,Grey Blight,Pestalotiopsis spp.,0.728,Moderate
2026-08-12 13:00:00,Kandy,24.28,62.43,0.0,13.93,Grey Blight,Pestalotiopsis spp.,0.497,Moderate
2026-08-12 14:00:00,Kandy,25.45,65.5,0.3,12.16,Grey Blight,Pestalotiopsis spp.,0.602,Moderate
2026-08-12 15:00:00,Kandy,26.58,59.32,1.1,6.56,Grey Blight (dormant/low risk),Pestalotiopsis spp.,0.337,Low
2026-08-12 16:00:00,Kandy,24.94,60.38,0.0,13.91,Grey Blight,Pestalotiopsis spp.,0.415,Moderate
2026-08-12 17:00:00,Kandy,25.84,71.92,1.84,11.75,Grey Blight,Pestalotiopsis spp.,0.843,Moderate
2026-08-12 18:00:00,Kandy,27.36,72.28,0.0,11.14,Grey Blight,Pestalotiopsis spp.,0.797,Moderate
2026-08-12 19:00:00,Kandy,27.87,71.53,0.0,8.87,Grey Blight (dormant/low risk),Pestalotiopsis spp.,0.746,Low
2026-08-12 20:00:00,Kandy,23.91,64.83,0.0,15.83,Grey Blight,Pestalotiopsis spp.,0.593,High
2026-08-12 21:00:00,Kandy,23.04,65.29,0.0,14.28,Grey Blight,Pestalotiopsis spp.,0.612,Moderate
2026-08-12 22:00:00,Kandy,25.44,72.45,0.0,13.41,Grey Blight,Pestalotiopsis spp.,0.88,Moderate
2026-08-12 23:00:00,Kandy,21.84,71.92,0.0,11.79,Grey Blight,Pestalotiopsis spp.,0.877,Moderate
2026-08-12 00:00:00,Ratnapura,31.54,71.0,0.0,13.82,Brown Blight,Colletotrichum / Glomerella spp.,0.578,Moderate
2026-08-12 01:00:00,Ratnapura,29.51,78.94,0.95,14.0,Brown Blight,Colletotrichum / Glomerella spp.,0.958,Moderate
2026-08-12 02:00:00,Ratnapura,26.81,81.27,0.0,12.82,Brown Blight,Colletotrichum / Glomerella spp.,1.0,Moderate
2026-08-12 03:00:00,Ratnapura,28.04,71.5,0.0,11.19,Brown Blight,Colletotrichum / Glomerella spp.,0.66,Moderate
2026-08-12 04:00:00,Ratnapura,23.93,80.8,0.0,14.1,Brown Blight,Colletotrichum / Glomerella spp.,0.957,Moderate
2026-08-12 05:00:00,Ratnapura,24.2,83.73,0.0,14.11,Brown Blight,Colletotrichum / Glomerella spp.,0.968,Moderate
2026-08-12 06:00:00,Ratnapura,26.75,84.03,0.0,9.81,Brown Blight (dormant/low risk),Colletotrichum / Glomerella spp.,1.0,Low
2026-08-12 07:00:00,Ratnapura,24.96,87.52,0.0,11.44,Brown Blight,Colletotrichum / Glomerella spp.,0.998,Moderate
2026-08-12 08:00:00,Ratnapura,22.0,98.0,4.94,19.24,Brown Blight,Colletotrichum / Glomerella spp.,0.88,High
2026-08-12 09:00:00,Ratnapura,26.43,77.5,0.0,12.57,Brown Blight,Colletotrichum / Glomerella spp.,0.9,Moderate
2026-08-12 10:00:00,Ratnapura,28.67,70.03,0.0,7.76,Brown Blight (dormant/low risk),Colletotrichum / Glomerella spp.,0.601,Low
2026-08-12 11:00:00,Ratnapura,25.88,73.9,0.0,10.97,Brown Blight,Colletotrichum / Glomerella spp.,0.756,Moderate
2026-08-12 12:00:00,Ratnapura,27.55,78.96,4.13,12.88,Brown Blight,Colletotrichum / Glomerella spp.,0.958,Moderate
2026-08-12 13:00:00,Ratnapura,27.2,69.06,0.0,5.94,Brown Blight (dormant/low risk),Colletotrichum / Glomerella spp.,0.562,Low
2026-08-12 14:00:00,Ratnapura,28.31,69.43,0.0,8.0,Brown Blight (dormant/low risk),Colletotrichum / Glomerella spp.,0.577,Low
2026-08-12 15:00:00,Ratnapura,29.72,65.0,1.84,15.16,Brown Blight,Colletotrichum / Glomerella spp.,0.4,Moderate
2026-08-12 16:00:00,Ratnapura,31.51,66.43,0.0,7.42,Brown Blight (dormant/low risk),Colletotrichum / Glomerella spp.,0.397,Low
2026-08-12 17:00:00,Ratnapura,29.9,77.09,4.04,11.78,Brown Blight,Colletotrichum / Glomerella spp.,0.884,Moderate
2026-08-12 18:00:00,Ratnapura,33.7,76.69,0.0,12.26,Brown Blight,Colletotrichum / Glomerella spp.,0.72,Moderate
2026-08-12 19:00:00,Ratnapura,28.93,75.69,1.67,16.01,Brown Blight,Colletotrichum / Glomerella spp.,0.828,High
2026-08-12 20:00:00,Ratnapura,31.85,77.04,1.75,12.47,Brown Blight,Colletotrichum / Glomerella spp.,0.808,Moderate
2026-08-12 21:00:00,Ratnapura,29.4,74.77,0.0,10.2,Brown Blight (dormant/low risk),Colletotrichum / Glomerella spp.,0.791,Low
2026-08-12 22:00:00,Ratnapura,30.69,65.0,0.0,12.26,Brown Blight,Colletotrichum / Glomerella spp.,0.372,Moderate
2026-08-12 23:00:00,Ratnapura,33.07,70.06,0.0,16.67,Brown Blight,Colletotrichum / Glomerella spp.,0.48,High
2026-08-13 00:00:00,Nuwara Eliya,16.21,80.9,0.0,12.8,Blister Blight,Exobasidium vexans,1.0,Moderate
2026-08-13 01:00:00,Nuwara Eliya,18.1,81.25,0.0,9.19,Blister Blight (dormant/low risk),Exobasidium vexans,1.0,Low
2026-08-13 02:00:00,Nuwara Eliya,14.92,84.23,0.0,13.99,Blister Blight,Exobasidium vexans,0.997,Moderate
2026-08-13 03:00:00,Nuwara Eliya,13.79,93.77,2.96,21.06,Blister Blight,Exobasidium vexans,0.952,High
2026-08-13 04:00:00,Nuwara Eliya,14.45,91.06,0.0,17.88,Blister Blight,Exobasidium vexans,0.978,High
2026-08-13 05:00:00,Nuwara Eliya,15.41,87.52,0.0,13.28,Blister Blight,Exobasidium vexans,1.0,Moderate
2026-08-13 06:00:00,Nuwara Eliya,14.58,95.0,4.34,15.31,Blister Blight,Exobasidium vexans,0.983,Moderate
2026-08-13 07:00:00,Nuwara Eliya,12.86,95.0,2.64,14.54,Blister Blight,Exobasidium vexans,0.914,Moderate
2026-08-13 08:00:00,Nuwara Eliya,10.23,95.0,1.62,17.4,Blister Blight,Exobasidium vexans,0.809,High
2026-08-13 09:00:00,Nuwara Eliya,11.82,95.0,3.26,21.48,Blister Blight,Exobasidium vexans,0.873,High
2026-08-13 10:00:00,Nuwara Eliya,13.27,84.41,0.61,15.76,Blister Blight,Exobasidium vexans,0.931,High
2026-08-13 11:00:00,Nuwara Eliya,15.22,79.67,0.0,19.12,Blister Blight,Exobasidium vexans,0.987,High
2026-08-13 12:00:00,Nuwara Eliya,11.98,73.69,0.0,7.14,Blister Blight (dormant/low risk),Exobasidium vexans,0.627,Low
2026-08-13 13:00:00,Nuwara Eliya,15.4,76.83,1.7,10.43,Blister Blight (dormant/low risk),Exobasidium vexans,0.873,Low
2026-08-13 14:00:00,Nuwara Eliya,18.39,72.73,0.0,11.96,Blister Blight,Exobasidium vexans,0.709,Moderate
2026-08-13 15:00:00,Nuwara Eliya,13.78,73.09,0.0,12.35,Blister Blight,Exobasidium vexans,0.675,Moderate
2026-08-13 16:00:00,Nuwara Eliya,16.36,77.19,3.06,13.69,Blister Blight,Exobasidium vexans,0.888,Moderate
2026-08-13 17:00:00,Nuwara Eliya,15.94,94.08,4.85,15.44,Blister Blight,Exobasidium vexans,1.0,Moderate
2026-08-13 18:00:00,Nuwara Eliya,18.38,78.3,0.0,12.11,Blister Blight,Exobasidium vexans,0.932,Moderate
2026-08-13 19:00:00,Nuwara Eliya,20.42,86.58,3.95,15.82,Blister Blight,Exobasidium vexans,1.0,High
2026-08-13 20:00:00,Nuwara Eliya,21.74,80.55,0.0,14.17,Blister Blight,Exobasidium vexans,1.0,Moderate
2026-08-13 21:00:00,Nuwara Eliya,15.57,83.58,2.44,16.55,Blister Blight,Exobasidium vexans,1.0,High
2026-08-13 22:00:00,Nuwara Eliya,17.05,81.21,0.81,16.65,Blister Blight,Exobasidium vexans,1.0,High
2026-08-13 23:00:00,Nuwara Eliya,20.91,76.31,0.0,10.69,Blister Blight (dormant/low risk),Exobasidium vexans,0.852,Low
2026-08-13 00:00:00,Kandy,21.22,62.06,0.0,12.05,Grey Blight,Pestalotiopsis spp.,0.482,Moderate
2026-08-13 01:00:00,Kandy,20.14,75.21,0.0,13.39,Grey Blight,Pestalotiopsis spp.,1.0,Moderate
2026-08-13 02:00:00,Kandy,23.93,70.19,0.0,10.1,Grey Blight (dormant/low risk),Pestalotiopsis spp.,0.808,Low
2026-08-13 03:00:00,Kandy,24.27,76.84,0.0,15.23,Grey Blight,Pestalotiopsis spp.,1.0,Moderate
2026-08-13 04:00:00,Kandy,20.55,81.69,0.33,15.72,Grey Blight,Pestalotiopsis spp.,1.0,High
2026-08-13 05:00:00,Kandy,20.58,85.2,1.77,13.1,Grey Blight,Pestalotiopsis spp.,1.0,Moderate
2026-08-13 06:00:00,Kandy,21.33,76.97,0.0,18.38,Grey Blight,Pestalotiopsis spp.,1.0,High
2026-08-13 07:00:00,Kandy,18.27,83.96,0.48,12.77,Grey Blight,Pestalotiopsis spp.,0.931,Moderate
2026-08-13 08:00:00,Kandy,19.62,82.79,0.0,13.91,Grey Blight,Pestalotiopsis spp.,0.985,Moderate
2026-08-13 09:00:00,Kandy,18.53,78.12,0.02,16.71,Grey Blight,Pestalotiopsis spp.,0.941,High
2026-08-13 10:00:00,Kandy,21.18,77.65,0.93,16.52,Grey Blight,Pestalotiopsis spp.,1.0,High
2026-08-13 11:00:00,Kandy,20.35,72.78,0.42,16.58,Grey Blight,Pestalotiopsis spp.,0.911,High
2026-08-13 12:00:00,Kandy,19.62,71.04,0.0,9.79,Grey Blight (dormant/low risk),Pestalotiopsis spp.,0.826,Low
2026-08-13 13:00:00,Kandy,22.23,64.99,0.0,6.53,Grey Blight (dormant/low risk),Pestalotiopsis spp.,0.6,Low
2026-08-13 14:00:00,Kandy,26.35,75.09,6.08,7.35,Grey Blight (dormant/low risk),Pestalotiopsis spp.,0.946,Low
2026-08-13 15:00:00,Kandy,20.9,63.09,0.0,11.87,Grey Blight,Pestalotiopsis spp.,0.524,Moderate
2026-08-13 16:00:00,Kandy,24.84,61.73,0.0,18.03,Grey Blight,Pestalotiopsis spp.,0.469,High
2026-08-13 17:00:00,Kandy,28.39,57.33,0.15,14.16,Grey Blight,Pestalotiopsis spp.,0.264,Moderate
2026-08-13 18:00:00,Kandy,25.13,74.9,0.0,12.98,Grey Blight,Pestalotiopsis spp.,0.991,Moderate
2026-08-13 19:00:00,Kandy,25.68,70.98,0.0,17.27,Grey Blight,Pestalotiopsis spp.,0.812,High
2026-08-13 20:00:00,Kandy,28.62,67.88,0.42,15.27,Grey Blight,Pestalotiopsis spp.,0.57,Moderate
2026-08-13 21:00:00,Kandy,24.9,77.81,3.29,12.07,Grey Blight,Pestalotiopsis spp.,1.0,Moderate
2026-08-13 22:00:00,Kandy,28.68,65.63,0.0,8.71,Grey Blight (dormant/low risk),Pestalotiopsis spp.,0.478,Low
2026-08-13 23:00:00,Kandy,25.26,70.55,0.0,15.77,Grey Blight,Pestalotiopsis spp.,0.812,High
2026-08-13 00:00:00,Ratnapura,30.17,79.21,0.0,16.76,Brown Blight,Colletotrichum / Glomerella spp.,0.962,High
2026-08-13 01:00:00,Ratnapura,31.1,78.01,0.03,16.06,Brown Blight,Colletotrichum / Glomerella spp.,0.876,High
2026-08-13 02:00:00,Ratnapura,27.2,74.5,0.0,12.59,Brown Blight,Colletotrichum / Glomerella spp.,0.78,Moderate
2026-08-13 03:00:00,Ratnapura,29.89,70.55,2.5,14.22,Brown Blight,Colletotrichum / Glomerella spp.,0.622,Moderate
2026-08-13 04:00:00,Ratnapura,23.76,82.82,0.0,15.2,Brown Blight,Colletotrichum / Glomerella spp.,0.95,Moderate
2026-08-13 05:00:00,Ratnapura,25.77,88.5,0.0,20.56,Brown Blight,Colletotrichum / Glomerella spp.,1.0,High
2026-08-13 06:00:00,Ratnapura,27.76,76.8,0.0,8.63,Brown Blight (dormant/low risk),Colletotrichum / Glomerella spp.,0.872,Low
2026-08-13 07:00:00,Ratnapura,23.88,86.55,4.84,15.36,Brown Blight,Colletotrichum / Glomerella spp.,0.955,Moderate
2026-08-13 08:00:00,Ratnapura,24.34,87.62,0.0,15.13,Brown Blight,Colletotrichum / Glomerella spp.,0.974,Moderate
2026-08-13 09:00:00,Ratnapura,27.1,77.49,2.46,14.06,Brown Blight,Colletotrichum / Glomerella spp.,0.9,Moderate
2026-08-13 10:00:00,Ratnapura,25.06,71.77,0.0,8.04,Brown Blight (dormant/low risk),Colletotrichum / Glomerella spp.,0.671,Low
2026-08-13 11:00:00,Ratnapura,26.41,74.12,1.94,7.4,Brown Blight (dormant/low risk),Colletotrichum / Glomerella spp.,0.765,Low
2026-08-13 12:00:00,Ratnapura,23.43,71.39,0.0,9.15,Brown Blight (dormant/low risk),Colletotrichum / Glomerella spp.,0.593,Low
2026-08-13 13:00:00,Ratnapura,28.1,65.0,0.0,16.45,Brown Blight,Colletotrichum / Glomerella spp.,0.4,High
2026-08-13 14:00:00,Ratnapura,27.39,67.82,0.0,8.66,Brown Blight (dormant/low risk),Colletotrichum / Glomerella spp.,0.513,Low
2026-08-13 15:00:00,Ratnapura,27.13,70.25,0.0,8.03,Brown Blight (dormant/low risk),Colletotrichum / Glomerella spp.,0.61,Low
2026-08-13 16:00:00,Ratnapura,30.39,65.0,0.0,13.16,Brown Blight,Colletotrichum / Glomerella spp.,0.384,Moderate
2026-08-13 17:00:00,Ratnapura,29.42,72.14,0.0,18.09,Brown Blight,Colletotrichum / Glomerella spp.,0.686,High
2026-08-13 18:00:00,Ratnapura,29.16,78.4,0.0,13.26,Brown Blight,Colletotrichum / Glomerella spp.,0.936,Moderate
2026-08-13 19:00:00,Ratnapura,31.12,83.12,2.02,6.43,Brown Blight (dormant/low risk),Colletotrichum / Glomerella spp.,0.955,Low
2026-08-13 20:00:00,Ratnapura,29.06,73.86,3.25,13.1,Brown Blight,Colletotrichum / Glomerella spp.,0.754,Moderate
2026-08-13 21:00:00,Ratnapura,31.65,73.89,0.0,7.24,Brown Blight (dormant/low risk),Colletotrichum / Glomerella spp.,0.69,Low
2026-08-13 22:00:00,Ratnapura,26.6,74.09,0.0,8.73,Brown Blight (dormant/low risk),Colletotrichum / Glomerella spp.,0.764,Low
2026-08-13 23:00:00,Ratnapura,29.17,85.58,4.5,12.3,Brown Blight,Colletotrichum / Glomerella spp.,1.0,Moderate
2026-08-14 00:00:00,Nuwara Eliya,14.67,82.79,0.77,12.85,Blister Blight,Exobasidium vexans,0.987,Moderate
2026-08-14 01:00:00,Nuwara Eliya,13.89,87.97,0.0,10.06,Blister Blight (dormant/low risk),Exobasidium vexans,0.956,Low
2026-08-14 02:00:00,Nuwara Eliya,17.28,77.29,0.11,12.81,Blister Blight,Exobasidium vexans,0.892,Moderate
2026-08-14 03:00:00,Nuwara Eliya,16.67,84.88,0.0,15.47,Blister Blight,Exobasidium vexans,1.0,Moderate
2026-08-14 04:00:00,Nuwara Eliya,14.92,86.38,0.86,17.48,Blister Blight,Exobasidium vexans,0.997,High
2026-08-14 05:00:00,Nuwara Eliya,13.74,95.0,3.07,22.67,Blister Blight,Exobasidium vexans,0.95,High
2026-08-14 06:00:00,Nuwara Eliya,10.44,95.0,0.0,15.01,Blister Blight,Exobasidium vexans,0.818,Moderate
2026-08-14 07:00:00,Nuwara Eliya,11.56,85.04,0.0,14.0,Blister Blight,Exobasidium vexans,0.862,Moderate
2026-08-14 08:00:00,Nuwara Eliya,10.0,95.0,4.53,21.43,Blister Blight,Exobasidium vexans,0.8,High
2026-08-14 09:00:00,Nuwara Eliya,10.0,94.28,2.05,11.69,Blister Blight,Exobasidium vexans,0.8,Moderate
2026-08-14 10:00:00,Nuwara Eliya,13.78,82.87,0.0,8.25,Blister Blight (dormant/low risk),Exobasidium vexans,0.951,Low
2026-08-14 11:00:00,Nuwara Eliya,15.5,83.56,0.0,9.64,Blister Blight (dormant/low risk),Exobasidium vexans,1.0,Low
2026-08-14 12:00:00,Nuwara Eliya,15.13,78.44,0.0,13.28,Blister Blight,Exobasidium vexans,0.938,Moderate
2026-08-14 13:00:00,Nuwara Eliya,16.09,70.07,0.0,14.59,Blister Blight,Exobasidium vexans,0.603,Moderate
2026-08-14 14:00:00,Nuwara Eliya,16.86,84.5,5.26,13.87,Blister Blight,Exobasidium vexans,1.0,Moderate
2026-08-14 15:00:00,Nuwara Eliya,13.49,85.59,5.38,15.37,Blister Blight,Exobasidium vexans,0.94,Moderate
2026-08-14 16:00:00,Nuwara Eliya,19.22,73.08,0.17,13.72,Blister Blight,Exobasidium vexans,0.723,Moderate
2026-08-14 17:00:00,Nuwara Eliya,18.7,83.96,0.0,16.75,Blister Blight,Exobasidium vexans,1.0,High
2026-08-14 18:00:00,Nuwara Eliya,19.29,77.6,0.0,12.2,Blister Blight,Exobasidium vexans,0.904,Moderate
2026-08-14 19:00:00,Nuwara Eliya,16.2,91.25,0.0,15.67,Blister Blight,Exobasidium vexans,1.0,Moderate
2026-08-14 20:00:00,Nuwara Eliya,14.17,87.47,2.3,16.41,Blister Blight,Exobasidium vexans,0.967,High
2026-08-14 21:00:00,Nuwara Eliya,19.17,94.54,4.88,11.03,Blister Blight,Exobasidium vexans,1.0,Moderate
2026-08-14 22:00:00,Nuwara Eliya,14.97,90.39,1.22,15.19,Blister Blight,Exobasidium vexans,0.999,Moderate
2026-08-14 23:00:00,Nuwara Eliya,17.95,94.05,6.68,18.49,Blister Blight,Exobasidium vexans,1.0,High
2026-08-14 00:00:00,Kandy,22.52,73.97,0.0,14.21,Grey Blight,Pestalotiopsis spp.,0.959,Moderate
2026-08-14 01:00:00,Kandy,22.57,61.63,0.0,10.87,Grey Blight,Pestalotiopsis spp.,0.465,Moderate
2026-08-14 02:00:00,Kandy,19.81,77.04,0.0,13.51,Grey Blight,Pestalotiopsis spp.,0.992,Moderate
2026-08-14 03:00:00,Kandy,22.91,69.35,0.0,10.88,Grey Blight,Pestalotiopsis spp.,0.774,Moderate
2026-08-14 04:00:00,Kandy,23.05,83.65,1.23,14.78,Grey Blight,Pestalotiopsis spp.,1.0,Moderate
2026-08-14 05:00:00,Kandy,24.88,80.99,0.0,14.47,Grey Blight,Pestalotiopsis spp.,1.0,Moderate
2026-08-14 06:00:00,Kandy,22.14,79.45,0.0,13.9,Grey Blight,Pestalotiopsis spp.,1.0,Moderate
2026-08-14 07:00:00,Kandy,22.24,90.0,4.39,15.21,Grey Blight,Pestalotiopsis spp.,1.0,Moderate
2026-08-14 08:00:00,Kandy,19.95,82.92,0.0,17.17,Grey Blight,Pestalotiopsis spp.,0.998,High
2026-08-14 09:00:00,Kandy,18.0,78.16,0.0,10.14,Grey Blight (dormant/low risk),Pestalotiopsis spp.,0.92,Low
2026-08-14 10:00:00,Kandy,18.89,75.88,0.0,13.97,Grey Blight,Pestalotiopsis spp.,0.956,Moderate
2026-08-14 11:00:00,Kandy,21.58,64.31,0.0,13.96,Grey Blight,Pestalotiopsis spp.,0.572,Moderate
2026-08-14 12:00:00,Kandy,22.75,64.45,0.0,9.08,Grey Blight (dormant/low risk),Pestalotiopsis spp.,0.578,Low
2026-08-14 13:00:00,Kandy,23.53,61.94,0.0,15.69,Grey Blight,Pestalotiopsis spp.,0.478,Moderate
2026-08-14 14:00:00,Kandy,24.42,59.21,0.6,8.96,Grey Blight (dormant/low risk),Pestalotiopsis spp.,0.4,Low
2026-08-14 15:00:00,Kandy,21.34,68.37,0.0,13.97,Grey Blight,Pestalotiopsis spp.,0.735,Moderate
2026-08-14 16:00:00,Kandy,24.32,67.68,0.02,11.17,Grey Blight,Pestalotiopsis spp.,0.707,Moderate
2026-08-14 17:00:00,Kandy,26.7,75.17,1.39,9.66,Grey Blight (dormant/low risk),Pestalotiopsis spp.,0.932,Low
2026-08-14 18:00:00,Kandy,30.0,67.64,0.0,12.06,Grey Blight,Pestalotiopsis spp.,0.506,Moderate
2026-08-14 19:00:00,Kandy,27.46,62.5,0.0,12.93,Grey Blight,Pestalotiopsis spp.,0.402,Moderate
2026-08-14 20:00:00,Kandy,21.93,70.57,0.0,11.37,Grey Blight,Pestalotiopsis spp.,0.823,Moderate
2026-08-14 21:00:00,Kandy,27.98,70.18,0.0,12.47,Grey Blight,Pestalotiopsis spp.,0.688,Moderate
2026-08-14 22:00:00,Kandy,23.99,73.03,3.47,17.45,Grey Blight,Pestalotiopsis spp.,0.921,High
2026-08-14 23:00:00,Kandy,24.23,69.25,0.84,15.5,Grey Blight,Pestalotiopsis spp.,0.77,Moderate
2026-08-14 00:00:00,Ratnapura,31.92,76.65,0.89,12.88,Brown Blight,Colletotrichum / Glomerella spp.,0.789,Moderate
2026-08-14 01:00:00,Ratnapura,25.56,86.68,0.0,17.97,Brown Blight,Colletotrichum / Glomerella spp.,1.0,High
2026-08-14 02:00:00,Ratnapura,27.88,85.16,5.02,12.74,Brown Blight,Colletotrichum / Glomerella spp.,1.0,Moderate
2026-08-14 03:00:00,Ratnapura,26.08,78.3,0.0,10.85,Brown Blight,Colletotrichum / Glomerella spp.,0.932,Moderate
2026-08-14 04:00:00,Ratnapura,27.46,84.94,0.0,9.17,Brown Blight (dormant/low risk),Colletotrichum / Glomerella spp.,1.0,Low
2026-08-14 05:00:00,Ratnapura,28.0,73.58,0.0,9.22,Brown Blight (dormant/low risk),Colletotrichum / Glomerella spp.,0.743,Low
2026-08-14 06:00:00,Ratnapura,23.31,92.82,0.0,16.04,Brown Blight,Colletotrichum / Glomerella spp.,0.932,High
2026-08-14 07:00:00,Ratnapura,27.43,87.95,2.33,11.71,Brown Blight,Colletotrichum / Glomerella spp.,1.0,Moderate
2026-08-14 08:00:00,Ratnapura,22.11,97.39,4.1,20.32,Brown Blight,Colletotrichum / Glomerella spp.,0.884,High
2026-08-14 09:00:00,Ratnapura,26.93,72.0,2.08,8.98,Brown Blight (dormant/low risk),Colletotrichum / Glomerella spp.,0.68,Low
2026-08-14 10:00:00,Ratnapura,25.87,70.42,0.42,12.09,Brown Blight,Colletotrichum / Glomerella spp.,0.617,Moderate
2026-08-14 11:00:00,Ratnapura,28.42,77.95,2.66,11.54,Brown Blight,Colletotrichum / Glomerella spp.,0.918,Moderate
2026-08-14 12:00:00,Ratnapura,30.96,65.2,0.0,11.59,Brown Blight,Colletotrichum / Glomerella spp.,0.37,Moderate
2026-08-14 13:00:00,Ratnapura,25.67,66.7,0.0,12.34,Brown Blight,Colletotrichum / Glomerella spp.,0.468,Moderate
2026-08-14 14:00:00,Ratnapura,30.17,65.0,0.0,13.64,Brown Blight,Colletotrichum / Glomerella spp.,0.393,Moderate
2026-08-14 15:00:00,Ratnapura,33.05,65.0,0.0,12.8,Brown Blight,Colletotrichum / Glomerella spp.,0.278,Moderate
2026-08-14 16:00:00,Ratnapura,32.91,65.0,0.0,5.66,Brown Blight (dormant/low risk),Colletotrichum / Glomerella spp.,0.284,Low
2026-08-14 17:00:00,Ratnapura,32.8,71.69,0.0,11.13,Brown Blight,Colletotrichum / Glomerella spp.,0.556,Moderate
2026-08-14 18:00:00,Ratnapura,27.83,77.65,0.0,11.95,Brown Blight,Colletotrichum / Glomerella spp.,0.906,Moderate
2026-08-14 19:00:00,Ratnapura,30.9,68.3,0.0,11.66,Brown Blight,Colletotrichum / Glomerella spp.,0.496,Moderate
2026-08-14 20:00:00,Ratnapura,27.87,75.89,0.64,10.11,Brown Blight (dormant/low risk),Colletotrichum / Glomerella spp.,0.836,Low
2026-08-14 21:00:00,Ratnapura,31.21,76.33,1.86,12.2,Brown Blight,Colletotrichum / Glomerella spp.,0.805,Moderate
2026-08-14 22:00:00,Ratnapura,33.7,71.99,0.0,17.18,Brown Blight,Colletotrichum / Glomerella spp.,0.532,High
2026-08-14 23:00:00,Ratnapura,34.87,79.98,5.57,19.31,Brown Blight,Colletotrichum / Glomerella spp.,0.804,High
2026-08-15 00:00:00,Nuwara Eliya,20.67,85.93,2.23,17.84,Blister Blight,Exobasidium vexans,1.0,High
2026-08-15 01:00:00,Nuwara Eliya,11.99,93.66,7.73,12.91,Blister Blight,Exobasidium vexans,0.88,Moderate
2026-08-15 02:00:00,Nuwara Eliya,17.9,84.91,0.0,14.01,Blister Blight,Exobasidium vexans,1.0,Moderate
2026-08-15 03:00:00,Nuwara Eliya,15.3,95.0,5.86,20.04,Blister Blight,Exobasidium vexans,1.0,High
2026-08-15 04:00:00,Nuwara Eliya,14.26,88.62,0.18,18.95,Blister Blight,Exobasidium vexans,0.97,High
2026-08-15 05:00:00,Nuwara Eliya,13.0,92.74,0.0,14.89,Blister Blight,Exobasidium vexans,0.92,Moderate
2026-08-15 06:00:00,Nuwara Eliya,11.27,95.0,3.55,14.84,Blister Blight,Exobasidium vexans,0.851,Moderate
2026-08-15 07:00:00,Nuwara Eliya,10.0,95.0,7.28,12.59,Blister Blight,Exobasidium vexans,0.8,Moderate
2026-08-15 08:00:00,Nuwara Eliya,11.56,91.14,0.0,12.56,Blister Blight,Exobasidium vexans,0.862,Moderate
2026-08-15 09:00:00,Nuwara Eliya,10.94,89.78,2.59,17.54,Blister Blight,Exobasidium vexans,0.838,High
2026-08-15 10:00:00,Nuwara Eliya,12.16,91.99,1.48,12.63,Blister Blight,Exobasidium vexans,0.886,Moderate
2026-08-15 11:00:00,Nuwara Eliya,13.36,90.04,2.43,17.13,Blister Blight,Exobasidium vexans,0.934,High
2026-08-15 12:00:00,Nuwara Eliya,13.87,78.03,0.37,15.71,Blister Blight,Exobasidium vexans,0.876,High
2026-08-15 13:00:00,Nuwara Eliya,17.31,78.59,0.0,8.69,Blister Blight (dormant/low risk),Exobasidium vexans,0.944,Low
2026-08-15 14:00:00,Nuwara Eliya,17.35,77.53,1.3,12.05,Blister Blight,Exobasidium vexans,0.901,Moderate
2026-08-15 15:00:00,Nuwara Eliya,19.17,80.51,2.66,11.03,Blister Blight,Exobasidium vexans,1.0,Moderate
2026-08-15 16:00:00,Nuwara Eliya,17.4,69.9,0.0,9.83,Blister Blight (dormant/low risk),Exobasidium vexans,0.596,Low
2026-08-15 17:00:00,Nuwara Eliya,18.36,73.89,0.0,14.16,Blister Blight,Exobasidium vexans,0.756,Moderate
2026-08-15 18:00:00,Nuwara Eliya,16.8,85.1,1.87,14.59,Blister Blight,Exobasidium vexans,1.0,Moderate
2026-08-15 19:00:00,Nuwara Eliya,20.87,73.91,0.0,17.5,Blister Blight,Exobasidium vexans,0.756,High
2026-08-15 20:00:00,Nuwara Eliya,14.99,75.62,0.0,15.16,Blister Blight,Exobasidium vexans,0.824,Moderate
2026-08-15 21:00:00,Nuwara Eliya,21.75,71.24,0.0,17.91,Blister Blight,Exobasidium vexans,0.65,High
2026-08-15 22:00:00,Nuwara Eliya,16.11,75.73,0.28,13.57,Blister Blight,Exobasidium vexans,0.829,Moderate
2026-08-15 23:00:00,Nuwara Eliya,16.06,91.03,1.3,11.79,Blister Blight,Exobasidium vexans,1.0,Moderate
2026-08-15 00:00:00,Kandy,25.92,66.91,1.46,13.12,Grey Blight,Pestalotiopsis spp.,0.64,Moderate
2026-08-15 01:00:00,Kandy,21.66,68.97,0.0,12.69,Grey Blight,Pestalotiopsis spp.,0.759,Moderate
2026-08-15 02:00:00,Kandy,22.8,69.4,0.0,7.01,Grey Blight (dormant/low risk),Pestalotiopsis spp.,0.776,Low
2026-08-15 03:00:00,Kandy,21.65,68.18,0.0,10.26,Grey Blight (dormant/low risk),Pestalotiopsis spp.,0.727,Low
2026-08-15 04:00:00,Kandy,22.1,82.31,2.31,13.28,Grey Blight,Pestalotiopsis spp.,1.0,Moderate
2026-08-15 05:00:00,Kandy,21.64,88.28,4.83,18.52,Grey Blight,Pestalotiopsis spp.,1.0,High
2026-08-15 06:00:00,Kandy,23.03,82.59,0.09,15.49,Grey Blight,Pestalotiopsis spp.,1.0,Moderate
2026-08-15 07:00:00,Kandy,24.39,82.78,2.58,11.92,Grey Blight,Pestalotiopsis spp.,1.0,Moderate
2026-08-15 08:00:00,Kandy,23.67,73.86,0.03,17.1,Grey Blight,Pestalotiopsis spp.,0.954,High
2026-08-15 09:00:00,Kandy,19.6,73.77,0.21,15.42,Grey Blight,Pestalotiopsis spp.,0.935,Moderate
2026-08-15 10:00:00,Kandy,19.49,72.66,0.8,14.12,Grey Blight,Pestalotiopsis spp.,0.886,Moderate
2026-08-15 11:00:00,Kandy,18.0,70.43,0.11,13.12,Grey Blight,Pestalotiopsis spp.,0.737,Moderate
2026-08-15 12:00:00,Kandy,19.02,72.6,0.0,11.09,Grey Blight,Pestalotiopsis spp.,0.865,Moderate
2026-08-15 13:00:00,Kandy,19.89,70.33,0.0,11.18,Grey Blight,Pestalotiopsis spp.,0.809,Moderate
2026-08-15 14:00:00,Kandy,25.09,66.81,2.76,9.23,Grey Blight (dormant/low risk),Pestalotiopsis spp.,0.669,Low
2026-08-15 15:00:00,Kandy,22.81,64.34,0.0,14.95,Grey Blight,Pestalotiopsis spp.,0.574,Moderate
2026-08-15 16:00:00,Kandy,23.12,63.17,0.0,12.79,Grey Blight,Pestalotiopsis spp.,0.527,Moderate
2026-08-15 17:00:00,Kandy,26.68,73.96,0.0,14.71,Grey Blight,Pestalotiopsis spp.,0.891,Moderate
2026-08-15 18:00:00,Kandy,24.98,72.75,0.0,13.66,Grey Blight,Pestalotiopsis spp.,0.91,Moderate
2026-08-15 19:00:00,Kandy,22.25,74.4,0.33,9.08,Grey Blight (dormant/low risk),Pestalotiopsis spp.,0.976,Low
2026-08-15 20:00:00,Kandy,24.34,68.84,0.0,13.52,Grey Blight,Pestalotiopsis spp.,0.754,Moderate
2026-08-15 21:00:00,Kandy,27.48,60.6,0.0,9.06,Grey Blight (dormant/low risk),Pestalotiopsis spp.,0.325,Low
2026-08-15 22:00:00,Kandy,25.56,74.99,0.0,15.48,Grey Blight,Pestalotiopsis spp.,0.977,Moderate
2026-08-15 23:00:00,Kandy,28.22,65.94,0.0,9.77,Grey Blight (dormant/low risk),Pestalotiopsis spp.,0.509,Low
2026-08-15 00:00:00,Ratnapura,30.13,73.05,0.0,6.04,Brown Blight (dormant/low risk),Colletotrichum / Glomerella spp.,0.717,Low
2026-08-15 01:00:00,Ratnapura,29.44,72.28,0.0,12.09,Brown Blight,Colletotrichum / Glomerella spp.,0.691,Moderate
2026-08-15 02:00:00,Ratnapura,30.39,69.89,0.0,7.28,Brown Blight (dormant/low risk),Colletotrichum / Glomerella spp.,0.58,Low
2026-08-15 03:00:00,Ratnapura,24.37,72.56,0.0,17.75,Brown Blight,Colletotrichum / Glomerella spp.,0.677,High
2026-08-15 04:00:00,Ratnapura,27.78,86.22,0.48,12.68,Brown Blight,Colletotrichum / Glomerella spp.,1.0,Moderate
2026-08-15 05:00:00,Ratnapura,24.63,74.56,0.0,9.39,Brown Blight (dormant/low risk),Colletotrichum / Glomerella spp.,0.768,Low
2026-08-15 06:00:00,Ratnapura,23.94,92.34,5.26,20.51,Brown Blight,Colletotrichum / Glomerella spp.,0.958,High
2026-08-15 07:00:00,Ratnapura,24.7,82.96,0.64,11.81,Brown Blight,Colletotrichum / Glomerella spp.,0.988,Moderate
2026-08-15 08:00:00,Ratnapura,27.53,80.32,0.0,13.87,Brown Blight,Colletotrichum / Glomerella spp.,1.0,Moderate
2026-08-15 09:00:00,Ratnapura,25.66,74.52,0.0,14.99,Brown Blight,Colletotrichum / Glomerella spp.,0.781,Moderate
2026-08-15 10:00:00,Ratnapura,26.0,82.08,0.04,13.1,Brown Blight,Colletotrichum / Glomerella spp.,1.0,Moderate
2026-08-15 11:00:00,Ratnapura,25.76,69.06,0.13,9.9,Brown Blight (dormant/low risk),Colletotrichum / Glomerella spp.,0.562,Low
2026-08-15 12:00:00,Ratnapura,23.25,82.65,0.74,13.57,Brown Blight,Colletotrichum / Glomerella spp.,0.93,Moderate
2026-08-15 13:00:00,Ratnapura,27.35,66.96,0.0,10.21,Brown Blight (dormant/low risk),Colletotrichum / Glomerella spp.,0.478,Low
2026-08-15 14:00:00,Ratnapura,26.63,65.79,0.0,3.39,Brown Blight (dormant/low risk),Colletotrichum / Glomerella spp.,0.432,Low
2026-08-15 15:00:00,Ratnapura,31.56,65.0,0.0,8.9,Brown Blight (dormant/low risk),Colletotrichum / Glomerella spp.,0.338,Low
2026-08-15 16:00:00,Ratnapura,28.56,65.0,0.0,11.96,Brown Blight,Colletotrichum / Glomerella spp.,0.4,Moderate
2026-08-15 17:00:00,Ratnapura,28.71,82.07,1.96,12.05,Brown Blight,Colletotrichum / Glomerella spp.,1.0,Moderate
2026-08-15 18:00:00,Ratnapura,34.18,73.13,0.27,11.88,Brown Blight,Colletotrichum / Glomerella spp.,0.558,Moderate
2026-08-15 19:00:00,Ratnapura,31.6,74.51,0.0,14.4,Brown Blight,Colletotrichum / Glomerella spp.,0.716,Moderate
2026-08-15 20:00:00,Ratnapura,30.37,78.99,0.17,14.64,Brown Blight,Colletotrichum / Glomerella spp.,0.945,Moderate
2026-08-15 21:00:00,Ratnapura,31.3,69.17,0.0,7.72,Brown Blight (dormant/low risk),Colletotrichum / Glomerella spp.,0.515,Low
2026-08-15 22:00:00,Ratnapura,28.51,69.45,0.0,8.75,Brown Blight (dormant/low risk),Colletotrichum / Glomerella spp.,0.578,Low
2026-08-15 23:00:00,Ratnapura,31.9,73.81,0.0,9.54,Brown Blight (dormant/low risk),Colletotrichum / Glomerella spp.,0.676,Low
2026-08-16 00:00:00,Nuwara Eliya,17.9,88.4,6.23,12.75,Blister Blight,Exobasidium vexans,1.0,Moderate
2026-08-16 01:00:00,Nuwara Eliya,18.38,86.34,1.93,16.75,Blister Blight,Exobasidium vexans,1.0,High
2026-08-16 02:00:00,Nuwara Eliya,13.4,81.52,0.0,14.9,Blister Blight,Exobasidium vexans,0.936,Moderate
2026-08-16 03:00:00,Nuwara Eliya,16.13,95.0,3.28,22.92,Blister Blight,Exobasidium vexans,1.0,High
2026-08-16 04:00:00,Nuwara Eliya,14.48,86.87,0.0,8.46,Blister Blight (dormant/low risk),Exobasidium vexans,0.979,Low
2026-08-16 05:00:00,Nuwara Eliya,13.06,89.67,0.01,17.12,Blister Blight,Exobasidium vexans,0.922,High
2026-08-16 06:00:00,Nuwara Eliya,10.0,95.0,1.2,17.66,Blister Blight,Exobasidium vexans,0.8,High
2026-08-16 07:00:00,Nuwara Eliya,13.24,94.09,0.2,20.98,Blister Blight,Exobasidium vexans,0.93,High
2026-08-16 08:00:00,Nuwara Eliya,15.61,95.0,2.18,24.2,Blister Blight,Exobasidium vexans,1.0,High
2026-08-16 09:00:00,Nuwara Eliya,14.55,83.37,0.81,12.8,Blister Blight,Exobasidium vexans,0.982,Moderate
2026-08-16 10:00:00,Nuwara Eliya,10.0,89.69,0.0,12.05,Blister Blight,Exobasidium vexans,0.8,Moderate
2026-08-16 11:00:00,Nuwara Eliya,12.7,86.96,0.0,17.9,Blister Blight,Exobasidium vexans,0.908,High
2026-08-16 12:00:00,Nuwara Eliya,14.07,81.12,0.0,8.33,Blister Blight (dormant/low risk),Exobasidium vexans,0.963,Low
2026-08-16 13:00:00,Nuwara Eliya,16.02,75.04,4.59,17.56,Blister Blight,Exobasidium vexans,0.802,High
2026-08-16 14:00:00,Nuwara Eliya,19.28,70.21,0.97,14.53,Blister Blight,Exobasidium vexans,0.608,Moderate
2026-08-16 15:00:00,Nuwara Eliya,14.65,79.14,0.0,14.75,Blister Blight,Exobasidium vexans,0.952,Moderate
2026-08-16 16:00:00,Nuwara Eliya,17.94,80.06,2.61,8.45,Blister Blight (dormant/low risk),Exobasidium vexans,1.0,Low
2026-08-16 17:00:00,Nuwara Eliya,18.44,82.0,0.0,10.24,Blister Blight (dormant/low risk),Exobasidium vexans,1.0,Low
2026-08-16 18:00:00,Nuwara Eliya,18.42,82.7,1.11,13.8,Blister Blight,Exobasidium vexans,1.0,Moderate
2026-08-16 19:00:00,Nuwara Eliya,17.88,80.59,0.0,5.63,Blister Blight (dormant/low risk),Exobasidium vexans,1.0,Low
2026-08-16 20:00:00,Nuwara Eliya,17.55,84.57,0.0,13.08,Blister Blight,Exobasidium vexans,1.0,Moderate
2026-08-16 21:00:00,Nuwara Eliya,17.54,77.19,0.0,16.96,Blister Blight,Exobasidium vexans,0.888,High
2026-08-16 22:00:00,Nuwara Eliya,17.14,95.0,5.54,15.43,Blister Blight,Exobasidium vexans,1.0,Moderate
2026-08-16 23:00:00,Nuwara Eliya,17.81,83.31,0.0,15.77,Blister Blight,Exobasidium vexans,1.0,High
2026-08-16 00:00:00,Kandy,22.94,74.06,0.23,13.91,Grey Blight,Pestalotiopsis spp.,0.962,Moderate
2026-08-16 01:00:00,Kandy,24.65,65.4,0.46,18.89,Grey Blight,Pestalotiopsis spp.,0.616,High
2026-08-16 02:00:00,Kandy,20.45,76.83,1.54,17.83,Grey Blight,Pestalotiopsis spp.,1.0,High
2026-08-16 03:00:00,Kandy,23.11,73.37,0.84,15.78,Grey Blight,Pestalotiopsis spp.,0.935,High
2026-08-16 04:00:00,Kandy,22.15,85.56,2.34,17.27,Grey Blight,Pestalotiopsis spp.,1.0,High
2026-08-16 05:00:00,Kandy,21.53,74.03,0.0,18.53,Grey Blight,Pestalotiopsis spp.,0.961,High
2026-08-16 06:00:00,Kandy,18.83,78.36,0.41,12.97,Grey Blight,Pestalotiopsis spp.,0.953,Moderate
2026-08-16 07:00:00,Kandy,25.83,79.69,0.0,14.72,Grey Blight,Pestalotiopsis spp.,0.967,Moderate
2026-08-16 08:00:00,Kandy,22.64,79.76,2.45,11.29,Grey Blight,Pestalotiopsis spp.,1.0,Moderate
2026-08-16 09:00:00,Kandy,21.17,72.34,1.18,13.41,Grey Blight,Pestalotiopsis spp.,0.894,Moderate
2026-08-16 10:00:00,Kandy,22.59,66.13,0.0,12.07,Grey Blight,Pestalotiopsis spp.,0.645,Moderate
2026-08-16 11:00:00,Kandy,26.52,66.88,0.0,12.52,Grey Blight,Pestalotiopsis spp.,0.614,Moderate
2026-08-16 12:00:00,Kandy,23.73,60.58,1.24,14.95,Grey Blight,Pestalotiopsis spp.,0.423,Moderate
2026-08-16 13:00:00,Kandy,27.62,61.51,0.0,14.15,Grey Blight,Pestalotiopsis spp.,0.356,Moderate
2026-08-16 14:00:00,Kandy,24.64,62.24,0.0,10.45,Grey Blight (dormant/low risk),Pestalotiopsis spp.,0.49,Low
2026-08-16 15:00:00,Kandy,22.98,59.55,0.0,12.44,Grey Blight,Pestalotiopsis spp.,0.4,Moderate
2026-08-16 16:00:00,Kandy,24.72,64.45,0.0,12.06,Grey Blight,Pestalotiopsis spp.,0.578,Moderate
2026-08-16 17:00:00,Kandy,25.65,70.91,0.0,11.57,Grey Blight,Pestalotiopsis spp.,0.81,Moderate
2026-08-16 18:00:00,Kandy,23.93,66.2,0.0,14.42,Grey Blight,Pestalotiopsis spp.,0.648,Moderate
2026-08-16 19:00:00,Kandy,24.68,75.56,0.0,16.34,Grey Blight,Pestalotiopsis spp.,1.0,High
2026-08-16 20:00:00,Kandy,24.12,70.63,0.0,17.66,Grey Blight,Pestalotiopsis spp.,0.825,High
2026-08-16 21:00:00,Kandy,29.23,69.16,0.0,11.77,Grey Blight,Pestalotiopsis spp.,0.597,Moderate
2026-08-16 22:00:00,Kandy,26.63,64.49,0.0,12.72,Grey Blight,Pestalotiopsis spp.,0.514,Moderate
2026-08-16 23:00:00,Kandy,28.71,61.59,0.0,12.01,Grey Blight,Pestalotiopsis spp.,0.315,Moderate
2026-08-16 00:00:00,Ratnapura,29.66,83.07,0.0,9.26,Brown Blight (dormant/low risk),Colletotrichum / Glomerella spp.,1.0,Low
2026-08-16 01:00:00,Ratnapura,27.87,66.1,0.0,4.99,Brown Blight (dormant/low risk),Colletotrichum / Glomerella spp.,0.444,Low
2026-08-16 02:00:00,Ratnapura,30.57,74.81,0.0,8.28,Brown Blight (dormant/low risk),Colletotrichum / Glomerella spp.,0.77,Low
2026-08-16 03:00:00,Ratnapura,28.81,68.93,0.0,12.04,Brown Blight,Colletotrichum / Glomerella spp.,0.557,Moderate
2026-08-16 04:00:00,Ratnapura,25.76,81.87,0.0,19.81,Brown Blight,Colletotrichum / Glomerella spp.,1.0,High
2026-08-16 05:00:00,Ratnapura,27.3,85.17,0.0,8.6,Brown Blight (dormant/low risk),Colletotrichum / Glomerella spp.,1.0,Low
2026-08-16 06:00:00,Ratnapura,24.42,85.7,0.0,17.65,Brown Blight,Colletotrichum / Glomerella spp.,0.977,High
2026-08-16 07:00:00,Ratnapura,22.0,86.67,0.0,14.25,Brown Blight,Colletotrichum / Glomerella spp.,0.88,Moderate
2026-08-16 08:00:00,Ratnapura,27.65,77.76,0.0,9.01,Brown Blight (dormant/low risk),Colletotrichum / Glomerella spp.,0.91,Low
2026-08-16 09:00:00,Ratnapura,25.41,82.33,0.0,19.82,Brown Blight,Colletotrichum / Glomerella spp.,1.0,High
2026-08-16 10:00:00,Ratnapura,27.35,82.84,3.47,10.58,Brown Blight (dormant/low risk),Colletotrichum / Glomerella spp.,1.0,Low
2026-08-16 11:00:00,Ratnapura,27.38,79.54,0.58,11.38,Brown Blight,Colletotrichum / Glomerella spp.,0.982,Moderate
2026-08-16 12:00:00,Ratnapura,27.81,66.92,0.0,7.85,Brown Blight (dormant/low risk),Colletotrichum / Glomerella spp.,0.477,Low
2026-08-16 13:00:00,Ratnapura,29.76,70.8,1.59,12.48,Brown Blight,Colletotrichum / Glomerella spp.,0.632,Moderate
2026-08-16 14:00:00,Ratnapura,26.25,79.73,4.31,14.39,Brown Blight,Colletotrichum / Glomerella spp.,0.989,Moderate
2026-08-16 15:00:00,Ratnapura,32.63,65.0,2.61,12.57,Brown Blight,Colletotrichum / Glomerella spp.,0.295,Moderate
2026-08-16 16:00:00,Ratnapura,27.39,69.12,0.0,9.52,Brown Blight (dormant/low risk),Colletotrichum / Glomerella spp.,0.565,Low
2026-08-16 17:00:00,Ratnapura,32.21,71.75,0.0,5.07,Brown Blight (dormant/low risk),Colletotrichum / Glomerella spp.,0.582,Low
2026-08-16 18:00:00,Ratnapura,29.29,75.74,0.0,17.12,Brown Blight,Colletotrichum / Glomerella spp.,0.83,High
2026-08-16 19:00:00,Ratnapura,34.51,69.87,0.0,13.59,Brown Blight,Colletotrichum / Glomerella spp.,0.414,Moderate
2026-08-16 20:00:00,Ratnapura,33.88,69.41,0.0,12.22,Brown Blight,Colletotrichum / Glomerella spp.,0.421,Moderate
2026-08-16 21:00:00,Ratnapura,30.39,68.39,0.29,11.53,Brown Blight,Colletotrichum / Glomerella spp.,0.52,Moderate
2026-08-16 22:00:00,Ratnapura,33.05,72.63,0.0,14.06,Brown Blight,Colletotrichum / Glomerella spp.,0.583,Moderate
2026-08-16 23:00:00,Ratnapura,34.38,75.38,0.0,15.05,Brown Blight,Colletotrichum / Glomerella spp.,0.64,Moderate
2026-08-17 00:00:00,Nuwara Eliya,15.2,84.53,4.14,12.53,Blister Blight,Exobasidium vexans,1.0,Moderate
2026-08-17 01:00:00,Nuwara Eliya,15.62,84.03,0.69,14.54,Blister Blight,Exobasidium vexans,1.0,Moderate
2026-08-17 02:00:00,Nuwara Eliya,15.34,85.57,1.93,11.75,Blister Blight,Exobasidium vexans,1.0,Moderate
2026-08-17 03:00:00,Nuwara Eliya,13.91,85.36,2.8,17.0,Blister Blight,Exobasidium vexans,0.956,High
2026-08-17 04:00:00,Nuwara Eliya,12.59,92.28,0.15,17.84,Blister Blight,Exobasidium vexans,0.904,High
2026-08-17 05:00:00,Nuwara Eliya,15.21,82.29,1.2,10.75,Blister Blight,Exobasidium vexans,1.0,Moderate
2026-08-17 06:00:00,Nuwara Eliya,13.82,89.72,0.09,14.06,Blister Blight,Exobasidium vexans,0.953,Moderate
2026-08-17 07:00:00,Nuwara Eliya,11.69,95.0,15.26,19.27,Blister Blight,Exobasidium vexans,0.868,High
2026-08-17 08:00:00,Nuwara Eliya,10.0,95.0,0.0,16.17,Blister Blight,Exobasidium vexans,0.8,High
2026-08-17 09:00:00,Nuwara Eliya,11.42,85.57,0.0,8.69,Blister Blight (dormant/low risk),Exobasidium vexans,0.857,Low
2026-08-17 10:00:00,Nuwara Eliya,12.94,86.86,2.0,16.45,Blister Blight,Exobasidium vexans,0.918,High
2026-08-17 11:00:00,Nuwara Eliya,15.05,89.51,4.09,20.86,Blister Blight,Exobasidium vexans,1.0,High
2026-08-17 12:00:00,Nuwara Eliya,13.15,76.78,0.0,14.0,Blister Blight,Exobasidium vexans,0.797,Moderate
2026-08-17 13:00:00,Nuwara Eliya,14.48,72.99,0.81,12.03,Blister Blight,Exobasidium vexans,0.699,Moderate
2026-08-17 14:00:00,Nuwara Eliya,16.36,71.76,0.0,13.06,Blister Blight,Exobasidium vexans,0.67,Moderate
2026-08-17 15:00:00,Nuwara Eliya,14.76,78.11,1.42,10.13,Blister Blight (dormant/low risk),Exobasidium vexans,0.915,Low
2026-08-17 16:00:00,Nuwara Eliya,16.0,70.21,0.0,14.64,Blister Blight,Exobasidium vexans,0.608,Moderate
2026-08-17 17:00:00,Nuwara Eliya,18.51,81.33,0.82,11.63,Blister Blight,Exobasidium vexans,1.0,Moderate
2026-08-17 18:00:00,Nuwara Eliya,16.9,88.34,2.15,15.02,Blister Blight,Exobasidium vexans,1.0,Moderate
2026-08-17 19:00:00,Nuwara Eliya,18.0,77.48,0.26,8.0,Blister Blight (dormant/low risk),Exobasidium vexans,0.899,Low
2026-08-17 20:00:00,Nuwara Eliya,19.79,80.91,0.36,10.22,Blister Blight (dormant/low risk),Exobasidium vexans,1.0,Low
2026-08-17 21:00:00,Nuwara Eliya,17.21,85.03,0.07,10.83,Blister Blight,Exobasidium vexans,1.0,Moderate
2026-08-17 22:00:00,Nuwara Eliya,17.27,86.48,0.79,15.79,Blister Blight,Exobasidium vexans,1.0,High
2026-08-17 23:00:00,Nuwara Eliya,17.26,82.84,0.0,7.8,Blister Blight (dormant/low risk),Exobasidium vexans,1.0,Low
2026-08-17 00:00:00,Kandy,21.32,75.48,0.65,12.18,Grey Blight,Pestalotiopsis spp.,1.0,Moderate
2026-08-17 01:00:00,Kandy,21.42,74.44,0.0,18.88,Grey Blight,Pestalotiopsis spp.,0.978,High
2026-08-17 02:00:00,Kandy,25.58,71.22,0.0,11.9,Grey Blight,Pestalotiopsis spp.,0.826,Moderate
2026-08-17 03:00:00,Kandy,22.14,70.31,0.0,11.7,Grey Blight,Pestalotiopsis spp.,0.812,Moderate
2026-08-17 04:00:00,Kandy,21.93,83.93,2.15,14.13,Grey Blight,Pestalotiopsis spp.,1.0,Moderate
2026-08-17 05:00:00,Kandy,21.38,76.41,0.0,17.94,Grey Blight,Pestalotiopsis spp.,1.0,High
2026-08-17 06:00:00,Kandy,21.5,82.73,0.0,11.63,Grey Blight,Pestalotiopsis spp.,1.0,Moderate
2026-08-17 07:00:00,Kandy,19.85,74.64,0.04,14.46,Grey Blight,Pestalotiopsis spp.,0.98,Moderate
2026-08-17 08:00:00,Kandy,21.15,85.44,0.12,11.62,Grey Blight,Pestalotiopsis spp.,1.0,Moderate
2026-08-17 09:00:00,Kandy,18.0,75.8,0.25,13.85,Grey Blight,Pestalotiopsis spp.,0.92,Moderate
2026-08-17 10:00:00,Kandy,20.39,78.12,0.9,13.26,Grey Blight,Pestalotiopsis spp.,1.0,Moderate
2026-08-17 11:00:00,Kandy,20.33,71.05,0.24,11.42,Grey Blight,Pestalotiopsis spp.,0.842,Moderate
2026-08-17 12:00:00,Kandy,19.2,62.2,0.0,11.37,Grey Blight,Pestalotiopsis spp.,0.456,Moderate
2026-08-17 13:00:00,Kandy,22.78,66.4,0.0,14.09,Grey Blight,Pestalotiopsis spp.,0.656,Moderate
2026-08-17 14:00:00,Kandy,24.3,64.56,0.0,17.93,Grey Blight,Pestalotiopsis spp.,0.582,High
2026-08-17 15:00:00,Kandy,22.33,69.19,0.0,15.56,Grey Blight,Pestalotiopsis spp.,0.768,Moderate
2026-08-17 16:00:00,Kandy,27.81,61.12,1.05,9.28,Grey Blight (dormant/low risk),Pestalotiopsis spp.,0.332,Low
2026-08-17 17:00:00,Kandy,22.77,70.64,0.0,15.02,Grey Blight,Pestalotiopsis spp.,0.826,Moderate
2026-08-17 18:00:00,Kandy,26.53,69.08,0.0,14.03,Grey Blight,Pestalotiopsis spp.,0.702,Moderate
2026-08-17 19:00:00,Kandy,22.97,77.79,0.41,17.26,Grey Blight,Pestalotiopsis spp.,1.0,High
2026-08-17 20:00:00,Kandy,23.5,77.89,5.32,15.71,Grey Blight,Pestalotiopsis spp.,1.0,High
2026-08-17 21:00:00,Kandy,26.74,73.31,0.56,11.22,Grey Blight,Pestalotiopsis spp.,0.863,Moderate
2026-08-17 22:00:00,Kandy,27.21,68.92,0.0,11.73,Grey Blight,Pestalotiopsis spp.,0.668,Moderate
2026-08-17 23:00:00,Kandy,26.15,72.06,0.0,12.32,Grey Blight,Pestalotiopsis spp.,0.836,Moderate
2026-08-17 00:00:00,Ratnapura,30.87,76.5,0.0,18.27,Brown Blight,Colletotrichum / Glomerella spp.,0.825,High
2026-08-17 01:00:00,Ratnapura,29.07,71.97,0.0,10.87,Brown Blight,Colletotrichum / Glomerella spp.,0.679,Moderate
2026-08-17 02:00:00,Ratnapura,28.39,71.73,0.77,15.51,Brown Blight,Colletotrichum / Glomerella spp.,0.669,Moderate
2026-08-17 03:00:00,Ratnapura,30.46,72.13,0.0,14.21,Brown Blight,Colletotrichum / Glomerella spp.,0.667,Moderate
2026-08-17 04:00:00,Ratnapura,26.22,85.15,1.51,14.48,Brown Blight,Colletotrichum / Glomerella spp.,1.0,Moderate
2026-08-17 05:00:00,Ratnapura,25.19,86.33,1.36,13.87,Brown Blight,Colletotrichum / Glomerella spp.,1.0,Moderate
2026-08-17 06:00:00,Ratnapura,22.4,89.48,2.36,18.29,Brown Blight,Colletotrichum / Glomerella spp.,0.896,High
2026-08-17 07:00:00,Ratnapura,26.58,86.95,0.28,11.5,Brown Blight,Colletotrichum / Glomerella spp.,1.0,Moderate
2026-08-17 08:00:00,Ratnapura,25.04,83.06,0.7,15.48,Brown Blight,Colletotrichum / Glomerella spp.,1.0,Moderate
2026-08-17 09:00:00,Ratnapura,23.16,79.99,0.7,13.22,Brown Blight,Colletotrichum / Glomerella spp.,0.926,Moderate
2026-08-17 10:00:00,Ratnapura,23.79,71.77,0.0,13.89,Brown Blight,Colletotrichum / Glomerella spp.,0.622,Moderate
2026-08-17 11:00:00,Ratnapura,24.97,70.54,0.01,15.53,Brown Blight,Colletotrichum / Glomerella spp.,0.62,Moderate
2026-08-17 12:00:00,Ratnapura,26.11,70.53,0.0,8.39,Brown Blight (dormant/low risk),Colletotrichum / Glomerella spp.,0.621,Low
2026-08-17 13:00:00,Ratnapura,26.5,75.33,2.79,13.46,Brown Blight,Colletotrichum / Glomerella spp.,0.813,Moderate
2026-08-17 14:00:00,Ratnapura,23.91,73.88,0.94,15.84,Brown Blight,Colletotrichum / Glomerella spp.,0.712,High
2026-08-17 15:00:00,Ratnapura,28.63,76.29,0.0,11.27,Brown Blight,Colletotrichum / Glomerella spp.,0.852,Moderate
2026-08-17 16:00:00,Ratnapura,29.66,68.68,0.0,7.65,Brown Blight (dormant/low risk),Colletotrichum / Glomerella spp.,0.547,Low
2026-08-17 17:00:00,Ratnapura,30.79,84.0,4.09,12.87,Brown Blight,Colletotrichum / Glomerella spp.,0.968,Moderate
2026-08-17 18:00:00,Ratnapura,28.78,72.91,0.0,10.81,Brown Blight,Colletotrichum / Glomerella spp.,0.716,Moderate
2026-08-17 19:00:00,Ratnapura,34.49,65.0,0.0,15.09,Brown Blight,Colletotrichum / Glomerella spp.,0.22,Moderate
2026-08-17 20:00:00,Ratnapura,33.34,75.69,0.0,18.14,Brown Blight,Colletotrichum / Glomerella spp.,0.694,High
2026-08-17 21:00:00,Ratnapura,34.97,69.29,0.0,10.96,Brown Blight,Colletotrichum / Glomerella spp.,0.373,Moderate
2026-08-17 22:00:00,Ratnapura,29.49,73.84,0.0,13.21,Brown Blight,Colletotrichum / Glomerella spp.,0.754,Moderate
2026-08-17 23:00:00,Ratnapura,29.31,73.24,0.0,13.3,Brown Blight,Colletotrichum / Glomerella spp.,0.73,Moderate
2026-08-18 00:00:00,Nuwara Eliya,17.82,90.63,5.05,14.38,Blister Blight,Exobasidium vexans,1.0,Moderate
2026-08-18 01:00:00,Nuwara Eliya,17.47,77.62,0.0,11.91,Blister Blight,Exobasidium vexans,0.905,Moderate
2026-08-18 02:00:00,Nuwara Eliya,19.46,77.77,0.0,13.66,Blister Blight,Exobasidium vexans,0.911,Moderate
2026-08-18 03:00:00,Nuwara Eliya,15.91,81.31,0.0,16.18,Blister Blight,Exobasidium vexans,1.0,High
2026-08-18 04:00:00,Nuwara Eliya,12.95,91.49,2.17,17.65,Blister Blight,Exobasidium vexans,0.918,High
2026-08-18 05:00:00,Nuwara Eliya,11.12,88.59,0.0,13.22,Blister Blight,Exobasidium vexans,0.845,Moderate
2026-08-18 06:00:00,Nuwara Eliya,13.6,91.48,0.31,14.79,Blister Blight,Exobasidium vexans,0.944,Moderate
2026-08-18 07:00:00,Nuwara Eliya,10.37,95.0,2.35,22.12,Blister Blight,Exobasidium vexans,0.815,High
2026-08-18 08:00:00,Nuwara Eliya,13.15,87.93,0.0,13.14,Blister Blight,Exobasidium vexans,0.926,Moderate
2026-08-18 09:00:00,Nuwara Eliya,11.52,83.99,0.0,7.19,Blister Blight (dormant/low risk),Exobasidium vexans,0.861,Low
2026-08-18 10:00:00,Nuwara Eliya,11.2,95.0,2.01,12.84,Blister Blight,Exobasidium vexans,0.848,Moderate
2026-08-18 11:00:00,Nuwara Eliya,12.57,83.12,0.55,14.33,Blister Blight,Exobasidium vexans,0.903,Moderate
2026-08-18 12:00:00,Nuwara Eliya,11.38,71.12,0.0,9.05,Blister Blight (dormant/low risk),Exobasidium vexans,0.5,Low
2026-08-18 13:00:00,Nuwara Eliya,13.08,85.59,2.67,14.55,Blister Blight,Exobasidium vexans,0.923,Moderate
2026-08-18 14:00:00,Nuwara Eliya,15.81,75.25,0.0,13.53,Blister Blight,Exobasidium vexans,0.81,Moderate
2026-08-18 15:00:00,Nuwara Eliya,15.53,86.24,7.77,18.76,Blister Blight,Exobasidium vexans,1.0,High
2026-08-18 16:00:00,Nuwara Eliya,16.8,74.78,0.0,9.01,Blister Blight (dormant/low risk),Exobasidium vexans,0.791,Low
2026-08-18 17:00:00,Nuwara Eliya,13.84,81.55,0.03,9.67,Blister Blight (dormant/low risk),Exobasidium vexans,0.954,Low
2026-08-18 18:00:00,Nuwara Eliya,17.31,85.34,0.0,14.0,Blister Blight,Exobasidium vexans,1.0,Moderate
2026-08-18 19:00:00,Nuwara Eliya,20.41,77.64,0.19,18.13,Blister Blight,Exobasidium vexans,0.906,High
2026-08-18 20:00:00,Nuwara Eliya,17.49,80.19,0.0,12.32,Blister Blight,Exobasidium vexans,1.0,Moderate
2026-08-18 21:00:00,Nuwara Eliya,21.87,75.23,0.0,17.25,Blister Blight,Exobasidium vexans,0.809,High
2026-08-18 22:00:00,Nuwara Eliya,12.4,85.09,0.0,15.19,Blister Blight,Exobasidium vexans,0.896,Moderate
2026-08-18 23:00:00,Nuwara Eliya,17.69,82.6,0.59,7.31,Blister Blight (dormant/low risk),Exobasidium vexans,1.0,Low
2026-08-18 00:00:00,Kandy,25.89,68.18,0.0,10.65,Grey Blight (dormant/low risk),Pestalotiopsis spp.,0.692,Low
2026-08-18 01:00:00,Kandy,22.83,68.59,0.0,11.28,Grey Blight,Pestalotiopsis spp.,0.744,Moderate
2026-08-18 02:00:00,Kandy,24.08,71.46,0.0,10.81,Grey Blight,Pestalotiopsis spp.,0.858,Moderate
2026-08-18 03:00:00,Kandy,23.4,67.85,0.28,16.42,Grey Blight,Pestalotiopsis spp.,0.714,High
2026-08-18 04:00:00,Kandy,20.23,81.06,1.35,11.37,Grey Blight,Pestalotiopsis spp.,1.0,Moderate
2026-08-18 05:00:00,Kandy,19.53,73.87,0.26,14.37,Grey Blight,Pestalotiopsis spp.,0.936,Moderate
2026-08-18 06:00:00,Kandy,23.25,77.84,0.0,5.79,Grey Blight (dormant/low risk),Pestalotiopsis spp.,1.0,Low
2026-08-18 07:00:00,Kandy,20.12,77.05,0.0,16.27,Grey Blight,Pestalotiopsis spp.,1.0,High
2026-08-18 08:00:00,Kandy,24.03,77.71,0.0,14.76,Grey Blight,Pestalotiopsis spp.,1.0,Moderate
2026-08-18 09:00:00,Kandy,21.07,77.37,0.86,16.5,Grey Blight,Pestalotiopsis spp.,1.0,High
2026-08-18 10:00:00,Kandy,23.12,74.72,0.21,17.18,Grey Blight,Pestalotiopsis spp.,0.989,High
2026-08-18 11:00:00,Kandy,19.52,74.16,1.78,17.56,Grey Blight,Pestalotiopsis spp.,0.947,High
2026-08-18 12:00:00,Kandy,23.22,61.89,0.0,14.17,Grey Blight,Pestalotiopsis spp.,0.476,Moderate
2026-08-18 13:00:00,Kandy,23.25,62.2,0.21,13.31,Grey Blight,Pestalotiopsis spp.,0.488,Moderate
2026-08-18 14:00:00,Kandy,22.68,66.05,0.76,13.59,Grey Blight,Pestalotiopsis spp.,0.642,Moderate
2026-08-18 15:00:00,Kandy,22.99,61.65,0.0,12.06,Grey Blight,Pestalotiopsis spp.,0.466,Moderate
2026-08-18 16:00:00,Kandy,24.98,59.44,0.0,16.31,Grey Blight,Pestalotiopsis spp.,0.4,High
2026-08-18 17:00:00,Kandy,26.12,70.5,0.0,10.77,Grey Blight,Pestalotiopsis spp.,0.775,Moderate
2026-08-18 18:00:00,Kandy,25.79,66.1,3.24,20.15,Grey Blight,Pestalotiopsis spp.,0.612,High
2026-08-18 19:00:00,Kandy,26.43,69.01,0.0,12.77,Grey Blight,Pestalotiopsis spp.,0.703,Moderate
2026-08-18 20:00:00,Kandy,24.26,68.87,0.0,15.25,Grey Blight,Pestalotiopsis spp.,0.755,Moderate
2026-08-18 21:00:00,Kandy,26.03,66.28,0.0,5.89,Grey Blight (dormant/low risk),Pestalotiopsis spp.,0.61,Low
2026-08-18 22:00:00,Kandy,25.82,67.76,0.0,13.47,Grey Blight,Pestalotiopsis spp.,0.678,Moderate
2026-08-18 23:00:00,Kandy,27.08,63.21,0.41,13.17,Grey Blight,Pestalotiopsis spp.,0.445,Moderate
2026-08-18 00:00:00,Ratnapura,29.15,75.19,0.0,8.84,Brown Blight (dormant/low risk),Colletotrichum / Glomerella spp.,0.808,Low
2026-08-18 01:00:00,Ratnapura,29.88,71.0,0.0,13.59,Brown Blight,Colletotrichum / Glomerella spp.,0.64,Moderate
2026-08-18 02:00:00,Ratnapura,27.16,79.14,0.69,11.91,Brown Blight,Colletotrichum / Glomerella spp.,0.966,Moderate
2026-08-18 03:00:00,Ratnapura,25.29,79.35,1.06,14.15,Brown Blight,Colletotrichum / Glomerella spp.,0.974,Moderate
2026-08-18 04:00:00,Ratnapura,27.39,78.24,0.0,10.74,Brown Blight (dormant/low risk),Colletotrichum / Glomerella spp.,0.93,Low
2026-08-18 05:00:00,Ratnapura,25.94,82.87,0.0,12.56,Brown Blight,Colletotrichum / Glomerella spp.,1.0,Moderate
2026-08-18 06:00:00,Ratnapura,25.41,84.93,0.0,19.41,Brown Blight,Colletotrichum / Glomerella spp.,1.0,High
2026-08-18 07:00:00,Ratnapura,26.82,79.52,0.0,16.63,Brown Blight,Colletotrichum / Glomerella spp.,0.981,High
2026-08-18 08:00:00,Ratnapura,25.42,87.94,0.04,20.37,Brown Blight,Colletotrichum / Glomerella spp.,1.0,High
2026-08-18 09:00:00,Ratnapura,27.25,69.45,0.0,19.54,Brown Blight,Colletotrichum / Glomerella spp.,0.578,High
2026-08-18 10:00:00,Ratnapura,25.36,75.0,0.0,15.51,Brown Blight,Colletotrichum / Glomerella spp.,0.8,Moderate
2026-08-18 11:00:00,Ratnapura,29.83,71.18,0.0,20.05,Brown Blight,Colletotrichum / Glomerella spp.,0.647,High
2026-08-18 12:00:00,Ratnapura,26.35,77.95,2.87,7.71,Brown Blight (dormant/low risk),Colletotrichum / Glomerella spp.,0.918,Low
2026-08-18 13:00:00,Ratnapura,27.23,65.53,0.0,11.24,Brown Blight,Colletotrichum / Glomerella spp.,0.421,Moderate
2026-08-18 14:00:00,Ratnapura,26.8,70.27,0.08,15.91,Brown Blight,Colletotrichum / Glomerella spp.,0.611,High
2026-08-18 15:00:00,Ratnapura,31.07,71.68,1.49,13.52,Brown Blight,Colletotrichum / Glomerella spp.,0.624,Moderate
2026-08-18 16:00:00,Ratnapura,30.16,65.0,0.0,8.88,Brown Blight (dormant/low risk),Colletotrichum / Glomerella spp.,0.394,Low
2026-08-18 17:00:00,Ratnapura,26.6,79.56,0.0,11.28,Brown Blight,Colletotrichum / Glomerella spp.,0.982,Moderate
2026-08-18 18:00:00,Ratnapura,26.68,75.39,0.0,7.22,Brown Blight (dormant/low risk),Colletotrichum / Glomerella spp.,0.816,Low
2026-08-18 19:00:00,Ratnapura,33.76,67.73,0.0,16.79,Brown Blight,Colletotrichum / Glomerella spp.,0.359,High
2026-08-18 20:00:00,Ratnapura,30.08,73.5,0.0,14.73,Brown Blight,Colletotrichum / Glomerella spp.,0.737,Moderate
2026-08-18 21:00:00,Ratnapura,31.09,70.75,0.18,13.84,Brown Blight,Colletotrichum / Glomerella spp.,0.586,Moderate
2026-08-18 22:00:00,Ratnapura,32.87,66.69,0.0,11.08,Brown Blight,Colletotrichum / Glomerella spp.,0.353,Moderate
2026-08-18 23:00:00,Ratnapura,29.1,75.42,0.0,8.65,Brown Blight (dormant/low risk),Colletotrichum / Glomerella spp.,0.817,Low
2026-08-19 00:00:00,Nuwara Eliya,14.73,83.0,0.0,10.73,Blister Blight (dormant/low risk),Exobasidium vexans,0.989,Low
2026-08-19 01:00:00,Nuwara Eliya,15.5,82.15,0.0,7.82,Blister Blight (dormant/low risk),Exobasidium vexans,1.0,Low
2026-08-19 02:00:00,Nuwara Eliya,15.55,85.81,2.16,14.71,Blister Blight,Exobasidium vexans,1.0,Moderate
2026-08-19 03:00:00,Nuwara Eliya,16.36,87.63,3.35,16.42,Blister Blight,Exobasidium vexans,1.0,High
2026-08-19 04:00:00,Nuwara Eliya,10.87,88.73,0.0,13.31,Blister Blight,Exobasidium vexans,0.835,Moderate
2026-08-19 05:00:00,Nuwara Eliya,13.73,93.95,1.87,19.76,Blister Blight,Exobasidium vexans,0.949,High
2026-08-19 06:00:00,Nuwara Eliya,12.84,95.0,4.05,21.46,Blister Blight,Exobasidium vexans,0.914,High
2026-08-19 07:00:00,Nuwara Eliya,11.56,90.5,1.48,10.57,Blister Blight (dormant/low risk),Exobasidium vexans,0.862,Low
2026-08-19 08:00:00,Nuwara Eliya,11.79,88.37,0.47,12.51,Blister Blight,Exobasidium vexans,0.872,Moderate
2026-08-19 09:00:00,Nuwara Eliya,11.7,91.08,0.0,13.75,Blister Blight,Exobasidium vexans,0.868,Moderate
2026-08-19 10:00:00,Nuwara Eliya,10.0,87.77,2.48,16.43,Blister Blight,Exobasidium vexans,0.8,High
2026-08-19 11:00:00,Nuwara Eliya,14.75,82.08,0.0,10.7,Blister Blight (dormant/low risk),Exobasidium vexans,0.99,Low
2026-08-19 12:00:00,Nuwara Eliya,11.74,82.56,0.75,11.28,Blister Blight,Exobasidium vexans,0.87,Moderate
2026-08-19 13:00:00,Nuwara Eliya,16.08,74.51,2.14,18.44,Blister Blight,Exobasidium vexans,0.78,High
2026-08-19 14:00:00,Nuwara Eliya,14.3,87.15,4.98,19.01,Blister Blight,Exobasidium vexans,0.972,High
2026-08-19 15:00:00,Nuwara Eliya,15.16,89.75,4.97,15.31,Blister Blight,Exobasidium vexans,1.0,Moderate
2026-08-19 16:00:00,Nuwara Eliya,15.09,81.54,0.29,10.37,Blister Blight (dormant/low risk),Exobasidium vexans,1.0,Low
2026-08-19 17:00:00,Nuwara Eliya,15.28,86.35,0.0,11.75,Blister Blight,Exobasidium vexans,1.0,Moderate
2026-08-19 18:00:00,Nuwara Eliya,18.35,75.31,0.0,12.34,Blister Blight,Exobasidium vexans,0.812,Moderate
2026-08-19 19:00:00,Nuwara Eliya,15.02,89.13,0.0,15.3,Blister Blight,Exobasidium vexans,1.0,Moderate
2026-08-19 20:00:00,Nuwara Eliya,20.31,78.86,0.9,15.78,Blister Blight,Exobasidium vexans,0.954,High
2026-08-19 21:00:00,Nuwara Eliya,17.89,82.81,0.0,12.18,Blister Blight,Exobasidium vexans,1.0,Moderate
2026-08-19 22:00:00,Nuwara Eliya,16.62,84.22,1.01,20.07,Blister Blight,Exobasidium vexans,1.0,High
2026-08-19 23:00:00,Nuwara Eliya,18.7,79.53,0.0,14.53,Blister Blight,Exobasidium vexans,0.981,Moderate
2026-08-19 00:00:00,Kandy,22.85,69.85,1.4,8.55,Grey Blight (dormant/low risk),Pestalotiopsis spp.,0.794,Low
2026-08-19 01:00:00,Kandy,21.62,77.15,0.0,16.02,Grey Blight,Pestalotiopsis spp.,1.0,High
2026-08-19 02:00:00,Kandy,22.29,69.77,0.0,10.7,Grey Blight (dormant/low risk),Pestalotiopsis spp.,0.791,Low
2026-08-19 03:00:00,Kandy,23.11,65.48,0.0,12.49,Grey Blight,Pestalotiopsis spp.,0.619,Moderate
2026-08-19 04:00:00,Kandy,20.47,85.91,1.97,18.46,Grey Blight,Pestalotiopsis spp.,1.0,High
2026-08-19 05:00:00,Kandy,21.04,84.33,0.0,10.62,Grey Blight (dormant/low risk),Pestalotiopsis spp.,1.0,Low
2026-08-19 06:00:00,Kandy,20.57,78.39,0.0,15.61,Grey Blight,Pestalotiopsis spp.,1.0,Moderate
2026-08-19 07:00:00,Kandy,20.71,80.66,1.85,16.66,Grey Blight,Pestalotiopsis spp.,1.0,High
2026-08-19 08:00:00,Kandy,18.17,87.3,2.88,17.56,Grey Blight,Pestalotiopsis spp.,0.927,High
2026-08-19 09:00:00,Kandy,19.83,73.75,0.0,13.31,Grey Blight,Pestalotiopsis spp.,0.943,Moderate
2026-08-19 10:00:00,Kandy,21.17,81.95,2.78,9.96,Grey Blight (dormant/low risk),Pestalotiopsis spp.,1.0,Low
2026-08-19 11:00:00,Kandy,20.97,70.96,0.0,14.37,Grey Blight,Pestalotiopsis spp.,0.838,Moderate
2026-08-19 12:00:00,Kandy,23.45,71.82,0.0,12.27,Grey Blight,Pestalotiopsis spp.,0.873,Moderate
2026-08-19 13:00:00,Kandy,22.16,63.25,0.0,11.08,Grey Blight,Pestalotiopsis spp.,0.53,Moderate
2026-08-19 14:00:00,Kandy,20.29,67.38,0.0,14.49,Grey Blight,Pestalotiopsis spp.,0.695,Moderate
2026-08-19 15:00:00,Kandy,22.54,67.72,0.0,9.62,Grey Blight (dormant/low risk),Pestalotiopsis spp.,0.709,Low
2026-08-19 16:00:00,Kandy,24.55,67.64,0.8,9.81,Grey Blight (dormant/low risk),Pestalotiopsis spp.,0.706,Low
2026-08-19 17:00:00,Kandy,24.64,68.48,1.73,9.21,Grey Blight (dormant/low risk),Pestalotiopsis spp.,0.739,Low
2026-08-19 18:00:00,Kandy,23.74,73.41,0.0,14.61,Grey Blight,Pestalotiopsis spp.,0.936,Moderate
2026-08-19 19:00:00,Kandy,24.13,69.34,0.0,10.8,Grey Blight,Pestalotiopsis spp.,0.774,Moderate
2026-08-19 20:00:00,Kandy,26.36,72.81,0.0,14.12,Grey Blight,Pestalotiopsis spp.,0.858,Moderate
2026-08-19 21:00:00,Kandy,27.03,72.59,0.0,13.47,Grey Blight,Pestalotiopsis spp.,0.822,Moderate
2026-08-19 22:00:00,Kandy,28.54,66.78,0.0,13.22,Grey Blight,Pestalotiopsis spp.,0.53,Moderate
2026-08-19 23:00:00,Kandy,22.15,77.55,0.0,16.06,Grey Blight,Pestalotiopsis spp.,1.0,High
2026-08-19 00:00:00,Ratnapura,29.76,75.82,0.0,10.38,Brown Blight (dormant/low risk),Colletotrichum / Glomerella spp.,0.833,Low
2026-08-19 01:00:00,Ratnapura,28.03,76.83,0.0,8.14,Brown Blight (dormant/low risk),Colletotrichum / Glomerella spp.,0.873,Low
2026-08-19 02:00:00,Ratnapura,25.62,84.44,0.0,11.45,Brown Blight,Colletotrichum / Glomerella spp.,1.0,Moderate
2026-08-19 03:00:00,Ratnapura,28.13,71.24,0.0,12.25,Brown Blight,Colletotrichum / Glomerella spp.,0.65,Moderate
2026-08-19 04:00:00,Ratnapura,25.16,80.35,0.0,14.62,Brown Blight,Colletotrichum / Glomerella spp.,1.0,Moderate
2026-08-19 05:00:00,Ratnapura,24.3,98.0,21.29,18.09,Brown Blight,Colletotrichum / Glomerella spp.,0.972,High
2026-08-19 06:00:00,Ratnapura,26.07,79.47,0.0,8.2,Brown Blight (dormant/low risk),Colletotrichum / Glomerella spp.,0.979,Low
2026-08-19 07:00:00,Ratnapura,24.44,91.75,0.0,12.13,Brown Blight,Colletotrichum / Glomerella spp.,0.978,Moderate
2026-08-19 08:00:00,Ratnapura,22.63,95.63,3.62,25.48,Brown Blight,Colletotrichum / Glomerella spp.,0.905,High
2026-08-19 09:00:00,Ratnapura,26.4,69.26,0.0,9.85,Brown Blight (dormant/low risk),Colletotrichum / Glomerella spp.,0.57,Low
2026-08-19 10:00:00,Ratnapura,23.71,79.02,0.0,19.55,Brown Blight,Colletotrichum / Glomerella spp.,0.909,High
2026-08-19 11:00:00,Ratnapura,26.9,77.77,0.0,4.41,Brown Blight (dormant/low risk),Colletotrichum / Glomerella spp.,0.911,Low
2026-08-19 12:00:00,Ratnapura,29.2,70.47,0.0,12.88,Brown Blight,Colletotrichum / Glomerella spp.,0.619,Moderate
2026-08-19 13:00:00,Ratnapura,26.07,73.44,0.0,17.57,Brown Blight,Colletotrichum / Glomerella spp.,0.738,High
2026-08-19 14:00:00,Ratnapura,25.33,71.23,0.0,7.08,Brown Blight (dormant/low risk),Colletotrichum / Glomerella spp.,0.649,Low
2026-08-19 15:00:00,Ratnapura,28.92,69.45,0.0,10.03,Brown Blight (dormant/low risk),Colletotrichum / Glomerella spp.,0.578,Low
2026-08-19 16:00:00,Ratnapura,29.66,70.73,0.0,12.08,Brown Blight,Colletotrichum / Glomerella spp.,0.629,Moderate
2026-08-19 17:00:00,Ratnapura,28.47,70.13,0.08,10.36,Brown Blight (dormant/low risk),Colletotrichum / Glomerella spp.,0.605,Low
2026-08-19 18:00:00,Ratnapura,32.75,79.19,0.36,10.14,Brown Blight (dormant/low risk),Colletotrichum / Glomerella spp.,0.858,Low
2026-08-19 19:00:00,Ratnapura,33.72,65.0,0.0,10.08,Brown Blight (dormant/low risk),Colletotrichum / Glomerella spp.,0.251,Low
2026-08-19 20:00:00,Ratnapura,32.84,65.0,0.0,14.6,Brown Blight,Colletotrichum / Glomerella spp.,0.286,Moderate
2026-08-19 21:00:00,Ratnapura,29.63,72.26,0.04,10.06,Brown Blight (dormant/low risk),Colletotrichum / Glomerella spp.,0.69,Low
2026-08-19 22:00:00,Ratnapura,30.96,69.87,0.0,12.63,Brown Blight,Colletotrichum / Glomerella spp.,0.556,Moderate
2026-08-19 23:00:00,Ratnapura,32.98,70.0,0.0,9.78,Brown Blight (dormant/low risk),Colletotrichum / Glomerella spp.,0.481,Low
2026-08-20 00:00:00,Nuwara Eliya,16.04,85.88,0.0,8.98,Blister Blight (dormant/low risk),Exobasidium vexans,1.0,Low
2026-08-20 01:00:00,Nuwara Eliya,14.31,85.53,0.63,11.7,Blister Blight,Exobasidium vexans,0.972,Moderate
2026-08-20 02:00:00,Nuwara Eliya,15.58,94.37,0.02,15.12,Blister Blight,Exobasidium vexans,1.0,Moderate
2026-08-20 03:00:00,Nuwara Eliya,14.45,88.29,2.66,12.75,Blister Blight,Exobasidium vexans,0.978,Moderate
2026-08-20 04:00:00,Nuwara Eliya,12.22,94.35,2.44,16.75,Blister Blight,Exobasidium vexans,0.889,High
2026-08-20 05:00:00,Nuwara Eliya,14.11,95.0,12.0,15.79,Blister Blight,Exobasidium vexans,0.964,High
2026-08-20 06:00:00,Nuwara Eliya,13.67,93.18,2.39,17.06,Blister Blight,Exobasidium vexans,0.947,High
2026-08-20 07:00:00,Nuwara Eliya,14.35,92.03,0.05,18.13,Blister Blight,Exobasidium vexans,0.974,High
2026-08-20 08:00:00,Nuwara Eliya,13.75,95.0,5.12,17.99,Blister Blight,Exobasidium vexans,0.95,High
2026-08-20 09:00:00,Nuwara Eliya,15.18,86.36,0.0,12.67,Blister Blight,Exobasidium vexans,1.0,Moderate
2026-08-20 10:00:00,Nuwara Eliya,10.0,90.83,2.04,11.79,Blister Blight,Exobasidium vexans,0.8,Moderate
2026-08-20 11:00:00,Nuwara Eliya,12.53,81.52,1.8,7.75,Blister Blight (dormant/low risk),Exobasidium vexans,0.901,Low
2026-08-20 12:00:00,Nuwara Eliya,13.66,78.18,0.0,14.4,Blister Blight,Exobasidium vexans,0.874,Moderate
2026-08-20 13:00:00,Nuwara Eliya,10.0,80.27,0.15,9.84,Blister Blight (dormant/low risk),Exobasidium vexans,0.8,Low
2026-08-20 14:00:00,Nuwara Eliya,17.3,74.51,2.27,9.91,Blister Blight (dormant/low risk),Exobasidium vexans,0.78,Low
2026-08-20 15:00:00,Nuwara Eliya,15.8,80.13,0.19,8.46,Blister Blight (dormant/low risk),Exobasidium vexans,1.0,Low
2026-08-20 16:00:00,Nuwara Eliya,17.62,77.16,2.89,13.19,Blister Blight,Exobasidium vexans,0.886,Moderate
2026-08-20 17:00:00,Nuwara Eliya,16.98,79.78,1.75,11.13,Blister Blight,Exobasidium vexans,0.991,Moderate
2026-08-20 18:00:00,Nuwara Eliya,15.37,88.6,3.1,19.5,Blister Blight,Exobasidium vexans,1.0,High
2026-08-20 19:00:00,Nuwara Eliya,16.43,95.0,4.02,20.26,Blister Blight,Exobasidium vexans,1.0,High
2026-08-20 20:00:00,Nuwara Eliya,20.38,86.17,0.0,12.75,Blister Blight,Exobasidium vexans,1.0,Moderate
2026-08-20 21:00:00,Nuwara Eliya,20.61,78.47,0.0,15.06,Blister Blight,Exobasidium vexans,0.939,Moderate
2026-08-20 22:00:00,Nuwara Eliya,18.74,74.91,0.0,12.47,Blister Blight,Exobasidium vexans,0.796,Moderate
2026-08-20 23:00:00,Nuwara Eliya,16.94,83.35,0.08,13.78,Blister Blight,Exobasidium vexans,1.0,Moderate
2026-08-20 00:00:00,Kandy,24.42,66.41,0.34,9.85,Grey Blight (dormant/low risk),Pestalotiopsis spp.,0.656,Low
2026-08-20 01:00:00,Kandy,23.37,67.38,0.0,14.01,Grey Blight,Pestalotiopsis spp.,0.695,Moderate
2026-08-20 02:00:00,Kandy,24.62,69.31,0.0,13.73,Grey Blight,Pestalotiopsis spp.,0.772,Moderate
2026-08-20 03:00:00,Kandy,21.73,77.99,0.0,19.3,Grey Blight,Pestalotiopsis spp.,1.0,High
2026-08-20 04:00:00,Kandy,21.12,83.04,0.89,11.21,Grey Blight,Pestalotiopsis spp.,1.0,Moderate
2026-08-20 05:00:00,Kandy,18.0,83.17,0.0,8.96,Grey Blight (dormant/low risk),Pestalotiopsis spp.,0.92,Low
2026-08-20 06:00:00,Kandy,18.26,83.16,0.0,13.25,Grey Blight,Pestalotiopsis spp.,0.93,Moderate
2026-08-20 07:00:00,Kandy,26.71,73.27,0.0,11.33,Grey Blight,Pestalotiopsis spp.,0.862,Moderate
2026-08-20 08:00:00,Kandy,18.0,88.77,1.71,15.51,Grey Blight,Pestalotiopsis spp.,0.92,Moderate
2026-08-20 09:00:00,Kandy,19.01,75.14,1.35,11.84,Grey Blight,Pestalotiopsis spp.,0.96,Moderate
2026-08-20 10:00:00,Kandy,18.51,75.99,0.59,10.62,Grey Blight (dormant/low risk),Pestalotiopsis spp.,0.94,Low
2026-08-20 11:00:00,Kandy,22.06,79.41,0.8,13.34,Grey Blight,Pestalotiopsis spp.,1.0,Moderate
2026-08-20 12:00:00,Kandy,24.54,56.46,0.0,14.79,Grey Blight,Pestalotiopsis spp.,0.4,Moderate
2026-08-20 13:00:00,Kandy,20.42,64.13,0.0,17.6,Grey Blight,Pestalotiopsis spp.,0.565,High
2026-08-20 14:00:00,Kandy,24.1,60.49,0.0,18.15,Grey Blight,Pestalotiopsis spp.,0.42,High
2026-08-20 15:00:00,Kandy,20.88,67.76,0.0,12.35,Grey Blight,Pestalotiopsis spp.,0.71,Moderate
2026-08-20 16:00:00,Kandy,19.37,68.66,0.0,11.59,Grey Blight,Pestalotiopsis spp.,0.721,Moderate
2026-08-20 17:00:00,Kandy,24.49,71.85,0.4,13.19,Grey Blight,Pestalotiopsis spp.,0.874,Moderate
2026-08-20 18:00:00,Kandy,23.49,76.59,0.0,14.74,Grey Blight,Pestalotiopsis spp.,1.0,Moderate
2026-08-20 19:00:00,Kandy,27.24,68.35,0.0,9.59,Grey Blight (dormant/low risk),Pestalotiopsis spp.,0.644,Low
2026-08-20 20:00:00,Kandy,24.36,78.03,0.0,14.56,Grey Blight,Pestalotiopsis spp.,1.0,Moderate
2026-08-20 21:00:00,Kandy,25.67,71.09,0.0,17.9,Grey Blight,Pestalotiopsis spp.,0.817,High
2026-08-20 22:00:00,Kandy,22.97,73.98,1.47,7.19,Grey Blight (dormant/low risk),Pestalotiopsis spp.,0.959,Low
2026-08-20 23:00:00,Kandy,22.51,72.49,0.0,9.08,Grey Blight (dormant/low risk),Pestalotiopsis spp.,0.9,Low
2026-08-20 00:00:00,Ratnapura,29.6,78.34,0.0,16.64,Brown Blight,Colletotrichum / Glomerella spp.,0.934,High
2026-08-20 01:00:00,Ratnapura,27.04,83.82,5.1,12.87,Brown Blight,Colletotrichum / Glomerella spp.,1.0,Moderate
2026-08-20 02:00:00,Ratnapura,23.15,72.93,0.51,12.2,Brown Blight,Colletotrichum / Glomerella spp.,0.643,Moderate
2026-08-20 03:00:00,Ratnapura,27.58,82.53,2.71,8.65,Brown Blight (dormant/low risk),Colletotrichum / Glomerella spp.,1.0,Low
2026-08-20 04:00:00,Ratnapura,27.32,78.49,0.0,7.5,Brown Blight (dormant/low risk),Colletotrichum / Glomerella spp.,0.94,Low
2026-08-20 05:00:00,Ratnapura,25.22,76.68,0.0,20.34,Brown Blight,Colletotrichum / Glomerella spp.,0.867,High
2026-08-20 06:00:00,Ratnapura,26.87,98.0,3.93,13.19,Brown Blight,Colletotrichum / Glomerella spp.,1.0,Moderate
2026-08-20 07:00:00,Ratnapura,24.8,76.65,0.0,23.01,Brown Blight,Colletotrichum / Glomerella spp.,0.858,High
2026-08-20 08:00:00,Ratnapura,22.0,84.6,0.0,12.22,Brown Blight,Colletotrichum / Glomerella spp.,0.88,Moderate
2026-08-20 09:00:00,Ratnapura,30.15,72.17,0.31,10.75,Brown Blight,Colletotrichum / Glomerella spp.,0.681,Moderate
2026-08-20 10:00:00,Ratnapura,23.94,77.87,0.0,13.84,Brown Blight,Colletotrichum / Glomerella spp.,0.872,Moderate
2026-08-20 11:00:00,Ratnapura,27.26,73.18,0.0,5.49,Brown Blight (dormant/low risk),Colletotrichum / Glomerella spp.,0.727,Low
2026-08-20 12:00:00,Ratnapura,26.85,65.0,0.66,7.44,Brown Blight (dormant/low risk),Colletotrichum / Glomerella spp.,0.4,Low
2026-08-20 13:00:00,Ratnapura,29.18,66.27,0.0,11.44,Brown Blight,Colletotrichum / Glomerella spp.,0.451,Moderate
2026-08-20 14:00:00,Ratnapura,26.84,65.0,0.0,8.94,Brown Blight (dormant/low risk),Colletotrichum / Glomerella spp.,0.4,Low
2026-08-20 15:00:00,Ratnapura,28.88,76.48,5.31,13.19,Brown Blight,Colletotrichum / Glomerella spp.,0.859,Moderate
2026-08-20 16:00:00,Ratnapura,30.79,65.0,0.0,12.21,Brown Blight,Colletotrichum / Glomerella spp.,0.368,Moderate
2026-08-20 17:00:00,Ratnapura,28.12,84.22,9.9,7.82,Brown Blight (dormant/low risk),Colletotrichum / Glomerella spp.,1.0,Low
2026-08-20 18:00:00,Ratnapura,32.4,73.81,4.23,12.64,Brown Blight,Colletotrichum / Glomerella spp.,0.656,Moderate
2026-08-20 19:00:00,Ratnapura,30.4,76.48,3.23,15.2,Brown Blight,Colletotrichum / Glomerella spp.,0.843,Moderate
2026-08-20 20:00:00,Ratnapura,32.16,70.58,0.0,14.54,Brown Blight,Colletotrichum / Glomerella spp.,0.537,Moderate
2026-08-20 21:00:00,Ratnapura,29.71,71.9,0.0,8.36,Brown Blight (dormant/low risk),Colletotrichum / Glomerella spp.,0.676,Low
2026-08-20 22:00:00,Ratnapura,32.34,78.82,2.06,10.17,Brown Blight (dormant/low risk),Colletotrichum / Glomerella spp.,0.859,Low
2026-08-20 23:00:00,Ratnapura,31.32,71.44,0.0,15.39,Brown Blight,Colletotrichum / Glomerella spp.,0.605,Moderate
2026-08-21 00:00:00,Nuwara Eliya,17.98,82.63,1.06,17.98,Blister Blight,Exobasidium vexans,1.0,High
2026-08-21 01:00:00,Nuwara Eliya,16.12,89.68,2.86,15.65,Blister Blight,Exobasidium vexans,1.0,Moderate
2026-08-21 02:00:00,Nuwara Eliya,15.68,90.88,4.65,18.2,Blister Blight,Exobasidium vexans,1.0,High
2026-08-21 03:00:00,Nuwara Eliya,15.47,77.02,0.0,13.89,Blister Blight,Exobasidium vexans,0.881,Moderate
2026-08-21 04:00:00,Nuwara Eliya,12.56,90.4,0.0,19.35,Blister Blight,Exobasidium vexans,0.902,High
2026-08-21 05:00:00,Nuwara Eliya,14.56,95.0,10.01,21.38,Blister Blight,Exobasidium vexans,0.982,High
2026-08-21 06:00:00,Nuwara Eliya,14.59,95.0,1.98,17.49,Blister Blight,Exobasidium vexans,0.984,High
2026-08-21 07:00:00,Nuwara Eliya,10.73,92.54,0.26,11.51,Blister Blight,Exobasidium vexans,0.829,Moderate
2026-08-21 08:00:00,Nuwara Eliya,11.15,93.87,0.0,15.54,Blister Blight,Exobasidium vexans,0.846,Moderate
2026-08-21 09:00:00,Nuwara Eliya,14.07,83.54,0.0,12.32,Blister Blight,Exobasidium vexans,0.963,Moderate
2026-08-21 10:00:00,Nuwara Eliya,12.1,95.0,4.6,13.02,Blister Blight,Exobasidium vexans,0.884,Moderate
2026-08-21 11:00:00,Nuwara Eliya,13.15,90.32,1.04,15.28,Blister Blight,Exobasidium vexans,0.926,Moderate
2026-08-21 12:00:00,Nuwara Eliya,14.93,82.55,2.27,17.59,Blister Blight,Exobasidium vexans,0.997,High
2026-08-21 13:00:00,Nuwara Eliya,11.61,79.98,0.0,11.96,Blister Blight,Exobasidium vexans,0.864,Moderate
2026-08-21 14:00:00,Nuwara Eliya,15.2,72.49,1.03,12.66,Blister Blight,Exobasidium vexans,0.7,Moderate
2026-08-21 15:00:00,Nuwara Eliya,15.32,76.65,0.0,12.39,Blister Blight,Exobasidium vexans,0.866,Moderate
2026-08-21 16:00:00,Nuwara Eliya,18.65,75.39,0.0,12.44,Blister Blight,Exobasidium vexans,0.816,Moderate
2026-08-21 17:00:00,Nuwara Eliya,20.37,74.55,0.0,18.34,Blister Blight,Exobasidium vexans,0.782,High
2026-08-21 18:00:00,Nuwara Eliya,18.29,85.7,0.15,11.91,Blister Blight,Exobasidium vexans,1.0,Moderate
2026-08-21 19:00:00,Nuwara Eliya,18.5,82.67,0.0,16.33,Blister Blight,Exobasidium vexans,1.0,High
2026-08-21 20:00:00,Nuwara Eliya,20.32,82.48,0.0,13.84,Blister Blight,Exobasidium vexans,1.0,Moderate
2026-08-21 21:00:00,Nuwara Eliya,16.96,88.4,5.59,10.84,Blister Blight,Exobasidium vexans,1.0,Moderate
2026-08-21 22:00:00,Nuwara Eliya,17.28,82.72,3.0,16.5,Blister Blight,Exobasidium vexans,1.0,High
2026-08-21 23:00:00,Nuwara Eliya,19.98,76.34,0.0,14.03,Blister Blight,Exobasidium vexans,0.854,Moderate
2026-08-21 00:00:00,Kandy,24.26,79.65,2.58,21.31,Grey Blight,Pestalotiopsis spp.,1.0,High
2026-08-21 01:00:00,Kandy,24.25,72.2,0.0,17.03,Grey Blight,Pestalotiopsis spp.,0.888,High
2026-08-21 02:00:00,Kandy,24.92,78.76,2.79,12.32,Grey Blight,Pestalotiopsis spp.,1.0,Moderate
2026-08-21 03:00:00,Kandy,25.06,66.29,0.0,14.84,Grey Blight,Pestalotiopsis spp.,0.649,Moderate
2026-08-21 04:00:00,Kandy,23.51,82.95,2.0,13.26,Grey Blight,Pestalotiopsis spp.,1.0,Moderate
2026-08-21 05:00:00,Kandy,21.3,81.54,1.38,15.34,Grey Blight,Pestalotiopsis spp.,1.0,Moderate
2026-08-21 06:00:00,Kandy,24.17,76.14,0.0,12.5,Grey Blight,Pestalotiopsis spp.,1.0,Moderate
2026-08-21 07:00:00,Kandy,20.67,85.52,5.43,13.6,Grey Blight,Pestalotiopsis spp.,1.0,Moderate
2026-08-21 08:00:00,Kandy,20.48,89.24,0.0,14.32,Grey Blight,Pestalotiopsis spp.,1.0,Moderate
2026-08-21 09:00:00,Kandy,21.91,71.84,0.0,18.25,Grey Blight,Pestalotiopsis spp.,0.874,High
2026-08-21 10:00:00,Kandy,19.95,73.95,0.0,9.0,Grey Blight (dormant/low risk),Pestalotiopsis spp.,0.956,Low
2026-08-21 11:00:00,Kandy,22.72,72.95,0.79,14.81,Grey Blight,Pestalotiopsis spp.,0.918,Moderate
2026-08-21 12:00:00,Kandy,19.06,66.31,0.0,10.49,Grey Blight (dormant/low risk),Pestalotiopsis spp.,0.615,Low
2026-08-21 13:00:00,Kandy,22.21,64.91,0.0,8.41,Grey Blight (dormant/low risk),Pestalotiopsis spp.,0.596,Low
2026-08-21 14:00:00,Kandy,21.13,65.22,0.0,13.23,Grey Blight,Pestalotiopsis spp.,0.609,Moderate
2026-08-21 15:00:00,Kandy,22.61,62.12,0.0,12.22,Grey Blight,Pestalotiopsis spp.,0.485,Moderate
2026-08-21 16:00:00,Kandy,24.81,61.04,0.45,13.68,Grey Blight,Pestalotiopsis spp.,0.442,Moderate
2026-08-21 17:00:00,Kandy,25.3,78.12,4.21,15.32,Grey Blight,Pestalotiopsis spp.,0.988,Moderate
2026-08-21 18:00:00,Kandy,25.55,67.13,0.0,10.56,Grey Blight (dormant/low risk),Pestalotiopsis spp.,0.663,Low
2026-08-21 19:00:00,Kandy,24.5,70.64,1.68,13.48,Grey Blight,Pestalotiopsis spp.,0.826,Moderate
2026-08-21 20:00:00,Kandy,24.96,69.35,0.0,13.17,Grey Blight,Pestalotiopsis spp.,0.774,Moderate
2026-08-21 21:00:00,Kandy,26.64,69.14,0.0,3.45,Grey Blight (dormant/low risk),Pestalotiopsis spp.,0.7,Low
2026-08-21 22:00:00,Kandy,25.51,69.13,1.23,12.43,Grey Blight,Pestalotiopsis spp.,0.745,Moderate
2026-08-21 23:00:00,Kandy,23.33,66.07,0.0,16.49,Grey Blight,Pestalotiopsis spp.,0.643,High
2026-08-21 00:00:00,Ratnapura,30.26,72.71,0.0,14.52,Brown Blight,Colletotrichum / Glomerella spp.,0.698,Moderate
2026-08-21 01:00:00,Ratnapura,25.76,71.6,0.04,18.09,Brown Blight,Colletotrichum / Glomerella spp.,0.664,High
2026-08-21 02:00:00,Ratnapura,25.43,81.97,4.68,15.48,Brown Blight,Colletotrichum / Glomerella spp.,1.0,Moderate
2026-08-21 03:00:00,Ratnapura,31.65,75.13,3.24,13.98,Brown Blight,Colletotrichum / Glomerella spp.,0.739,Moderate
2026-08-21 04:00:00,Ratnapura,24.3,89.93,4.31,15.24,Brown Blight,Colletotrichum / Glomerella spp.,0.972,Moderate
2026-08-21 05:00:00,Ratnapura,25.95,93.85,3.76,16.31,Brown Blight,Colletotrichum / Glomerella spp.,1.0,High
2026-08-21 06:00:00,Ratnapura,25.45,90.88,2.35,16.69,Brown Blight,Colletotrichum / Glomerella spp.,1.0,High
2026-08-21 07:00:00,Ratnapura,22.9,81.4,0.0,14.48,Brown Blight,Colletotrichum / Glomerella spp.,0.916,Moderate
2026-08-21 08:00:00,Ratnapura,23.21,97.16,3.93,16.08,Brown Blight,Colletotrichum / Glomerella spp.,0.928,High
2026-08-21 09:00:00,Ratnapura,24.1,82.36,1.17,9.22,Brown Blight (dormant/low risk),Colletotrichum / Glomerella spp.,0.964,Low
2026-08-21 10:00:00,Ratnapura,24.99,77.23,0.0,13.43,Brown Blight,Colletotrichum / Glomerella spp.,0.889,Moderate
2026-08-21 11:00:00,Ratnapura,27.37,74.85,0.0,15.43,Brown Blight,Colletotrichum / Glomerella spp.,0.794,Moderate
2026-08-21 12:00:00,Ratnapura,24.55,65.65,0.0,12.42,Brown Blight,Colletotrichum / Glomerella spp.,0.408,Moderate
2026-08-21 13:00:00,Ratnapura,24.89,68.33,0.0,16.04,Brown Blight,Colletotrichum / Glomerella spp.,0.529,High
2026-08-21 14:00:00,Ratnapura,25.39,79.44,6.36,10.75,Brown Blight,Colletotrichum / Glomerella spp.,0.978,Moderate
2026-08-21 15:00:00,Ratnapura,28.77,70.99,5.46,9.02,Brown Blight (dormant/low risk),Colletotrichum / Glomerella spp.,0.64,Low
2026-08-21 16:00:00,Ratnapura,25.54,70.08,0.0,12.07,Brown Blight,Colletotrichum / Glomerella spp.,0.603,Moderate
2026-08-21 17:00:00,Ratnapura,32.44,69.46,0.0,14.81,Brown Blight,Colletotrichum / Glomerella spp.,0.481,Moderate
2026-08-21 18:00:00,Ratnapura,30.36,72.77,0.0,10.32,Brown Blight (dormant/low risk),Colletotrichum / Glomerella spp.,0.696,Low
2026-08-21 19:00:00,Ratnapura,33.31,65.07,0.0,11.95,Brown Blight,Colletotrichum / Glomerella spp.,0.27,Moderate
2026-08-21 20:00:00,Ratnapura,31.96,76.75,0.0,11.31,Brown Blight,Colletotrichum / Glomerella spp.,0.792,Moderate
2026-08-21 21:00:00,Ratnapura,29.09,76.32,1.27,12.93,Brown Blight,Colletotrichum / Glomerella spp.,0.853,Moderate
2026-08-21 22:00:00,Ratnapura,33.03,80.1,0.0,10.91,Brown Blight,Colletotrichum / Glomerella spp.,0.879,Moderate
2026-08-21 23:00:00,Ratnapura,26.05,75.38,0.38,14.27,Brown Blight,Colletotrichum / Glomerella spp.,0.815,Moderate
2026-08-22 00:00:00,Nuwara Eliya,19.03,81.43,0.54,6.52,Blister Blight (dormant/low risk),Exobasidium vexans,1.0,Low
2026-08-22 01:00:00,Nuwara Eliya,17.44,81.21,2.15,10.96,Blister Blight,Exobasidium vexans,1.0,Moderate
2026-08-22 02:00:00,Nuwara Eliya,14.58,78.07,0.0,11.89,Blister Blight,Exobasidium vexans,0.906,Moderate
2026-08-22 03:00:00,Nuwara Eliya,12.37,84.72,4.44,22.13,Blister Blight,Exobasidium vexans,0.895,High
2026-08-22 04:00:00,Nuwara Eliya,14.72,95.0,2.62,20.63,Blister Blight,Exobasidium vexans,0.989,High
2026-08-22 05:00:00,Nuwara Eliya,14.33,91.66,2.64,18.91,Blister Blight,Exobasidium vexans,0.973,High
2026-08-22 06:00:00,Nuwara Eliya,10.57,95.0,4.87,15.23,Blister Blight,Exobasidium vexans,0.823,Moderate
2026-08-22 07:00:00,Nuwara Eliya,11.64,95.0,0.77,17.25,Blister Blight,Exobasidium vexans,0.866,High
2026-08-22 08:00:00,Nuwara Eliya,12.02,91.88,0.16,21.47,Blister Blight,Exobasidium vexans,0.881,High
2026-08-22 09:00:00,Nuwara Eliya,14.91,81.47,5.23,14.68,Blister Blight,Exobasidium vexans,0.996,Moderate
2026-08-22 10:00:00,Nuwara Eliya,10.26,87.13,0.62,8.73,Blister Blight (dormant/low risk),Exobasidium vexans,0.81,Low
2026-08-22 11:00:00,Nuwara Eliya,16.05,85.16,1.27,15.7,Blister Blight,Exobasidium vexans,1.0,Moderate
2026-08-22 12:00:00,Nuwara Eliya,17.15,73.75,0.0,11.22,Blister Blight,Exobasidium vexans,0.75,Moderate
2026-08-22 13:00:00,Nuwara Eliya,15.37,79.31,0.0,12.89,Blister Blight,Exobasidium vexans,0.972,Moderate
2026-08-22 14:00:00,Nuwara Eliya,16.2,83.52,0.0,6.19,Blister Blight (dormant/low risk),Exobasidium vexans,1.0,Low
2026-08-22 15:00:00,Nuwara Eliya,11.81,88.95,3.79,10.44,Blister Blight (dormant/low risk),Exobasidium vexans,0.872,Low
2026-08-22 16:00:00,Nuwara Eliya,21.87,82.13,2.31,10.34,Blister Blight (dormant/low risk),Exobasidium vexans,1.0,Low
2026-08-22 17:00:00,Nuwara Eliya,18.56,79.68,0.0,13.26,Blister Blight,Exobasidium vexans,0.987,Moderate
2026-08-22 18:00:00,Nuwara Eliya,16.5,79.77,0.0,11.39,Blister Blight,Exobasidium vexans,0.991,Moderate
2026-08-22 19:00:00,Nuwara Eliya,19.68,84.54,0.0,14.06,Blister Blight,Exobasidium vexans,1.0,Moderate
2026-08-22 20:00:00,Nuwara Eliya,13.96,82.97,0.0,19.55,Blister Blight,Exobasidium vexans,0.958,High
2026-08-22 21:00:00,Nuwara Eliya,19.46,80.98,0.0,12.49,Blister Blight,Exobasidium vexans,1.0,Moderate
2026-08-22 22:00:00,Nuwara Eliya,19.76,78.91,1.43,17.88,Blister Blight,Exobasidium vexans,0.956,High
2026-08-22 23:00:00,Nuwara Eliya,19.77,82.63,0.0,10.39,Blister Blight (dormant/low risk),Exobasidium vexans,1.0,Low
2026-08-22 00:00:00,Kandy,23.38,72.38,0.84,11.17,Grey Blight,Pestalotiopsis spp.,0.895,Moderate
2026-08-22 01:00:00,Kandy,20.6,83.1,11.67,15.22,Grey Blight,Pestalotiopsis spp.,1.0,Moderate
2026-08-22 02:00:00,Kandy,22.66,70.45,1.08,9.87,Grey Blight (dormant/low risk),Pestalotiopsis spp.,0.818,Low
2026-08-22 03:00:00,Kandy,21.95,80.53,3.0,10.76,Grey Blight,Pestalotiopsis spp.,1.0,Moderate
2026-08-22 04:00:00,Kandy,22.94,69.63,0.11,3.52,Grey Blight (dormant/low risk),Pestalotiopsis spp.,0.785,Low
2026-08-22 05:00:00,Kandy,19.74,83.01,0.82,12.43,Grey Blight,Pestalotiopsis spp.,0.99,Moderate
2026-08-22 06:00:00,Kandy,18.0,84.9,0.94,12.53,Grey Blight,Pestalotiopsis spp.,0.92,Moderate
2026-08-22 07:00:00,Kandy,18.95,79.84,0.03,13.82,Grey Blight,Pestalotiopsis spp.,0.958,Moderate
2026-08-22 08:00:00,Kandy,19.83,83.63,2.52,14.39,Grey Blight,Pestalotiopsis spp.,0.993,Moderate
2026-08-22 09:00:00,Kandy,20.54,71.42,0.0,13.68,Grey Blight,Pestalotiopsis spp.,0.857,Moderate
2026-08-22 10:00:00,Kandy,23.27,73.51,0.0,9.52,Grey Blight (dormant/low risk),Pestalotiopsis spp.,0.94,Low
2026-08-22 11:00:00,Kandy,19.71,73.75,0.0,14.0,Grey Blight,Pestalotiopsis spp.,0.938,Moderate
2026-08-22 12:00:00,Kandy,22.08,64.35,1.48,6.58,Grey Blight (dormant/low risk),Pestalotiopsis spp.,0.574,Low
2026-08-22 13:00:00,Kandy,20.18,72.42,0.38,20.43,Grey Blight,Pestalotiopsis spp.,0.897,High
2026-08-22 14:00:00,Kandy,22.87,62.37,0.0,9.61,Grey Blight (dormant/low risk),Pestalotiopsis spp.,0.495,Low
2026-08-22 15:00:00,Kandy,24.76,66.32,0.0,13.92,Grey Blight,Pestalotiopsis spp.,0.653,Moderate
2026-08-22 16:00:00,Kandy,24.36,65.85,0.0,7.48,Grey Blight (dormant/low risk),Pestalotiopsis spp.,0.634,Low
2026-08-22 17:00:00,Kandy,24.9,68.64,0.0,15.63,Grey Blight,Pestalotiopsis spp.,0.746,Moderate
2026-08-22 18:00:00,Kandy,23.65,71.27,0.0,13.58,Grey Blight,Pestalotiopsis spp.,0.851,Moderate
2026-08-22 19:00:00,Kandy,25.04,79.87,0.0,16.28,Grey Blight,Pestalotiopsis spp.,0.998,High
2026-08-22 20:00:00,Kandy,28.08,61.51,0.76,11.96,Grey Blight,Pestalotiopsis spp.,0.337,Moderate
2026-08-22 21:00:00,Kandy,25.06,70.93,3.95,11.39,Grey Blight,Pestalotiopsis spp.,0.835,Moderate
2026-08-22 22:00:00,Kandy,27.54,71.88,0.0,17.26,Grey Blight,Pestalotiopsis spp.,0.774,High
2026-08-22 23:00:00,Kandy,22.2,71.93,0.0,15.74,Grey Blight,Pestalotiopsis spp.,0.877,High
2026-08-22 00:00:00,Ratnapura,32.32,69.58,0.0,13.25,Brown Blight,Colletotrichum / Glomerella spp.,0.49,Moderate
2026-08-22 01:00:00,Ratnapura,25.41,77.48,0.0,11.07,Brown Blight,Colletotrichum / Glomerella spp.,0.899,Moderate
2026-08-22 02:00:00,Ratnapura,25.38,87.37,5.04,17.98,Brown Blight,Colletotrichum / Glomerella spp.,1.0,High
2026-08-22 03:00:00,Ratnapura,32.31,73.1,0.53,10.52,Brown Blight (dormant/low risk),Colletotrichum / Glomerella spp.,0.632,Low
2026-08-22 04:00:00,Ratnapura,28.16,85.58,0.16,11.69,Brown Blight,Colletotrichum / Glomerella spp.,1.0,Moderate
2026-08-22 05:00:00,Ratnapura,26.59,84.42,3.46,13.44,Brown Blight,Colletotrichum / Glomerella spp.,1.0,Moderate
2026-08-22 06:00:00,Ratnapura,26.41,88.4,0.0,9.79,Brown Blight (dormant/low risk),Colletotrichum / Glomerella spp.,1.0,Low
2026-08-22 07:00:00,Ratnapura,25.14,91.88,4.5,23.8,Brown Blight,Colletotrichum / Glomerella spp.,1.0,High
2026-08-22 08:00:00,Ratnapura,22.0,98.0,15.69,23.45,Brown Blight,Colletotrichum / Glomerella spp.,0.88,High
2026-08-22 09:00:00,Ratnapura,24.66,82.47,0.0,15.16,Brown Blight,Colletotrichum / Glomerella spp.,0.986,Moderate
2026-08-22 10:00:00,Ratnapura,24.92,81.93,0.0,10.54,Brown Blight (dormant/low risk),Colletotrichum / Glomerella spp.,0.997,Low
2026-08-22 11:00:00,Ratnapura,25.96,70.42,0.0,13.15,Brown Blight,Colletotrichum / Glomerella spp.,0.617,Moderate
2026-08-22 12:00:00,Ratnapura,28.63,69.28,0.0,10.94,Brown Blight,Colletotrichum / Glomerella spp.,0.571,Moderate
2026-08-22 13:00:00,Ratnapura,26.44,69.03,0.0,9.01,Brown Blight (dormant/low risk),Colletotrichum / Glomerella spp.,0.561,Low
2026-08-22 14:00:00,Ratnapura,31.89,65.0,0.0,10.67,Brown Blight (dormant/low risk),Colletotrichum / Glomerella spp.,0.324,Low
2026-08-22 15:00:00,Ratnapura,30.02,67.75,0.0,10.52,Brown Blight (dormant/low risk),Colletotrichum / Glomerella spp.,0.509,Low
2026-08-22 16:00:00,Ratnapura,29.76,85.4,2.99,13.1,Brown Blight,Colletotrichum / Glomerella spp.,1.0,Moderate
2026-08-22 17:00:00,Ratnapura,27.01,78.84,0.0,10.32,Brown Blight (dormant/low risk),Colletotrichum / Glomerella spp.,0.954,Low
2026-08-22 18:00:00,Ratnapura,33.72,66.6,0.0,8.21,Brown Blight (dormant/low risk),Colletotrichum / Glomerella spp.,0.315,Low
2026-08-22 19:00:00,Ratnapura,28.89,76.97,0.0,12.74,Brown Blight,Colletotrichum / Glomerella spp.,0.879,Moderate
2026-08-22 20:00:00,Ratnapura,32.16,71.49,1.27,13.31,Brown Blight,Colletotrichum / Glomerella spp.,0.573,Moderate
2026-08-22 21:00:00,Ratnapura,31.97,77.34,0.0,19.62,Brown Blight,Colletotrichum / Glomerella spp.,0.815,High
2026-08-22 22:00:00,Ratnapura,30.06,75.95,1.32,15.63,Brown Blight,Colletotrichum / Glomerella spp.,0.836,Moderate
2026-08-22 23:00:00,Ratnapura,31.92,65.0,0.0,9.31,Brown Blight (dormant/low risk),Colletotrichum / Glomerella spp.,0.323,Low
2026-08-23 00:00:00,Nuwara Eliya,16.06,83.32,3.47,9.22,Blister Blight (dormant/low risk),Exobasidium vexans,1.0,Low
2026-08-23 01:00:00,Nuwara Eliya,16.6,80.45,0.0,7.08,Blister Blight (dormant/low risk),Exobasidium vexans,1.0,Low
2026-08-23 02:00:00,Nuwara Eliya,16.64,83.07,0.0,14.25,Blister Blight,Exobasidium vexans,1.0,Moderate
2026-08-23 03:00:00,Nuwara Eliya,18.11,72.93,0.0,18.51,Blister Blight,Exobasidium vexans,0.717,High
2026-08-23 04:00:00,Nuwara Eliya,12.07,91.17,0.0,12.15,Blister Blight,Exobasidium vexans,0.883,Moderate
2026-08-23 05:00:00,Nuwara Eliya,10.0,95.0,0.36,17.34,Blister Blight,Exobasidium vexans,0.8,High
2026-08-23 06:00:00,Nuwara Eliya,10.13,95.0,9.17,14.14,Blister Blight,Exobasidium vexans,0.805,Moderate
2026-08-23 07:00:00,Nuwara Eliya,12.37,84.84,0.14,16.07,Blister Blight,Exobasidium vexans,0.895,High
2026-08-23 08:00:00,Nuwara Eliya,11.8,95.0,5.53,18.08,Blister Blight,Exobasidium vexans,0.872,High
2026-08-23 09:00:00,Nuwara Eliya,12.94,84.87,1.11,3.79,Blister Blight (dormant/low risk),Exobasidium vexans,0.918,Low
2026-08-23 10:00:00,Nuwara Eliya,14.62,86.04,0.43,15.13,Blister Blight,Exobasidium vexans,0.985,Moderate
2026-08-23 11:00:00,Nuwara Eliya,14.65,83.73,0.0,9.18,Blister Blight (dormant/low risk),Exobasidium vexans,0.986,Low
2026-08-23 12:00:00,Nuwara Eliya,13.14,75.05,0.03,15.53,Blister Blight,Exobasidium vexans,0.728,Moderate
2026-08-23 13:00:00,Nuwara Eliya,13.19,73.23,0.0,11.51,Blister Blight,Exobasidium vexans,0.657,Moderate
2026-08-23 14:00:00,Nuwara Eliya,12.45,75.59,0.0,9.1,Blister Blight (dormant/low risk),Exobasidium vexans,0.722,Low
2026-08-23 15:00:00,Nuwara Eliya,13.74,78.35,0.0,14.92,Blister Blight,Exobasidium vexans,0.884,Moderate
2026-08-23 16:00:00,Nuwara Eliya,15.2,70.26,0.46,16.87,Blister Blight,Exobasidium vexans,0.61,High
2026-08-23 17:00:00,Nuwara Eliya,16.67,88.82,2.45,17.91,Blister Blight,Exobasidium vexans,1.0,High
2026-08-23 18:00:00,Nuwara Eliya,18.42,81.57,0.92,15.8,Blister Blight,Exobasidium vexans,1.0,High
2026-08-23 19:00:00,Nuwara Eliya,16.32,79.51,0.0,16.87,Blister Blight,Exobasidium vexans,0.98,High
2026-08-23 20:00:00,Nuwara Eliya,22.29,76.96,0.0,13.33,Blister Blight,Exobasidium vexans,0.878,Moderate
2026-08-23 21:00:00,Nuwara Eliya,21.29,82.31,0.0,8.34,Blister Blight (dormant/low risk),Exobasidium vexans,1.0,Low
2026-08-23 22:00:00,Nuwara Eliya,22.05,83.8,2.38,13.23,Blister Blight,Exobasidium vexans,1.0,Moderate
2026-08-23 23:00:00,Nuwara Eliya,16.47,88.33,4.84,12.74,Blister Blight,Exobasidium vexans,1.0,Moderate
2026-08-23 00:00:00,Kandy,24.04,70.77,0.0,14.63,Grey Blight,Pestalotiopsis spp.,0.831,Moderate
2026-08-23 01:00:00,Kandy,25.72,68.3,0.0,13.09,Grey Blight,Pestalotiopsis spp.,0.703,Moderate
2026-08-23 02:00:00,Kandy,24.01,73.89,0.0,16.36,Grey Blight,Pestalotiopsis spp.,0.956,High
2026-08-23 03:00:00,Kandy,24.12,73.84,0.0,10.55,Grey Blight (dormant/low risk),Pestalotiopsis spp.,0.954,Low
2026-08-23 04:00:00,Kandy,23.4,76.73,0.0,11.52,Grey Blight,Pestalotiopsis spp.,1.0,Moderate
2026-08-23 05:00:00,Kandy,20.65,90.0,3.92,20.85,Grey Blight,Pestalotiopsis spp.,1.0,High
2026-08-23 06:00:00,Kandy,20.21,75.28,0.43,15.29,Grey Blight,Pestalotiopsis spp.,1.0,Moderate
2026-08-23 07:00:00,Kandy,18.0,82.48,1.48,6.89,Grey Blight (dormant/low risk),Pestalotiopsis spp.,0.92,Low
2026-08-23 08:00:00,Kandy,20.65,89.22,4.06,16.88,Grey Blight,Pestalotiopsis spp.,1.0,High
2026-08-23 09:00:00,Kandy,19.47,76.17,0.0,16.03,Grey Blight,Pestalotiopsis spp.,0.979,High
2026-08-23 10:00:00,Kandy,18.75,76.07,2.2,14.67,Grey Blight,Pestalotiopsis spp.,0.95,Moderate
2026-08-23 11:00:00,Kandy,19.59,75.91,0.17,10.9,Grey Blight,Pestalotiopsis spp.,0.984,Moderate
2026-08-23 12:00:00,Kandy,21.31,64.87,0.0,15.34,Grey Blight,Pestalotiopsis spp.,0.595,Moderate
2026-08-23 13:00:00,Kandy,23.81,58.37,0.0,11.19,Grey Blight,Pestalotiopsis spp.,0.4,Moderate
2026-08-23 14:00:00,Kandy,20.29,70.38,0.0,7.72,Grey Blight (dormant/low risk),Pestalotiopsis spp.,0.815,Low
2026-08-23 15:00:00,Kandy,25.18,63.39,0.0,12.0,Grey Blight,Pestalotiopsis spp.,0.528,Moderate
2026-08-23 16:00:00,Kandy,22.71,60.06,0.0,10.37,Grey Blight (dormant/low risk),Pestalotiopsis spp.,0.402,Low
2026-08-23 17:00:00,Kandy,23.09,66.84,0.0,12.5,Grey Blight,Pestalotiopsis spp.,0.674,Moderate
2026-08-23 18:00:00,Kandy,26.99,70.91,0.0,6.75,Grey Blight (dormant/low risk),Pestalotiopsis spp.,0.757,Low
2026-08-23 19:00:00,Kandy,26.12,78.08,1.53,17.71,Grey Blight,Pestalotiopsis spp.,0.955,High
2026-08-23 20:00:00,Kandy,24.56,68.5,0.0,8.14,Grey Blight (dormant/low risk),Pestalotiopsis spp.,0.74,Low
2026-08-23 21:00:00,Kandy,20.48,78.95,0.0,15.27,Grey Blight,Pestalotiopsis spp.,1.0,Moderate
2026-08-23 22:00:00,Kandy,21.57,72.7,0.0,10.7,Grey Blight (dormant/low risk),Pestalotiopsis spp.,0.908,Low
2026-08-23 23:00:00,Kandy,21.78,74.69,0.0,16.0,Grey Blight,Pestalotiopsis spp.,0.988,High
2026-08-23 00:00:00,Ratnapura,27.02,68.79,0.0,3.16,Brown Blight (dormant/low risk),Colletotrichum / Glomerella spp.,0.552,Low
2026-08-23 01:00:00,Ratnapura,26.1,80.51,2.99,11.31,Brown Blight,Colletotrichum / Glomerella spp.,1.0,Moderate
2026-08-23 02:00:00,Ratnapura,28.36,80.18,0.0,11.01,Brown Blight,Colletotrichum / Glomerella spp.,1.0,Moderate
2026-08-23 03:00:00,Ratnapura,24.96,81.52,0.0,16.86,Brown Blight,Colletotrichum / Glomerella spp.,0.998,High
2026-08-23 04:00:00,Ratnapura,23.01,91.06,4.26,25.46,Brown Blight,Colletotrichum / Glomerella spp.,0.92,High
2026-08-23 05:00:00,Ratnapura,29.73,74.14,0.0,10.07,Brown Blight (dormant/low risk),Colletotrichum / Glomerella spp.,0.766,Low
2026-08-23 06:00:00,Ratnapura,22.74,85.63,0.0,13.78,Brown Blight,Colletotrichum / Glomerella spp.,0.91,Moderate
2026-08-23 07:00:00,Ratnapura,22.37,85.72,0.07,12.26,Brown Blight,Colletotrichum / Glomerella spp.,0.895,Moderate
2026-08-23 08:00:00,Ratnapura,26.21,79.86,0.0,13.55,Brown Blight,Colletotrichum / Glomerella spp.,0.994,Moderate
2026-08-23 09:00:00,Ratnapura,24.33,73.71,0.7,11.76,Brown Blight,Colletotrichum / Glomerella spp.,0.722,Moderate
2026-08-23 10:00:00,Ratnapura,28.39,82.33,2.4,1.09,Brown Blight (dormant/low risk),Colletotrichum / Glomerella spp.,1.0,Low
2026-08-23 11:00:00,Ratnapura,28.26,80.95,0.74,8.78,Brown Blight (dormant/low risk),Colletotrichum / Glomerella spp.,1.0,Low
2026-08-23 12:00:00,Ratnapura,25.23,76.71,0.46,10.55,Brown Blight (dormant/low risk),Colletotrichum / Glomerella spp.,0.868,Low
2026-08-23 13:00:00,Ratnapura,25.77,74.04,0.0,14.52,Brown Blight,Colletotrichum / Glomerella spp.,0.762,Moderate
2026-08-23 14:00:00,Ratnapura,27.7,65.0,0.0,9.86,Brown Blight (dormant/low risk),Colletotrichum / Glomerella spp.,0.4,Low
2026-08-23 15:00:00,Ratnapura,30.53,65.0,0.0,10.41,Brown Blight (dormant/low risk),Colletotrichum / Glomerella spp.,0.379,Low
2026-08-23 16:00:00,Ratnapura,28.88,81.69,5.78,16.56,Brown Blight,Colletotrichum / Glomerella spp.,1.0,High
2026-08-23 17:00:00,Ratnapura,27.87,72.58,0.0,7.23,Brown Blight (dormant/low risk),Colletotrichum / Glomerella spp.,0.703,Low
2026-08-23 18:00:00,Ratnapura,29.22,74.71,0.0,10.48,Brown Blight (dormant/low risk),Colletotrichum / Glomerella spp.,0.788,Low
2026-08-23 19:00:00,Ratnapura,31.94,70.8,0.0,12.32,Brown Blight,Colletotrichum / Glomerella spp.,0.554,Moderate
2026-08-23 20:00:00,Ratnapura,30.86,68.35,0.0,8.52,Brown Blight (dormant/low risk),Colletotrichum / Glomerella spp.,0.5,Low
2026-08-23 21:00:00,Ratnapura,30.8,68.78,0.0,7.28,Brown Blight (dormant/low risk),Colletotrichum / Glomerella spp.,0.519,Low
2026-08-23 22:00:00,Ratnapura,31.58,65.0,0.0,15.33,Brown Blight,Colletotrichum / Glomerella spp.,0.337,Moderate
2026-08-23 23:00:00,Ratnapura,32.81,71.0,0.0,15.5,Brown Blight,Colletotrichum / Glomerella spp.,0.528,Moderate
