timestamp,location_name,temperature_current,humidity,rainfall,disease_risk
2026-05-23T00:00:00,Nuwara Eliya,16.71,81.78,0.53,7.42
2026-05-23T01:00:00,Nuwara Eliya,16.94,82.1,0.06,15.45
2026-05-23T02:00:00,Nuwara Eliya,16.81,78.44,0.0,13.7
2026-05-23T03:00:00,Nuwara Eliya,11.64,91.0,3.44,12.74
2026-05-23T04:00:00,Nuwara Eliya,16.81,94.2,0.34,21.64
2026-05-23T05:00:00,Nuwara Eliya,10.49,95,2.69,15.92
2026-05-23T06:00:00,Nuwara Eliya,10,95,6.92,13.89
2026-05-23T07:00:00,Nuwara Eliya,13.98,90.2,0.29,17.08
2026-05-23T08:00:00,Nuwara Eliya,12.0,95,1.62,19.23
2026-05-23T09:00:00,Nuwara Eliya,15.27,85.46,0.0,17.95
2026-05-23T10:00:00,Nuwara Eliya,13.91,80.22,0.0,7.45
2026-05-23T11:00:00,Nuwara Eliya,11.84,85.26,0.0,12.7
2026-05-23T12:00:00,Nuwara Eliya,13.37,91.4,6.01,14.08
2026-05-23T13:00:00,Nuwara Eliya,13.6,73.69,0.0,12.78
2026-05-23T14:00:00,Nuwara Eliya,15.55,82.07,1.84,9.95
2026-05-23T15:00:00,Nuwara Eliya,17.6,76.02,0.33,14.1
2026-05-23T16:00:00,Nuwara Eliya,14.53,79.59,0.0,15.53
2026-05-23T17:00:00,Nuwara Eliya,20.08,78.93,0.0,15.07
2026-05-23T18:00:00,Nuwara Eliya,17.54,79.96,0.0,19.01
2026-05-23T19:00:00,Nuwara Eliya,20.03,93.72,6.46,17.3
2026-05-23T20:00:00,Nuwara Eliya,17.25,83.11,0.0,10.63
2026-05-23T21:00:00,Nuwara Eliya,16.64,80.59,3.02,10.29
2026-05-23T22:00:00,Nuwara Eliya,18.03,87.67,0.04,12.21
2026-05-23T23:00:00,Nuwara Eliya,18.46,90.27,4.42,16.75
2026-05-23T00:00:00,Kandy,23.45,71.05,0.0,11.71
2026-05-23T01:00:00,Kandy,21.12,76.44,3.09,16.57
2026-05-23T02:00:00,Kandy,19.86,80.62,0.56,12.06
2026-05-23T03:00:00,Kandy,20.14,71.45,0.38,16.76
2026-05-23T04:00:00,Kandy,21.98,82.16,1.5,20.18
2026-05-23T05:00:00,Kandy,21.79,81.96,1.66,15.07
2026-05-23T06:00:00,Kandy,23.31,78.52,0.0,10.03
2026-05-23T07:00:00,Kandy,21.01,74.13,0.83,15.67
2026-05-23T08:00:00,Kandy,18,78.51,0.77,19.57
2026-05-23T09:00:00,Kandy,20.69,74.15,0.82,16.76
2026-05-23T10:00:00,Kandy,22.84,70.1,0.0,12.22
2026-05-23T11:00:00,Kandy,25.11,76.47,0.0,12.77
2026-05-23T12:00:00,Kandy,22.96,69.41,0.77,11.91
2026-05-23T13:00:00,Kandy,23.94,59.42,0.0,12.71
2026-05-23T14:00:00,Kandy,29.33,58.68,0.0,8.97
2026-05-23T15:00:00,Kandy,22.1,58.51,0.0,8.7
2026-05-23T16:00:00,Kandy,26.68,62.66,0.0,9.24
2026-05-23T17:00:00,Kandy,25.49,70.6,1.36,12.26
2026-05-23T18:00:00,Kandy,28.15,66.73,1.35,7.69
2026-05-23T19:00:00,Kandy,23.21,72.83,0.0,18.18
2026-05-23T20:00:00,Kandy,25.54,68.09,0.0,16.05
2026-05-23T21:00:00,Kandy,25.33,82.66,0.0,14.02
2026-05-23T22:00:00,Kandy,26.32,82.69,4.06,5.78
2026-05-23T23:00:00,Kandy,23.9,68.9,0.0,7.92
2026-05-23T00:00:00,Ratnapura,32.4,78.04,4.08,17.63
2026-05-23T01:00:00,Ratnapura,29.77,71.31,0.27,10.91
2026-05-23T02:00:00,Ratnapura,25.48,81.63,2.41,16.76
2026-05-23T03:00:00,Ratnapura,30.43,75.84,1.32,12.42
2026-05-23T04:00:00,Ratnapura,26.88,84.57,3.24,9.8
2026-05-23T05:00:00,Ratnapura,26.67,86.4,0.0,9.52
2026-05-23T06:00:00,Ratnapura,26.74,79.8,0.33,18.15
2026-05-23T07:00:00,Ratnapura,26.24,83.36,0.0,12.52
2026-05-23T08:00:00,Ratnapura,27.78,76.74,0.0,14.23
2026-05-23T09:00:00,Ratnapura,27.7,82.66,0.0,9.66
2026-05-23T10:00:00,Ratnapura,25.73,72.45,0.0,21.08
2026-05-23T11:00:00,Ratnapura,27.17,75.12,0.0,16.72
2026-05-23T12:00:00,Ratnapura,29.66,68.14,0.0,15.83
2026-05-23T13:00:00,Ratnapura,25.57,70.27,0.0,15.27
2026-05-23T14:00:00,Ratnapura,28.62,70.87,0.0,10.72
2026-05-23T15:00:00,Ratnapura,27.5,65,0.0,8.8
2026-05-23T16:00:00,Ratnapura,33.47,78.64,7.88,14.46
2026-05-23T17:00:00,Ratnapura,27.16,76.42,2.24,11.02
2026-05-23T18:00:00,Ratnapura,29.24,83.33,0.0,11.28
2026-05-23T19:00:00,Ratnapura,27.8,73.54,0.0,8.9
2026-05-23T20:00:00,Ratnapura,33.67,67.63,0.0,17.06
2026-05-23T21:00:00,Ratnapura,30.58,69.73,0.0,11.99
2026-05-23T22:00:00,Ratnapura,30.3,83.09,6.77,4.77
2026-05-23T23:00:00,Ratnapura,28.86,77.8,0.0,12.41
2026-05-24T00:00:00,Nuwara Eliya,14.62,84.69,2.19,13.92
2026-05-24T01:00:00,Nuwara Eliya,12.03,90.42,0.65,16.73
2026-05-24T02:00:00,Nuwara Eliya,14.29,83.21,0.0,7.67
2026-05-24T03:00:00,Nuwara Eliya,14.94,76.91,0.98,14.98
2026-05-24T04:00:00,Nuwara Eliya,15.86,87.89,0.76,11.84
2026-05-24T05:00:00,Nuwara Eliya,13.49,95,4.87,17.32
2026-05-24T06:00:00,Nuwara Eliya,11.79,89.89,0.0,14.22
2026-05-24T07:00:00,Nuwara Eliya,12.62,95,5.66,9.63
2026-05-24T08:00:00,Nuwara Eliya,10,87.76,0.0,9.18
2026-05-24T09:00:00,Nuwara Eliya,10,95,7.96,12.74
2026-05-24T10:00:00,Nuwara Eliya,12.81,88.95,5.08,13.73
2026-05-24T11:00:00,Nuwara Eliya,13.26,84.1,1.11,15.36
2026-05-24T12:00:00,Nuwara Eliya,14.94,75.25,0.0,12.28
2026-05-24T13:00:00,Nuwara Eliya,12.63,70.87,0.49,14.11
2026-05-24T14:00:00,Nuwara Eliya,12.84,77.71,0.0,10.04
2026-05-24T15:00:00,Nuwara Eliya,18.14,79.08,0.0,8.63
2026-05-24T16:00:00,Nuwara Eliya,14.1,80.72,1.94,12.66
2026-05-24T17:00:00,Nuwara Eliya,17.17,83.66,2.39,13.87
2026-05-24T18:00:00,Nuwara Eliya,17.07,84.89,0.0,13.9
2026-05-24T19:00:00,Nuwara Eliya,17.97,83.15,0.0,15.0
2026-05-24T20:00:00,Nuwara Eliya,20.36,80.25,0.83,9.39
2026-05-24T21:00:00,Nuwara Eliya,18.45,85.14,0.18,14.24
2026-05-24T22:00:00,Nuwara Eliya,19.95,79.77,0.0,11.33
2026-05-24T23:00:00,Nuwara Eliya,17.75,81.68,0.04,13.01
2026-05-24T00:00:00,Kandy,22.95,75.1,1.8,12.1
2026-05-24T01:00:00,Kandy,21.03,79.78,2.57,15.9
2026-05-24T02:00:00,Kandy,24.71,73.71,0.0,13.76
2026-05-24T03:00:00,Kandy,22.21,70.54,0.0,11.16
2026-05-24T04:00:00,Kandy,22.35,86.04,0.0,20.21
2026-05-24T05:00:00,Kandy,21.68,74.99,0.0,17.61
2026-05-24T06:00:00,Kandy,18.81,88.57,0.0,20.39
2026-05-24T07:00:00,Kandy,18.21,75.05,0.0,15.33
2026-05-24T08:00:00,Kandy,22.15,73.41,0.0,12.12
2026-05-24T09:00:00,Kandy,18,81.75,2.86,10.76
2026-05-24T10:00:00,Kandy,22.02,68.98,0.0,7.87
2026-05-24T11:00:00,Kandy,25.14,71.29,0.36,12.01
2026-05-24T12:00:00,Kandy,24.07,64.99,0.02,12.48
2026-05-24T13:00:00,Kandy,21.95,62.94,0.0,9.62
2026-05-24T14:00:00,Kandy,19.46,66.57,0.38,8.89
2026-05-24T15:00:00,Kandy,21.65,59.37,0.0,14.37
2026-05-24T16:00:00,Kandy,22.69,67.21,0.43,12.3
2026-05-24T17:00:00,Kandy,26.51,69.5,0.0,11.08
2026-05-24T18:00:00,Kandy,21.88,68.87,0.0,11.98
2026-05-24T19:00:00,Kandy,26.38,74.02,0.3,11.45
2026-05-24T20:00:00,Kandy,24.58,79.17,1.79,19.04
2026-05-24T21:00:00,Kandy,21.26,68.36,0.0,12.66
2026-05-24T22:00:00,Kandy,25.34,61.97,0.0,15.52
2026-05-24T23:00:00,Kandy,24.06,72.5,0.0,14.18
2026-05-24T00:00:00,Ratnapura,27.93,80.26,0.0,13.04
2026-05-24T01:00:00,Ratnapura,26.0,76.22,1.77,16.26
2026-05-24T02:00:00,Ratnapura,31.88,68.12,0.0,8.22
2026-05-24T03:00:00,Ratnapura,26.92,75.96,0.57,10.16
2026-05-24T04:00:00,Ratnapura,26.86,82.23,1.44,8.23
2026-05-24T05:00:00,Ratnapura,26.24,76.76,0.0,12.76
2026-05-24T06:00:00,Ratnapura,28.53,75.84,0.0,6.07
2026-05-24T07:00:00,Ratnapura,22.87,91.59,0.0,14.51
2026-05-24T08:00:00,Ratnapura,26.09,86.37,3.32,10.26
2026-05-24T09:00:00,Ratnapura,27.27,80.19,0.0,8.11
2026-05-24T10:00:00,Ratnapura,24.58,79.32,1.36,16.93
2026-05-24T11:00:00,Ratnapura,30.17,65,0.0,7.85
2026-05-24T12:00:00,Ratnapura,29.49,73.52,0.0,13.17
2026-05-24T13:00:00,Ratnapura,24.37,73.32,0.0,17.71
2026-05-24T14:00:00,Ratnapura,26.46,68.51,1.03,12.91
2026-05-24T15:00:00,Ratnapura,29.9,65,0.0,18.14
2026-05-24T16:00:00,Ratnapura,30.48,65,0.0,13.73
2026-05-24T17:00:00,Ratnapura,32.12,77.74,0.0,13.05
2026-05-24T18:00:00,Ratnapura,28.61,77.1,1.08,7.69
2026-05-24T19:00:00,Ratnapura,30.98,76.68,0.0,11.45
2026-05-24T20:00:00,Ratnapura,30.67,70.77,0.0,10.42
2026-05-24T21:00:00,Ratnapura,32.28,82.17,0.0,16.82
2026-05-24T22:00:00,Ratnapura,32.5,73.81,4.28,12.84
2026-05-24T23:00:00,Ratnapura,28.53,77.74,0.0,12.02
2026-05-25T00:00:00,Nuwara Eliya,15.13,74.28,0.0,12.76
2026-05-25T01:00:00,Nuwara Eliya,17.33,72.7,0.0,16.18
2026-05-25T02:00:00,Nuwara Eliya,11.8,74.02,0.74,5.78
2026-05-25T03:00:00,Nuwara Eliya,13.59,80.76,0.89,9.54
2026-05-25T04:00:00,Nuwara Eliya,12.31,95,4.18,16.99
2026-05-25T05:00:00,Nuwara Eliya,13.47,95,4.28,15.83
2026-05-25T06:00:00,Nuwara Eliya,10.99,90.71,0.0,14.36
2026-05-25T07:00:00,Nuwara Eliya,10,95,0.0,13.75
2026-05-25T08:00:00,Nuwara Eliya,10.32,94.74,1.85,14.48
2026-05-25T09:00:00,Nuwara Eliya,10,90.26,4.13,9.53
2026-05-25T10:00:00,Nuwara Eliya,15.28,82.66,0.8,7.47
2026-05-25T11:00:00,Nuwara Eliya,13.75,95,2.09,13.15
2026-05-25T12:00:00,Nuwara Eliya,13.96,83.67,2.11,9.97
2026-05-25T13:00:00,Nuwara Eliya,13.23,82.65,3.34,14.59
2026-05-25T14:00:00,Nuwara Eliya,17.0,81.38,3.3,13.11
2026-05-25T15:00:00,Nuwara Eliya,18.19,86.06,5.12,16.63
2026-05-25T16:00:00,Nuwara Eliya,16.96,85.79,3.43,11.74
2026-05-25T17:00:00,Nuwara Eliya,18.8,80.58,1.86,8.95
2026-05-25T18:00:00,Nuwara Eliya,18.1,80.59,1.7,11.28
2026-05-25T19:00:00,Nuwara Eliya,16.04,78.67,0.0,22.32
2026-05-25T20:00:00,Nuwara Eliya,17.63,85.31,2.43,12.76
2026-05-25T21:00:00,Nuwara Eliya,16.56,79.74,0.0,19.91
2026-05-25T22:00:00,Nuwara Eliya,16.64,76.92,0.0,10.74
2026-05-25T23:00:00,Nuwara Eliya,17.09,74.94,0.0,8.59
2026-05-25T00:00:00,Kandy,23.16,65.37,0.0,9.44
2026-05-25T01:00:00,Kandy,25.03,70.54,0.0,15.8
2026-05-25T02:00:00,Kandy,18,81.65,0.0,8.78
2026-05-25T03:00:00,Kandy,22.22,76.67,2.46,11.32
2026-05-25T04:00:00,Kandy,25.65,89.36,5.09,12.5
2026-05-25T05:00:00,Kandy,26.49,69.7,0.0,13.07
2026-05-25T06:00:00,Kandy,23.39,77.76,1.68,11.53
2026-05-25T07:00:00,Kandy,22.77,86.39,0.4,15.86
2026-05-25T08:00:00,Kandy,18,85.32,0.1,7.76
2026-05-25T09:00:00,Kandy,20.02,80.8,4.39,16.26
2026-05-25T10:00:00,Kandy,24.34,68.79,0.91,8.23
2026-05-25T11:00:00,Kandy,23.27,73.32,0.0,16.36
2026-05-25T12:00:00,Kandy,23.68,64.64,0.0,12.28
2026-05-25T13:00:00,Kandy,20.89,67.01,0.0,11.0
2026-05-25T14:00:00,Kandy,22.01,62.45,0.0,13.44
2026-05-25T15:00:00,Kandy,24.0,57.74,0.0,13.58
2026-05-25T16:00:00,Kandy,22.5,69.32,2.32,11.3
2026-05-25T17:00:00,Kandy,24.0,71.14,0.0,15.35
2026-05-25T18:00:00,Kandy,26.3,83.39,3.46,10.3
2026-05-25T19:00:00,Kandy,25.97,68.92,0.29,13.09
2026-05-25T20:00:00,Kandy,28.92,68.25,0.59,11.14
2026-05-25T21:00:00,Kandy,25.19,62.59,0.0,15.3
2026-05-25T22:00:00,Kandy,24.12,71.43,0.0,13.21
2026-05-25T23:00:00,Kandy,25.53,59.22,0.0,15.37
2026-05-25T00:00:00,Ratnapura,31.62,70.49,0.0,8.86
2026-05-25T01:00:00,Ratnapura,29.44,81.49,2.25,11.04
2026-05-25T02:00:00,Ratnapura,26.31,81.47,0.0,9.46
2026-05-25T03:00:00,Ratnapura,24.61,87.2,2.9,11.26
2026-05-25T04:00:00,Ratnapura,26.88,85.47,1.44,13.62
2026-05-25T05:00:00,Ratnapura,23.89,86.98,2.23,13.56
2026-05-25T06:00:00,Ratnapura,28.0,96.96,7.13,16.17
2026-05-25T07:00:00,Ratnapura,24.85,79.32,0.0,13.61
2026-05-25T08:00:00,Ratnapura,24.51,92.77,4.38,11.33
2026-05-25T09:00:00,Ratnapura,24.15,75.15,0.0,17.31
2026-05-25T10:00:00,Ratnapura,26.08,79.44,0.27,9.52
2026-05-25T11:00:00,Ratnapura,26.09,82.83,0.0,3.34
2026-05-25T12:00:00,Ratnapura,27.65,77.56,0.0,13.14
2026-05-25T13:00:00,Ratnapura,27.98,72.72,2.91,13.3
2026-05-25T14:00:00,Ratnapura,32.04,65,0.0,12.73
2026-05-25T15:00:00,Ratnapura,28.44,68.76,0.0,12.95
2026-05-25T16:00:00,Ratnapura,28.46,68.7,0.0,6.08
2026-05-25T17:00:00,Ratnapura,30.69,76.2,2.31,10.11
2026-05-25T18:00:00,Ratnapura,29.39,73.11,0.0,16.79
2026-05-25T19:00:00,Ratnapura,32.5,69.59,0.0,7.82
2026-05-25T20:00:00,Ratnapura,30.7,72.64,0.0,11.91
2026-05-25T21:00:00,Ratnapura,30.46,74.42,0.71,12.82
2026-05-25T22:00:00,Ratnapura,30.57,71.79,0.0,8.57
2026-05-25T23:00:00,Ratnapura,31.93,82.31,4.75,11.73
2026-05-26T00:00:00,Nuwara Eliya,20.5,72.57,0.0,11.66
2026-05-26T01:00:00,Nuwara Eliya,15.42,85.66,0.82,10.06
2026-05-26T02:00:00,Nuwara Eliya,17.71,88.48,3.91,19.88
2026-05-26T03:00:00,Nuwara Eliya,12.74,84.94,0.87,14.05
2026-05-26T04:00:00,Nuwara Eliya,13.02,95,8.27,21.65
2026-05-26T05:00:00,Nuwara Eliya,14.92,91.09,0.33,20.51
2026-05-26T06:00:00,Nuwara Eliya,13.09,89.65,3.11,15.49
2026-05-26T07:00:00,Nuwara Eliya,12.74,85.19,0.0,10.69
2026-05-26T08:00:00,Nuwara Eliya,10,95,0.57,17.55
2026-05-26T09:00:00,Nuwara Eliya,12.08,88.27,2.48,16.79
2026-05-26T10:00:00,Nuwara Eliya,16.44,93.22,4.19,15.15
2026-05-26T11:00:00,Nuwara Eliya,11.15,95,5.49,14.6
2026-05-26T12:00:00,Nuwara Eliya,15.07,73.28,0.0,13.05
2026-05-26T13:00:00,Nuwara Eliya,15.59,71.62,0.0,16.26
2026-05-26T14:00:00,Nuwara Eliya,14.27,74.09,1.21,13.89
2026-05-26T15:00:00,Nuwara Eliya,17.32,73.1,1.1,16.08
2026-05-26T16:00:00,Nuwara Eliya,17.7,72.44,0.21,10.39
2026-05-26T17:00:00,Nuwara Eliya,17.14,83.41,0.0,10.69
2026-05-26T18:00:00,Nuwara Eliya,17.14,94.04,7.21,15.36
2026-05-26T19:00:00,Nuwara Eliya,14.5,86.88,0.99,9.12
2026-05-26T20:00:00,Nuwara Eliya,16.69,79.32,0.0,11.18
2026-05-26T21:00:00,Nuwara Eliya,17.12,83.98,0.95,15.05
2026-05-26T22:00:00,Nuwara Eliya,20.28,85.82,0.31,17.73
2026-05-26T23:00:00,Nuwara Eliya,20.38,79.12,0.0,15.06
2026-05-26T00:00:00,Kandy,22.43,77.03,0.71,19.23
2026-05-26T01:00:00,Kandy,24.1,66.95,0.86,15.07
2026-05-26T02:00:00,Kandy,23.17,70.51,2.07,14.15
2026-05-26T03:00:00,Kandy,21.05,71.62,2.7,19.22
2026-05-26T04:00:00,Kandy,24.02,67.56,0.72,11.09
2026-05-26T05:00:00,Kandy,22.77,73.1,0.43,8.72
2026-05-26T06:00:00,Kandy,20.05,81.51,0.0,10.63
2026-05-26T07:00:00,Kandy,20.81,81.53,0.0,15.54
2026-05-26T08:00:00,Kandy,21.94,80.65,0.65,13.38
2026-05-26T09:00:00,Kandy,19.22,73.55,0.0,13.95
2026-05-26T10:00:00,Kandy,24.39,70.65,0.0,12.12
2026-05-26T11:00:00,Kandy,20.44,77.27,0.0,18.7
2026-05-26T12:00:00,Kandy,21.61,68.76,0.44,9.03
2026-05-26T13:00:00,Kandy,22.03,65.6,0.51,11.45
2026-05-26T14:00:00,Kandy,19.89,73.35,0.0,17.88
2026-05-26T15:00:00,Kandy,23.32,64.06,0.0,13.9
2026-05-26T16:00:00,Kandy,21.71,65.98,0.81,11.92
2026-05-26T17:00:00,Kandy,25.44,57.33,0.0,13.39
2026-05-26T18:00:00,Kandy,23.2,63.63,0.0,5.83
2026-05-26T19:00:00,Kandy,25.31,65.71,0.0,17.97
2026-05-26T20:00:00,Kandy,23.02,70.59,0.0,13.59
2026-05-26T21:00:00,Kandy,21.8,70.68,2.27,14.93
2026-05-26T22:00:00,Kandy,22.61,72.8,2.25,13.88
2026-05-26T23:00:00,Kandy,25.98,64.96,4.06,13.48
2026-05-26T00:00:00,Ratnapura,28.03,76.54,0.0,14.58
2026-05-26T01:00:00,Ratnapura,29.55,76.68,0.0,14.46
2026-05-26T02:00:00,Ratnapura,30.53,65.01,0.0,16.6
2026-05-26T03:00:00,Ratnapura,24.88,70.56,0.0,13.58
2026-05-26T04:00:00,Ratnapura,26.38,84.7,0.0,7.51
2026-05-26T05:00:00,Ratnapura,25.53,81.29,0.0,17.49
2026-05-26T06:00:00,Ratnapura,22.67,88.36,0.17,13.73
2026-05-26T07:00:00,Ratnapura,26.7,83.74,0.0,10.23
2026-05-26T08:00:00,Ratnapura,23.77,80.34,0.0,5.72
2026-05-26T09:00:00,Ratnapura,26.81,77.61,0.0,12.0
2026-05-26T10:00:00,Ratnapura,25.74,72.03,0.0,13.31
2026-05-26T11:00:00,Ratnapura,23.78,79.01,0.0,11.96
2026-05-26T12:00:00,Ratnapura,24.52,70.99,0.0,15.37
2026-05-26T13:00:00,Ratnapura,27.01,66.11,0.0,9.14
2026-05-26T14:00:00,Ratnapura,27.86,66.34,0.0,16.75
2026-05-26T15:00:00,Ratnapura,27.75,65,0.0,12.38
2026-05-26T16:00:00,Ratnapura,28.69,69.63,0.0,7.61
2026-05-26T17:00:00,Ratnapura,29.7,79.9,0.0,9.3
2026-05-26T18:00:00,Ratnapura,29.51,75.29,0.0,8.76
2026-05-26T19:00:00,Ratnapura,31.87,84.62,3.75,13.01
2026-05-26T20:00:00,Ratnapura,28.55,73.46,0.0,10.79
2026-05-26T21:00:00,Ratnapura,28.02,68.42,0.0,9.01
2026-05-26T22:00:00,Ratnapura,30.95,70.1,0.0,9.24
2026-05-26T23:00:00,Ratnapura,29.34,75.21,0.0,7.93
2026-05-27T00:00:00,Nuwara Eliya,19.16,95,8.46,19.84
2026-05-27T01:00:00,Nuwara Eliya,16.96,80.81,2.59,17.25
2026-05-27T02:00:00,Nuwara Eliya,18.56,82.03,2.12,11.77
2026-05-27T03:00:00,Nuwara Eliya,13.92,86.92,0.65,13.43
2026-05-27T04:00:00,Nuwara Eliya,12.27,95,6.47,15.06
2026-05-27T05:00:00,Nuwara Eliya,13.98,91.46,3.01,12.52
2026-05-27T06:00:00,Nuwara Eliya,10.43,95,3.45,24.07
2026-05-27T07:00:00,Nuwara Eliya,10,95,1.24,16.41
2026-05-27T08:00:00,Nuwara Eliya,10.36,95,3.27,21.12
2026-05-27T09:00:00,Nuwara Eliya,12.21,87.45,0.0,15.39
2026-05-27T10:00:00,Nuwara Eliya,11.28,86.9,0.65,14.03
2026-05-27T11:00:00,Nuwara Eliya,12.89,87.85,1.0,12.42
2026-05-27T12:00:00,Nuwara Eliya,12.77,78.61,3.02,13.63
2026-05-27T13:00:00,Nuwara Eliya,13.01,78.96,6.1,13.13
2026-05-27T14:00:00,Nuwara Eliya,15.91,82.04,1.43,8.84
2026-05-27T15:00:00,Nuwara Eliya,13.84,69.02,0.0,11.85
2026-05-27T16:00:00,Nuwara Eliya,16.52,70.17,0.0,14.16
2026-05-27T17:00:00,Nuwara Eliya,18.49,83.04,1.47,10.11
2026-05-27T18:00:00,Nuwara Eliya,21.11,87.12,7.75,19.4
2026-05-27T19:00:00,Nuwara Eliya,15.89,78.75,0.78,14.39
2026-05-27T20:00:00,Nuwara Eliya,19.54,76.4,1.35,15.4
2026-05-27T21:00:00,Nuwara Eliya,16.62,87.69,0.0,22.67
2026-05-27T22:00:00,Nuwara Eliya,17.98,81.46,3.7,11.23
2026-05-27T23:00:00,Nuwara Eliya,16.49,94.5,3.92,18.52
2026-05-27T00:00:00,Kandy,25.13,73.97,0.0,15.55
2026-05-27T01:00:00,Kandy,27.04,62.32,0.0,8.58
2026-05-27T02:00:00,Kandy,21.94,66.45,0.0,8.97
2026-05-27T03:00:00,Kandy,24.19,79.73,4.44,15.24
2026-05-27T04:00:00,Kandy,21.35,72.68,0.0,16.96
2026-05-27T05:00:00,Kandy,24.87,77.72,0.0,15.99
2026-05-27T06:00:00,Kandy,21.39,75.06,0.0,14.49
2026-05-27T07:00:00,Kandy,22.73,80.48,1.09,6.83
2026-05-27T08:00:00,Kandy,18.69,81.72,0.0,14.18
2026-05-27T09:00:00,Kandy,19.35,73.15,0.0,15.76
2026-05-27T10:00:00,Kandy,21.75,80.0,0.64,14.53
2026-05-27T11:00:00,Kandy,21.15,64.53,0.0,18.54
2026-05-27T12:00:00,Kandy,23.87,62.68,0.0,15.53
2026-05-27T13:00:00,Kandy,21.97,64.84,0.0,16.69
2026-05-27T14:00:00,Kandy,23.74,62.89,0.0,11.41
2026-05-27T15:00:00,Kandy,21.63,63.02,1.66,12.09
2026-05-27T16:00:00,Kandy,26.15,67.22,0.0,12.57
2026-05-27T17:00:00,Kandy,27.22,60.03,0.0,15.23
2026-05-27T18:00:00,Kandy,26.72,75.69,4.98,15.32
2026-05-27T19:00:00,Kandy,26.04,62.51,0.0,9.43
2026-05-27T20:00:00,Kandy,29.48,76.47,3.21,18.22
2026-05-27T21:00:00,Kandy,27.33,77.17,0.0,8.87
2026-05-27T22:00:00,Kandy,28.74,78.05,1.26,17.38
2026-05-27T23:00:00,Kandy,23.4,80.15,1.02,9.73
2026-05-27T00:00:00,Ratnapura,28.22,72.9,0.43,12.11
2026-05-27T01:00:00,Ratnapura,30.05,67.43,0.0,8.57
2026-05-27T02:00:00,Ratnapura,29.78,76.01,0.0,9.2
2026-05-27T03:00:00,Ratnapura,29.77,73.16,0.36,14.04
2026-05-27T04:00:00,Ratnapura,26.4,85.73,0.0,10.59
2026-05-27T05:00:00,Ratnapura,25.83,82.43,0.0,13.28
2026-05-27T06:00:00,Ratnapura,26.66,90.56,1.68,9.95
2026-05-27T07:00:00,Ratnapura,24.73,82.27,0.0,17.46
2026-05-27T08:00:00,Ratnapura,25.21,91.19,5.51,14.77
2026-05-27T09:00:00,Ratnapura,22.95,77.8,0.0,13.05
2026-05-27T10:00:00,Ratnapura,25.46,81.02,0.0,15.13
2026-05-27T11:00:00,Ratnapura,25.65,81.74,0.0,15.34
2026-05-27T12:00:00,Ratnapura,23.89,71.42,0.95,13.79
2026-05-27T13:00:00,Ratnapura,27.96,73.24,1.71,7.82
2026-05-27T14:00:00,Ratnapura,25.8,75.18,1.49,10.57
2026-05-27T15:00:00,Ratnapura,25.85,68.85,0.0,13.13
2026-05-27T16:00:00,Ratnapura,29.09,68.71,0.0,9.64
2026-05-27T17:00:00,Ratnapura,30.59,73.94,0.0,7.23
2026-05-27T18:00:00,Ratnapura,33.45,74.76,0.0,13.16
2026-05-27T19:00:00,Ratnapura,33.87,68.09,0.0,7.63
2026-05-27T20:00:00,Ratnapura,28.18,77.21,0.0,15.46
2026-05-27T21:00:00,Ratnapura,27.72,78.78,0.01,12.58
2026-05-27T22:00:00,Ratnapura,29.44,75.39,0.0,10.17
2026-05-27T23:00:00,Ratnapura,29.21,73.93,0.0,10.44
2026-05-28T00:00:00,Nuwara Eliya,17.76,80.92,0.0,10.97
2026-05-28T01:00:00,Nuwara Eliya,16.53,84.83,1.91,12.28
2026-05-28T02:00:00,Nuwara Eliya,15.38,84.21,0.51,12.4
2026-05-28T03:00:00,Nuwara Eliya,13.07,83.74,0.0,9.18
2026-05-28T04:00:00,Nuwara Eliya,11.56,95,1.26,20.2
2026-05-28T05:00:00,Nuwara Eliya,13.68,95,10.38,13.71
2026-05-28T06:00:00,Nuwara Eliya,11.42,95,12.55,15.88
2026-05-28T07:00:00,Nuwara Eliya,12.99,86.56,0.57,16.89
2026-05-28T08:00:00,Nuwara Eliya,10,95,4.3,10.52
2026-05-28T09:00:00,Nuwara Eliya,10,87.32,0.3,14.16
2026-05-28T10:00:00,Nuwara Eliya,10.17,91.83,0.0,17.13
2026-05-28T11:00:00,Nuwara Eliya,13.96,91.7,3.23,15.47
2026-05-28T12:00:00,Nuwara Eliya,14.24,68.2,0.0,10.36
2026-05-28T13:00:00,Nuwara Eliya,12.22,94.77,9.69,16.91
2026-05-28T14:00:00,Nuwara Eliya,17.78,79.78,1.95,20.9
2026-05-28T15:00:00,Nuwara Eliya,13.0,73.51,0.0,11.22
2026-05-28T16:00:00,Nuwara Eliya,16.83,79.05,0.22,14.13
2026-05-28T17:00:00,Nuwara Eliya,19.99,74.2,0.0,15.98
2026-05-28T18:00:00,Nuwara Eliya,18.3,87.76,5.73,13.5
2026-05-28T19:00:00,Nuwara Eliya,19.43,80.74,3.76,12.52
2026-05-28T20:00:00,Nuwara Eliya,17.89,85.89,0.0,13.01
2026-05-28T21:00:00,Nuwara Eliya,17.19,83.95,0.0,17.09
2026-05-28T22:00:00,Nuwara Eliya,13.65,88.98,2.16,15.19
2026-05-28T23:00:00,Nuwara Eliya,20.37,78.68,0.0,12.4
2026-05-28T00:00:00,Kandy,25.0,74.34,0.0,15.17
2026-05-28T01:00:00,Kandy,21.68,68.84,0.0,9.92
2026-05-28T02:00:00,Kandy,22.77,76.28,0.0,14.54
2026-05-28T03:00:00,Kandy,21.53,74.09,2.52,9.97
2026-05-28T04:00:00,Kandy,22.6,79.75,0.24,18.64
2026-05-28T05:00:00,Kandy,21.93,75.17,0.7,17.53
2026-05-28T06:00:00,Kandy,22.35,81.08,0.0,8.12
2026-05-28T07:00:00,Kandy,22.81,77.51,0.72,14.52
2026-05-28T08:00:00,Kandy,21.82,80.95,0.85,9.58
2026-05-28T09:00:00,Kandy,21.24,75.27,0.0,15.45
2026-05-28T10:00:00,Kandy,23.75,72.11,0.0,14.16
2026-05-28T11:00:00,Kandy,25.13,78.49,0.0,17.12
2026-05-28T12:00:00,Kandy,19.79,66.86,0.0,6.63
2026-05-28T13:00:00,Kandy,21.74,68.04,0.41,9.95
2026-05-28T14:00:00,Kandy,24.43,70.68,0.0,20.65
2026-05-28T15:00:00,Kandy,23.24,68.05,0.0,12.37
2026-05-28T16:00:00,Kandy,25.17,66.32,0.0,12.89
2026-05-28T17:00:00,Kandy,24.77,80.76,7.36,12.22
2026-05-28T18:00:00,Kandy,27.06,67.05,0.0,8.76
2026-05-28T19:00:00,Kandy,22.69,73.46,0.0,14.24
2026-05-28T20:00:00,Kandy,24.72,69.05,0.0,14.06
2026-05-28T21:00:00,Kandy,27.03,67.71,0.0,11.28
2026-05-28T22:00:00,Kandy,25.92,68.09,0.0,14.14
2026-05-28T23:00:00,Kandy,24.16,68.49,0.0,14.89
2026-05-28T00:00:00,Ratnapura,28.99,94.67,5.55,10.23
2026-05-28T01:00:00,Ratnapura,27.68,77.63,0.0,13.97
2026-05-28T02:00:00,Ratnapura,27.28,76.8,1.31,11.5
2026-05-28T03:00:00,Ratnapura,27.21,73.64,0.0,10.15
2026-05-28T04:00:00,Ratnapura,27.83,78.59,0.0,15.85
2026-05-28T05:00:00,Ratnapura,26.47,97.42,4.06,9.65
2026-05-28T06:00:00,Ratnapura,26.56,83.41,0.0,12.91
2026-05-28T07:00:00,Ratnapura,30.24,79.88,2.85,12.8
2026-05-28T08:00:00,Ratnapura,25.09,81.99,0.0,14.64
2026-05-28T09:00:00,Ratnapura,22.64,77.38,0.0,11.04
2026-05-28T10:00:00,Ratnapura,27.53,72.5,0.0,12.1
2026-05-28T11:00:00,Ratnapura,24.58,73.98,0.0,16.35
2026-05-28T12:00:00,Ratnapura,25.5,68.67,0.0,8.25
2026-05-28T13:00:00,Ratnapura,32.69,65,0.0,14.04
2026-05-28T14:00:00,Ratnapura,30.69,67.0,0.0,8.2
2026-05-28T15:00:00,Ratnapura,30.74,71.9,0.0,14.64
2026-05-28T16:00:00,Ratnapura,28.47,78.85,0.0,14.82
2026-05-28T17:00:00,Ratnapura,29.23,78.36,0.0,11.93
2026-05-28T18:00:00,Ratnapura,32.14,66.65,0.0,10.98
2026-05-28T19:00:00,Ratnapura,28.96,75.18,0.0,8.06
2026-05-28T20:00:00,Ratnapura,29.16,65.98,0.27,14.61
2026-05-28T21:00:00,Ratnapura,34.44,69.23,0.9,12.34
2026-05-28T22:00:00,Ratnapura,28.34,79.23,2.86,14.21
2026-05-28T23:00:00,Ratnapura,30.49,69.61,0.0,6.71
2026-05-29T00:00:00,Nuwara Eliya,19.95,82.72,0.67,16.61
2026-05-29T01:00:00,Nuwara Eliya,17.68,78.61,0.43,11.99
2026-05-29T02:00:00,Nuwara Eliya,18.21,79.01,1.88,17.4
2026-05-29T03:00:00,Nuwara Eliya,15.64,89.06,0.23,19.25
2026-05-29T04:00:00,Nuwara Eliya,14.69,94.17,1.07,15.17
2026-05-29T05:00:00,Nuwara Eliya,11.65,93.02,3.1,21.04
2026-05-29T06:00:00,Nuwara Eliya,10.19,93.66,1.24,14.51
2026-05-29T07:00:00,Nuwara Eliya,13.27,89.74,0.71,11.84
2026-05-29T08:00:00,Nuwara Eliya,11.55,88.75,0.72,10.32
2026-05-29T09:00:00,Nuwara Eliya,10,84.41,0.0,10.65
2026-05-29T10:00:00,Nuwara Eliya,12.04,90.25,1.56,14.6
2026-05-29T11:00:00,Nuwara Eliya,15.43,76.18,0.0,13.78
2026-05-29T12:00:00,Nuwara Eliya,10.7,86.04,0.18,12.78
2026-05-29T13:00:00,Nuwara Eliya,14.3,70.59,0.39,13.05
2026-05-29T14:00:00,Nuwara Eliya,15.75,76.67,0.25,8.33
2026-05-29T15:00:00,Nuwara Eliya,13.78,70.32,2.67,8.79
2026-05-29T16:00:00,Nuwara Eliya,20.01,67.08,0.0,22.41
2026-05-29T17:00:00,Nuwara Eliya,15.86,70.05,0.0,15.43
2026-05-29T18:00:00,Nuwara Eliya,18.33,76.77,0.0,12.5
2026-05-29T19:00:00,Nuwara Eliya,17.71,81.79,0.31,13.83
2026-05-29T20:00:00,Nuwara Eliya,20.23,78.89,1.63,19.52
2026-05-29T21:00:00,Nuwara Eliya,18.01,86.2,0.0,13.67
2026-05-29T22:00:00,Nuwara Eliya,22.34,87.64,0.0,10.51
2026-05-29T23:00:00,Nuwara Eliya,18.32,79.96,0.0,19.62
2026-05-29T00:00:00,Kandy,25.8,63.72,0.0,14.87
2026-05-29T01:00:00,Kandy,23.38,65.39,0.0,7.42
2026-05-29T02:00:00,Kandy,25.01,71.19,4.13,19.77
2026-05-29T03:00:00,Kandy,22.31,71.05,0.0,7.55
2026-05-29T04:00:00,Kandy,18.95,77.9,0.1,14.16
2026-05-29T05:00:00,Kandy,20.06,82.08,2.64,16.37
2026-05-29T06:00:00,Kandy,18.81,85.74,1.72,14.47
2026-05-29T07:00:00,Kandy,21.15,84.38,2.92,14.77
2026-05-29T08:00:00,Kandy,21.9,82.0,0.0,16.94
2026-05-29T09:00:00,Kandy,23.2,74.21,1.59,16.75
2026-05-29T10:00:00,Kandy,21.91,69.95,0.0,16.52
2026-05-29T11:00:00,Kandy,21.59,76.88,0.0,15.56
2026-05-29T12:00:00,Kandy,22.76,70.55,0.0,12.86
2026-05-29T13:00:00,Kandy,24.82,63.78,0.0,14.83
2026-05-29T14:00:00,Kandy,20.6,68.83,0.56,10.5
2026-05-29T15:00:00,Kandy,24.11,81.24,7.43,14.38
2026-05-29T16:00:00,Kandy,27.09,59.96,0.0,5.08
2026-05-29T17:00:00,Kandy,25.89,69.97,0.0,12.36
2026-05-29T18:00:00,Kandy,27.78,59.71,0.0,14.64
2026-05-29T19:00:00,Kandy,24.89,64.83,0.13,12.53
2026-05-29T20:00:00,Kandy,22.69,74.83,0.0,10.19
2026-05-29T21:00:00,Kandy,24.55,69.91,0.0,9.88
2026-05-29T22:00:00,Kandy,29.1,64.36,0.0,11.64
2026-05-29T23:00:00,Kandy,22.01,83.65,0.0,11.52
2026-05-29T00:00:00,Ratnapura,30.47,69.76,0.0,9.1
2026-05-29T01:00:00,Ratnapura,27.39,75.78,0.0,11.1
2026-05-29T02:00:00,Ratnapura,29.42,75.53,0.15,8.78
2026-05-29T03:00:00,Ratnapura,25.59,76.63,0.0,14.46
2026-05-29T04:00:00,Ratnapura,23.81,83.64,0.89,14.26
2026-05-29T05:00:00,Ratnapura,26.76,90.07,2.41,8.76
2026-05-29T06:00:00,Ratnapura,28.24,81.8,0.0,9.44
2026-05-29T07:00:00,Ratnapura,26.93,84.16,2.25,14.99
2026-05-29T08:00:00,Ratnapura,24.94,82.93,0.0,12.27
2026-05-29T09:00:00,Ratnapura,27.43,75.21,0.0,9.78
2026-05-29T10:00:00,Ratnapura,27.84,85.9,5.22,10.33
2026-05-29T11:00:00,Ratnapura,26.44,81.01,2.99,8.28
2026-05-29T12:00:00,Ratnapura,24.68,67.36,0.0,11.9
2026-05-29T13:00:00,Ratnapura,27.19,68.36,0.0,7.47
2026-05-29T14:00:00,Ratnapura,27.4,68.83,0.0,12.95
2026-05-29T15:00:00,Ratnapura,27.93,71.43,0.0,8.14
2026-05-29T16:00:00,Ratnapura,32.32,65,0.0,14.65
2026-05-29T17:00:00,Ratnapura,29.83,67.36,1.12,10.18
2026-05-29T18:00:00,Ratnapura,32.15,73.33,0.0,12.36
2026-05-29T19:00:00,Ratnapura,29.31,71.78,0.0,14.94
2026-05-29T20:00:00,Ratnapura,32.34,69.87,0.0,14.78
2026-05-29T21:00:00,Ratnapura,28.29,75.34,0.0,9.88
2026-05-29T22:00:00,Ratnapura,33.34,75.03,0.0,13.43
2026-05-29T23:00:00,Ratnapura,30.32,80.39,0.0,5.21
2026-05-30T00:00:00,Nuwara Eliya,19.93,78.39,0.0,13.8
2026-05-30T01:00:00,Nuwara Eliya,14.83,89.3,0.13,15.54
2026-05-30T02:00:00,Nuwara Eliya,19.26,73.03,0.0,12.73
2026-05-30T03:00:00,Nuwara Eliya,10.95,91.49,0.35,18.94
2026-05-30T04:00:00,Nuwara Eliya,16.31,95,11.66,21.5
2026-05-30T05:00:00,Nuwara Eliya,11.95,95,4.65,20.05
2026-05-30T06:00:00,Nuwara Eliya,14.1,95,3.08,20.09
2026-05-30T07:00:00,Nuwara Eliya,10.61,95,11.7,19.38
2026-05-30T08:00:00,Nuwara Eliya,12.4,95,4.05,13.85
2026-05-30T09:00:00,Nuwara Eliya,16.28,82.02,0.2,14.77
2026-05-30T10:00:00,Nuwara Eliya,10,95,16.36,18.08
2026-05-30T11:00:00,Nuwara Eliya,10.21,91.5,2.17,12.87
2026-05-30T12:00:00,Nuwara Eliya,17.76,78.47,0.0,18.39
2026-05-30T13:00:00,Nuwara Eliya,12.76,74.7,0.0,10.89
2026-05-30T14:00:00,Nuwara Eliya,15.66,82.88,4.89,13.77
2026-05-30T15:00:00,Nuwara Eliya,19.39,76.38,0.0,15.23
2026-05-30T16:00:00,Nuwara Eliya,18.29,72.19,0.0,13.06
2026-05-30T17:00:00,Nuwara Eliya,17.12,80.24,0.44,17.2
2026-05-30T18:00:00,Nuwara Eliya,20.81,75.11,0.73,16.83
2026-05-30T19:00:00,Nuwara Eliya,19.9,83.28,0.47,11.15
2026-05-30T20:00:00,Nuwara Eliya,16.05,88.73,0.0,15.04
2026-05-30T21:00:00,Nuwara Eliya,16.81,92.19,8.53,17.26
2026-05-30T22:00:00,Nuwara Eliya,18.85,89.27,4.75,15.88
2026-05-30T23:00:00,Nuwara Eliya,20.07,89.35,0.0,16.67
2026-05-30T00:00:00,Kandy,26.57,74.6,2.54,10.19
2026-05-30T01:00:00,Kandy,25.03,70.67,0.0,11.71
2026-05-30T02:00:00,Kandy,25.05,74.4,1.35,10.25
2026-05-30T03:00:00,Kandy,22.79,76.24,0.0,13.02
2026-05-30T04:00:00,Kandy,20.61,82.54,0.0,11.04
2026-05-30T05:00:00,Kandy,20.46,80.98,0.4,16.22
2026-05-30T06:00:00,Kandy,25.39,73.86,0.21,8.56
2026-05-30T07:00:00,Kandy,21.67,86.91,1.33,13.48
2026-05-30T08:00:00,Kandy,22.86,70.62,0.0,17.79
2026-05-30T09:00:00,Kandy,19.95,79.43,0.22,21.67
2026-05-30T10:00:00,Kandy,22.24,76.64,0.0,20.98
2026-05-30T11:00:00,Kandy,19.71,74.72,0.0,17.96
2026-05-30T12:00:00,Kandy,22.57,69.05,0.0,13.82
2026-05-30T13:00:00,Kandy,27.0,71.36,0.0,10.54
2026-05-30T14:00:00,Kandy,25.66,64.84,0.0,13.88
2026-05-30T15:00:00,Kandy,19.32,72.1,2.05,21.65
2026-05-30T16:00:00,Kandy,26.25,59.94,1.85,3.63
2026-05-30T17:00:00,Kandy,23.21,71.17,0.11,14.59
2026-05-30T18:00:00,Kandy,27.05,76.12,0.0,10.39
2026-05-30T19:00:00,Kandy,23.37,74.58,0.0,16.29
2026-05-30T20:00:00,Kandy,27.31,68.57,0.0,10.59
2026-05-30T21:00:00,Kandy,26.26,70.09,0.0,10.04
2026-05-30T22:00:00,Kandy,26.01,60.61,0.0,9.01
2026-05-30T23:00:00,Kandy,26.94,67.05,0.0,9.88
2026-05-30T00:00:00,Ratnapura,30.62,74.12,0.0,13.5
2026-05-30T01:00:00,Ratnapura,29.13,73.16,0.0,6.96
2026-05-30T02:00:00,Ratnapura,27.84,68.68,0.12,7.25
2026-05-30T03:00:00,Ratnapura,28.3,73.8,0.84,8.31
2026-05-30T04:00:00,Ratnapura,26.64,90.66,0.83,16.37
2026-05-30T05:00:00,Ratnapura,25.16,96.35,4.33,21.47
2026-05-30T06:00:00,Ratnapura,27.06,86.3,2.36,14.61
2026-05-30T07:00:00,Ratnapura,25.34,93.65,5.58,16.63
2026-05-30T08:00:00,Ratnapura,23.61,80.42,0.0,10.3
2026-05-30T09:00:00,Ratnapura,27.1,68.09,0.0,8.3
2026-05-30T10:00:00,Ratnapura,22,87.6,0.0,19.78
2026-05-30T11:00:00,Ratnapura,25.35,79.2,0.0,11.64
2026-05-30T12:00:00,Ratnapura,25.76,75.37,0.0,23.19
2026-05-30T13:00:00,Ratnapura,30.8,72.87,1.32,11.57
2026-05-30T14:00:00,Ratnapura,30.81,65.52,0.0,17.87
2026-05-30T15:00:00,Ratnapura,29.42,65,0.0,12.58
2026-05-30T16:00:00,Ratnapura,29.14,68.56,0.0,6.06
2026-05-30T17:00:00,Ratnapura,28.06,78.33,0.0,15.46
2026-05-30T18:00:00,Ratnapura,30.85,71.22,0.0,11.42
2026-05-30T19:00:00,Ratnapura,30.34,72.45,1.27,13.93
2026-05-30T20:00:00,Ratnapura,30.57,76.53,0.0,15.94
2026-05-30T21:00:00,Ratnapura,30.7,71.6,0.0,13.89
2026-05-30T22:00:00,Ratnapura,30.48,80.53,0.0,11.16
2026-05-30T23:00:00,Ratnapura,29.59,73.32,0.0,10.62
2026-05-31T00:00:00,Nuwara Eliya,17.73,73.41,0.0,14.79
2026-05-31T01:00:00,Nuwara Eliya,16.02,85.03,0.73,19.08
2026-05-31T02:00:00,Nuwara Eliya,15.31,84.43,0.0,9.9
2026-05-31T03:00:00,Nuwara Eliya,15.66,87.58,0.31,9.91
2026-05-31T04:00:00,Nuwara Eliya,15.29,89.94,0.0,14.08
2026-05-31T05:00:00,Nuwara Eliya,10,95,1.12,12.76
2026-05-31T06:00:00,Nuwara Eliya,12.22,92.01,1.63,14.46
2026-05-31T07:00:00,Nuwara Eliya,14.43,95,0.62,15.45
2026-05-31T08:00:00,Nuwara Eliya,11.89,83.02,0.62,7.56
2026-05-31T09:00:00,Nuwara Eliya,14.4,82.59,0.0,14.94
2026-05-31T10:00:00,Nuwara Eliya,16.36,90.31,0.0,16.58
2026-05-31T11:00:00,Nuwara Eliya,11.75,87.58,0.61,10.85
2026-05-31T12:00:00,Nuwara Eliya,16.81,71.51,0.0,14.22
2026-05-31T13:00:00,Nuwara Eliya,14.7,77.65,0.0,11.21
2026-05-31T14:00:00,Nuwara Eliya,17.42,75.81,0.0,11.11
2026-05-31T15:00:00,Nuwara Eliya,14.63,87.37,0.24,18.05
2026-05-31T16:00:00,Nuwara Eliya,14.48,83.86,2.61,11.11
2026-05-31T17:00:00,Nuwara Eliya,19.62,81.36,0.0,7.24
2026-05-31T18:00:00,Nuwara Eliya,15.72,80.98,0.0,7.05
2026-05-31T19:00:00,Nuwara Eliya,19.95,86.82,1.03,16.26
2026-05-31T20:00:00,Nuwara Eliya,17.33,81.59,0.0,15.33
2026-05-31T21:00:00,Nuwara Eliya,19.34,71.41,0.0,12.61
2026-05-31T22:00:00,Nuwara Eliya,20.3,80.95,0.22,14.16
2026-05-31T23:00:00,Nuwara Eliya,18.84,83.42,2.39,14.24
2026-05-31T00:00:00,Kandy,22.17,75.0,2.33,15.55
2026-05-31T01:00:00,Kandy,22.55,69.28,3.02,6.46
2026-05-31T02:00:00,Kandy,26.78,70.82,0.0,8.49
2026-05-31T03:00:00,Kandy,22.18,73.59,0.0,14.54
2026-05-31T04:00:00,Kandy,19.61,76.55,0.0,15.19
2026-05-31T05:00:00,Kandy,20.56,77.46,0.0,13.85
2026-05-31T06:00:00,Kandy,20.79,86.6,2.15,20.14
2026-05-31T07:00:00,Kandy,18,81.34,1.43,9.15
2026-05-31T08:00:00,Kandy,22.52,77.77,0.33,14.96
2026-05-31T09:00:00,Kandy,19.02,75.65,1.69,12.19
2026-05-31T10:00:00,Kandy,20.28,72.78,0.73,12.95
2026-05-31T11:00:00,Kandy,22.06,72.87,1.95,10.99
2026-05-31T12:00:00,Kandy,26.81,64.22,0.0,8.71
2026-05-31T13:00:00,Kandy,24.21,60.87,0.0,15.14
2026-05-31T14:00:00,Kandy,22.85,62.26,0.0,11.11
2026-05-31T15:00:00,Kandy,21.68,71.36,3.14,18.11
2026-05-31T16:00:00,Kandy,30,58.15,0.0,10.87
2026-05-31T17:00:00,Kandy,23.93,66.12,0.0,11.49
2026-05-31T18:00:00,Kandy,26.84,66.27,0.0,14.13
2026-05-31T19:00:00,Kandy,24.49,74.92,0.0,18.78
2026-05-31T20:00:00,Kandy,27.92,69.71,0.18,10.81
2026-05-31T21:00:00,Kandy,25.8,70.82,0.0,19.29
2026-05-31T22:00:00,Kandy,24.92,72.11,0.0,21.26
2026-05-31T23:00:00,Kandy,24.63,76.23,0.0,11.71
2026-05-31T00:00:00,Ratnapura,28.95,77.57,1.72,10.51
2026-05-31T01:00:00,Ratnapura,28.72,73.35,0.0,14.86
2026-05-31T02:00:00,Ratnapura,29.0,77.14,0.82,10.04
2026-05-31T03:00:00,Ratnapura,27.16,83.37,0.0,12.26
2026-05-31T04:00:00,Ratnapura,25.87,79.74,1.38,11.61
2026-05-31T05:00:00,Ratnapura,28.94,86.01,1.23,11.26
2026-05-31T06:00:00,Ratnapura,22.46,81.39,0.0,7.62
2026-05-31T07:00:00,Ratnapura,27.44,98,11.42,18.37
2026-05-31T08:00:00,Ratnapura,22,87.64,0.0,19.38
2026-05-31T09:00:00,Ratnapura,24.8,83.45,0.0,7.17
2026-05-31T10:00:00,Ratnapura,28.47,80.35,1.27,10.07
2026-05-31T11:00:00,Ratnapura,24.65,78.46,0.0,11.33
2026-05-31T12:00:00,Ratnapura,22,70.44,0.0,16.95
2026-05-31T13:00:00,Ratnapura,26.95,69.07,0.0,12.14
2026-05-31T14:00:00,Ratnapura,27.12,65,0.0,7.09
2026-05-31T15:00:00,Ratnapura,31.48,79.3,4.53,8.53
2026-05-31T16:00:00,Ratnapura,31.57,83.04,8.43,11.53
2026-05-31T17:00:00,Ratnapura,28.86,78.83,1.47,9.03
2026-05-31T18:00:00,Ratnapura,31.95,74.28,1.65,11.13
2026-05-31T19:00:00,Ratnapura,28.72,70.68,0.23,8.73
2026-05-31T20:00:00,Ratnapura,30.2,82.4,2.67,9.71
2026-05-31T21:00:00,Ratnapura,32.24,66.64,0.0,9.94
2026-05-31T22:00:00,Ratnapura,27.71,80.52,0.0,12.95
2026-05-31T23:00:00,Ratnapura,30.44,76.49,0.0,12.12
2026-06-01T00:00:00,Nuwara Eliya,13.92,88.26,0.38,18.36
2026-06-01T01:00:00,Nuwara Eliya,16.11,85.24,0.0,19.97
2026-06-01T02:00:00,Nuwara Eliya,13.77,95,4.42,20.71
2026-06-01T03:00:00,Nuwara Eliya,18.14,80.7,0.0,8.03
2026-06-01T04:00:00,Nuwara Eliya,11.28,93.24,1.45,15.49
2026-06-01T05:00:00,Nuwara Eliya,16.89,92.27,1.49,16.21
2026-06-01T06:00:00,Nuwara Eliya,10.05,89.32,1.72,9.3
2026-06-01T07:00:00,Nuwara Eliya,10.63,95,0.0,13.81
2026-06-01T08:00:00,Nuwara Eliya,11.74,89.16,0.0,14.39
2026-06-01T09:00:00,Nuwara Eliya,10,86.7,1.24,5.94
2026-06-01T10:00:00,Nuwara Eliya,11.79,86.87,0.0,16.75
2026-06-01T11:00:00,Nuwara Eliya,12.91,93.35,13.93,11.55
2026-06-01T12:00:00,Nuwara Eliya,10.92,76.64,0.26,14.46
2026-06-01T13:00:00,Nuwara Eliya,12.04,85.53,2.89,10.23
2026-06-01T14:00:00,Nuwara Eliya,17.59,75.74,0.0,13.77
2026-06-01T15:00:00,Nuwara Eliya,15.63,76.84,0.0,15.92
2026-06-01T16:00:00,Nuwara Eliya,16.99,72.13,0.0,17.27
2026-06-01T17:00:00,Nuwara Eliya,21.21,85.6,4.25,10.0
2026-06-01T18:00:00,Nuwara Eliya,17.98,87.65,3.22,12.93
2026-06-01T19:00:00,Nuwara Eliya,16.06,92.26,0.0,15.03
2026-06-01T20:00:00,Nuwara Eliya,17.53,77.53,1.01,10.35
2026-06-01T21:00:00,Nuwara Eliya,20.98,76.19,0.0,10.89
2026-06-01T22:00:00,Nuwara Eliya,18.18,81.74,0.0,4.2
2026-06-01T23:00:00,Nuwara Eliya,17.28,81.73,0.0,13.46
2026-06-01T00:00:00,Kandy,22.26,69.81,0.0,9.28
2026-06-01T01:00:00,Kandy,22.3,71.18,0.0,10.73
2026-06-01T02:00:00,Kandy,24.0,74.08,4.04,10.77
2026-06-01T03:00:00,Kandy,19.78,74.52,0.0,11.43
2026-06-01T04:00:00,Kandy,22.04,75.8,1.06,15.34
2026-06-01T05:00:00,Kandy,22.49,77.01,0.6,16.03
2026-06-01T06:00:00,Kandy,20.96,83.87,0.0,6.7
2026-06-01T07:00:00,Kandy,23.65,79.51,3.52,13.7
2026-06-01T08:00:00,Kandy,23.53,87.91,3.71,15.74
2026-06-01T09:00:00,Kandy,19.1,76.02,0.0,11.49
2026-06-01T10:00:00,Kandy,21.63,80.85,3.43,16.89
2026-06-01T11:00:00,Kandy,22.45,71.17,0.0,12.44
2026-06-01T12:00:00,Kandy,24.53,65.75,0.0,10.87
2026-06-01T13:00:00,Kandy,24.35,69.95,0.0,11.38
2026-06-01T14:00:00,Kandy,20.13,69.02,0.0,13.88
2026-06-01T15:00:00,Kandy,23.2,63.89,2.37,10.26
2026-06-01T16:00:00,Kandy,24.42,60.15,0.0,11.96
2026-06-01T17:00:00,Kandy,27.67,63.96,0.0,7.44
2026-06-01T18:00:00,Kandy,25.18,77.69,0.0,18.63
2026-06-01T19:00:00,Kandy,28.08,67.83,0.14,6.8
2026-06-01T20:00:00,Kandy,23.08,69.02,0.0,10.58
2026-06-01T21:00:00,Kandy,22.55,84.93,4.83,18.25
2026-06-01T22:00:00,Kandy,28.13,60.27,0.0,17.23
2026-06-01T23:00:00,Kandy,22.29,67.71,0.01,8.18
2026-06-01T00:00:00,Ratnapura,31.11,75.73,0.0,11.18
2026-06-01T01:00:00,Ratnapura,26.32,78.04,0.0,13.48
2026-06-01T02:00:00,Ratnapura,28.67,87.06,3.86,7.72
2026-06-01T03:00:00,Ratnapura,33.08,67.98,0.0,10.68
2026-06-01T04:00:00,Ratnapura,27.33,78.16,0.0,12.22
2026-06-01T05:00:00,Ratnapura,27.9,91.85,3.87,12.56
2026-06-01T06:00:00,Ratnapura,22.77,88.91,3.51,15.47
2026-06-01T07:00:00,Ratnapura,24.25,87.63,1.13,19.59
2026-06-01T08:00:00,Ratnapura,22,98,5.28,19.72
2026-06-01T09:00:00,Ratnapura,24.02,80.84,0.0,15.77
2026-06-01T10:00:00,Ratnapura,27.56,78.58,1.86,17.82
2026-06-01T11:00:00,Ratnapura,26.58,84.92,1.7,11.3
2026-06-01T12:00:00,Ratnapura,24.29,66.42,0.0,11.63
2026-06-01T13:00:00,Ratnapura,29.48,65.12,0.0,12.56
2026-06-01T14:00:00,Ratnapura,28.45,65,0.0,11.47
2026-06-01T15:00:00,Ratnapura,26.89,73.27,0.0,6.65
2026-06-01T16:00:00,Ratnapura,28.59,65.36,0.0,11.28
2026-06-01T17:00:00,Ratnapura,32.91,70.87,0.0,9.08
2026-06-01T18:00:00,Ratnapura,29.71,77.38,0.0,13.7
2026-06-01T19:00:00,Ratnapura,32.21,68.93,0.0,13.57
2026-06-01T20:00:00,Ratnapura,30.41,70.47,0.0,15.88
2026-06-01T21:00:00,Ratnapura,27.17,75.44,0.0,15.27
2026-06-01T22:00:00,Ratnapura,31.94,79.6,2.54,10.0
2026-06-01T23:00:00,Ratnapura,27.01,71.15,0.0,15.6
2026-06-02T00:00:00,Nuwara Eliya,14.71,80.64,0.0,11.01
2026-06-02T01:00:00,Nuwara Eliya,16.68,81.87,0.0,13.7
2026-06-02T02:00:00,Nuwara Eliya,13.44,88.08,0.92,10.04
2026-06-02T03:00:00,Nuwara Eliya,12.46,86.3,0.62,12.41
2026-06-02T04:00:00,Nuwara Eliya,16.52,95,3.48,20.12
2026-06-02T05:00:00,Nuwara Eliya,14.83,95,11.12,16.72
2026-06-02T06:00:00,Nuwara Eliya,16.07,93.83,1.17,19.62
2026-06-02T07:00:00,Nuwara Eliya,16.62,93.99,6.21,14.96
2026-06-02T08:00:00,Nuwara Eliya,13.04,91.74,1.08,13.13
2026-06-02T09:00:00,Nuwara Eliya,10.04,92.06,1.7,15.66
2026-06-02T10:00:00,Nuwara Eliya,14.41,87.49,0.34,16.47
2026-06-02T11:00:00,Nuwara Eliya,12.95,82.24,0.0,10.92
2026-06-02T12:00:00,Nuwara Eliya,12.95,81.23,0.0,4.77
2026-06-02T13:00:00,Nuwara Eliya,15.17,74.65,0.0,13.84
2026-06-02T14:00:00,Nuwara Eliya,14.08,77.3,0.0,10.63
2026-06-02T15:00:00,Nuwara Eliya,13.49,76.21,0.0,11.57
2026-06-02T16:00:00,Nuwara Eliya,18.52,79.31,4.11,21.48
2026-06-02T17:00:00,Nuwara Eliya,16.53,82.66,0.0,8.41
2026-06-02T18:00:00,Nuwara Eliya,18.28,78.65,0.0,12.07
2026-06-02T19:00:00,Nuwara Eliya,17.65,80.3,0.0,16.9
2026-06-02T20:00:00,Nuwara Eliya,16.81,86.08,2.4,11.01
2026-06-02T21:00:00,Nuwara Eliya,18.88,82.81,1.7,15.14
2026-06-02T22:00:00,Nuwara Eliya,16.35,91.46,6.76,12.64
2026-06-02T23:00:00,Nuwara Eliya,14.69,80.92,0.51,12.89
2026-06-02T00:00:00,Kandy,21.26,78.09,0.0,22.3
2026-06-02T01:00:00,Kandy,24.49,76.47,3.9,15.06
2026-06-02T02:00:00,Kandy,23.14,78.04,0.73,14.86
2026-06-02T03:00:00,Kandy,19.25,81.18,0.0,10.2
2026-06-02T04:00:00,Kandy,20.43,83.55,1.6,11.38
2026-06-02T05:00:00,Kandy,23.95,77.77,0.4,16.45
2026-06-02T06:00:00,Kandy,20.92,90,8.62,14.8
2026-06-02T07:00:00,Kandy,18.58,86.32,2.0,14.78
2026-06-02T08:00:00,Kandy,19.79,73.82,0.0,20.08
2026-06-02T09:00:00,Kandy,20.23,78.6,3.98,14.98
2026-06-02T10:00:00,Kandy,20.13,81.35,0.52,10.93
2026-06-02T11:00:00,Kandy,25.24,63.92,0.0,12.18
2026-06-02T12:00:00,Kandy,24.32,63.62,0.0,5.81
2026-06-02T13:00:00,Kandy,20.23,68.38,0.0,11.6
2026-06-02T14:00:00,Kandy,25.58,60.85,0.0,13.16
2026-06-02T15:00:00,Kandy,21.62,72.85,0.0,14.72
2026-06-02T16:00:00,Kandy,24.21,63.92,0.0,12.19
2026-06-02T17:00:00,Kandy,26.76,70.69,0.0,9.17
2026-06-02T18:00:00,Kandy,27.94,64.58,0.0,10.63
2026-06-02T19:00:00,Kandy,24.95,70.33,0.34,18.5
2026-06-02T20:00:00,Kandy,25.93,66.2,0.0,10.21
2026-06-02T21:00:00,Kandy,22.75,75.83,0.0,15.03
2026-06-02T22:00:00,Kandy,23.39,77.32,0.0,11.42
2026-06-02T23:00:00,Kandy,18.94,73.91,0.0,15.5
2026-06-02T00:00:00,Ratnapura,28.91,69.53,0.0,10.38
2026-06-02T01:00:00,Ratnapura,26.78,81.16,0.0,16.91
2026-06-02T02:00:00,Ratnapura,27.29,78.51,0.0,12.2
2026-06-02T03:00:00,Ratnapura,25.67,76.76,0.0,19.48
2026-06-02T04:00:00,Ratnapura,26.68,83.15,1.82,9.83
2026-06-02T05:00:00,Ratnapura,25.29,82.9,0.0,16.04
2026-06-02T06:00:00,Ratnapura,27.18,82.33,0.42,12.45
2026-06-02T07:00:00,Ratnapura,23.32,98,12.79,26.38
2026-06-02T08:00:00,Ratnapura,26.05,85.58,0.0,8.21
2026-06-02T09:00:00,Ratnapura,24.46,73.24,0.0,12.71
2026-06-02T10:00:00,Ratnapura,22.94,81.73,4.03,13.77
2026-06-02T11:00:00,Ratnapura,24.16,85.02,1.97,12.39
2026-06-02T12:00:00,Ratnapura,27.51,71.19,0.0,10.48
2026-06-02T13:00:00,Ratnapura,24.65,74.49,3.64,18.01
2026-06-02T14:00:00,Ratnapura,24.74,68.4,0.0,14.59
2026-06-02T15:00:00,Ratnapura,28.02,73.16,3.96,14.92
2026-06-02T16:00:00,Ratnapura,26.0,71.12,0.42,17.66
2026-06-02T17:00:00,Ratnapura,29.72,73.25,0.0,15.16
2026-06-02T18:00:00,Ratnapura,31.83,76.17,0.0,12.37
2026-06-02T19:00:00,Ratnapura,31.07,67.76,0.0,4.83
2026-06-02T20:00:00,Ratnapura,30.75,81.08,0.26,13.21
2026-06-02T21:00:00,Ratnapura,30.46,73.39,0.0,10.94
2026-06-02T22:00:00,Ratnapura,30.51,75.78,0.0,10.88
2026-06-02T23:00:00,Ratnapura,30.15,78.66,0.0,17.14
2026-06-03T00:00:00,Nuwara Eliya,19.9,76.61,0.0,17.7
2026-06-03T01:00:00,Nuwara Eliya,18.74,88.16,1.24,14.45
2026-06-03T02:00:00,Nuwara Eliya,16.69,83.85,3.54,11.96
2026-06-03T03:00:00,Nuwara Eliya,13.62,88.42,1.63,11.31
2026-06-03T04:00:00,Nuwara Eliya,12.97,93.32,0.0,11.38
2026-06-03T05:00:00,Nuwara Eliya,12.13,95,8.93,16.18
2026-06-03T06:00:00,Nuwara Eliya,15.02,94.29,0.92,18.65
2026-06-03T07:00:00,Nuwara Eliya,10.42,93.18,0.62,12.51
2026-06-03T08:00:00,Nuwara Eliya,11.37,94.22,0.96,10.05
2026-06-03T09:00:00,Nuwara Eliya,13.68,90.85,2.85,13.03
2026-06-03T10:00:00,Nuwara Eliya,13.67,85.57,2.13,11.53
2026-06-03T11:00:00,Nuwara Eliya,12.45,82.36,0.11,10.36
2026-06-03T12:00:00,Nuwara Eliya,15.27,74.97,0.0,11.12
2026-06-03T13:00:00,Nuwara Eliya,16.09,80.59,0.78,1.3
2026-06-03T14:00:00,Nuwara Eliya,12.05,87.06,3.9,13.31
2026-06-03T15:00:00,Nuwara Eliya,16.4,77.21,0.0,19.32
2026-06-03T16:00:00,Nuwara Eliya,18.54,78.95,3.07,20.27
2026-06-03T17:00:00,Nuwara Eliya,14.56,87.91,2.16,11.21
2026-06-03T18:00:00,Nuwara Eliya,20.35,76.98,0.0,17.43
2026-06-03T19:00:00,Nuwara Eliya,17.99,77.18,0.0,13.63
2026-06-03T20:00:00,Nuwara Eliya,17.64,82.32,0.0,10.47
2026-06-03T21:00:00,Nuwara Eliya,20.55,78.59,0.38,17.14
2026-06-03T22:00:00,Nuwara Eliya,18.16,81.17,3.21,12.61
2026-06-03T23:00:00,Nuwara Eliya,17.02,74.59,0.2,8.52
2026-06-03T00:00:00,Kandy,27.0,68.97,1.55,3.89
2026-06-03T01:00:00,Kandy,24.65,71.49,0.0,9.22
2026-06-03T02:00:00,Kandy,23.73,72.76,1.75,15.1
2026-06-03T03:00:00,Kandy,24.23,68.5,0.0,16.78
2026-06-03T04:00:00,Kandy,22.27,80.55,1.98,16.76
2026-06-03T05:00:00,Kandy,23.49,76.42,0.25,17.19
2026-06-03T06:00:00,Kandy,20.87,77.05,0.0,16.57
2026-06-03T07:00:00,Kandy,24.6,76.37,0.0,19.63
2026-06-03T08:00:00,Kandy,19.24,77.36,1.11,14.52
2026-06-03T09:00:00,Kandy,19.34,77.87,0.0,17.1
2026-06-03T10:00:00,Kandy,24.39,77.66,3.1,17.93
2026-06-03T11:00:00,Kandy,23.42,68.19,0.0,8.41
2026-06-03T12:00:00,Kandy,21.34,64.32,0.0,12.24
2026-06-03T13:00:00,Kandy,23.62,64.96,0.0,11.6
2026-06-03T14:00:00,Kandy,23.22,67.86,0.0,10.14
2026-06-03T15:00:00,Kandy,21.49,65.29,0.0,13.7
2026-06-03T16:00:00,Kandy,25.74,63.76,0.0,14.24
2026-06-03T17:00:00,Kandy,24.31,72.44,1.12,17.76
2026-06-03T18:00:00,Kandy,26.52,72.88,0.0,13.55
2026-06-03T19:00:00,Kandy,23.93,72.25,0.0,12.79
2026-06-03T20:00:00,Kandy,26.26,76.43,0.0,20.44
2026-06-03T21:00:00,Kandy,23.57,74.28,0.0,14.17
2026-06-03T22:00:00,Kandy,22.72,71.3,1.94,10.17
2026-06-03T23:00:00,Kandy,25.46,68.97,0.0,20.99
2026-06-03T00:00:00,Ratnapura,27.6,80.87,0.0,9.3
2026-06-03T01:00:00,Ratnapura,22.48,82.72,0.86,18.68
2026-06-03T02:00:00,Ratnapura,31.68,71.43,0.0,15.99
2026-06-03T03:00:00,Ratnapura,22.94,78.08,0.09,16.24
2026-06-03T04:00:00,Ratnapura,24.73,98,6.67,20.59
2026-06-03T05:00:00,Ratnapura,28.71,81.29,0.0,8.45
2026-06-03T06:00:00,Ratnapura,26.8,86.66,0.0,9.59
2026-06-03T07:00:00,Ratnapura,24.09,91.44,0.33,18.27
2026-06-03T08:00:00,Ratnapura,22.87,98,8.09,19.42
2026-06-03T09:00:00,Ratnapura,23.54,83.47,3.61,16.14
2026-06-03T10:00:00,Ratnapura,27.81,78.95,1.68,12.72
2026-06-03T11:00:00,Ratnapura,25.65,73.16,0.0,13.12
2026-06-03T12:00:00,Ratnapura,26.79,70.29,0.0,11.5
2026-06-03T13:00:00,Ratnapura,26.65,73.34,0.0,12.83
2026-06-03T14:00:00,Ratnapura,28.16,66.22,1.97,10.08
2026-06-03T15:00:00,Ratnapura,29.7,66.88,0.0,11.82
2026-06-03T16:00:00,Ratnapura,29.8,71.81,0.0,14.12
2026-06-03T17:00:00,Ratnapura,28.48,82.51,2.16,10.6
2026-06-03T18:00:00,Ratnapura,33.36,68.81,0.0,11.96
2026-06-03T19:00:00,Ratnapura,34.44,72.67,1.12,7.06
2026-06-03T20:00:00,Ratnapura,31.51,79.61,0.0,10.8
2026-06-03T21:00:00,Ratnapura,31.04,76.12,0.0,14.9
2026-06-03T22:00:00,Ratnapura,31.95,73.43,0.0,16.13
2026-06-03T23:00:00,Ratnapura,30.0,77.51,0.0,16.31
2026-06-04T00:00:00,Nuwara Eliya,19.63,81.25,0.0,12.76
2026-06-04T01:00:00,Nuwara Eliya,15.53,82.26,0.19,11.75
2026-06-04T02:00:00,Nuwara Eliya,14.28,78.9,0.0,8.99
2026-06-04T03:00:00,Nuwara Eliya,18.72,80.09,0.0,14.15
2026-06-04T04:00:00,Nuwara Eliya,14.91,95,7.05,18.26
2026-06-04T05:00:00,Nuwara Eliya,11.17,94.65,0.0,16.78
2026-06-04T06:00:00,Nuwara Eliya,11.13,90.77,0.6,16.89
2026-06-04T07:00:00,Nuwara Eliya,11.57,84.03,0.0,11.12
2026-06-04T08:00:00,Nuwara Eliya,10,92.99,0.0,14.33
2026-06-04T09:00:00,Nuwara Eliya,11.08,94.35,4.78,16.05
2026-06-04T10:00:00,Nuwara Eliya,10,93.9,3.44,18.19
2026-06-04T11:00:00,Nuwara Eliya,16.43,79.07,0.0,17.77
2026-06-04T12:00:00,Nuwara Eliya,14.29,85.16,3.38,11.7
2026-06-04T13:00:00,Nuwara Eliya,14.05,93.57,11.44,17.64
2026-06-04T14:00:00,Nuwara Eliya,19.57,62.82,0.0,9.49
2026-06-04T15:00:00,Nuwara Eliya,17.56,72.57,0.0,7.52
2026-06-04T16:00:00,Nuwara Eliya,18.51,64.06,0.0,13.54
2026-06-04T17:00:00,Nuwara Eliya,21.28,85.92,3.17,17.11
2026-06-04T18:00:00,Nuwara Eliya,18.31,83.82,1.76,14.99
2026-06-04T19:00:00,Nuwara Eliya,17.67,75.79,0.0,14.04
2026-06-04T20:00:00,Nuwara Eliya,16.0,87.65,4.01,15.57
2026-06-04T21:00:00,Nuwara Eliya,18.58,82.89,0.0,12.85
2026-06-04T22:00:00,Nuwara Eliya,15.28,82.45,0.0,11.02
2026-06-04T23:00:00,Nuwara Eliya,22.85,72.78,0.0,13.48
2026-06-04T00:00:00,Kandy,22.75,77.7,0.0,15.94
2026-06-04T01:00:00,Kandy,22.36,71.46,0.0,8.52
2026-06-04T02:00:00,Kandy,18.97,70.08,0.0,11.89
2026-06-04T03:00:00,Kandy,22.65,67.49,0.0,10.41
2026-06-04T04:00:00,Kandy,21.56,77.49,0.0,15.0
2026-06-04T05:00:00,Kandy,20.79,80.18,2.64,13.12
2026-06-04T06:00:00,Kandy,20.41,81.84,0.23,10.12
2026-06-04T07:00:00,Kandy,20.51,84.9,0.0,12.82
2026-06-04T08:00:00,Kandy,21.96,73.31,0.3,12.2
2026-06-04T09:00:00,Kandy,21.34,82.03,1.77,10.38
2026-06-04T10:00:00,Kandy,20.72,71.65,0.9,16.6
2026-06-04T11:00:00,Kandy,18.66,80.82,4.49,14.39
2026-06-04T12:00:00,Kandy,22.31,63.52,0.0,9.77
2026-06-04T13:00:00,Kandy,23.23,61.0,0.0,14.02
2026-06-04T14:00:00,Kandy,23.25,65.57,0.0,12.91
2026-06-04T15:00:00,Kandy,24.44,67.97,0.92,9.89
2026-06-04T16:00:00,Kandy,28.34,58.53,1.33,9.78
2026-06-04T17:00:00,Kandy,27.07,66.6,1.19,6.96
2026-06-04T18:00:00,Kandy,25.37,80.12,1.59,13.99
2026-06-04T19:00:00,Kandy,23.42,82.42,3.8,14.77
2026-06-04T20:00:00,Kandy,26.7,66.31,0.0,6.12
2026-06-04T21:00:00,Kandy,25.61,60.97,0.0,11.78
2026-06-04T22:00:00,Kandy,26.48,67.33,0.0,10.38
2026-06-04T23:00:00,Kandy,22.43,71.0,0.22,10.26
2026-06-04T00:00:00,Ratnapura,27.1,74.45,0.0,10.41
2026-06-04T01:00:00,Ratnapura,28.42,68.79,0.0,10.35
2026-06-04T02:00:00,Ratnapura,33.36,68.21,0.0,9.83
2026-06-04T03:00:00,Ratnapura,22,76.19,0.33,14.22
2026-06-04T04:00:00,Ratnapura,24.93,85.31,2.26,6.4
2026-06-04T05:00:00,Ratnapura,26.32,88.27,0.0,16.24
2026-06-04T06:00:00,Ratnapura,27.68,78.88,0.0,15.55
2026-06-04T07:00:00,Ratnapura,24.91,86.11,0.79,12.88
2026-06-04T08:00:00,Ratnapura,23.23,87.09,2.78,19.66
2026-06-04T09:00:00,Ratnapura,24.74,76.59,0.96,19.04
2026-06-04T10:00:00,Ratnapura,28.49,69.23,0.0,10.3
2026-06-04T11:00:00,Ratnapura,27.81,76.23,0.0,8.81
2026-06-04T12:00:00,Ratnapura,26.32,69.0,0.0,6.63
2026-06-04T13:00:00,Ratnapura,25.89,72.45,0.0,9.16
2026-06-04T14:00:00,Ratnapura,24.8,76.5,0.08,14.67
2026-06-04T15:00:00,Ratnapura,30.2,65,0.0,7.83
2026-06-04T16:00:00,Ratnapura,29.53,71.03,0.0,12.14
2026-06-04T17:00:00,Ratnapura,28.65,77.34,0.0,11.63
2026-06-04T18:00:00,Ratnapura,30.28,74.91,0.0,5.84
2026-06-04T19:00:00,Ratnapura,30.48,70.62,0.0,11.74
2026-06-04T20:00:00,Ratnapura,33.88,70.85,0.0,11.15
2026-06-04T21:00:00,Ratnapura,33.47,69.88,0.0,9.73
2026-06-04T22:00:00,Ratnapura,30.25,73.04,0.0,12.02
2026-06-04T23:00:00,Ratnapura,32.9,75.11,0.0,14.94
2026-06-05T00:00:00,Nuwara Eliya,19.32,77.14,0.0,18.18
2026-06-05T01:00:00,Nuwara Eliya,14.67,83.78,0.75,15.43
2026-06-05T02:00:00,Nuwara Eliya,14.57,89.85,0.67,16.32
2026-06-05T03:00:00,Nuwara Eliya,13.37,89.46,0.81,18.77
2026-06-05T04:00:00,Nuwara Eliya,13.69,94.02,3.33,20.7
2026-06-05T05:00:00,Nuwara Eliya,14.92,93.42,0.39,18.94
2026-06-05T06:00:00,Nuwara Eliya,14.06,95,6.33,14.22
2026-06-05T07:00:00,Nuwara Eliya,11.19,88.88,3.89,12.42
2026-06-05T08:00:00,Nuwara Eliya,12.58,95,5.87,15.73
2026-06-05T09:00:00,Nuwara Eliya,10,91.31,2.19,16.34
2026-06-05T10:00:00,Nuwara Eliya,14.68,78.02,0.0,16.92
2026-06-05T11:00:00,Nuwara Eliya,11.59,84.38,0.0,11.57
2026-06-05T12:00:00,Nuwara Eliya,12.16,79.26,0.39,9.1
2026-06-05T13:00:00,Nuwara Eliya,15.37,76.33,0.0,11.13
2026-06-05T14:00:00,Nuwara Eliya,13.41,73.52,0.0,13.84
2026-06-05T15:00:00,Nuwara Eliya,14.45,73.32,0.0,14.34
2026-06-05T16:00:00,Nuwara Eliya,18.05,66.69,0.0,12.31
2026-06-05T17:00:00,Nuwara Eliya,16.21,89.79,0.0,19.2
2026-06-05T18:00:00,Nuwara Eliya,16.03,76.82,0.0,14.7
2026-06-05T19:00:00,Nuwara Eliya,18.94,81.19,0.0,12.52
2026-06-05T20:00:00,Nuwara Eliya,19.85,72.85,0.0,13.69
2026-06-05T21:00:00,Nuwara Eliya,21.5,82.07,0.0,11.14
2026-06-05T22:00:00,Nuwara Eliya,19.22,78.36,1.59,17.22
2026-06-05T23:00:00,Nuwara Eliya,18.63,88.53,2.96,14.38
2026-06-05T00:00:00,Kandy,26.2,67.67,0.0,10.53
2026-06-05T01:00:00,Kandy,29.48,68.34,0.0,12.09
2026-06-05T02:00:00,Kandy,21.28,77.84,1.82,12.95
2026-06-05T03:00:00,Kandy,24.96,70.52,1.82,15.39
2026-06-05T04:00:00,Kandy,20.35,80.03,1.63,12.13
2026-06-05T05:00:00,Kandy,18,89.02,0.0,24.09
2026-06-05T06:00:00,Kandy,20.4,78.49,0.02,12.04
2026-06-05T07:00:00,Kandy,18,82.53,2.57,13.94
2026-06-05T08:00:00,Kandy,21.26,80.63,0.0,15.96
2026-06-05T09:00:00,Kandy,18.61,76.85,0.0,17.88
2026-06-05T10:00:00,Kandy,18,73.02,1.04,14.62
2026-06-05T11:00:00,Kandy,18,82.33,1.83,14.14
2026-06-05T12:00:00,Kandy,21.4,76.89,0.0,14.56
2026-06-05T13:00:00,Kandy,22.78,74.84,3.31,16.12
2026-06-05T14:00:00,Kandy,22.73,68.47,1.51,7.71
2026-06-05T15:00:00,Kandy,25.36,57.61,0.0,14.39
2026-06-05T16:00:00,Kandy,21.01,72.73,0.0,12.73
2026-06-05T17:00:00,Kandy,24.57,69.92,0.0,7.57
2026-06-05T18:00:00,Kandy,24.42,70.7,0.0,14.59
2026-06-05T19:00:00,Kandy,28.95,66.06,0.0,11.82
2026-06-05T20:00:00,Kandy,21.5,71.29,0.21,19.73
2026-06-05T21:00:00,Kandy,26.29,73.78,1.34,13.24
2026-06-05T22:00:00,Kandy,25.63,61.96,0.0,15.4
2026-06-05T23:00:00,Kandy,25.88,71.49,0.24,14.32
2026-06-05T00:00:00,Ratnapura,23.15,79.41,0.0,18.71
2026-06-05T01:00:00,Ratnapura,27.88,72.07,0.0,14.75
2026-06-05T02:00:00,Ratnapura,28.03,75.52,1.22,16.14
2026-06-05T03:00:00,Ratnapura,27.26,74.54,0.0,8.13
2026-06-05T04:00:00,Ratnapura,28.97,89.71,10.48,14.18
2026-06-05T05:00:00,Ratnapura,28.82,86.02,5.99,5.65
2026-06-05T06:00:00,Ratnapura,22,84.4,0.0,17.06
2026-06-05T07:00:00,Ratnapura,27.48,88.7,3.56,7.8
2026-06-05T08:00:00,Ratnapura,23.88,92.26,2.81,22.24
2026-06-05T09:00:00,Ratnapura,23.34,82.88,0.25,15.45
2026-06-05T10:00:00,Ratnapura,25.71,85.07,0.06,19.16
2026-06-05T11:00:00,Ratnapura,23.77,74.52,0.0,10.95
2026-06-05T12:00:00,Ratnapura,29.37,76.4,2.56,9.54
2026-06-05T13:00:00,Ratnapura,31.39,65.39,0.0,14.85
2026-06-05T14:00:00,Ratnapura,30.63,65.4,0.0,14.38
2026-06-05T15:00:00,Ratnapura,31.59,66.15,0.0,12.39
2026-06-05T16:00:00,Ratnapura,29.83,76.02,0.0,15.17
2026-06-05T17:00:00,Ratnapura,29.92,78.61,0.0,11.07
2026-06-05T18:00:00,Ratnapura,31.61,80.47,3.51,14.85
2026-06-05T19:00:00,Ratnapura,33.6,68.34,0.18,10.58
2026-06-05T20:00:00,Ratnapura,26.98,86.31,2.45,9.41
2026-06-05T21:00:00,Ratnapura,30.58,68.84,0.0,8.89
2026-06-05T22:00:00,Ratnapura,32.76,75.28,0.0,8.83
2026-06-05T23:00:00,Ratnapura,30.67,89.76,7.4,10.2
2026-06-06T00:00:00,Nuwara Eliya,12.73,84.63,2.4,14.65
2026-06-06T01:00:00,Nuwara Eliya,17.12,95,6.81,20.29
2026-06-06T02:00:00,Nuwara Eliya,15.8,80.18,0.08,12.26
2026-06-06T03:00:00,Nuwara Eliya,13.3,82.89,0.0,12.45
2026-06-06T04:00:00,Nuwara Eliya,11.81,91.64,0.75,11.49
2026-06-06T05:00:00,Nuwara Eliya,12.66,85.64,1.29,11.25
2026-06-06T06:00:00,Nuwara Eliya,10,93.28,0.2,14.34
2026-06-06T07:00:00,Nuwara Eliya,15.28,89.12,2.15,10.18
2026-06-06T08:00:00,Nuwara Eliya,14.06,91.5,0.0,16.72
2026-06-06T09:00:00,Nuwara Eliya,11.32,91.51,0.0,16.25
2026-06-06T10:00:00,Nuwara Eliya,13.74,87.39,1.29,10.73
2026-06-06T11:00:00,Nuwara Eliya,14.66,86.55,0.0,16.26
2026-06-06T12:00:00,Nuwara Eliya,14.43,69.52,0.0,11.82
2026-06-06T13:00:00,Nuwara Eliya,17.72,78.6,0.0,13.75
2026-06-06T14:00:00,Nuwara Eliya,17.97,73.7,0.0,8.9
2026-06-06T15:00:00,Nuwara Eliya,15.76,75.57,1.13,9.76
2026-06-06T16:00:00,Nuwara Eliya,12.77,80.99,0.22,6.88
2026-06-06T17:00:00,Nuwara Eliya,17.68,81.22,0.01,12.66
2026-06-06T18:00:00,Nuwara Eliya,15.68,89.84,3.46,11.92
2026-06-06T19:00:00,Nuwara Eliya,19.18,86.58,1.12,13.17
2026-06-06T20:00:00,Nuwara Eliya,19.72,86.55,6.3,11.31
2026-06-06T21:00:00,Nuwara Eliya,18.29,78.73,0.26,14.33
2026-06-06T22:00:00,Nuwara Eliya,15.91,84.36,0.87,8.98
2026-06-06T23:00:00,Nuwara Eliya,17.4,76.52,0.0,6.49
2026-06-06T00:00:00,Kandy,22.97,76.77,0.0,15.73
2026-06-06T01:00:00,Kandy,23.15,76.04,2.45,13.71
2026-06-06T02:00:00,Kandy,22.73,74.06,2.31,13.82
2026-06-06T03:00:00,Kandy,24.91,68.45,0.0,14.87
2026-06-06T04:00:00,Kandy,21.01,77.96,0.0,16.79
2026-06-06T05:00:00,Kandy,20.99,79.64,0.0,19.39
2026-06-06T06:00:00,Kandy,18,85.28,3.94,15.06
2026-06-06T07:00:00,Kandy,22.77,80.04,0.0,11.17
2026-06-06T08:00:00,Kandy,22.74,80.49,0.22,9.08
2026-06-06T09:00:00,Kandy,21.55,66.74,0.0,9.37
2026-06-06T10:00:00,Kandy,19.14,85.87,5.27,13.37
2026-06-06T11:00:00,Kandy,22.75,65.01,0.0,8.28
2026-06-06T12:00:00,Kandy,21.21,65.71,0.0,15.24
2026-06-06T13:00:00,Kandy,18.68,70.75,0.0,15.52
2026-06-06T14:00:00,Kandy,28.6,61.74,0.95,11.29
2026-06-06T15:00:00,Kandy,21.38,67.4,0.0,9.36
2026-06-06T16:00:00,Kandy,24.35,69.09,1.97,11.25
2026-06-06T17:00:00,Kandy,23.88,70.35,0.98,18.07
2026-06-06T18:00:00,Kandy,27.16,70.81,0.91,4.91
2026-06-06T19:00:00,Kandy,22.39,68.26,0.94,6.07
2026-06-06T20:00:00,Kandy,29.22,70.35,0.0,11.97
2026-06-06T21:00:00,Kandy,24.72,74.95,2.37,13.08
2026-06-06T22:00:00,Kandy,27.47,72.53,4.36,5.5
2026-06-06T23:00:00,Kandy,26.16,67.02,0.0,10.97
2026-06-06T00:00:00,Ratnapura,28.81,77.72,0.0,20.5
2026-06-06T01:00:00,Ratnapura,28.85,79.41,0.0,11.19
2026-06-06T02:00:00,Ratnapura,29.33,74.71,0.0,14.82
2026-06-06T03:00:00,Ratnapura,26.89,73.81,0.16,14.07
2026-06-06T04:00:00,Ratnapura,25.49,81.06,0.0,10.22
2026-06-06T05:00:00,Ratnapura,25.15,90.33,0.0,15.25
2026-06-06T06:00:00,Ratnapura,26.09,81.15,0.0,9.71
2026-06-06T07:00:00,Ratnapura,26.42,84.95,0.0,12.54
2026-06-06T08:00:00,Ratnapura,24.24,78.64,0.0,14.26
2026-06-06T09:00:00,Ratnapura,23.69,77.31,0.57,18.11
2026-06-06T10:00:00,Ratnapura,24.38,89.03,4.93,23.02
2026-06-06T11:00:00,Ratnapura,24.61,75.75,0.0,12.64
2026-06-06T12:00:00,Ratnapura,23.93,68.25,0.0,12.9
2026-06-06T13:00:00,Ratnapura,29.61,65,0.72,11.96
2026-06-06T14:00:00,Ratnapura,28.08,65.81,0.0,10.9
2026-06-06T15:00:00,Ratnapura,31.58,72.88,0.0,11.47
2026-06-06T16:00:00,Ratnapura,28.46,72.51,0.65,12.24
2026-06-06T17:00:00,Ratnapura,31.21,80.0,1.98,13.44
2026-06-06T18:00:00,Ratnapura,29.52,75.75,0.0,14.44
2026-06-06T19:00:00,Ratnapura,32.69,74.15,0.0,15.6
2026-06-06T20:00:00,Ratnapura,30.92,76.41,0.0,12.39
2026-06-06T21:00:00,Ratnapura,30.27,83.93,0.0,8.85
2026-06-06T22:00:00,Ratnapura,29.59,77.53,0.0,10.79
2026-06-06T23:00:00,Ratnapura,28.91,77.71,0.0,15.32
2026-06-07T00:00:00,Nuwara Eliya,16.28,79.91,0.0,15.16
2026-06-07T01:00:00,Nuwara Eliya,18.97,83.45,0.53,12.29
2026-06-07T02:00:00,Nuwara Eliya,17.96,89.0,2.34,17.5
2026-06-07T03:00:00,Nuwara Eliya,15.32,95,10.05,17.31
2026-06-07T04:00:00,Nuwara Eliya,16.35,89.98,1.63,18.62
2026-06-07T05:00:00,Nuwara Eliya,17.41,84.0,4.55,16.94
2026-06-07T06:00:00,Nuwara Eliya,13.45,95,12.32,21.44
2026-06-07T07:00:00,Nuwara Eliya,14.3,82.86,0.82,13.14
2026-06-07T08:00:00,Nuwara Eliya,13.24,90.07,0.0,13.88
2026-06-07T09:00:00,Nuwara Eliya,10,90.62,2.84,9.01
2026-06-07T10:00:00,Nuwara Eliya,13.74,95,2.82,19.58
2026-06-07T11:00:00,Nuwara Eliya,14.24,86.1,1.31,13.54
2026-06-07T12:00:00,Nuwara Eliya,13.6,70.98,0.0,12.14
2026-06-07T13:00:00,Nuwara Eliya,16.35,73.38,0.0,10.74
2026-06-07T14:00:00,Nuwara Eliya,16.68,80.3,0.0,13.03
2026-06-07T15:00:00,Nuwara Eliya,14.02,73.23,0.0,9.81
2026-06-07T16:00:00,Nuwara Eliya,16.65,67.4,0.0,7.41
2026-06-07T17:00:00,Nuwara Eliya,17.98,90.63,4.42,18.48
2026-06-07T18:00:00,Nuwara Eliya,17.8,78.32,0.0,16.21
2026-06-07T19:00:00,Nuwara Eliya,13.79,90.39,3.05,17.26
2026-06-07T20:00:00,Nuwara Eliya,18.54,82.59,0.0,8.41
2026-06-07T21:00:00,Nuwara Eliya,17.44,74.82,0.35,10.64
2026-06-07T22:00:00,Nuwara Eliya,20.51,76.25,1.39,20.28
2026-06-07T23:00:00,Nuwara Eliya,18.55,85.04,0.44,11.35
2026-06-07T00:00:00,Kandy,25.4,62.9,0.0,12.98
2026-06-07T01:00:00,Kandy,25.3,78.53,2.56,13.7
2026-06-07T02:00:00,Kandy,22.28,75.93,0.0,11.2
2026-06-07T03:00:00,Kandy,22.53,78.8,0.0,15.81
2026-06-07T04:00:00,Kandy,22.48,80.39,0.64,12.72
2026-06-07T05:00:00,Kandy,24.0,82.5,0.0,15.18
2026-06-07T06:00:00,Kandy,20.95,82.17,2.36,13.38
2026-06-07T07:00:00,Kandy,21.8,81.66,1.65,8.12
2026-06-07T08:00:00,Kandy,21.79,79.65,0.0,19.0
2026-06-07T09:00:00,Kandy,23.94,73.96,0.0,13.64
2026-06-07T10:00:00,Kandy,22.18,72.12,0.0,16.48
2026-06-07T11:00:00,Kandy,23.44,72.76,0.37,16.14
2026-06-07T12:00:00,Kandy,23.82,65.8,0.0,13.64
2026-06-07T13:00:00,Kandy,19.24,63.56,0.0,9.97
2026-06-07T14:00:00,Kandy,24.22,61.2,0.0,15.28
2026-06-07T15:00:00,Kandy,23.76,64.97,0.0,13.55
2026-06-07T16:00:00,Kandy,26.43,60.38,0.0,10.75
2026-06-07T17:00:00,Kandy,24.23,68.82,1.38,19.43
2026-06-07T18:00:00,Kandy,22.69,77.82,2.9,15.83
2026-06-07T19:00:00,Kandy,26.55,74.64,0.0,21.1
2026-06-07T20:00:00,Kandy,24.46,69.12,0.0,11.39
2026-06-07T21:00:00,Kandy,26.57,75.66,0.0,15.45
2026-06-07T22:00:00,Kandy,25.8,66.12,0.0,17.53
2026-06-07T23:00:00,Kandy,25.72,68.52,0.0,11.17
2026-06-07T00:00:00,Ratnapura,28.9,75.89,0.0,7.93
2026-06-07T01:00:00,Ratnapura,26.94,72.25,0.0,12.89
2026-06-07T02:00:00,Ratnapura,27.38,71.45,0.69,11.16
2026-06-07T03:00:00,Ratnapura,27.83,71.01,0.17,3.82
2026-06-07T04:00:00,Ratnapura,24.27,93.28,3.89,17.94
2026-06-07T05:00:00,Ratnapura,25.91,84.62,0.0,19.42
2026-06-07T06:00:00,Ratnapura,23.85,84.48,4.71,13.32
2026-06-07T07:00:00,Ratnapura,27.18,79.27,0.0,13.88
2026-06-07T08:00:00,Ratnapura,23.42,93.54,3.25,17.51
2026-06-07T09:00:00,Ratnapura,24.47,82.14,3.02,13.05
2026-06-07T10:00:00,Ratnapura,24.07,74.26,0.0,12.42
2026-06-07T11:00:00,Ratnapura,27.33,65.1,0.0,10.59
2026-06-07T12:00:00,Ratnapura,25.12,70.09,0.0,15.0
2026-06-07T13:00:00,Ratnapura,30.88,65.85,0.0,10.54
2026-06-07T14:00:00,Ratnapura,29.42,66.78,1.02,12.48
2026-06-07T15:00:00,Ratnapura,27.98,65,0.0,6.93
2026-06-07T16:00:00,Ratnapura,31.06,69.28,0.0,10.9
2026-06-07T17:00:00,Ratnapura,26.25,79.16,0.0,10.47
2026-06-07T18:00:00,Ratnapura,29.71,70.97,0.0,13.64
2026-06-07T19:00:00,Ratnapura,27.63,78.46,2.7,14.64
2026-06-07T20:00:00,Ratnapura,31.17,69.87,0.0,12.91
2026-06-07T21:00:00,Ratnapura,27.02,78.65,0.0,8.86
2026-06-07T22:00:00,Ratnapura,30.45,70.9,0.0,13.02
2026-06-07T23:00:00,Ratnapura,30.08,76.54,0.0,14.09
2026-06-08T00:00:00,Nuwara Eliya,20.28,81.0,0.49,8.4
2026-06-08T01:00:00,Nuwara Eliya,15.12,89.2,2.72,18.64
2026-06-08T02:00:00,Nuwara Eliya,13.95,83.77,0.0,12.79
2026-06-08T03:00:00,Nuwara Eliya,13.57,91.14,0.5,14.86
2026-06-08T04:00:00,Nuwara Eliya,10,95,3.34,13.36
2026-06-08T05:00:00,Nuwara Eliya,10.81,95,1.59,17.7
2026-06-08T06:00:00,Nuwara Eliya,12.23,94.2,1.34,15.71
2026-06-08T07:00:00,Nuwara Eliya,13.2,88.17,0.0,12.33
2026-06-08T08:00:00,Nuwara Eliya,10.86,93.62,0.75,21.59
2026-06-08T09:00:00,Nuwara Eliya,10.1,95,3.64,17.07
2026-06-08T10:00:00,Nuwara Eliya,13.91,94.5,3.76,23.66
2026-06-08T11:00:00,Nuwara Eliya,15.63,95,4.12,21.38
2026-06-08T12:00:00,Nuwara Eliya,16.89,70.26,0.0,15.23
2026-06-08T13:00:00,Nuwara Eliya,18.76,73.83,0.0,14.44
2026-06-08T14:00:00,Nuwara Eliya,15.05,80.22,0.0,4.51
2026-06-08T15:00:00,Nuwara Eliya,17.66,73.62,0.0,14.41
2026-06-08T16:00:00,Nuwara Eliya,17.62,68.39,0.0,13.02
2026-06-08T17:00:00,Nuwara Eliya,17.81,85.38,0.4,13.15
2026-06-08T18:00:00,Nuwara Eliya,18.03,86.77,1.64,13.41
2026-06-08T19:00:00,Nuwara Eliya,15.71,88.86,0.0,10.61
2026-06-08T20:00:00,Nuwara Eliya,16.43,91.8,0.0,18.02
2026-06-08T21:00:00,Nuwara Eliya,15.38,88.01,0.0,13.35
2026-06-08T22:00:00,Nuwara Eliya,18.46,85.06,0.78,13.17
2026-06-08T23:00:00,Nuwara Eliya,18.01,82.68,0.0,9.93
2026-06-08T00:00:00,Kandy,25.89,68.83,0.0,14.89
2026-06-08T01:00:00,Kandy,24.27,81.68,3.31,10.42
2026-06-08T02:00:00,Kandy,25.48,77.06,0.0,16.93
2026-06-08T03:00:00,Kandy,24.49,63.45,0.0,16.67
2026-06-08T04:00:00,Kandy,20.97,81.62,0.0,8.95
2026-06-08T05:00:00,Kandy,19.44,82.59,0.0,8.35
2026-06-08T06:00:00,Kandy,20.47,77.46,1.54,11.16
2026-06-08T07:00:00,Kandy,22.01,77.35,0.0,15.13
2026-06-08T08:00:00,Kandy,21.92,81.36,0.0,8.96
2026-06-08T09:00:00,Kandy,22.42,69.74,0.0,13.13
2026-06-08T10:00:00,Kandy,20.78,76.3,0.0,10.22
2026-06-08T11:00:00,Kandy,21.96,86.12,3.14,14.22
2026-06-08T12:00:00,Kandy,22.58,61.15,0.0,8.65
2026-06-08T13:00:00,Kandy,26.89,66.69,1.81,11.97
2026-06-08T14:00:00,Kandy,21.6,68.59,0.69,11.88
2026-06-08T15:00:00,Kandy,23.2,58.31,0.0,12.58
2026-06-08T16:00:00,Kandy,26.53,67.98,2.97,6.47
2026-06-08T17:00:00,Kandy,23.64,60.12,0.0,7.65
2026-06-08T18:00:00,Kandy,24.46,73.63,0.79,16.38
2026-06-08T19:00:00,Kandy,25.11,65.36,0.0,17.23
2026-06-08T20:00:00,Kandy,25.12,68.55,0.59,9.08
2026-06-08T21:00:00,Kandy,24.6,69.85,0.0,13.8
2026-06-08T22:00:00,Kandy,26.76,84.82,3.58,10.77
2026-06-08T23:00:00,Kandy,27.34,70.66,0.0,11.45
2026-06-08T00:00:00,Ratnapura,28.26,67.76,0.0,15.76
2026-06-08T01:00:00,Ratnapura,26.32,67.31,0.0,9.4
2026-06-08T02:00:00,Ratnapura,28.77,72.41,0.0,11.2
2026-06-08T03:00:00,Ratnapura,27.67,88.7,4.93,8.58
2026-06-08T04:00:00,Ratnapura,27.96,76.09,0.0,8.55
2026-06-08T05:00:00,Ratnapura,25.73,77.85,0.0,24.79
2026-06-08T06:00:00,Ratnapura,25.5,79.27,0.0,11.54
2026-06-08T07:00:00,Ratnapura,26.17,82.44,0.09,14.63
2026-06-08T08:00:00,Ratnapura,22,89.63,0.0,18.46
2026-06-08T09:00:00,Ratnapura,24.52,82.53,0.0,8.38
2026-06-08T10:00:00,Ratnapura,26.03,77.8,0.0,13.21
2026-06-08T11:00:00,Ratnapura,24.28,73.63,0.0,12.01
2026-06-08T12:00:00,Ratnapura,28.91,66.09,0.0,11.2
2026-06-08T13:00:00,Ratnapura,27.57,74.51,0.0,12.23
2026-06-08T14:00:00,Ratnapura,27.15,76.14,0.0,9.9
2026-06-08T15:00:00,Ratnapura,29.24,65,0.0,8.14
2026-06-08T16:00:00,Ratnapura,32.08,74.48,8.4,5.8
2026-06-08T17:00:00,Ratnapura,28.65,79.69,0.0,11.62
2026-06-08T18:00:00,Ratnapura,30.75,72.4,0.0,13.02
2026-06-08T19:00:00,Ratnapura,35.35,67.3,0.0,13.39
2026-06-08T20:00:00,Ratnapura,34.91,82.47,4.59,16.98
2026-06-08T21:00:00,Ratnapura,30.17,76.84,0.0,15.04
2026-06-08T22:00:00,Ratnapura,27.3,85.32,2.77,14.13
2026-06-08T23:00:00,Ratnapura,31.3,75.98,0.0,10.6
2026-06-09T00:00:00,Nuwara Eliya,15.06,84.62,0.0,9.41
2026-06-09T01:00:00,Nuwara Eliya,14.35,82.1,0.88,12.32
2026-06-09T02:00:00,Nuwara Eliya,15.05,83.46,2.09,12.35
2026-06-09T03:00:00,Nuwara Eliya,10.7,93.16,0.56,20.26
2026-06-09T04:00:00,Nuwara Eliya,15.32,89.62,0.1,16.3
2026-06-09T05:00:00,Nuwara Eliya,15.02,93.36,3.78,17.44
2026-06-09T06:00:00,Nuwara Eliya,12.88,89.81,0.42,13.35
2026-06-09T07:00:00,Nuwara Eliya,13.43,95,7.33,21.7
2026-06-09T08:00:00,Nuwara Eliya,10,95,1.08,14.69
2026-06-09T09:00:00,Nuwara Eliya,13.09,91.92,3.24,15.49
2026-06-09T10:00:00,Nuwara Eliya,12.69,79.17,0.4,14.07
2026-06-09T11:00:00,Nuwara Eliya,16.91,75.54,0.0,13.79
2026-06-09T12:00:00,Nuwara Eliya,15.87,73.43,0.0,10.03
2026-06-09T13:00:00,Nuwara Eliya,14.39,87.15,0.25,15.11
2026-06-09T14:00:00,Nuwara Eliya,16.37,71.98,0.0,9.81
2026-06-09T15:00:00,Nuwara Eliya,13.79,73.65,0.75,13.24
2026-06-09T16:00:00,Nuwara Eliya,18.19,82.55,2.55,11.61
2026-06-09T17:00:00,Nuwara Eliya,19.31,83.34,1.77,12.21
2026-06-09T18:00:00,Nuwara Eliya,20.92,85.57,0.0,14.38
2026-06-09T19:00:00,Nuwara Eliya,18.18,78.88,0.0,17.86
2026-06-09T20:00:00,Nuwara Eliya,15.84,78.74,0.0,9.4
2026-06-09T21:00:00,Nuwara Eliya,15.24,84.13,1.15,13.89
2026-06-09T22:00:00,Nuwara Eliya,19.72,85.11,1.43,13.16
2026-06-09T23:00:00,Nuwara Eliya,17.49,79.89,0.45,16.65
2026-06-09T00:00:00,Kandy,25.03,75.55,1.38,11.1
2026-06-09T01:00:00,Kandy,24.75,77.13,0.0,13.72
2026-06-09T02:00:00,Kandy,21.49,74.78,0.0,9.37
2026-06-09T03:00:00,Kandy,21.2,71.59,0.0,12.44
2026-06-09T04:00:00,Kandy,22.65,82.5,0.81,12.77
2026-06-09T05:00:00,Kandy,21.46,83.35,3.19,16.05
2026-06-09T06:00:00,Kandy,22.92,72.44,0.1,15.05
2026-06-09T07:00:00,Kandy,21.72,78.7,0.62,17.02
2026-06-09T08:00:00,Kandy,21.73,75.81,1.76,14.7
2026-06-09T09:00:00,Kandy,19.45,66.64,0.0,12.72
2026-06-09T10:00:00,Kandy,21.65,74.23,0.0,7.66
2026-06-09T11:00:00,Kandy,21.56,81.39,1.49,8.34
2026-06-09T12:00:00,Kandy,22.72,57.93,0.0,10.67
2026-06-09T13:00:00,Kandy,24.72,67.86,0.0,17.45
2026-06-09T14:00:00,Kandy,21.08,65.95,0.0,17.89
2026-06-09T15:00:00,Kandy,22.33,66.25,0.7,7.96
2026-06-09T16:00:00,Kandy,23.62,61.17,0.0,14.2
2026-06-09T17:00:00,Kandy,25.36,61.75,0.0,16.3
2026-06-09T18:00:00,Kandy,25.6,76.83,0.24,16.07
2026-06-09T19:00:00,Kandy,26.11,81.48,6.02,9.64
2026-06-09T20:00:00,Kandy,25.57,70.27,0.0,14.02
2026-06-09T21:00:00,Kandy,23.18,67.73,0.0,10.99
2026-06-09T22:00:00,Kandy,22.61,69.31,0.0,14.99
2026-06-09T23:00:00,Kandy,24.91,77.38,1.13,12.78
2026-06-09T00:00:00,Ratnapura,28.22,76.41,0.0,7.76
2026-06-09T01:00:00,Ratnapura,27.42,73.48,0.0,12.41
2026-06-09T02:00:00,Ratnapura,27.83,81.41,3.1,8.27
2026-06-09T03:00:00,Ratnapura,28.86,71.7,1.93,10.18
2026-06-09T04:00:00,Ratnapura,26.75,79.72,0.0,10.86
2026-06-09T05:00:00,Ratnapura,26.37,83.59,0.0,11.12
2026-06-09T06:00:00,Ratnapura,23.44,84.04,0.2,12.88
2026-06-09T07:00:00,Ratnapura,24.13,98,16.29,10.57
2026-06-09T08:00:00,Ratnapura,22,80.74,0.0,12.29
2026-06-09T09:00:00,Ratnapura,24.14,76.98,0.0,10.05
2026-06-09T10:00:00,Ratnapura,24.86,75.23,0.0,18.45
2026-06-09T11:00:00,Ratnapura,26.72,82.97,2.98,8.62
2026-06-09T12:00:00,Ratnapura,30.37,65,0.0,12.22
2026-06-09T13:00:00,Ratnapura,24.6,68.45,0.0,14.19
2026-06-09T14:00:00,Ratnapura,25.9,74.09,0.0,13.94
2026-06-09T15:00:00,Ratnapura,32.45,65,0.33,10.42
2026-06-09T16:00:00,Ratnapura,28.38,65,0.57,11.61
2026-06-09T17:00:00,Ratnapura,31.92,68.77,0.0,9.1
2026-06-09T18:00:00,Ratnapura,32.49,65,0.4,18.63
2026-06-09T19:00:00,Ratnapura,30.14,76.84,0.0,15.76
2026-06-09T20:00:00,Ratnapura,35.04,71.16,0.0,18.62
2026-06-09T21:00:00,Ratnapura,29.88,76.55,0.0,10.24
2026-06-09T22:00:00,Ratnapura,28.28,75.86,0.0,8.58
2026-06-09T23:00:00,Ratnapura,29.61,69.47,0.0,9.99
2026-06-10T00:00:00,Nuwara Eliya,14.92,79.4,0.0,19.32
2026-06-10T01:00:00,Nuwara Eliya,15.23,74.79,1.06,11.21
2026-06-10T02:00:00,Nuwara Eliya,18.02,84.36,0.0,9.62
2026-06-10T03:00:00,Nuwara Eliya,11.52,83.48,0.0,10.27
2026-06-10T04:00:00,Nuwara Eliya,12.78,95,3.01,19.17
2026-06-10T05:00:00,Nuwara Eliya,14.22,95,0.0,23.07
2026-06-10T06:00:00,Nuwara Eliya,13.07,89.8,0.98,9.17
2026-06-10T07:00:00,Nuwara Eliya,10,95,1.8,17.55
2026-06-10T08:00:00,Nuwara Eliya,14.62,95,6.87,20.59
2026-06-10T09:00:00,Nuwara Eliya,13.29,84.99,0.54,14.0
2026-06-10T10:00:00,Nuwara Eliya,12.19,91.1,3.34,16.27
2026-06-10T11:00:00,Nuwara Eliya,15.23,82.91,1.12,14.86
2026-06-10T12:00:00,Nuwara Eliya,14.48,77.88,2.93,12.18
2026-06-10T13:00:00,Nuwara Eliya,14.75,72.07,0.13,13.01
2026-06-10T14:00:00,Nuwara Eliya,13.46,84.72,4.56,20.96
2026-06-10T15:00:00,Nuwara Eliya,15.59,75.88,0.0,11.05
2026-06-10T16:00:00,Nuwara Eliya,16.3,77.58,0.0,21.58
2026-06-10T17:00:00,Nuwara Eliya,13.56,81.34,2.7,13.95
2026-06-10T18:00:00,Nuwara Eliya,18.01,85.0,3.71,21.82
2026-06-10T19:00:00,Nuwara Eliya,23.05,82.07,1.91,10.1
2026-06-10T20:00:00,Nuwara Eliya,16.82,92.44,2.5,18.81
2026-06-10T21:00:00,Nuwara Eliya,16.84,84.95,0.28,16.44
2026-06-10T22:00:00,Nuwara Eliya,17.71,83.81,0.0,12.14
2026-06-10T23:00:00,Nuwara Eliya,16.86,84.1,2.93,13.76
2026-06-10T00:00:00,Kandy,26.02,68.2,0.0,8.97
2026-06-10T01:00:00,Kandy,22.59,78.34,0.97,12.38
2026-06-10T02:00:00,Kandy,19.37,74.49,0.0,10.07
2026-06-10T03:00:00,Kandy,23.05,74.2,0.05,10.0
2026-06-10T04:00:00,Kandy,20.92,80.63,0.0,10.06
2026-06-10T05:00:00,Kandy,22.81,81.8,0.0,12.6
2026-06-10T06:00:00,Kandy,22.92,75.57,0.03,20.83
2026-06-10T07:00:00,Kandy,20.14,77.4,0.0,19.51
2026-06-10T08:00:00,Kandy,20.83,85.09,0.49,12.31
2026-06-10T09:00:00,Kandy,21.02,66.37,0.0,15.98
2026-06-10T10:00:00,Kandy,18.8,71.79,0.0,9.46
2026-06-10T11:00:00,Kandy,20.24,76.67,0.21,15.82
2026-06-10T12:00:00,Kandy,20.5,66.73,0.0,9.96
2026-06-10T13:00:00,Kandy,19.66,63.88,0.0,11.43
2026-06-10T14:00:00,Kandy,20.96,59.77,0.0,6.0
2026-06-10T15:00:00,Kandy,28.1,63.32,0.0,11.05
2026-06-10T16:00:00,Kandy,23.25,64.47,0.0,5.85
2026-06-10T17:00:00,Kandy,24.95,69.25,0.0,13.07
2026-06-10T18:00:00,Kandy,25.36,75.77,0.0,16.17
2026-06-10T19:00:00,Kandy,27.4,70.31,0.43,13.08
2026-06-10T20:00:00,Kandy,24.77,71.7,0.0,10.53
2026-06-10T21:00:00,Kandy,24.05,70.97,0.17,16.13
2026-06-10T22:00:00,Kandy,26.78,74.66,0.0,9.48
2026-06-10T23:00:00,Kandy,22.21,70.34,0.0,11.49
2026-06-10T00:00:00,Ratnapura,29.98,74.46,0.0,11.31
2026-06-10T01:00:00,Ratnapura,31.9,72.76,0.86,11.9
2026-06-10T02:00:00,Ratnapura,26.87,74.78,0.0,12.24
2026-06-10T03:00:00,Ratnapura,27.24,75.49,0.0,11.18
2026-06-10T04:00:00,Ratnapura,23.84,81.86,0.0,11.41
2026-06-10T05:00:00,Ratnapura,29.11,82.87,0.95,12.48
2026-06-10T06:00:00,Ratnapura,24.78,85.59,0.0,18.54
2026-06-10T07:00:00,Ratnapura,24.1,87.71,3.1,15.52
2026-06-10T08:00:00,Ratnapura,25.21,92.66,1.37,16.38
2026-06-10T09:00:00,Ratnapura,23.54,80.83,0.0,14.55
2026-06-10T10:00:00,Ratnapura,24.34,81.77,2.12,11.49
2026-06-10T11:00:00,Ratnapura,22.08,77.61,0.0,15.05
2026-06-10T12:00:00,Ratnapura,27.84,65.1,0.0,14.22
2026-06-10T13:00:00,Ratnapura,25.3,67.79,0.0,16.94
2026-06-10T14:00:00,Ratnapura,30.69,68.35,0.0,13.47
2026-06-10T15:00:00,Ratnapura,28.92,67.97,0.01,12.34
2026-06-10T16:00:00,Ratnapura,28.45,71.27,0.0,10.45
2026-06-10T17:00:00,Ratnapura,30.04,87.55,11.02,13.18
2026-06-10T18:00:00,Ratnapura,31.57,74.16,0.0,16.38
2026-06-10T19:00:00,Ratnapura,30.96,77.71,0.53,18.68
2026-06-10T20:00:00,Ratnapura,30.65,73.44,0.0,12.81
2026-06-10T21:00:00,Ratnapura,33.32,71.29,2.72,15.8
2026-06-10T22:00:00,Ratnapura,34.19,73.72,0.66,9.38
2026-06-10T23:00:00,Ratnapura,35.25,75.44,0.0,9.78
2026-06-11T00:00:00,Nuwara Eliya,18.02,80.91,0.0,9.45
2026-06-11T01:00:00,Nuwara Eliya,14.88,95,13.2,20.33
2026-06-11T02:00:00,Nuwara Eliya,14.53,88.9,3.27,16.58
2026-06-11T03:00:00,Nuwara Eliya,15.87,90.07,0.0,14.85
2026-06-11T04:00:00,Nuwara Eliya,14.21,95,3.81,20.26
2026-06-11T05:00:00,Nuwara Eliya,13.4,89.34,1.45,15.33
2026-06-11T06:00:00,Nuwara Eliya,10.74,95,2.39,19.55
2026-06-11T07:00:00,Nuwara Eliya,14.93,92.72,0.87,23.38
2026-06-11T08:00:00,Nuwara Eliya,11.14,83.25,0.0,7.49
2026-06-11T09:00:00,Nuwara Eliya,10.82,83.06,0.31,11.3
2026-06-11T10:00:00,Nuwara Eliya,10.97,81.81,0.0,11.2
2026-06-11T11:00:00,Nuwara Eliya,10.34,90.96,1.69,15.95
2026-06-11T12:00:00,Nuwara Eliya,12.85,79.35,3.88,13.72
2026-06-11T13:00:00,Nuwara Eliya,15.75,77.92,0.16,14.66
2026-06-11T14:00:00,Nuwara Eliya,16.09,80.53,3.55,9.47
2026-06-11T15:00:00,Nuwara Eliya,14.34,76.23,0.0,8.38
2026-06-11T16:00:00,Nuwara Eliya,17.22,81.92,3.63,9.42
2026-06-11T17:00:00,Nuwara Eliya,15.44,79.98,2.24,14.43
2026-06-11T18:00:00,Nuwara Eliya,19.29,80.21,2.9,12.26
2026-06-11T19:00:00,Nuwara Eliya,19.15,72.4,0.0,14.35
2026-06-11T20:00:00,Nuwara Eliya,18.0,79.32,0.0,12.6
2026-06-11T21:00:00,Nuwara Eliya,15.97,92.08,1.81,22.16
2026-06-11T22:00:00,Nuwara Eliya,21.74,74.98,0.0,17.69
2026-06-11T23:00:00,Nuwara Eliya,16.82,77.69,0.0,13.45
2026-06-11T00:00:00,Kandy,27.67,73.08,0.0,17.39
2026-06-11T01:00:00,Kandy,22.26,65.53,0.0,6.95
2026-06-11T02:00:00,Kandy,24.34,67.6,0.0,12.22
2026-06-11T03:00:00,Kandy,24.39,71.48,0.0,13.01
2026-06-11T04:00:00,Kandy,23.81,77.49,1.75,15.42
2026-06-11T05:00:00,Kandy,25.96,74.81,0.4,14.67
2026-06-11T06:00:00,Kandy,23.18,80.98,2.95,13.34
2026-06-11T07:00:00,Kandy,22.59,85.45,0.11,12.5
2026-06-11T08:00:00,Kandy,21.53,76.72,1.86,15.94
2026-06-11T09:00:00,Kandy,23.15,69.8,0.0,8.63
2026-06-11T10:00:00,Kandy,22.03,75.23,0.76,10.15
2026-06-11T11:00:00,Kandy,24.78,63.97,0.0,11.64
2026-06-11T12:00:00,Kandy,20.83,64.0,0.0,8.17
2026-06-11T13:00:00,Kandy,21.57,66.72,0.0,14.62
2026-06-11T14:00:00,Kandy,25.63,64.25,0.0,13.4
2026-06-11T15:00:00,Kandy,21.8,65.68,0.0,19.03
2026-06-11T16:00:00,Kandy,23.78,68.96,3.72,7.04
2026-06-11T17:00:00,Kandy,25.17,57.08,0.0,10.53
2026-06-11T18:00:00,Kandy,25.91,66.86,0.0,16.93
2026-06-11T19:00:00,Kandy,25.28,74.9,0.0,17.26
2026-06-11T20:00:00,Kandy,25.4,71.76,0.0,12.39
2026-06-11T21:00:00,Kandy,26.3,65.46,0.0,14.36
2026-06-11T22:00:00,Kandy,24.33,70.61,0.0,20.95
2026-06-11T23:00:00,Kandy,27.06,68.32,0.0,10.07
2026-06-11T00:00:00,Ratnapura,30.85,71.68,0.0,12.79
2026-06-11T01:00:00,Ratnapura,29.03,76.72,1.06,12.74
2026-06-11T02:00:00,Ratnapura,27.37,79.48,0.0,7.54
2026-06-11T03:00:00,Ratnapura,25.22,74.77,0.0,16.79
2026-06-11T04:00:00,Ratnapura,26.68,83.24,0.0,3.54
2026-06-11T05:00:00,Ratnapura,24.84,91.73,2.19,16.77
2026-06-11T06:00:00,Ratnapura,26.46,98,8.56,9.9
2026-06-11T07:00:00,Ratnapura,25.7,81.57,0.46,17.37
2026-06-11T08:00:00,Ratnapura,25.51,98,11.18,20.95
2026-06-11T09:00:00,Ratnapura,24.34,76.55,0.91,16.89
2026-06-11T10:00:00,Ratnapura,28.76,73.58,0.0,12.52
2026-06-11T11:00:00,Ratnapura,26.21,78.48,0.0,11.57
2026-06-11T12:00:00,Ratnapura,22,77.79,0.0,22.67
2026-06-11T13:00:00,Ratnapura,22.65,67.79,0.0,3.47
2026-06-11T14:00:00,Ratnapura,27.38,71.31,0.0,9.18
2026-06-11T15:00:00,Ratnapura,30.14,65,0.0,8.68
2026-06-11T16:00:00,Ratnapura,27.39,75.85,2.13,11.07
2026-06-11T17:00:00,Ratnapura,26.95,75.53,0.0,6.44
2026-06-11T18:00:00,Ratnapura,30.08,72.87,0.0,13.63
2026-06-11T19:00:00,Ratnapura,31.05,65,0.0,7.28
2026-06-11T20:00:00,Ratnapura,30.88,68.7,0.0,6.66
2026-06-11T21:00:00,Ratnapura,25.43,77.05,0.0,16.27
2026-06-11T22:00:00,Ratnapura,31.62,80.95,1.86,7.95
2026-06-11T23:00:00,Ratnapura,30.15,70.43,0.0,9.77
2026-06-12T00:00:00,Nuwara Eliya,16.06,95,7.14,19.53
2026-06-12T01:00:00,Nuwara Eliya,15.54,76.26,0.2,10.6
2026-06-12T02:00:00,Nuwara Eliya,16.84,84.14,2.71,17.56
2026-06-12T03:00:00,Nuwara Eliya,14.76,79.77,1.18,15.81
2026-06-12T04:00:00,Nuwara Eliya,13.52,95,12.58,19.67
2026-06-12T05:00:00,Nuwara Eliya,11.17,95,5.0,12.73
2026-06-12T06:00:00,Nuwara Eliya,14.85,89.22,0.0,8.81
2026-06-12T07:00:00,Nuwara Eliya,11.65,89.08,1.04,14.48
2026-06-12T08:00:00,Nuwara Eliya,10.57,90.89,0.51,14.68
2026-06-12T09:00:00,Nuwara Eliya,12.72,84.36,4.52,13.08
2026-06-12T10:00:00,Nuwara Eliya,17.84,79.78,1.41,11.46
2026-06-12T11:00:00,Nuwara Eliya,12.91,80.4,0.0,12.54
2026-06-12T12:00:00,Nuwara Eliya,14.74,85.24,5.13,9.84
2026-06-12T13:00:00,Nuwara Eliya,11.68,72.93,0.0,5.39
2026-06-12T14:00:00,Nuwara Eliya,15.37,78.26,3.52,11.47
2026-06-12T15:00:00,Nuwara Eliya,15.34,76.6,1.28,11.56
2026-06-12T16:00:00,Nuwara Eliya,13.06,84.0,0.0,12.32
2026-06-12T17:00:00,Nuwara Eliya,14.87,90.33,1.85,13.87
2026-06-12T18:00:00,Nuwara Eliya,18.88,79.43,0.0,17.54
2026-06-12T19:00:00,Nuwara Eliya,21.27,72.17,0.77,17.44
2026-06-12T20:00:00,Nuwara Eliya,18.38,80.51,0.0,8.58
2026-06-12T21:00:00,Nuwara Eliya,20.47,75.47,0.0,16.13
2026-06-12T22:00:00,Nuwara Eliya,21.77,75.87,0.15,11.91
2026-06-12T23:00:00,Nuwara Eliya,15.79,83.19,0.99,10.86
2026-06-12T00:00:00,Kandy,26.22,74.23,2.53,11.5
2026-06-12T01:00:00,Kandy,25.01,71.85,3.49,16.71
2026-06-12T02:00:00,Kandy,20.14,72.21,0.52,15.3
2026-06-12T03:00:00,Kandy,20.93,77.36,1.68,15.84
2026-06-12T04:00:00,Kandy,21.8,90,6.59,19.94
2026-06-12T05:00:00,Kandy,24.02,77.05,0.0,7.36
2026-06-12T06:00:00,Kandy,19.13,90,0.69,9.37
2026-06-12T07:00:00,Kandy,22.62,76.51,0.0,14.93
2026-06-12T08:00:00,Kandy,19.49,79.8,0.92,11.06
2026-06-12T09:00:00,Kandy,21.52,74.59,0.0,13.05
2026-06-12T10:00:00,Kandy,19.77,69.47,0.0,7.83
2026-06-12T11:00:00,Kandy,19.26,90,6.42,15.2
2026-06-12T12:00:00,Kandy,23.68,66.61,2.47,14.5
2026-06-12T13:00:00,Kandy,20.79,69.65,0.0,13.01
2026-06-12T14:00:00,Kandy,27.2,66.25,0.0,4.95
2026-06-12T15:00:00,Kandy,23.46,59.12,0.23,10.93
2026-06-12T16:00:00,Kandy,25.67,64.95,2.39,18.06
2026-06-12T17:00:00,Kandy,20.81,79.14,0.89,19.0
2026-06-12T18:00:00,Kandy,25.16,68.54,0.0,12.17
2026-06-12T19:00:00,Kandy,22.41,85.2,3.97,11.58
2026-06-12T20:00:00,Kandy,25.69,70.69,0.0,13.82
2026-06-12T21:00:00,Kandy,26.95,73.21,0.0,13.58
2026-06-12T22:00:00,Kandy,28.29,62.33,0.0,8.99
2026-06-12T23:00:00,Kandy,22.42,67.44,0.0,13.42
2026-06-12T00:00:00,Ratnapura,25.86,77.24,0.0,17.35
2026-06-12T01:00:00,Ratnapura,29.51,80.09,0.0,8.08
2026-06-12T02:00:00,Ratnapura,29.43,79.09,0.0,11.66
2026-06-12T03:00:00,Ratnapura,27.94,81.65,0.0,3.27
2026-06-12T04:00:00,Ratnapura,25.69,84.45,0.0,11.54
2026-06-12T05:00:00,Ratnapura,24.74,85.34,1.85,14.57
2026-06-12T06:00:00,Ratnapura,28.97,75.21,0.0,13.14
2026-06-12T07:00:00,Ratnapura,26.9,80.51,0.0,5.49
2026-06-12T08:00:00,Ratnapura,22.8,98,23.04,19.04
2026-06-12T09:00:00,Ratnapura,26.21,68.58,0.0,15.17
2026-06-12T10:00:00,Ratnapura,23.53,91.64,5.28,13.72
2026-06-12T11:00:00,Ratnapura,29.67,68.09,1.6,15.36
2026-06-12T12:00:00,Ratnapura,24.4,67.61,0.0,11.89
2026-06-12T13:00:00,Ratnapura,24.56,67.16,0.0,15.3
2026-06-12T14:00:00,Ratnapura,27.36,76.37,4.66,12.68
2026-06-12T15:00:00,Ratnapura,28.81,71.24,0.0,7.52
2026-06-12T16:00:00,Ratnapura,28.35,73.07,2.86,12.55
2026-06-12T17:00:00,Ratnapura,30.78,79.4,0.0,13.51
2026-06-12T18:00:00,Ratnapura,27.92,81.15,0.0,15.82
2026-06-12T19:00:00,Ratnapura,27.45,84.55,0.0,15.76
2026-06-12T20:00:00,Ratnapura,31.28,69.42,0.0,7.35
2026-06-12T21:00:00,Ratnapura,33.66,73.57,0.0,13.64
2026-06-12T22:00:00,Ratnapura,27.55,73.33,0.0,8.91
2026-06-12T23:00:00,Ratnapura,28.85,75.91,0.0,6.19
2026-06-13T00:00:00,Nuwara Eliya,16.06,80.39,0.0,12.18
2026-06-13T01:00:00,Nuwara Eliya,18.29,79.11,0.0,14.59
2026-06-13T02:00:00,Nuwara Eliya,13.16,90.51,2.87,13.65
2026-06-13T03:00:00,Nuwara Eliya,11.86,92.23,2.97,16.33
2026-06-13T04:00:00,Nuwara Eliya,16.99,95,3.52,19.65
2026-06-13T05:00:00,Nuwara Eliya,10,92.27,2.56,12.32
2026-06-13T06:00:00,Nuwara Eliya,13.16,95,11.8,17.11
2026-06-13T07:00:00,Nuwara Eliya,11.58,95,5.64,17.93
2026-06-13T08:00:00,Nuwara Eliya,12.82,95,6.67,19.36
2026-06-13T09:00:00,Nuwara Eliya,10.7,89.95,1.93,13.6
2026-06-13T10:00:00,Nuwara Eliya,11.39,93.82,5.34,13.36
2026-06-13T11:00:00,Nuwara Eliya,10.65,95,8.97,19.52
2026-06-13T12:00:00,Nuwara Eliya,14.23,76.43,0.0,15.24
2026-06-13T13:00:00,Nuwara Eliya,13.56,74.52,0.0,11.15
2026-06-13T14:00:00,Nuwara Eliya,14.84,78.47,0.0,15.26
2026-06-13T15:00:00,Nuwara Eliya,13.09,77.38,0.18,16.2
2026-06-13T16:00:00,Nuwara Eliya,16.15,86.4,2.77,14.15
2026-06-13T17:00:00,Nuwara Eliya,18.3,82.3,0.0,8.49
2026-06-13T18:00:00,Nuwara Eliya,17.09,80.09,0.0,11.18
2026-06-13T19:00:00,Nuwara Eliya,17.76,79.46,0.24,14.32
2026-06-13T20:00:00,Nuwara Eliya,17.29,84.05,0.67,11.56
2026-06-13T21:00:00,Nuwara Eliya,20.34,76.97,0.0,15.95
2026-06-13T22:00:00,Nuwara Eliya,19.21,76.65,0.0,19.56
2026-06-13T23:00:00,Nuwara Eliya,15.17,85.82,0.0,11.03
2026-06-13T00:00:00,Kandy,20.87,78.85,4.39,18.28
2026-06-13T01:00:00,Kandy,23.33,64.49,0.0,8.88
2026-06-13T02:00:00,Kandy,21.97,75.35,1.08,16.46
2026-06-13T03:00:00,Kandy,20.02,83.66,1.94,12.78
2026-06-13T04:00:00,Kandy,21.82,82.92,0.0,22.19
2026-06-13T05:00:00,Kandy,22.01,87.38,0.84,12.69
2026-06-13T06:00:00,Kandy,21.59,82.19,0.0,12.69
2026-06-13T07:00:00,Kandy,20.35,85.5,1.96,14.03
2026-06-13T08:00:00,Kandy,23.69,85.9,1.02,9.71
2026-06-13T09:00:00,Kandy,18.56,69.98,0.0,10.34
2026-06-13T10:00:00,Kandy,25.11,64.92,0.0,16.32
2026-06-13T11:00:00,Kandy,24.11,68.36,0.0,7.45
2026-06-13T12:00:00,Kandy,21.92,68.73,0.0,6.88
2026-06-13T13:00:00,Kandy,19.68,72.7,0.0,12.42
2026-06-13T14:00:00,Kandy,24.8,65.56,0.12,10.56
2026-06-13T15:00:00,Kandy,25.62,60.73,0.0,16.2
2026-06-13T16:00:00,Kandy,25.5,62.41,0.0,13.24
2026-06-13T17:00:00,Kandy,24.19,71.72,2.01,12.36
2026-06-13T18:00:00,Kandy,23.51,71.28,0.0,12.68
2026-06-13T19:00:00,Kandy,22.62,68.09,0.0,13.86
2026-06-13T20:00:00,Kandy,24.51,78.07,3.31,17.43
2026-06-13T21:00:00,Kandy,27.19,71.18,1.08,11.79
2026-06-13T22:00:00,Kandy,23.92,71.06,0.0,16.63
2026-06-13T23:00:00,Kandy,24.05,78.69,2.5,16.13
2026-06-13T00:00:00,Ratnapura,30.13,70.04,0.0,12.69
2026-06-13T01:00:00,Ratnapura,29.69,68.84,0.1,13.32
2026-06-13T02:00:00,Ratnapura,28.96,75.98,1.57,9.64
2026-06-13T03:00:00,Ratnapura,25.0,76.81,0.0,12.77
2026-06-13T04:00:00,Ratnapura,26.87,88.93,0.0,10.07
2026-06-13T05:00:00,Ratnapura,25.14,86.22,0.05,18.37
2026-06-13T06:00:00,Ratnapura,25.56,77.16,0.0,22.59
2026-06-13T07:00:00,Ratnapura,24.93,87.06,1.6,12.88
2026-06-13T08:00:00,Ratnapura,26.38,98,5.82,8.16
2026-06-13T09:00:00,Ratnapura,25.16,85.64,2.94,10.29
2026-06-13T10:00:00,Ratnapura,24.14,73.52,0.0,11.56
2026-06-13T11:00:00,Ratnapura,26.02,95.59,11.15,12.95
2026-06-13T12:00:00,Ratnapura,25.85,70.47,1.26,18.4
2026-06-13T13:00:00,Ratnapura,27.43,65,0.0,10.11
2026-06-13T14:00:00,Ratnapura,27.47,66.16,0.0,12.66
2026-06-13T15:00:00,Ratnapura,28.51,67.96,0.13,8.04
2026-06-13T16:00:00,Ratnapura,25.19,75.03,0.49,14.37
2026-06-13T17:00:00,Ratnapura,29.82,79.93,1.93,10.4
2026-06-13T18:00:00,Ratnapura,30.49,69.42,0.0,9.85
2026-06-13T19:00:00,Ratnapura,30.09,75.13,0.0,11.32
2026-06-13T20:00:00,Ratnapura,30.95,77.81,0.0,10.74
2026-06-13T21:00:00,Ratnapura,32.04,76.45,0.0,14.85
2026-06-13T22:00:00,Ratnapura,28.83,76.43,0.0,16.75
2026-06-13T23:00:00,Ratnapura,31.38,72.37,0.0,18.44
2026-06-14T00:00:00,Nuwara Eliya,19.64,82.33,0.0,10.83
2026-06-14T01:00:00,Nuwara Eliya,15.38,88.88,1.14,13.88
2026-06-14T02:00:00,Nuwara Eliya,18.18,80.9,0.0,12.07
2026-06-14T03:00:00,Nuwara Eliya,11.47,85.19,0.0,8.7
2026-06-14T04:00:00,Nuwara Eliya,12.39,94.06,0.0,21.12
2026-06-14T05:00:00,Nuwara Eliya,10.78,95,1.11,17.98
2026-06-14T06:00:00,Nuwara Eliya,13.52,90.9,0.0,12.55
2026-06-14T07:00:00,Nuwara Eliya,11.96,91.46,0.87,11.78
2026-06-14T08:00:00,Nuwara Eliya,12.79,95,0.14,22.53
2026-06-14T09:00:00,Nuwara Eliya,14.03,81.48,0.0,9.34
2026-06-14T10:00:00,Nuwara Eliya,14.0,82.17,0.9,9.93
2026-06-14T11:00:00,Nuwara Eliya,16.09,82.49,2.69,14.5
2026-06-14T12:00:00,Nuwara Eliya,13.69,77.91,0.0,11.57
2026-06-14T13:00:00,Nuwara Eliya,15.94,64.05,0.0,8.81
2026-06-14T14:00:00,Nuwara Eliya,16.11,76.18,2.88,16.7
2026-06-14T15:00:00,Nuwara Eliya,18.22,74.18,0.0,11.22
2026-06-14T16:00:00,Nuwara Eliya,16.69,74.29,0.0,11.34
2026-06-14T17:00:00,Nuwara Eliya,17.99,95,8.14,19.8
2026-06-14T18:00:00,Nuwara Eliya,19.68,82.83,2.36,8.91
2026-06-14T19:00:00,Nuwara Eliya,19.58,79.85,1.05,14.64
2026-06-14T20:00:00,Nuwara Eliya,19.85,80.53,0.0,11.74
2026-06-14T21:00:00,Nuwara Eliya,15.22,79.32,0.0,12.78
2026-06-14T22:00:00,Nuwara Eliya,21.81,76.42,0.0,14.8
2026-06-14T23:00:00,Nuwara Eliya,17.63,95,2.07,19.39
2026-06-14T00:00:00,Kandy,25.11,66.21,0.0,17.73
2026-06-14T01:00:00,Kandy,24.3,67.92,0.0,13.14
2026-06-14T02:00:00,Kandy,22.43,73.77,1.77,12.01
2026-06-14T03:00:00,Kandy,22.8,74.64,1.07,12.3
2026-06-14T04:00:00,Kandy,22.18,76.73,0.24,12.22
2026-06-14T05:00:00,Kandy,22.73,78.28,0.0,13.51
2026-06-14T06:00:00,Kandy,21.39,84.39,4.68,18.8
2026-06-14T07:00:00,Kandy,24.02,80.7,0.0,9.56
2026-06-14T08:00:00,Kandy,21.67,77.28,0.0,14.14
2026-06-14T09:00:00,Kandy,19.84,72.64,0.0,14.62
2026-06-14T10:00:00,Kandy,23.47,73.17,0.0,9.52
2026-06-14T11:00:00,Kandy,21.42,75.94,0.0,18.7
2026-06-14T12:00:00,Kandy,20.95,66.85,0.0,8.81
2026-06-14T13:00:00,Kandy,24.77,62.47,0.0,15.48
2026-06-14T14:00:00,Kandy,24.27,61.41,0.0,16.71
2026-06-14T15:00:00,Kandy,22.9,60.67,0.0,17.15
2026-06-14T16:00:00,Kandy,23.35,58.98,0.0,11.35
2026-06-14T17:00:00,Kandy,21.06,69.09,0.0,10.23
2026-06-14T18:00:00,Kandy,22.36,70.86,0.0,10.26
2026-06-14T19:00:00,Kandy,30,76.75,1.23,10.43
2026-06-14T20:00:00,Kandy,27.13,72.85,0.0,6.98
2026-06-14T21:00:00,Kandy,25.01,78.29,0.0,14.44
2026-06-14T22:00:00,Kandy,25.26,75.9,0.22,14.29
2026-06-14T23:00:00,Kandy,24.37,65.8,0.0,16.41
2026-06-14T00:00:00,Ratnapura,29.09,75.01,0.0,11.49
2026-06-14T01:00:00,Ratnapura,28.24,79.94,2.02,10.58
2026-06-14T02:00:00,Ratnapura,29.36,73.04,0.0,9.39
2026-06-14T03:00:00,Ratnapura,25.68,75.95,0.0,13.26
2026-06-14T04:00:00,Ratnapura,28.8,91.09,5.56,13.39
2026-06-14T05:00:00,Ratnapura,27.38,74.6,0.0,9.57
2026-06-14T06:00:00,Ratnapura,27.46,79.56,0.0,13.08
2026-06-14T07:00:00,Ratnapura,27.5,83.55,0.0,12.24
2026-06-14T08:00:00,Ratnapura,23.97,83.85,3.29,12.78
2026-06-14T09:00:00,Ratnapura,26.02,72.07,0.0,6.26
2026-06-14T10:00:00,Ratnapura,27.24,76.46,0.0,13.06
2026-06-14T11:00:00,Ratnapura,28.28,78.18,0.0,12.72
2026-06-14T12:00:00,Ratnapura,25.79,70.11,0.0,12.13
2026-06-14T13:00:00,Ratnapura,24.52,77.59,0.75,14.53
2026-06-14T14:00:00,Ratnapura,24.75,73.11,0.91,14.54
2026-06-14T15:00:00,Ratnapura,27.76,70.66,0.0,15.64
2026-06-14T16:00:00,Ratnapura,28.68,71.0,0.0,13.03
2026-06-14T17:00:00,Ratnapura,30.07,76.67,0.0,15.82
2026-06-14T18:00:00,Ratnapura,28.64,74.12,0.0,13.42
2026-06-14T19:00:00,Ratnapura,26.85,87.63,3.04,8.39
2026-06-14T20:00:00,Ratnapura,29.06,82.92,7.96,9.59
2026-06-14T21:00:00,Ratnapura,28.22,75.83,0.0,9.24
2026-06-14T22:00:00,Ratnapura,28.08,86.36,5.31,8.37
2026-06-14T23:00:00,Ratnapura,30.82,70.48,0.4,9.37
2026-06-15T00:00:00,Nuwara Eliya,17.37,70.62,0.0,9.7
2026-06-15T01:00:00,Nuwara Eliya,16.44,85.2,0.79,13.04
2026-06-15T02:00:00,Nuwara Eliya,15.14,84.29,0.69,10.96
2026-06-15T03:00:00,Nuwara Eliya,13.21,82.74,0.0,10.01
2026-06-15T04:00:00,Nuwara Eliya,15.85,95,6.86,22.13
2026-06-15T05:00:00,Nuwara Eliya,14.29,95,6.52,17.43
2026-06-15T06:00:00,Nuwara Eliya,11.92,95,7.29,13.29
2026-06-15T07:00:00,Nuwara Eliya,10.57,95,6.03,16.62
2026-06-15T08:00:00,Nuwara Eliya,12.2,87.98,0.27,15.77
2026-06-15T09:00:00,Nuwara Eliya,14.47,95,8.06,18.75
2026-06-15T10:00:00,Nuwara Eliya,12.39,84.99,0.0,10.1
2026-06-15T11:00:00,Nuwara Eliya,12.55,78.36,0.0,13.4
2026-06-15T12:00:00,Nuwara Eliya,12.4,72.78,0.36,12.19
2026-06-15T13:00:00,Nuwara Eliya,14.51,69.13,0.0,14.3
2026-06-15T14:00:00,Nuwara Eliya,14.13,83.21,0.12,6.63
2026-06-15T15:00:00,Nuwara Eliya,15.63,76.41,0.0,14.27
2026-06-15T16:00:00,Nuwara Eliya,15.61,78.48,0.0,11.66
2026-06-15T17:00:00,Nuwara Eliya,16.87,88.31,0.0,18.72
2026-06-15T18:00:00,Nuwara Eliya,16.27,80.61,1.5,12.69
2026-06-15T19:00:00,Nuwara Eliya,17.95,76.48,0.0,17.37
2026-06-15T20:00:00,Nuwara Eliya,18.28,78.66,0.0,13.8
2026-06-15T21:00:00,Nuwara Eliya,17.03,95,9.02,16.95
2026-06-15T22:00:00,Nuwara Eliya,17.95,87.62,1.29,19.49
2026-06-15T23:00:00,Nuwara Eliya,21.62,84.76,1.54,14.97
2026-06-15T00:00:00,Kandy,24.71,71.61,0.0,13.95
2026-06-15T01:00:00,Kandy,24.71,74.15,1.18,16.78
2026-06-15T02:00:00,Kandy,20.15,72.88,0.0,13.45
2026-06-15T03:00:00,Kandy,22.52,63.54,0.0,11.36
2026-06-15T04:00:00,Kandy,20.89,75.74,0.0,16.36
2026-06-15T05:00:00,Kandy,18.95,82.32,0.0,13.72
2026-06-15T06:00:00,Kandy,19.8,75.98,0.0,13.65
2026-06-15T07:00:00,Kandy,22.4,76.53,0.0,18.14
2026-06-15T08:00:00,Kandy,24.12,76.95,0.0,13.08
2026-06-15T09:00:00,Kandy,19.05,67.68,0.0,10.81
2026-06-15T10:00:00,Kandy,21.74,71.31,0.0,13.6
2026-06-15T11:00:00,Kandy,20.78,72.86,0.91,15.56
2026-06-15T12:00:00,Kandy,20.79,69.51,0.0,9.89
2026-06-15T13:00:00,Kandy,23.71,67.5,0.0,12.09
2026-06-15T14:00:00,Kandy,23.27,63.29,0.0,18.04
2026-06-15T15:00:00,Kandy,24.2,69.55,3.46,12.19
2026-06-15T16:00:00,Kandy,25.31,64.66,0.0,10.49
2026-06-15T17:00:00,Kandy,22.12,72.46,0.0,20.72
2026-06-15T18:00:00,Kandy,26.09,70.39,0.0,6.65
2026-06-15T19:00:00,Kandy,27.28,71.77,0.0,16.73
2026-06-15T20:00:00,Kandy,23.27,70.17,2.42,12.86
2026-06-15T21:00:00,Kandy,26.14,68.36,0.0,13.09
2026-06-15T22:00:00,Kandy,26.36,66.53,0.86,6.99
2026-06-15T23:00:00,Kandy,27.79,70.82,0.0,12.37
2026-06-15T00:00:00,Ratnapura,29.45,71.49,0.0,9.5
2026-06-15T01:00:00,Ratnapura,29.05,78.25,1.84,17.2
2026-06-15T02:00:00,Ratnapura,28.77,73.12,0.0,18.56
2026-06-15T03:00:00,Ratnapura,25.24,80.94,0.0,15.39
2026-06-15T04:00:00,Ratnapura,25.72,97.72,5.4,21.5
2026-06-15T05:00:00,Ratnapura,23.42,91.81,2.7,18.38
2026-06-15T06:00:00,Ratnapura,26.17,80.21,0.0,10.87
2026-06-15T07:00:00,Ratnapura,28.15,83.36,0.02,14.39
2026-06-15T08:00:00,Ratnapura,24.6,88.52,0.0,15.7
2026-06-15T09:00:00,Ratnapura,23.21,87.88,3.25,15.49
2026-06-15T10:00:00,Ratnapura,25.83,81.56,0.0,18.86
2026-06-15T11:00:00,Ratnapura,26.93,75.93,0.6,4.6
2026-06-15T12:00:00,Ratnapura,26.25,66.66,0.0,12.77
2026-06-15T13:00:00,Ratnapura,26.31,65.52,0.0,9.69
2026-06-15T14:00:00,Ratnapura,28.43,70.32,0.0,9.5
2026-06-15T15:00:00,Ratnapura,26.71,66.55,0.0,14.78
2026-06-15T16:00:00,Ratnapura,31.72,65,0.0,13.96
2026-06-15T17:00:00,Ratnapura,31.25,67.93,0.0,12.58
2026-06-15T18:00:00,Ratnapura,28.61,80.27,0.44,10.63
2026-06-15T19:00:00,Ratnapura,29.47,67.68,0.0,4.28
2026-06-15T20:00:00,Ratnapura,30.7,75.88,0.94,10.11
2026-06-15T21:00:00,Ratnapura,33.52,71.16,0.0,11.24
2026-06-15T22:00:00,Ratnapura,30.47,66.27,0.0,12.18
2026-06-15T23:00:00,Ratnapura,32.19,67.92,0.0,9.0
2026-06-16T00:00:00,Nuwara Eliya,18.29,85.86,0.0,10.05
2026-06-16T01:00:00,Nuwara Eliya,20.04,83.04,2.96,15.91
2026-06-16T02:00:00,Nuwara Eliya,16.68,94.44,16.21,20.5
2026-06-16T03:00:00,Nuwara Eliya,15.57,86.91,3.01,19.05
2026-06-16T04:00:00,Nuwara Eliya,17.68,84.81,0.0,18.98
2026-06-16T05:00:00,Nuwara Eliya,10,95,0.0,17.1
2026-06-16T06:00:00,Nuwara Eliya,13.71,95,4.5,23.72
2026-06-16T07:00:00,Nuwara Eliya,10.54,93.97,3.32,19.15
2026-06-16T08:00:00,Nuwara Eliya,10,95,0.0,18.06
2026-06-16T09:00:00,Nuwara Eliya,12.24,87.64,0.02,15.02
2026-06-16T10:00:00,Nuwara Eliya,12.08,88.97,0.45,12.45
2026-06-16T11:00:00,Nuwara Eliya,18.33,82.03,0.0,10.35
2026-06-16T12:00:00,Nuwara Eliya,14.21,79.42,0.0,15.39
2026-06-16T13:00:00,Nuwara Eliya,11.94,81.71,0.39,12.79
2026-06-16T14:00:00,Nuwara Eliya,18.29,80.88,0.0,6.39
2026-06-16T15:00:00,Nuwara Eliya,14.42,74.01,1.57,10.48
2026-06-16T16:00:00,Nuwara Eliya,18.74,73.08,0.0,15.4
2026-06-16T17:00:00,Nuwara Eliya,17.38,85.84,4.33,10.5
2026-06-16T18:00:00,Nuwara Eliya,18.32,80.55,0.0,11.47
2026-06-16T19:00:00,Nuwara Eliya,19.18,81.41,0.39,16.12
2026-06-16T20:00:00,Nuwara Eliya,14.6,81.25,0.0,14.35
2026-06-16T21:00:00,Nuwara Eliya,19.74,79.55,0.0,18.24
2026-06-16T22:00:00,Nuwara Eliya,22.07,84.53,3.18,15.94
2026-06-16T23:00:00,Nuwara Eliya,18.5,78.45,0.0,13.17
2026-06-16T00:00:00,Kandy,26.56,75.46,3.37,11.85
2026-06-16T01:00:00,Kandy,22.47,83.14,3.92,15.09
2026-06-16T02:00:00,Kandy,24.38,73.11,0.0,14.86
2026-06-16T03:00:00,Kandy,24.74,66.86,0.0,14.41
2026-06-16T04:00:00,Kandy,19.6,76.43,1.02,16.21
2026-06-16T05:00:00,Kandy,18.24,84.24,0.08,13.71
2026-06-16T06:00:00,Kandy,21.77,80.23,1.45,9.7
2026-06-16T07:00:00,Kandy,23.3,76.65,0.0,16.82
2026-06-16T08:00:00,Kandy,21.01,81.33,1.36,11.51
2026-06-16T09:00:00,Kandy,18,78.76,0.55,13.31
2026-06-16T10:00:00,Kandy,20.62,80.41,3.45,13.19
2026-06-16T11:00:00,Kandy,19.52,80.24,0.46,13.92
2026-06-16T12:00:00,Kandy,23.42,59.85,0.0,9.4
2026-06-16T13:00:00,Kandy,22.39,55,0.0,7.5
2026-06-16T14:00:00,Kandy,24.25,66.51,0.24,14.23
2026-06-16T15:00:00,Kandy,23.43,66.94,0.0,11.6
2026-06-16T16:00:00,Kandy,22.3,63.97,0.65,5.11
2026-06-16T17:00:00,Kandy,25.3,67.75,0.0,12.67
2026-06-16T18:00:00,Kandy,23.81,85.73,5.77,11.76
2026-06-16T19:00:00,Kandy,26.8,75.94,2.03,10.61
2026-06-16T20:00:00,Kandy,25.35,62.64,0.0,8.65
2026-06-16T21:00:00,Kandy,27.48,58.04,0.0,12.23
2026-06-16T22:00:00,Kandy,23.53,73.81,0.0,12.21
2026-06-16T23:00:00,Kandy,19.15,70.76,0.06,12.26
2026-06-16T00:00:00,Ratnapura,27.88,82.25,0.0,9.31
2026-06-16T01:00:00,Ratnapura,27.51,82.62,4.63,10.72
2026-06-16T02:00:00,Ratnapura,30.74,71.92,0.0,14.36
2026-06-16T03:00:00,Ratnapura,27.33,76.23,0.8,11.31
2026-06-16T04:00:00,Ratnapura,25.77,86.03,0.0,15.7
2026-06-16T05:00:00,Ratnapura,24.92,80.19,0.0,8.44
2026-06-16T06:00:00,Ratnapura,25.88,98,13.2,23.78
2026-06-16T07:00:00,Ratnapura,26.33,78.07,0.0,16.03
2026-06-16T08:00:00,Ratnapura,23.63,87.24,0.0,17.25
2026-06-16T09:00:00,Ratnapura,24.55,76.44,0.0,12.41
2026-06-16T10:00:00,Ratnapura,22.73,76.93,0.35,13.67
2026-06-16T11:00:00,Ratnapura,28.1,71.4,0.0,10.33
2026-06-16T12:00:00,Ratnapura,28.02,67.36,1.4,16.11
2026-06-16T13:00:00,Ratnapura,26.7,65.63,0.0,11.5
2026-06-16T14:00:00,Ratnapura,30.52,65,0.0,13.71
2026-06-16T15:00:00,Ratnapura,27.5,75.53,1.72,13.81
2026-06-16T16:00:00,Ratnapura,27.97,65.05,0.0,12.43
2026-06-16T17:00:00,Ratnapura,33.75,69.3,0.0,11.62
2026-06-16T18:00:00,Ratnapura,34.14,69.38,0.0,12.65
2026-06-16T19:00:00,Ratnapura,30.32,73.29,0.15,7.67
2026-06-16T20:00:00,Ratnapura,30.96,73.29,0.37,8.89
2026-06-16T21:00:00,Ratnapura,31.39,71.4,0.0,14.6
2026-06-16T22:00:00,Ratnapura,30.83,72.18,0.0,10.73
2026-06-16T23:00:00,Ratnapura,32.84,73.09,0.24,16.15
2026-06-17T00:00:00,Nuwara Eliya,18.08,71.27,0.27,17.13
2026-06-17T01:00:00,Nuwara Eliya,17.92,82.9,0.0,8.27
2026-06-17T02:00:00,Nuwara Eliya,17.26,87.98,2.12,20.17
2026-06-17T03:00:00,Nuwara Eliya,14.05,79.01,0.0,12.98
2026-06-17T04:00:00,Nuwara Eliya,13.26,84.06,0.0,12.25
2026-06-17T05:00:00,Nuwara Eliya,10.98,94.75,1.89,16.58
2026-06-17T06:00:00,Nuwara Eliya,10.42,89.6,1.26,8.33
2026-06-17T07:00:00,Nuwara Eliya,12.17,95,0.0,16.4
2026-06-17T08:00:00,Nuwara Eliya,12.23,85.88,0.0,17.07
2026-06-17T09:00:00,Nuwara Eliya,10.75,94.85,1.73,17.89
2026-06-17T10:00:00,Nuwara Eliya,11.0,95,4.4,14.96
2026-06-17T11:00:00,Nuwara Eliya,13.51,91.83,5.21,13.86
2026-06-17T12:00:00,Nuwara Eliya,11.11,90.51,5.51,10.63
2026-06-17T13:00:00,Nuwara Eliya,15.94,71.64,0.0,15.7
2026-06-17T14:00:00,Nuwara Eliya,15.0,76.57,0.0,14.89
2026-06-17T15:00:00,Nuwara Eliya,19.94,84.87,3.0,14.06
2026-06-17T16:00:00,Nuwara Eliya,16.84,78.01,0.0,19.8
2026-06-17T17:00:00,Nuwara Eliya,17.7,90.25,1.99,19.83
2026-06-17T18:00:00,Nuwara Eliya,21.14,82.58,0.0,7.95
2026-06-17T19:00:00,Nuwara Eliya,17.06,93.56,15.74,18.33
2026-06-17T20:00:00,Nuwara Eliya,18.47,84.61,0.47,18.27
2026-06-17T21:00:00,Nuwara Eliya,18.87,82.34,2.08,10.8
2026-06-17T22:00:00,Nuwara Eliya,19.66,74.66,0.0,16.04
2026-06-17T23:00:00,Nuwara Eliya,18.77,84.45,0.0,11.25
2026-06-17T00:00:00,Kandy,20.42,69.59,0.0,11.68
2026-06-17T01:00:00,Kandy,21.74,68.92,0.1,13.55
2026-06-17T02:00:00,Kandy,23.73,70.02,0.0,14.63
2026-06-17T03:00:00,Kandy,22.71,80.61,0.38,9.35
2026-06-17T04:00:00,Kandy,21.77,85.89,3.08,15.88
2026-06-17T05:00:00,Kandy,18,77.16,0.0,13.92
2026-06-17T06:00:00,Kandy,23.82,81.18,0.96,11.98
2026-06-17T07:00:00,Kandy,22.47,79.05,0.61,13.37
2026-06-17T08:00:00,Kandy,18,76.95,0.0,8.59
2026-06-17T09:00:00,Kandy,20.75,78.14,0.0,12.86
2026-06-17T10:00:00,Kandy,20.97,77.96,0.0,14.3
2026-06-17T11:00:00,Kandy,20.68,76.06,0.0,14.08
2026-06-17T12:00:00,Kandy,22.32,62.25,0.0,8.9
2026-06-17T13:00:00,Kandy,21.1,67.06,0.0,12.35
2026-06-17T14:00:00,Kandy,23.54,67.64,0.0,8.23
2026-06-17T15:00:00,Kandy,23.43,66.79,2.18,8.35
2026-06-17T16:00:00,Kandy,23.22,73.11,0.0,8.56
2026-06-17T17:00:00,Kandy,23.81,73.27,0.0,14.99
2026-06-17T18:00:00,Kandy,23.86,75.94,0.0,11.59
2026-06-17T19:00:00,Kandy,19.74,78.24,1.91,13.78
2026-06-17T20:00:00,Kandy,26.28,68.2,0.65,7.63
2026-06-17T21:00:00,Kandy,24.6,73.01,0.2,15.4
2026-06-17T22:00:00,Kandy,22.83,65.81,0.0,16.53
2026-06-17T23:00:00,Kandy,25.28,70.0,0.0,11.97
2026-06-17T00:00:00,Ratnapura,28.11,73.59,0.0,8.15
2026-06-17T01:00:00,Ratnapura,32.83,69.0,0.0,9.47
2026-06-17T02:00:00,Ratnapura,28.31,75.76,0.0,16.82
2026-06-17T03:00:00,Ratnapura,27.69,82.38,0.0,16.81
2026-06-17T04:00:00,Ratnapura,25.58,82.67,0.29,14.31
2026-06-17T05:00:00,Ratnapura,25.53,85.97,0.0,16.77
2026-06-17T06:00:00,Ratnapura,23.6,83.82,0.0,14.7
2026-06-17T07:00:00,Ratnapura,25.45,81.96,0.21,17.46
2026-06-17T08:00:00,Ratnapura,24.74,90.9,0.0,12.72
2026-06-17T09:00:00,Ratnapura,28.15,75.25,0.0,9.05
2026-06-17T10:00:00,Ratnapura,26.42,75.62,0.0,6.47
2026-06-17T11:00:00,Ratnapura,26.78,78.86,3.07,6.42
2026-06-17T12:00:00,Ratnapura,28.56,65,0.0,9.21
2026-06-17T13:00:00,Ratnapura,28.25,69.89,0.0,8.87
2026-06-17T14:00:00,Ratnapura,31.57,67.95,0.0,12.17
2026-06-17T15:00:00,Ratnapura,27.03,66.14,0.0,8.13
2026-06-17T16:00:00,Ratnapura,27.61,66.91,0.0,9.06
2026-06-17T17:00:00,Ratnapura,28.52,76.71,0.0,15.14
2026-06-17T18:00:00,Ratnapura,28.51,67.14,0.0,10.97
2026-06-17T19:00:00,Ratnapura,31.04,71.86,0.0,16.17
2026-06-17T20:00:00,Ratnapura,30.72,78.69,3.49,18.92
2026-06-17T21:00:00,Ratnapura,32.86,77.81,2.31,13.6
2026-06-17T22:00:00,Ratnapura,33.55,69.73,0.0,10.8
2026-06-17T23:00:00,Ratnapura,29.98,73.44,0.0,14.36
2026-06-18T00:00:00,Nuwara Eliya,15.28,84.7,2.66,11.76
2026-06-18T01:00:00,Nuwara Eliya,18.19,79.42,0.57,17.39
2026-06-18T02:00:00,Nuwara Eliya,16.41,83.05,0.0,11.26
2026-06-18T03:00:00,Nuwara Eliya,13.09,85.2,1.84,9.63
2026-06-18T04:00:00,Nuwara Eliya,16.75,95,0.16,15.89
2026-06-18T05:00:00,Nuwara Eliya,16.08,93.65,2.5,14.54
2026-06-18T06:00:00,Nuwara Eliya,11.3,95,6.22,17.7
2026-06-18T07:00:00,Nuwara Eliya,10,95,0.28,15.28
2026-06-18T08:00:00,Nuwara Eliya,10,95,1.89,10.09
2026-06-18T09:00:00,Nuwara Eliya,11.96,85.2,1.56,12.69
2026-06-18T10:00:00,Nuwara Eliya,13.76,85.17,0.58,10.22
2026-06-18T11:00:00,Nuwara Eliya,10.18,87.51,0.97,6.36
2026-06-18T12:00:00,Nuwara Eliya,12.8,84.59,5.17,8.67
2026-06-18T13:00:00,Nuwara Eliya,12.75,88.27,3.68,17.19
2026-06-18T14:00:00,Nuwara Eliya,15.84,76.94,0.0,15.63
2026-06-18T15:00:00,Nuwara Eliya,15.88,82.41,1.15,11.59
2026-06-18T16:00:00,Nuwara Eliya,14.69,76.35,0.0,13.15
2026-06-18T17:00:00,Nuwara Eliya,18.76,90.68,5.59,15.16
2026-06-18T18:00:00,Nuwara Eliya,20.17,80.59,0.0,12.08
2026-06-18T19:00:00,Nuwara Eliya,21.4,75.01,0.0,17.31
2026-06-18T20:00:00,Nuwara Eliya,15.54,95,4.78,17.1
2026-06-18T21:00:00,Nuwara Eliya,13.63,86.66,2.82,16.3
2026-06-18T22:00:00,Nuwara Eliya,16.26,80.48,0.0,14.41
2026-06-18T23:00:00,Nuwara Eliya,18.47,87.95,0.0,11.67
2026-06-18T00:00:00,Kandy,27.88,63.33,0.0,14.03
2026-06-18T01:00:00,Kandy,22.06,63.76,0.0,7.08
2026-06-18T02:00:00,Kandy,24.38,62.25,0.0,11.3
2026-06-18T03:00:00,Kandy,19.0,72.85,0.0,15.49
2026-06-18T04:00:00,Kandy,22.28,76.61,0.0,4.99
2026-06-18T05:00:00,Kandy,21.89,83.6,1.43,15.87
2026-06-18T06:00:00,Kandy,22.1,82.28,3.25,19.09
2026-06-18T07:00:00,Kandy,24.02,75.28,0.0,12.59
2026-06-18T08:00:00,Kandy,21.62,86.74,0.07,11.71
2026-06-18T09:00:00,Kandy,18,83.22,2.68,12.96
2026-06-18T10:00:00,Kandy,23.35,63.44,0.0,11.66
2026-06-18T11:00:00,Kandy,21.03,75.21,0.0,12.09
2026-06-18T12:00:00,Kandy,20.38,72.78,0.0,13.55
2026-06-18T13:00:00,Kandy,23.77,67.8,2.36,8.84
2026-06-18T14:00:00,Kandy,21.39,58.58,0.0,11.74
2026-06-18T15:00:00,Kandy,23.15,55.6,0.0,14.78
2026-06-18T16:00:00,Kandy,24.68,58.51,0.0,7.69
2026-06-18T17:00:00,Kandy,27.46,61.25,0.22,16.26
2026-06-18T18:00:00,Kandy,24.35,74.82,2.52,11.38
2026-06-18T19:00:00,Kandy,26.62,72.45,0.0,6.98
2026-06-18T20:00:00,Kandy,26.15,69.33,0.0,10.9
2026-06-18T21:00:00,Kandy,23.96,65.51,0.0,10.5
2026-06-18T22:00:00,Kandy,22.17,73.32,0.54,15.55
2026-06-18T23:00:00,Kandy,21.14,69.83,0.0,14.34
2026-06-18T00:00:00,Ratnapura,30.3,73.46,0.0,9.68
2026-06-18T01:00:00,Ratnapura,30.52,76.52,0.0,14.93
2026-06-18T02:00:00,Ratnapura,27.59,73.6,0.0,6.39
2026-06-18T03:00:00,Ratnapura,23.63,76.21,0.0,16.08
2026-06-18T04:00:00,Ratnapura,25.89,83.18,0.0,13.57
2026-06-18T05:00:00,Ratnapura,26.09,81.34,1.19,10.19
2026-06-18T06:00:00,Ratnapura,26.75,78.25,0.0,16.53
2026-06-18T07:00:00,Ratnapura,24.36,87.09,0.73,19.18
2026-06-18T08:00:00,Ratnapura,27.61,92.32,2.23,14.46
2026-06-18T09:00:00,Ratnapura,25.38,83.11,0.0,11.64
2026-06-18T10:00:00,Ratnapura,22.64,77.77,0.0,16.12
2026-06-18T11:00:00,Ratnapura,27.25,76.73,0.0,17.1
2026-06-18T12:00:00,Ratnapura,28.02,75.53,3.17,11.31
2026-06-18T13:00:00,Ratnapura,31.94,65.16,1.22,11.5
2026-06-18T14:00:00,Ratnapura,27.54,68.62,0.0,12.04
2026-06-18T15:00:00,Ratnapura,31.27,70.05,0.0,15.51
2026-06-18T16:00:00,Ratnapura,29.39,73.55,3.07,8.59
2026-06-18T17:00:00,Ratnapura,33.87,74.28,0.0,17.34
2026-06-18T18:00:00,Ratnapura,30.95,71.49,0.0,14.48
2026-06-18T19:00:00,Ratnapura,30.46,74.15,0.0,14.55
2026-06-18T20:00:00,Ratnapura,29.74,82.52,0.0,15.35
2026-06-18T21:00:00,Ratnapura,28.77,71.65,0.0,10.93
2026-06-18T22:00:00,Ratnapura,32.93,67.75,0.0,14.16
2026-06-18T23:00:00,Ratnapura,31.23,70.29,0.0,13.23
2026-06-19T00:00:00,Nuwara Eliya,15.24,89.23,1.41,7.91
2026-06-19T01:00:00,Nuwara Eliya,17.28,77.75,0.0,14.24
2026-06-19T02:00:00,Nuwara Eliya,17.25,87.12,4.49,14.44
2026-06-19T03:00:00,Nuwara Eliya,14.89,86.49,0.87,16.54
2026-06-19T04:00:00,Nuwara Eliya,12.13,95,4.1,12.5
2026-06-19T05:00:00,Nuwara Eliya,11.72,92.72,1.36,12.15
2026-06-19T06:00:00,Nuwara Eliya,16.86,86.35,0.23,11.45
2026-06-19T07:00:00,Nuwara Eliya,12.65,81.88,0.64,13.84
2026-06-19T08:00:00,Nuwara Eliya,14.54,93.72,5.69,18.11
2026-06-19T09:00:00,Nuwara Eliya,10.67,85.99,1.2,18.12
2026-06-19T10:00:00,Nuwara Eliya,11.82,81.13,0.0,12.92
2026-06-19T11:00:00,Nuwara Eliya,14.91,88.26,3.33,12.04
2026-06-19T12:00:00,Nuwara Eliya,13.98,82.14,0.0,9.31
2026-06-19T13:00:00,Nuwara Eliya,15.37,75.57,0.0,13.09
2026-06-19T14:00:00,Nuwara Eliya,14.51,90.01,7.92,17.68
2026-06-19T15:00:00,Nuwara Eliya,15.42,79.44,0.0,15.85
2026-06-19T16:00:00,Nuwara Eliya,18.03,67.93,0.54,5.08
2026-06-19T17:00:00,Nuwara Eliya,17.05,78.01,0.0,12.87
2026-06-19T18:00:00,Nuwara Eliya,16.66,83.69,1.64,11.61
2026-06-19T19:00:00,Nuwara Eliya,20.26,85.39,0.64,18.1
2026-06-19T20:00:00,Nuwara Eliya,15.59,85.63,3.1,12.88
2026-06-19T21:00:00,Nuwara Eliya,19.82,76.35,0.0,14.85
2026-06-19T22:00:00,Nuwara Eliya,19.35,87.41,3.42,17.28
2026-06-19T23:00:00,Nuwara Eliya,18.87,84.04,0.0,14.52
2026-06-19T00:00:00,Kandy,21.45,70.44,0.0,13.59
2026-06-19T01:00:00,Kandy,21.81,68.74,0.0,12.75
2026-06-19T02:00:00,Kandy,20.56,78.61,0.0,9.29
2026-06-19T03:00:00,Kandy,25.95,71.58,0.0,11.78
2026-06-19T04:00:00,Kandy,18.28,76.98,0.0,12.86
2026-06-19T05:00:00,Kandy,21.04,77.54,0.94,11.47
2026-06-19T06:00:00,Kandy,21.5,82.05,0.0,12.48
2026-06-19T07:00:00,Kandy,22.11,79.25,0.88,14.79
2026-06-19T08:00:00,Kandy,20.27,85.08,0.44,12.74
2026-06-19T09:00:00,Kandy,22.25,77.74,0.0,15.55
2026-06-19T10:00:00,Kandy,20.87,76.45,0.0,9.71
2026-06-19T11:00:00,Kandy,27.47,63.1,0.0,11.0
2026-06-19T12:00:00,Kandy,24.16,64.21,0.0,13.32
2026-06-19T13:00:00,Kandy,23.29,65.43,0.0,10.76
2026-06-19T14:00:00,Kandy,19.62,71.62,1.52,13.45
2026-06-19T15:00:00,Kandy,18.11,78.55,1.43,14.85
2026-06-19T16:00:00,Kandy,25.21,66.84,0.0,11.42
2026-06-19T17:00:00,Kandy,26.96,61.77,0.0,14.19
2026-06-19T18:00:00,Kandy,24.72,63.36,0.0,13.91
2026-06-19T19:00:00,Kandy,27.19,66.04,0.33,10.09
2026-06-19T20:00:00,Kandy,25.32,68.14,0.48,15.74
2026-06-19T21:00:00,Kandy,22.51,69.66,0.0,10.49
2026-06-19T22:00:00,Kandy,27.8,76.71,1.34,10.42
2026-06-19T23:00:00,Kandy,25.03,75.18,0.0,17.47
2026-06-19T00:00:00,Ratnapura,29.58,76.06,0.0,11.21
2026-06-19T01:00:00,Ratnapura,28.82,81.39,2.94,11.2
2026-06-19T02:00:00,Ratnapura,27.43,87.45,5.16,13.8
2026-06-19T03:00:00,Ratnapura,26.72,72.96,0.0,9.67
2026-06-19T04:00:00,Ratnapura,25.13,84.03,0.0,13.84
2026-06-19T05:00:00,Ratnapura,26.88,83.62,0.0,15.14
2026-06-19T06:00:00,Ratnapura,23.31,86.59,0.0,19.8
2026-06-19T07:00:00,Ratnapura,22,91.8,0.0,21.67
2026-06-19T08:00:00,Ratnapura,24.88,83.28,0.49,12.53
2026-06-19T09:00:00,Ratnapura,26.8,77.55,1.14,10.99
2026-06-19T10:00:00,Ratnapura,24.55,82.14,0.0,13.38
2026-06-19T11:00:00,Ratnapura,24.41,88.24,5.86,17.87
2026-06-19T12:00:00,Ratnapura,26.66,65,0.0,11.21
2026-06-19T13:00:00,Ratnapura,25.37,70.24,0.0,17.41
2026-06-19T14:00:00,Ratnapura,26.42,77.52,0.0,10.51
2026-06-19T15:00:00,Ratnapura,29.13,65,0.0,13.35
2026-06-19T16:00:00,Ratnapura,31.44,76.26,1.72,9.48
2026-06-19T17:00:00,Ratnapura,34.79,84.79,8.62,10.94
2026-06-19T18:00:00,Ratnapura,28.07,72.66,0.0,16.11
2026-06-19T19:00:00,Ratnapura,31.6,77.3,0.0,18.12
2026-06-19T20:00:00,Ratnapura,30.74,76.64,0.55,14.1
2026-06-19T21:00:00,Ratnapura,29.36,70.47,0.0,11.77
2026-06-19T22:00:00,Ratnapura,27.6,80.59,0.0,7.29
2026-06-19T23:00:00,Ratnapura,31.65,74.01,0.0,13.53
2026-06-20T00:00:00,Nuwara Eliya,17.09,86.86,0.0,11.1
2026-06-20T01:00:00,Nuwara Eliya,16.02,75.55,0.16,13.85
2026-06-20T02:00:00,Nuwara Eliya,14.29,83.6,0.0,9.49
2026-06-20T03:00:00,Nuwara Eliya,12.73,95,4.88,16.13
2026-06-20T04:00:00,Nuwara Eliya,14.83,89.63,2.0,19.29
2026-06-20T05:00:00,Nuwara Eliya,11.92,95,6.03,18.67
2026-06-20T06:00:00,Nuwara Eliya,11.85,95,6.29,17.28
2026-06-20T07:00:00,Nuwara Eliya,12.24,91.02,0.0,14.7
2026-06-20T08:00:00,Nuwara Eliya,11.4,85.61,2.12,12.64
2026-06-20T09:00:00,Nuwara Eliya,10,85.08,1.05,7.75
2026-06-20T10:00:00,Nuwara Eliya,13.61,83.89,1.35,15.22
2026-06-20T11:00:00,Nuwara Eliya,11.06,81.9,0.0,9.21
2026-06-20T12:00:00,Nuwara Eliya,13.48,81.71,0.0,9.34
2026-06-20T13:00:00,Nuwara Eliya,15.91,73.66,0.0,13.16
2026-06-20T14:00:00,Nuwara Eliya,15.3,81.95,0.96,9.18
2026-06-20T15:00:00,Nuwara Eliya,16.25,79.36,3.59,14.61
2026-06-20T16:00:00,Nuwara Eliya,16.77,70.65,0.0,8.97
2026-06-20T17:00:00,Nuwara Eliya,17.28,80.79,0.0,12.52
2026-06-20T18:00:00,Nuwara Eliya,20.77,75.07,0.0,15.63
2026-06-20T19:00:00,Nuwara Eliya,21.41,88.12,3.67,13.06
2026-06-20T20:00:00,Nuwara Eliya,16.31,90.14,0.98,22.94
2026-06-20T21:00:00,Nuwara Eliya,15.72,95,8.24,22.02
2026-06-20T22:00:00,Nuwara Eliya,18.09,92.5,6.31,21.75
2026-06-20T23:00:00,Nuwara Eliya,20.45,80.18,0.0,13.41
2026-06-20T00:00:00,Kandy,24.08,72.16,0.0,11.81
2026-06-20T01:00:00,Kandy,24.21,70.52,0.0,10.26
2026-06-20T02:00:00,Kandy,22.93,67.65,1.67,6.52
2026-06-20T03:00:00,Kandy,21.68,76.37,0.0,15.79
2026-06-20T04:00:00,Kandy,22.88,80.76,0.0,11.54
2026-06-20T05:00:00,Kandy,21.37,77.22,0.1,20.16
2026-06-20T06:00:00,Kandy,22.16,75.99,0.0,16.33
2026-06-20T07:00:00,Kandy,20.97,75.92,0.64,16.27
2026-06-20T08:00:00,Kandy,20.54,77.74,0.0,13.25
2026-06-20T09:00:00,Kandy,24.51,66.51,0.0,10.23
2026-06-20T10:00:00,Kandy,20.15,71.22,0.0,15.03
2026-06-20T11:00:00,Kandy,20.11,78.31,1.47,17.54
2026-06-20T12:00:00,Kandy,18,74.72,5.44,11.95
2026-06-20T13:00:00,Kandy,22.81,68.21,1.4,9.27
2026-06-20T14:00:00,Kandy,24.23,67.56,0.3,16.96
2026-06-20T15:00:00,Kandy,23.42,63.9,0.0,9.26
2026-06-20T16:00:00,Kandy,22.78,70.93,0.0,16.56
2026-06-20T17:00:00,Kandy,27.98,63.32,0.0,10.23
2026-06-20T18:00:00,Kandy,26.56,70.36,0.0,7.62
2026-06-20T19:00:00,Kandy,26.43,68.48,1.14,11.9
2026-06-20T20:00:00,Kandy,27.45,74.88,1.59,10.54
2026-06-20T21:00:00,Kandy,23.5,79.11,1.45,15.51
2026-06-20T22:00:00,Kandy,24.54,69.97,0.0,16.26
2026-06-20T23:00:00,Kandy,23.84,70.16,0.0,7.11
2026-06-20T00:00:00,Ratnapura,28.06,76.55,0.0,10.53
2026-06-20T01:00:00,Ratnapura,26.0,93.19,6.64,16.59
2026-06-20T02:00:00,Ratnapura,26.87,79.23,1.48,15.67
2026-06-20T03:00:00,Ratnapura,30.79,71.03,0.0,11.9
2026-06-20T04:00:00,Ratnapura,25.08,85.94,0.0,18.11
2026-06-20T05:00:00,Ratnapura,26.11,96.96,2.71,7.86
2026-06-20T06:00:00,Ratnapura,25.9,83.89,0.72,13.56
2026-06-20T07:00:00,Ratnapura,25.58,87.67,0.0,16.76
2026-06-20T08:00:00,Ratnapura,24.75,92.55,4.15,14.7
2026-06-20T09:00:00,Ratnapura,24.6,76.07,0.0,15.47
2026-06-20T10:00:00,Ratnapura,26.35,76.56,0.0,9.99
2026-06-20T11:00:00,Ratnapura,26.88,88.59,5.86,9.83
2026-06-20T12:00:00,Ratnapura,28.85,75.55,5.51,11.39
2026-06-20T13:00:00,Ratnapura,27.12,70.35,0.0,6.17
2026-06-20T14:00:00,Ratnapura,25.56,72.12,0.0,16.89
2026-06-20T15:00:00,Ratnapura,29.13,65,0.0,17.87
2026-06-20T16:00:00,Ratnapura,31.04,65,0.0,12.39
2026-06-20T17:00:00,Ratnapura,30.0,71.01,0.83,14.67
2026-06-20T18:00:00,Ratnapura,31.96,69.36,0.0,9.65
2026-06-20T19:00:00,Ratnapura,30.3,68.75,0.0,12.78
2026-06-20T20:00:00,Ratnapura,31.88,79.77,4.6,16.26
2026-06-20T21:00:00,Ratnapura,32.43,79.09,1.79,18.85
2026-06-20T22:00:00,Ratnapura,35.43,68.22,0.0,14.09
2026-06-20T23:00:00,Ratnapura,29.51,71.78,0.0,9.36
2026-06-21T00:00:00,Nuwara Eliya,12.73,88.56,0.0,9.22
2026-06-21T01:00:00,Nuwara Eliya,16.78,80.07,0.48,8.41
2026-06-21T02:00:00,Nuwara Eliya,16.95,78.0,1.69,12.95
2026-06-21T03:00:00,Nuwara Eliya,18.42,83.42,1.76,14.98
2026-06-21T04:00:00,Nuwara Eliya,13.8,89.75,0.0,19.88
2026-06-21T05:00:00,Nuwara Eliya,12.83,95,2.81,18.69
2026-06-21T06:00:00,Nuwara Eliya,13.25,88.6,0.0,14.26
2026-06-21T07:00:00,Nuwara Eliya,12.97,87.8,2.18,12.73
2026-06-21T08:00:00,Nuwara Eliya,11.31,94.71,0.43,17.69
2026-06-21T09:00:00,Nuwara Eliya,11.26,82.21,1.77,6.97
2026-06-21T10:00:00,Nuwara Eliya,16.09,85.14,0.76,9.83
2026-06-21T11:00:00,Nuwara Eliya,13.32,80.2,0.0,8.0
2026-06-21T12:00:00,Nuwara Eliya,15.06,85.79,6.35,19.6
2026-06-21T13:00:00,Nuwara Eliya,14.73,67.15,0.78,13.18
2026-06-21T14:00:00,Nuwara Eliya,17.68,77.91,0.0,13.6
2026-06-21T15:00:00,Nuwara Eliya,16.66,79.65,0.76,13.38
2026-06-21T16:00:00,Nuwara Eliya,15.39,81.85,3.17,10.18
2026-06-21T17:00:00,Nuwara Eliya,15.86,80.67,0.23,15.17
2026-06-21T18:00:00,Nuwara Eliya,17.05,88.81,3.05,10.12
2026-06-21T19:00:00,Nuwara Eliya,17.5,86.38,0.0,13.65
2026-06-21T20:00:00,Nuwara Eliya,19.34,82.71,5.67,13.89
2026-06-21T21:00:00,Nuwara Eliya,18.03,81.88,0.92,8.8
2026-06-21T22:00:00,Nuwara Eliya,16.31,78.92,3.02,19.32
2026-06-21T23:00:00,Nuwara Eliya,15.43,82.34,0.0,11.48
2026-06-21T00:00:00,Kandy,23.81,69.48,0.0,14.43
2026-06-21T01:00:00,Kandy,22.08,75.27,1.23,15.3
2026-06-21T02:00:00,Kandy,19.06,73.1,0.42,16.4
2026-06-21T03:00:00,Kandy,21.97,77.65,0.0,17.19
2026-06-21T04:00:00,Kandy,20.13,78.47,0.0,19.33
2026-06-21T05:00:00,Kandy,20.65,78.45,0.0,18.39
2026-06-21T06:00:00,Kandy,21.78,79.22,2.08,21.02
2026-06-21T07:00:00,Kandy,19.7,81.43,0.53,13.76
2026-06-21T08:00:00,Kandy,20.68,78.72,0.0,19.33
2026-06-21T09:00:00,Kandy,20.57,79.54,0.0,18.01
2026-06-21T10:00:00,Kandy,20.5,76.8,0.0,13.17
2026-06-21T11:00:00,Kandy,22.26,68.3,0.0,10.81
2026-06-21T12:00:00,Kandy,20.43,72.39,2.07,13.98
2026-06-21T13:00:00,Kandy,20.68,70.74,0.0,14.41
2026-06-21T14:00:00,Kandy,25.05,68.92,0.86,14.01
2026-06-21T15:00:00,Kandy,24.68,57.8,0.0,11.16
2026-06-21T16:00:00,Kandy,23.95,64.38,0.0,9.25
2026-06-21T17:00:00,Kandy,25.86,66.89,3.84,7.84
2026-06-21T18:00:00,Kandy,25.12,68.77,0.0,16.44
2026-06-21T19:00:00,Kandy,27.72,72.61,0.0,13.15
2026-06-21T20:00:00,Kandy,24.09,72.15,0.0,10.71
2026-06-21T21:00:00,Kandy,27.91,75.39,2.64,11.46
2026-06-21T22:00:00,Kandy,23.69,71.96,1.68,16.52
2026-06-21T23:00:00,Kandy,22.96,66.19,0.0,16.27
2026-06-21T00:00:00,Ratnapura,30.27,74.07,0.0,14.06
2026-06-21T01:00:00,Ratnapura,31.45,73.36,0.0,8.8
2026-06-21T02:00:00,Ratnapura,29.71,74.17,0.0,14.12
2026-06-21T03:00:00,Ratnapura,26.54,90.35,6.61,15.12
2026-06-21T04:00:00,Ratnapura,29.28,91.49,7.19,15.92
2026-06-21T05:00:00,Ratnapura,25.75,83.65,1.42,15.51
2026-06-21T06:00:00,Ratnapura,22.72,92.46,0.77,15.6
2026-06-21T07:00:00,Ratnapura,27.53,81.69,2.69,6.44
2026-06-21T08:00:00,Ratnapura,24.47,85.19,0.0,11.66
2026-06-21T09:00:00,Ratnapura,25.07,84.75,0.0,15.06
2026-06-21T10:00:00,Ratnapura,22.2,96.03,6.99,16.64
2026-06-21T11:00:00,Ratnapura,26.85,81.08,0.0,11.77
2026-06-21T12:00:00,Ratnapura,24.76,69.9,0.0,16.91
2026-06-21T13:00:00,Ratnapura,26.73,67.29,0.0,9.07
2026-06-21T14:00:00,Ratnapura,29.72,73.5,0.0,14.0
2026-06-21T15:00:00,Ratnapura,30.74,65,0.0,12.27
2026-06-21T16:00:00,Ratnapura,31.7,65,0.0,6.2
2026-06-21T17:00:00,Ratnapura,31.83,69.58,0.43,10.86
2026-06-21T18:00:00,Ratnapura,27.51,72.57,0.0,15.9
2026-06-21T19:00:00,Ratnapura,28.84,85.44,4.93,11.44
2026-06-21T20:00:00,Ratnapura,29.07,74.72,0.0,12.41
2026-06-21T21:00:00,Ratnapura,31.6,75.78,0.0,15.12
2026-06-21T22:00:00,Ratnapura,34.52,73.6,0.0,16.48
2026-06-21T23:00:00,Ratnapura,28.99,76.13,0.0,11.28
2026-06-22T00:00:00,Nuwara Eliya,15.94,80.89,0.0,7.97
2026-06-22T01:00:00,Nuwara Eliya,16.24,89.2,0.52,20.99
2026-06-22T02:00:00,Nuwara Eliya,15.63,85.71,1.09,12.8
2026-06-22T03:00:00,Nuwara Eliya,14.91,91.32,1.39,15.84
2026-06-22T04:00:00,Nuwara Eliya,11.4,91.61,0.0,13.42
2026-06-22T05:00:00,Nuwara Eliya,10.78,95,9.55,18.02
2026-06-22T06:00:00,Nuwara Eliya,12.43,92.71,0.7,16.92
2026-06-22T07:00:00,Nuwara Eliya,12.93,92.54,2.97,16.69
2026-06-22T08:00:00,Nuwara Eliya,10,95,2.11,20.21
2026-06-22T09:00:00,Nuwara Eliya,11.64,94.65,3.07,15.89
2026-06-22T10:00:00,Nuwara Eliya,14.1,78.29,0.0,14.08
2026-06-22T11:00:00,Nuwara Eliya,11.84,91.73,1.54,16.27
2026-06-22T12:00:00,Nuwara Eliya,10.76,78.2,0.54,12.54
2026-06-22T13:00:00,Nuwara Eliya,13.13,75.59,0.0,15.5
2026-06-22T14:00:00,Nuwara Eliya,16.33,70.51,0.0,11.89
2026-06-22T15:00:00,Nuwara Eliya,23.02,77.01,3.85,15.83
2026-06-22T16:00:00,Nuwara Eliya,16.81,78.74,0.0,19.23
2026-06-22T17:00:00,Nuwara Eliya,14.08,89.09,0.55,14.04
2026-06-22T18:00:00,Nuwara Eliya,17.45,79.19,2.11,10.69
2026-06-22T19:00:00,Nuwara Eliya,18.41,73.77,0.0,9.35
2026-06-22T20:00:00,Nuwara Eliya,17.6,78.04,0.0,20.36
2026-06-22T21:00:00,Nuwara Eliya,22.57,77.26,0.31,14.45
2026-06-22T22:00:00,Nuwara Eliya,18.08,87.47,8.98,9.96
2026-06-22T23:00:00,Nuwara Eliya,19.54,86.89,3.63,10.3
2026-06-22T00:00:00,Kandy,25.62,66.68,0.0,11.52
2026-06-22T01:00:00,Kandy,24.94,78.18,4.96,21.76
2026-06-22T02:00:00,Kandy,25.34,71.83,0.0,17.4
2026-06-22T03:00:00,Kandy,20.79,72.65,0.19,15.27
2026-06-22T04:00:00,Kandy,20.24,78.78,0.0,16.93
2026-06-22T05:00:00,Kandy,21.2,90,5.79,16.07
2026-06-22T06:00:00,Kandy,20.1,90,5.54,19.19
2026-06-22T07:00:00,Kandy,18,83.06,0.0,7.58
2026-06-22T08:00:00,Kandy,20.75,74.69,0.0,12.05
2026-06-22T09:00:00,Kandy,18.06,80.48,0.0,4.53
2026-06-22T10:00:00,Kandy,18.41,73.66,0.0,17.82
2026-06-22T11:00:00,Kandy,21.06,80.29,0.82,5.32
2026-06-22T12:00:00,Kandy,22.6,64.73,0.0,14.78
2026-06-22T13:00:00,Kandy,19.89,69.93,2.28,6.62
2026-06-22T14:00:00,Kandy,24.01,66.89,0.0,11.08
2026-06-22T15:00:00,Kandy,21.48,70.44,0.0,12.48
2026-06-22T16:00:00,Kandy,26.71,57.19,0.0,4.11
2026-06-22T17:00:00,Kandy,22.93,67.21,0.0,15.46
2026-06-22T18:00:00,Kandy,26.64,75.1,0.0,9.29
2026-06-22T19:00:00,Kandy,22.91,76.38,0.0,15.03
2026-06-22T20:00:00,Kandy,30,75.27,3.8,7.63
2026-06-22T21:00:00,Kandy,26.21,62.62,0.0,17.23
2026-06-22T22:00:00,Kandy,25.1,74.48,0.92,15.1
2026-06-22T23:00:00,Kandy,25.07,66.17,0.0,12.94
2026-06-22T00:00:00,Ratnapura,27.99,79.63,0.0,7.54
2026-06-22T01:00:00,Ratnapura,27.39,77.17,0.0,10.02
2026-06-22T02:00:00,Ratnapura,28.44,72.63,0.0,9.46
2026-06-22T03:00:00,Ratnapura,25.94,77.34,0.74,13.4
2026-06-22T04:00:00,Ratnapura,27.96,84.65,0.0,10.68
2026-06-22T05:00:00,Ratnapura,27.9,79.7,0.0,8.76
2026-06-22T06:00:00,Ratnapura,25.51,89.44,2.85,17.59
2026-06-22T07:00:00,Ratnapura,22,86.41,0.73,12.65
2026-06-22T08:00:00,Ratnapura,22,98,12.5,17.03
2026-06-22T09:00:00,Ratnapura,24.39,92.01,17.97,17.3
2026-06-22T10:00:00,Ratnapura,22.57,88.54,1.64,8.16
2026-06-22T11:00:00,Ratnapura,25.92,77.0,0.0,16.34
2026-06-22T12:00:00,Ratnapura,26.52,71.56,0.0,8.06
2026-06-22T13:00:00,Ratnapura,24.77,73.83,0.0,11.4
2026-06-22T14:00:00,Ratnapura,25.08,70.41,0.0,9.68
2026-06-22T15:00:00,Ratnapura,32.36,65,0.0,16.55
2026-06-22T16:00:00,Ratnapura,31.12,67.78,0.0,10.48
2026-06-22T17:00:00,Ratnapura,33.85,68.48,0.0,11.2
2026-06-22T18:00:00,Ratnapura,34.08,66.91,0.0,12.37
2026-06-22T19:00:00,Ratnapura,31.86,70.95,0.0,7.98
2026-06-22T20:00:00,Ratnapura,25.53,75.99,0.0,15.07
2026-06-22T21:00:00,Ratnapura,29.18,76.6,0.0,11.78
2026-06-22T22:00:00,Ratnapura,28.22,78.61,1.03,10.78
2026-06-22T23:00:00,Ratnapura,29.82,65,0.0,8.01
2026-06-23T00:00:00,Nuwara Eliya,16.56,95,2.56,15.66
2026-06-23T01:00:00,Nuwara Eliya,16.75,86.54,3.93,18.29
2026-06-23T02:00:00,Nuwara Eliya,18.94,81.25,1.63,9.43
2026-06-23T03:00:00,Nuwara Eliya,17.46,79.36,0.0,15.74
2026-06-23T04:00:00,Nuwara Eliya,16.73,95,4.59,17.19
2026-06-23T05:00:00,Nuwara Eliya,10.67,90.7,0.7,11.52
2026-06-23T06:00:00,Nuwara Eliya,13.53,81.05,0.0,7.35
2026-06-23T07:00:00,Nuwara Eliya,11.05,91.81,0.52,16.19
2026-06-23T08:00:00,Nuwara Eliya,10.58,89.58,0.0,13.54
2026-06-23T09:00:00,Nuwara Eliya,11.43,83.01,0.0,8.53
2026-06-23T10:00:00,Nuwara Eliya,12.93,89.56,1.96,14.45
2026-06-23T11:00:00,Nuwara Eliya,12.53,84.2,0.0,11.7
2026-06-23T12:00:00,Nuwara Eliya,13.65,69.38,0.0,6.79
2026-06-23T13:00:00,Nuwara Eliya,15.97,75.99,0.0,15.49
2026-06-23T14:00:00,Nuwara Eliya,13.21,72.8,0.0,9.42
2026-06-23T15:00:00,Nuwara Eliya,18.71,73.63,0.0,14.75
2026-06-23T16:00:00,Nuwara Eliya,17.21,86.25,1.62,12.1
2026-06-23T17:00:00,Nuwara Eliya,18.23,83.86,0.9,16.49
2026-06-23T18:00:00,Nuwara Eliya,20.0,87.59,0.0,15.63
2026-06-23T19:00:00,Nuwara Eliya,22.65,73.14,0.0,15.36
2026-06-23T20:00:00,Nuwara Eliya,20.39,80.7,0.96,18.11
2026-06-23T21:00:00,Nuwara Eliya,19.17,95,5.22,16.54
2026-06-23T22:00:00,Nuwara Eliya,20.74,81.95,0.0,15.27
2026-06-23T23:00:00,Nuwara Eliya,16.71,80.91,1.8,10.56
2026-06-23T00:00:00,Kandy,22.92,68.75,0.0,11.44
2026-06-23T01:00:00,Kandy,25.6,69.88,0.0,13.54
2026-06-23T02:00:00,Kandy,25.04,65.28,0.0,22.67
2026-06-23T03:00:00,Kandy,22.82,70.19,0.0,12.38
2026-06-23T04:00:00,Kandy,23.42,80.92,0.0,10.25
2026-06-23T05:00:00,Kandy,19.23,79.51,0.07,17.04
2026-06-23T06:00:00,Kandy,21.56,82.95,0.0,10.56
2026-06-23T07:00:00,Kandy,19.44,85.19,1.8,13.34
2026-06-23T08:00:00,Kandy,24.62,78.32,0.0,16.07
2026-06-23T09:00:00,Kandy,21.45,81.77,3.83,18.42
2026-06-23T10:00:00,Kandy,21.09,83.41,2.52,6.63
2026-06-23T11:00:00,Kandy,25.03,70.21,0.0,13.55
2026-06-23T12:00:00,Kandy,22.75,67.49,0.0,8.75
2026-06-23T13:00:00,Kandy,18.77,69.88,0.0,15.96
2026-06-23T14:00:00,Kandy,22.87,60.73,0.0,13.99
2026-06-23T15:00:00,Kandy,22.87,58.9,0.0,11.07
2026-06-23T16:00:00,Kandy,22.79,58.77,0.0,12.1
2026-06-23T17:00:00,Kandy,25.18,73.9,3.49,14.98
2026-06-23T18:00:00,Kandy,22.84,78.4,1.71,13.51
2026-06-23T19:00:00,Kandy,23.72,72.19,0.0,14.78
2026-06-23T20:00:00,Kandy,27.24,63.39,0.0,9.47
2026-06-23T21:00:00,Kandy,29.91,67.02,0.17,16.36
2026-06-23T22:00:00,Kandy,26.44,68.73,0.0,13.44
2026-06-23T23:00:00,Kandy,23.67,79.67,0.0,17.75
2026-06-23T00:00:00,Ratnapura,29.64,66.88,0.92,7.77
2026-06-23T01:00:00,Ratnapura,26.11,75.14,0.0,12.78
2026-06-23T02:00:00,Ratnapura,26.77,80.19,0.83,10.12
2026-06-23T03:00:00,Ratnapura,28.23,87.58,4.92,13.54
2026-06-23T04:00:00,Ratnapura,23.99,98,7.99,23.46
2026-06-23T05:00:00,Ratnapura,23.79,89.56,0.74,16.24
2026-06-23T06:00:00,Ratnapura,25.98,78.34,1.15,13.67
2026-06-23T07:00:00,Ratnapura,25.22,86.74,2.38,14.75
2026-06-23T08:00:00,Ratnapura,22.39,83.69,0.0,11.15
2026-06-23T09:00:00,Ratnapura,23.47,76.57,0.0,11.14
2026-06-23T10:00:00,Ratnapura,22.05,97.8,10.07,23.41
2026-06-23T11:00:00,Ratnapura,25.17,82.25,0.0,20.84
2026-06-23T12:00:00,Ratnapura,30.63,73.27,0.0,12.92
2026-06-23T13:00:00,Ratnapura,28.6,65,0.0,10.18
2026-06-23T14:00:00,Ratnapura,24.87,80.7,6.83,13.65
2026-06-23T15:00:00,Ratnapura,28.55,65.43,0.0,12.64
2026-06-23T16:00:00,Ratnapura,26.92,71.2,0.59,12.73
2026-06-23T17:00:00,Ratnapura,32.18,75.94,0.0,10.89
2026-06-23T18:00:00,Ratnapura,30.78,73.48,0.0,13.9
2026-06-23T19:00:00,Ratnapura,33.15,74.52,0.0,8.68
2026-06-23T20:00:00,Ratnapura,30.54,79.21,1.93,15.02
2026-06-23T21:00:00,Ratnapura,29.64,72.53,0.0,9.02
2026-06-23T22:00:00,Ratnapura,29.8,71.61,0.0,11.02
2026-06-23T23:00:00,Ratnapura,27.27,70.43,1.27,11.55
2026-06-24T00:00:00,Nuwara Eliya,20.16,88.51,9.46,13.29
2026-06-24T01:00:00,Nuwara Eliya,18.41,80.33,0.0,11.42
2026-06-24T02:00:00,Nuwara Eliya,15.93,78.52,0.0,20.28
2026-06-24T03:00:00,Nuwara Eliya,15.06,84.56,3.86,18.82
2026-06-24T04:00:00,Nuwara Eliya,10.75,95,4.26,18.5
2026-06-24T05:00:00,Nuwara Eliya,10,90.92,1.88,12.92
2026-06-24T06:00:00,Nuwara Eliya,14.28,95,14.32,13.28
2026-06-24T07:00:00,Nuwara Eliya,15.52,92.38,2.06,15.75
2026-06-24T08:00:00,Nuwara Eliya,11.07,89.09,0.07,8.43
2026-06-24T09:00:00,Nuwara Eliya,15.01,95,4.71,18.13
2026-06-24T10:00:00,Nuwara Eliya,10,87.74,0.0,11.53
2026-06-24T11:00:00,Nuwara Eliya,14.5,91.21,0.57,16.33
2026-06-24T12:00:00,Nuwara Eliya,11.51,76.05,0.0,4.68
2026-06-24T13:00:00,Nuwara Eliya,17.08,82.32,0.0,12.69
2026-06-24T14:00:00,Nuwara Eliya,14.44,77.2,0.0,15.91
2026-06-24T15:00:00,Nuwara Eliya,11.86,90.83,4.96,16.45
2026-06-24T16:00:00,Nuwara Eliya,16.24,74.79,0.09,8.19
2026-06-24T17:00:00,Nuwara Eliya,16.83,87.26,0.29,14.13
2026-06-24T18:00:00,Nuwara Eliya,18.06,89.22,4.93,17.11
2026-06-24T19:00:00,Nuwara Eliya,16.94,92.11,3.41,13.47
2026-06-24T20:00:00,Nuwara Eliya,16.97,80.05,0.0,7.14
2026-06-24T21:00:00,Nuwara Eliya,16.83,82.61,0.0,11.59
2026-06-24T22:00:00,Nuwara Eliya,17.22,84.02,0.25,7.96
2026-06-24T23:00:00,Nuwara Eliya,18.24,82.92,0.35,7.63
2026-06-24T00:00:00,Kandy,24.38,78.84,2.47,11.47
2026-06-24T01:00:00,Kandy,25.18,61.57,0.0,16.23
2026-06-24T02:00:00,Kandy,23.21,76.76,1.83,19.31
2026-06-24T03:00:00,Kandy,23.14,78.17,0.0,15.24
2026-06-24T04:00:00,Kandy,21.87,74.79,0.58,14.58
2026-06-24T05:00:00,Kandy,23.24,76.61,0.51,19.25
2026-06-24T06:00:00,Kandy,21.39,79.7,0.01,18.05
2026-06-24T07:00:00,Kandy,22.23,75.89,0.0,9.29
2026-06-24T08:00:00,Kandy,21.74,90,7.24,21.5
2026-06-24T09:00:00,Kandy,18.41,73.94,0.0,16.26
2026-06-24T10:00:00,Kandy,22.39,65.78,0.0,4.32
2026-06-24T11:00:00,Kandy,21.27,69.16,0.1,15.95
2026-06-24T12:00:00,Kandy,19.11,71.52,2.17,12.43
2026-06-24T13:00:00,Kandy,22.35,68.0,0.0,8.89
2026-06-24T14:00:00,Kandy,21.74,68.47,0.46,9.66
2026-06-24T15:00:00,Kandy,23.51,64.08,0.0,9.85
2026-06-24T16:00:00,Kandy,25.5,65.8,0.0,14.76
2026-06-24T17:00:00,Kandy,22.53,77.68,0.0,7.89
2026-06-24T18:00:00,Kandy,20.91,77.05,0.0,19.16
2026-06-24T19:00:00,Kandy,24.93,76.44,0.57,15.07
2026-06-24T20:00:00,Kandy,25.13,68.2,0.0,11.75
2026-06-24T21:00:00,Kandy,24.25,73.81,0.74,16.39
2026-06-24T22:00:00,Kandy,27.06,74.53,4.66,10.65
2026-06-24T23:00:00,Kandy,21.5,74.63,0.0,14.26
2026-06-24T00:00:00,Ratnapura,30.19,76.68,0.0,13.71
2026-06-24T01:00:00,Ratnapura,27.14,91.04,6.89,9.88
2026-06-24T02:00:00,Ratnapura,29.71,76.91,2.39,9.13
2026-06-24T03:00:00,Ratnapura,27.98,84.22,3.1,5.38
2026-06-24T04:00:00,Ratnapura,22.88,87.66,2.37,16.65
2026-06-24T05:00:00,Ratnapura,25.21,80.03,0.0,19.16
2026-06-24T06:00:00,Ratnapura,28.87,77.33,0.0,11.08
2026-06-24T07:00:00,Ratnapura,25.46,94.09,4.01,18.26
2026-06-24T08:00:00,Ratnapura,23.77,80.09,0.0,12.53
2026-06-24T09:00:00,Ratnapura,27.48,81.1,3.33,8.75
2026-06-24T10:00:00,Ratnapura,22.69,82.49,0.0,12.08
2026-06-24T11:00:00,Ratnapura,22.58,79.17,0.0,16.61
2026-06-24T12:00:00,Ratnapura,26.9,66.69,0.0,7.88
2026-06-24T13:00:00,Ratnapura,28.26,65,0.76,18.66
2026-06-24T14:00:00,Ratnapura,26.04,65,0.0,3.97
2026-06-24T15:00:00,Ratnapura,27.95,68.0,0.0,7.94
2026-06-24T16:00:00,Ratnapura,29.99,65,0.0,13.73
2026-06-24T17:00:00,Ratnapura,31.67,68.45,0.06,6.79
2026-06-24T18:00:00,Ratnapura,32.57,74.91,0.0,16.42
2026-06-24T19:00:00,Ratnapura,28.37,77.4,0.0,13.7
2026-06-24T20:00:00,Ratnapura,30.49,80.98,0.43,16.15
2026-06-24T21:00:00,Ratnapura,33.76,68.23,0.0,13.52
2026-06-24T22:00:00,Ratnapura,30.13,71.06,0.0,9.31
2026-06-24T23:00:00,Ratnapura,28.36,71.76,0.8,9.89
2026-06-25T00:00:00,Nuwara Eliya,17.5,81.58,0.0,12.47
2026-06-25T01:00:00,Nuwara Eliya,17.32,93.19,5.91,22.69
2026-06-25T02:00:00,Nuwara Eliya,17.29,81.59,2.92,11.97
2026-06-25T03:00:00,Nuwara Eliya,11.89,89.03,0.35,9.08
2026-06-25T04:00:00,Nuwara Eliya,13.06,89.95,0.0,17.23
2026-06-25T05:00:00,Nuwara Eliya,11.81,95,6.48,17.87
2026-06-25T06:00:00,Nuwara Eliya,13.18,95,7.15,17.74
2026-06-25T07:00:00,Nuwara Eliya,12.71,90.59,3.05,15.8
2026-06-25T08:00:00,Nuwara Eliya,11.68,95,3.12,21.19
2026-06-25T09:00:00,Nuwara Eliya,15.71,85.88,0.96,13.09
2026-06-25T10:00:00,Nuwara Eliya,13.48,83.7,0.0,9.55
2026-06-25T11:00:00,Nuwara Eliya,11.13,83.82,0.47,9.25
2026-06-25T12:00:00,Nuwara Eliya,13.28,83.75,0.71,12.82
2026-06-25T13:00:00,Nuwara Eliya,13.33,77.4,0.0,13.93
2026-06-25T14:00:00,Nuwara Eliya,16.61,75.91,0.0,17.26
2026-06-25T15:00:00,Nuwara Eliya,16.21,80.22,0.0,7.35
2026-06-25T16:00:00,Nuwara Eliya,16.57,66.76,0.0,7.64
2026-06-25T17:00:00,Nuwara Eliya,17.59,83.74,0.85,15.47
2026-06-25T18:00:00,Nuwara Eliya,14.91,78.83,0.0,15.14
2026-06-25T19:00:00,Nuwara Eliya,18.51,73.95,0.0,10.17
2026-06-25T20:00:00,Nuwara Eliya,16.15,83.17,0.24,12.56
2026-06-25T21:00:00,Nuwara Eliya,18.68,73.58,0.0,14.84
2026-06-25T22:00:00,Nuwara Eliya,18.98,90.25,2.18,15.83
2026-06-25T23:00:00,Nuwara Eliya,16.49,81.09,0.0,12.18
2026-06-25T00:00:00,Kandy,25.01,80.01,0.0,9.34
2026-06-25T01:00:00,Kandy,24.49,76.79,0.0,13.22
2026-06-25T02:00:00,Kandy,26.39,68.15,0.18,6.18
2026-06-25T03:00:00,Kandy,24.71,68.56,0.03,12.44
2026-06-25T04:00:00,Kandy,21.3,84.12,0.71,15.48
2026-06-25T05:00:00,Kandy,20.09,80.76,3.42,6.41
2026-06-25T06:00:00,Kandy,23.17,77.99,0.0,17.35
2026-06-25T07:00:00,Kandy,18.24,89.43,1.76,6.48
2026-06-25T08:00:00,Kandy,23.08,71.33,0.0,11.38
2026-06-25T09:00:00,Kandy,21.51,72.0,0.0,15.33
2026-06-25T10:00:00,Kandy,18.43,81.51,0.7,9.23
2026-06-25T11:00:00,Kandy,19.6,69.52,0.0,12.86
2026-06-25T12:00:00,Kandy,18,71.79,0.0,15.94
2026-06-25T13:00:00,Kandy,24.68,64.51,0.0,13.36
2026-06-25T14:00:00,Kandy,22.98,61.54,0.0,9.78
2026-06-25T15:00:00,Kandy,20.69,61.09,0.0,18.78
2026-06-25T16:00:00,Kandy,25.31,57.91,0.0,9.92
2026-06-25T17:00:00,Kandy,26.25,70.56,0.0,5.06
2026-06-25T18:00:00,Kandy,22.12,76.91,0.0,13.72
2026-06-25T19:00:00,Kandy,22.72,79.96,1.2,13.45
2026-06-25T20:00:00,Kandy,23.98,66.94,0.0,17.45
2026-06-25T21:00:00,Kandy,22.03,77.83,2.57,16.98
2026-06-25T22:00:00,Kandy,22.28,67.57,1.53,11.5
2026-06-25T23:00:00,Kandy,25.72,71.85,2.37,14.43
2026-06-25T00:00:00,Ratnapura,29.98,73.83,0.0,15.17
2026-06-25T01:00:00,Ratnapura,29.91,82.75,4.04,11.19
2026-06-25T02:00:00,Ratnapura,28.93,77.21,0.0,13.33
2026-06-25T03:00:00,Ratnapura,29.22,69.15,0.0,12.7
2026-06-25T04:00:00,Ratnapura,25.89,83.51,2.24,12.47
2026-06-25T05:00:00,Ratnapura,25.44,86.69,0.0,16.3
2026-06-25T06:00:00,Ratnapura,28.45,77.13,0.0,14.67
2026-06-25T07:00:00,Ratnapura,27.6,89.55,1.73,12.06
2026-06-25T08:00:00,Ratnapura,25.55,86.93,0.0,14.04
2026-06-25T09:00:00,Ratnapura,24.3,76.22,0.0,7.86
2026-06-25T10:00:00,Ratnapura,22.21,98,9.92,21.12
2026-06-25T11:00:00,Ratnapura,26.55,80.99,1.27,9.18
2026-06-25T12:00:00,Ratnapura,28.77,65,0.0,11.99
2026-06-25T13:00:00,Ratnapura,24.21,76.42,0.0,12.43
2026-06-25T14:00:00,Ratnapura,30.53,65,0.0,11.67
2026-06-25T15:00:00,Ratnapura,28.46,66.89,0.0,11.55
2026-06-25T16:00:00,Ratnapura,31.65,75.39,1.6,12.56
2026-06-25T17:00:00,Ratnapura,31.64,74.73,0.0,13.27
2026-06-25T18:00:00,Ratnapura,28.97,75.0,0.0,15.22
2026-06-25T19:00:00,Ratnapura,29.56,74.09,0.36,4.84
2026-06-25T20:00:00,Ratnapura,29.02,74.13,0.0,11.29
2026-06-25T21:00:00,Ratnapura,27.86,78.87,0.0,14.38
2026-06-25T22:00:00,Ratnapura,30.14,73.03,0.16,19.35
2026-06-25T23:00:00,Ratnapura,28.85,81.32,0.0,6.89
2026-06-26T00:00:00,Nuwara Eliya,17.86,72.2,2.29,15.92
2026-06-26T01:00:00,Nuwara Eliya,15.18,90.64,3.28,19.7
2026-06-26T02:00:00,Nuwara Eliya,14.15,83.7,0.3,11.98
2026-06-26T03:00:00,Nuwara Eliya,18.0,84.34,2.3,12.99
2026-06-26T04:00:00,Nuwara Eliya,14.79,93.37,0.0,13.55
2026-06-26T05:00:00,Nuwara Eliya,14.23,85.64,0.37,16.23
2026-06-26T06:00:00,Nuwara Eliya,10,85.63,0.48,10.93
2026-06-26T07:00:00,Nuwara Eliya,14.79,86.01,0.0,12.95
2026-06-26T08:00:00,Nuwara Eliya,12.58,91.51,0.54,16.77
2026-06-26T09:00:00,Nuwara Eliya,10,82.43,0.1,3.43
2026-06-26T10:00:00,Nuwara Eliya,10.79,85.95,0.0,10.19
2026-06-26T11:00:00,Nuwara Eliya,10.72,81.94,0.0,5.63
2026-06-26T12:00:00,Nuwara Eliya,15.49,80.51,3.11,11.85
2026-06-26T13:00:00,Nuwara Eliya,15.49,78.7,0.0,17.77
2026-06-26T14:00:00,Nuwara Eliya,14.14,86.14,3.45,12.84
2026-06-26T15:00:00,Nuwara Eliya,14.54,84.49,6.23,12.73
2026-06-26T16:00:00,Nuwara Eliya,19.11,77.15,0.0,12.55
2026-06-26T17:00:00,Nuwara Eliya,16.24,78.35,0.2,14.5
2026-06-26T18:00:00,Nuwara Eliya,15.29,83.25,0.66,15.17
2026-06-26T19:00:00,Nuwara Eliya,16.67,85.58,0.0,11.62
2026-06-26T20:00:00,Nuwara Eliya,17.51,76.5,0.0,13.39
2026-06-26T21:00:00,Nuwara Eliya,18.21,81.0,0.0,5.2
2026-06-26T22:00:00,Nuwara Eliya,20.3,80.01,2.44,14.91
2026-06-26T23:00:00,Nuwara Eliya,16.07,81.78,0.67,5.9
2026-06-26T00:00:00,Kandy,23.33,72.17,0.0,11.84
2026-06-26T01:00:00,Kandy,22.21,73.14,0.99,17.02
2026-06-26T02:00:00,Kandy,21.91,71.91,0.0,22.05
2026-06-26T03:00:00,Kandy,24.6,78.94,0.31,12.55
2026-06-26T04:00:00,Kandy,18,79.75,0.49,13.98
2026-06-26T05:00:00,Kandy,23.31,73.19,0.0,11.87
2026-06-26T06:00:00,Kandy,20.16,81.24,0.67,11.74
2026-06-26T07:00:00,Kandy,21.61,81.18,0.47,6.6
2026-06-26T08:00:00,Kandy,20.08,79.02,0.0,15.28
2026-06-26T09:00:00,Kandy,19.22,76.58,0.84,18.68
2026-06-26T10:00:00,Kandy,19.5,75.24,0.0,12.62
2026-06-26T11:00:00,Kandy,19.66,80.02,2.46,9.94
2026-06-26T12:00:00,Kandy,18.1,75.3,2.02,13.19
2026-06-26T13:00:00,Kandy,21.49,66.21,0.0,15.92
2026-06-26T14:00:00,Kandy,23.62,64.29,0.17,15.13
2026-06-26T15:00:00,Kandy,21.25,66.02,0.0,13.87
2026-06-26T16:00:00,Kandy,26.95,60.77,0.0,8.17
2026-06-26T17:00:00,Kandy,23.23,69.89,0.0,17.05
2026-06-26T18:00:00,Kandy,21.55,70.3,0.0,16.77
2026-06-26T19:00:00,Kandy,22.46,67.28,0.0,13.94
2026-06-26T20:00:00,Kandy,22.9,71.93,0.0,11.12
2026-06-26T21:00:00,Kandy,24.52,71.67,0.52,18.14
2026-06-26T22:00:00,Kandy,24.64,70.12,0.0,18.53
2026-06-26T23:00:00,Kandy,21.27,70.38,0.0,15.91
2026-06-26T00:00:00,Ratnapura,26.3,79.16,0.0,13.08
2026-06-26T01:00:00,Ratnapura,29.03,71.97,0.0,11.77
2026-06-26T02:00:00,Ratnapura,29.74,76.66,0.0,7.09
2026-06-26T03:00:00,Ratnapura,29.11,81.83,0.0,14.14
2026-06-26T04:00:00,Ratnapura,29.08,84.74,0.2,10.39
2026-06-26T05:00:00,Ratnapura,24.82,98,9.91,21.45
2026-06-26T06:00:00,Ratnapura,23.96,80.74,0.13,8.47
2026-06-26T07:00:00,Ratnapura,29.67,91.62,1.91,11.81
2026-06-26T08:00:00,Ratnapura,25.31,95.02,4.99,19.62
2026-06-26T09:00:00,Ratnapura,25.62,80.52,1.49,8.16
2026-06-26T10:00:00,Ratnapura,28.06,79.39,0.02,8.39
2026-06-26T11:00:00,Ratnapura,25.47,79.24,0.0,16.56
2026-06-26T12:00:00,Ratnapura,27.61,80.65,4.75,6.24
2026-06-26T13:00:00,Ratnapura,26.95,69.66,0.28,13.6
2026-06-26T14:00:00,Ratnapura,28.02,72.63,0.0,11.34
2026-06-26T15:00:00,Ratnapura,29.69,65,0.0,10.27
2026-06-26T16:00:00,Ratnapura,24.45,67.73,0.0,15.98
2026-06-26T17:00:00,Ratnapura,29.46,69.98,0.0,9.49
2026-06-26T18:00:00,Ratnapura,28.24,76.46,0.0,15.92
2026-06-26T19:00:00,Ratnapura,29.76,70.48,0.0,13.03
2026-06-26T20:00:00,Ratnapura,29.78,68.61,0.04,12.02
2026-06-26T21:00:00,Ratnapura,33.31,70.92,0.0,8.3
2026-06-26T22:00:00,Ratnapura,30.12,70.46,0.62,13.03
2026-06-26T23:00:00,Ratnapura,27.93,71.22,0.0,11.79
2026-06-27T00:00:00,Nuwara Eliya,21.61,80.27,0.0,11.52
2026-06-27T01:00:00,Nuwara Eliya,18.39,79.41,2.23,16.5
2026-06-27T02:00:00,Nuwara Eliya,14.03,95,9.51,15.8
2026-06-27T03:00:00,Nuwara Eliya,13.94,89.72,0.0,23.42
2026-06-27T04:00:00,Nuwara Eliya,15.92,88.99,0.09,19.12
2026-06-27T05:00:00,Nuwara Eliya,15.39,90.25,2.16,14.56
2026-06-27T06:00:00,Nuwara Eliya,15.19,85.72,2.02,14.3
2026-06-27T07:00:00,Nuwara Eliya,15.99,95,2.92,22.0
2026-06-27T08:00:00,Nuwara Eliya,14.28,92.69,2.03,14.83
2026-06-27T09:00:00,Nuwara Eliya,15.39,84.77,1.7,13.72
2026-06-27T10:00:00,Nuwara Eliya,11.28,84.98,2.95,14.4
2026-06-27T11:00:00,Nuwara Eliya,14.84,95,8.67,18.7
2026-06-27T12:00:00,Nuwara Eliya,14.99,79.72,0.0,16.02
2026-06-27T13:00:00,Nuwara Eliya,19.24,76.1,0.0,15.8
2026-06-27T14:00:00,Nuwara Eliya,17.73,79.32,0.0,8.51
2026-06-27T15:00:00,Nuwara Eliya,16.15,76.09,0.0,11.14
2026-06-27T16:00:00,Nuwara Eliya,15.75,77.73,0.0,10.64
2026-06-27T17:00:00,Nuwara Eliya,16.13,81.91,0.0,17.35
2026-06-27T18:00:00,Nuwara Eliya,16.64,77.93,0.0,21.8
2026-06-27T19:00:00,Nuwara Eliya,19.05,80.34,0.0,9.33
2026-06-27T20:00:00,Nuwara Eliya,19.64,80.83,0.0,19.42
2026-06-27T21:00:00,Nuwara Eliya,17.27,79.77,1.64,18.28
2026-06-27T22:00:00,Nuwara Eliya,16.53,72.99,0.37,13.61
2026-06-27T23:00:00,Nuwara Eliya,19.21,72.48,0.0,15.3
2026-06-27T00:00:00,Kandy,25.48,79.7,4.16,17.48
2026-06-27T01:00:00,Kandy,25.31,65.89,0.0,12.29
2026-06-27T02:00:00,Kandy,23.96,71.63,0.0,15.37
2026-06-27T03:00:00,Kandy,21.47,72.83,0.13,13.95
2026-06-27T04:00:00,Kandy,19.54,90,5.26,12.67
2026-06-27T05:00:00,Kandy,21.43,82.68,0.21,13.63
2026-06-27T06:00:00,Kandy,19.45,79.01,0.0,14.77
2026-06-27T07:00:00,Kandy,22.08,86.06,1.31,13.64
2026-06-27T08:00:00,Kandy,21.17,82.05,0.74,13.55
2026-06-27T09:00:00,Kandy,18.38,76.5,0.0,11.77
2026-06-27T10:00:00,Kandy,23.43,73.4,1.55,12.53
2026-06-27T11:00:00,Kandy,18.91,77.07,2.87,10.46
2026-06-27T12:00:00,Kandy,22.5,62.91,0.0,16.07
2026-06-27T13:00:00,Kandy,19.43,78.28,6.26,17.4
2026-06-27T14:00:00,Kandy,23.07,62.68,0.12,11.48
2026-06-27T15:00:00,Kandy,25.32,63.34,0.11,9.92
2026-06-27T16:00:00,Kandy,21.4,69.61,0.0,14.88
2026-06-27T17:00:00,Kandy,27.07,70.48,0.0,9.91
2026-06-27T18:00:00,Kandy,24.56,71.52,0.32,14.39
2026-06-27T19:00:00,Kandy,26.24,68.47,1.03,6.45
2026-06-27T20:00:00,Kandy,24.95,74.92,0.59,14.47
2026-06-27T21:00:00,Kandy,23.56,81.36,1.81,12.87
2026-06-27T22:00:00,Kandy,27.07,70.2,0.0,10.53
2026-06-27T23:00:00,Kandy,25.8,77.37,0.0,14.13
2026-06-27T00:00:00,Ratnapura,29.12,70.03,0.0,7.76
2026-06-27T01:00:00,Ratnapura,29.38,79.38,1.58,9.18
2026-06-27T02:00:00,Ratnapura,28.44,74.45,0.0,8.2
2026-06-27T03:00:00,Ratnapura,23.1,74.93,0.0,11.45
2026-06-27T04:00:00,Ratnapura,22.01,79.87,0.0,16.06
2026-06-27T05:00:00,Ratnapura,23.5,88.26,0.0,17.07
2026-06-27T06:00:00,Ratnapura,23.06,77.05,0.0,15.7
2026-06-27T07:00:00,Ratnapura,29.1,80.74,0.0,12.72
2026-06-27T08:00:00,Ratnapura,23.16,92.94,2.53,19.12
2026-06-27T09:00:00,Ratnapura,26.37,75.37,0.0,11.1
2026-06-27T10:00:00,Ratnapura,27.49,66.47,0.0,13.31
2026-06-27T11:00:00,Ratnapura,26.4,72.5,0.0,9.92
2026-06-27T12:00:00,Ratnapura,22,70.82,0.0,11.98
2026-06-27T13:00:00,Ratnapura,26.7,70.58,0.0,14.9
2026-06-27T14:00:00,Ratnapura,27.77,80.07,10.88,7.59
2026-06-27T15:00:00,Ratnapura,27.49,73.67,0.0,13.41
2026-06-27T16:00:00,Ratnapura,29.89,73.03,3.32,16.17
2026-06-27T17:00:00,Ratnapura,29.14,74.97,0.0,13.76
2026-06-27T18:00:00,Ratnapura,34.39,72.41,1.88,12.3
2026-06-27T19:00:00,Ratnapura,34.94,72.61,0.0,13.45
2026-06-27T20:00:00,Ratnapura,31.64,74.2,0.0,12.34
2026-06-27T21:00:00,Ratnapura,29.93,74.48,0.0,8.9
2026-06-27T22:00:00,Ratnapura,32.74,72.73,0.21,10.08
2026-06-27T23:00:00,Ratnapura,29.13,72.94,0.0,5.19
2026-06-28T00:00:00,Nuwara Eliya,13.16,86.45,0.0,13.16
2026-06-28T01:00:00,Nuwara Eliya,14.95,90.88,0.76,16.4
2026-06-28T02:00:00,Nuwara Eliya,14.42,95,4.95,21.41
2026-06-28T03:00:00,Nuwara Eliya,15.25,87.64,2.13,9.98
2026-06-28T04:00:00,Nuwara Eliya,19.75,95,3.75,18.24
2026-06-28T05:00:00,Nuwara Eliya,13.64,95,0.78,19.0
2026-06-28T06:00:00,Nuwara Eliya,14.78,94.07,0.0,16.3
2026-06-28T07:00:00,Nuwara Eliya,10,93.69,0.0,14.4
2026-06-28T08:00:00,Nuwara Eliya,13.98,93.01,0.26,19.79
2026-06-28T09:00:00,Nuwara Eliya,15.82,93.5,2.06,19.11
2026-06-28T10:00:00,Nuwara Eliya,12.19,82.71,0.0,16.51
2026-06-28T11:00:00,Nuwara Eliya,14.97,84.64,0.0,15.01
2026-06-28T12:00:00,Nuwara Eliya,13.16,83.71,1.12,13.39
2026-06-28T13:00:00,Nuwara Eliya,16.25,78.24,0.05,13.93
2026-06-28T14:00:00,Nuwara Eliya,14.54,69.73,0.0,5.84
2026-06-28T15:00:00,Nuwara Eliya,15.7,78.68,0.85,13.36
2026-06-28T16:00:00,Nuwara Eliya,17.84,77.44,0.68,11.0
2026-06-28T17:00:00,Nuwara Eliya,13.79,78.56,0.0,12.51
2026-06-28T18:00:00,Nuwara Eliya,17.48,87.38,0.74,11.82
2026-06-28T19:00:00,Nuwara Eliya,22.73,80.76,2.25,12.88
2026-06-28T20:00:00,Nuwara Eliya,22.93,79.82,0.0,17.55
2026-06-28T21:00:00,Nuwara Eliya,16.54,78.33,0.64,12.35
2026-06-28T22:00:00,Nuwara Eliya,18.32,77.06,2.2,11.6
2026-06-28T23:00:00,Nuwara Eliya,17.37,90.76,2.59,23.14
2026-06-28T00:00:00,Kandy,25.77,73.85,0.0,15.42
2026-06-28T01:00:00,Kandy,23.1,73.05,0.0,17.08
2026-06-28T02:00:00,Kandy,24.28,71.91,0.0,17.21
2026-06-28T03:00:00,Kandy,21.24,75.4,0.0,13.62
2026-06-28T04:00:00,Kandy,21.82,78.07,1.36,13.04
2026-06-28T05:00:00,Kandy,23.32,79.59,0.44,17.17
2026-06-28T06:00:00,Kandy,20.28,80.15,0.0,12.64
2026-06-28T07:00:00,Kandy,23.99,75.55,0.0,13.55
2026-06-28T08:00:00,Kandy,21.61,82.05,2.64,8.2
2026-06-28T09:00:00,Kandy,21.63,71.63,0.23,8.88
2026-06-28T10:00:00,Kandy,22.13,68.64,0.0,6.11
2026-06-28T11:00:00,Kandy,20.04,74.57,0.0,16.83
2026-06-28T12:00:00,Kandy,24.5,55,0.0,14.09
2026-06-28T13:00:00,Kandy,20.97,69.61,0.0,15.98
2026-06-28T14:00:00,Kandy,24.67,63.42,0.0,15.28
2026-06-28T15:00:00,Kandy,23.24,61.72,2.2,13.05
2026-06-28T16:00:00,Kandy,26.22,64.81,0.38,15.84
2026-06-28T17:00:00,Kandy,27.44,67.63,0.98,10.63
2026-06-28T18:00:00,Kandy,25.64,74.14,0.0,14.95
2026-06-28T19:00:00,Kandy,24.62,71.25,0.7,15.56
2026-06-28T20:00:00,Kandy,26.96,78.86,0.78,15.06
2026-06-28T21:00:00,Kandy,28.67,76.44,0.42,10.39
2026-06-28T22:00:00,Kandy,26.69,73.21,0.0,9.03
2026-06-28T23:00:00,Kandy,24.86,66.85,0.0,17.44
2026-06-28T00:00:00,Ratnapura,27.06,79.65,0.52,13.88
2026-06-28T01:00:00,Ratnapura,28.91,69.65,0.0,7.67
2026-06-28T02:00:00,Ratnapura,25.54,74.73,0.0,17.61
2026-06-28T03:00:00,Ratnapura,24.24,80.56,0.0,10.05
2026-06-28T04:00:00,Ratnapura,26.64,77.62,0.0,13.34
2026-06-28T05:00:00,Ratnapura,25.53,84.12,0.0,20.78
2026-06-28T06:00:00,Ratnapura,25.98,88.24,0.0,18.68
2026-06-28T07:00:00,Ratnapura,27.24,88.58,3.21,13.85
2026-06-28T08:00:00,Ratnapura,24.82,93.51,18.98,13.15
2026-06-28T09:00:00,Ratnapura,25.8,75.61,0.0,14.73
2026-06-28T10:00:00,Ratnapura,25.4,80.03,0.0,12.25
2026-06-28T11:00:00,Ratnapura,24.29,83.75,3.4,6.63
2026-06-28T12:00:00,Ratnapura,22,74.4,0.0,14.11
2026-06-28T13:00:00,Ratnapura,25.78,76.15,0.0,15.67
2026-06-28T14:00:00,Ratnapura,31.07,69.11,0.0,14.83
2026-06-28T15:00:00,Ratnapura,31.36,68.14,0.0,16.12
2026-06-28T16:00:00,Ratnapura,29.56,76.45,4.21,14.69
2026-06-28T17:00:00,Ratnapura,32.15,78.19,0.0,14.4
2026-06-28T18:00:00,Ratnapura,30.29,73.9,0.0,6.53
2026-06-28T19:00:00,Ratnapura,28.12,77.21,0.0,14.55
2026-06-28T20:00:00,Ratnapura,31.25,80.0,4.44,14.03
2026-06-28T21:00:00,Ratnapura,31.33,66.85,0.0,13.02
2026-06-28T22:00:00,Ratnapura,32.19,75.52,0.0,10.58
2026-06-28T23:00:00,Ratnapura,32.3,68.69,0.0,9.69
2026-06-29T00:00:00,Nuwara Eliya,13.4,92.38,3.78,20.25
2026-06-29T01:00:00,Nuwara Eliya,18.07,75.63,1.33,9.15
2026-06-29T02:00:00,Nuwara Eliya,16.64,83.4,0.74,9.49
2026-06-29T03:00:00,Nuwara Eliya,16.94,81.98,0.0,12.59
2026-06-29T04:00:00,Nuwara Eliya,13.8,85.83,0.0,12.15
2026-06-29T05:00:00,Nuwara Eliya,11.52,93.76,0.0,16.81
2026-06-29T06:00:00,Nuwara Eliya,15.45,91.61,0.11,13.99
2026-06-29T07:00:00,Nuwara Eliya,14.83,95,2.61,19.96
2026-06-29T08:00:00,Nuwara Eliya,10,95,2.36,14.74
2026-06-29T09:00:00,Nuwara Eliya,13.37,80.67,0.34,11.55
2026-06-29T10:00:00,Nuwara Eliya,12.36,78.84,0.0,14.14
2026-06-29T11:00:00,Nuwara Eliya,15.19,88.32,0.02,15.94
2026-06-29T12:00:00,Nuwara Eliya,17.6,75.5,0.82,8.21
2026-06-29T13:00:00,Nuwara Eliya,14.01,94.94,6.42,21.15
2026-06-29T14:00:00,Nuwara Eliya,13.63,76.64,0.0,8.97
2026-06-29T15:00:00,Nuwara Eliya,15.13,81.49,2.34,8.3
2026-06-29T16:00:00,Nuwara Eliya,16.59,81.2,1.66,14.9
2026-06-29T17:00:00,Nuwara Eliya,16.03,92.28,3.07,22.19
2026-06-29T18:00:00,Nuwara Eliya,17.42,88.14,1.67,15.74
2026-06-29T19:00:00,Nuwara Eliya,21.07,79.13,0.64,18.87
2026-06-29T20:00:00,Nuwara Eliya,17.47,79.54,1.59,16.64
2026-06-29T21:00:00,Nuwara Eliya,18.5,78.32,0.54,18.61
2026-06-29T22:00:00,Nuwara Eliya,15.62,91.52,1.65,17.93
2026-06-29T23:00:00,Nuwara Eliya,17.15,86.26,1.11,10.99
2026-06-29T00:00:00,Kandy,21.61,69.06,1.47,6.34
2026-06-29T01:00:00,Kandy,24.76,72.69,0.47,14.98
2026-06-29T02:00:00,Kandy,20.05,75.61,1.22,14.27
2026-06-29T03:00:00,Kandy,21.29,76.86,0.0,21.95
2026-06-29T04:00:00,Kandy,18,83.05,0.71,8.96
2026-06-29T05:00:00,Kandy,22.76,75.76,0.1,10.2
2026-06-29T06:00:00,Kandy,20.58,81.96,1.66,9.89
2026-06-29T07:00:00,Kandy,21.49,77.84,1.89,19.15
2026-06-29T08:00:00,Kandy,19.23,90,2.26,19.73
2026-06-29T09:00:00,Kandy,21.41,69.59,0.0,13.68
2026-06-29T10:00:00,Kandy,20.93,76.78,0.0,16.0
2026-06-29T11:00:00,Kandy,21.7,72.93,1.72,21.58
2026-06-29T12:00:00,Kandy,22.17,63.53,0.71,12.48
2026-06-29T13:00:00,Kandy,21.72,56.28,0.0,12.77
2026-06-29T14:00:00,Kandy,23.45,59.41,0.0,10.07
2026-06-29T15:00:00,Kandy,26.09,66.14,0.0,9.16
2026-06-29T16:00:00,Kandy,24.55,68.89,0.0,13.67
2026-06-29T17:00:00,Kandy,28.36,76.09,3.72,16.79
2026-06-29T18:00:00,Kandy,22.78,71.49,0.57,10.12
2026-06-29T19:00:00,Kandy,25.51,65.53,0.15,11.96
2026-06-29T20:00:00,Kandy,24.77,67.7,0.0,11.86
2026-06-29T21:00:00,Kandy,22.97,69.04,0.37,12.36
2026-06-29T22:00:00,Kandy,25.71,67.37,0.0,6.4
2026-06-29T23:00:00,Kandy,27.09,68.12,0.0,6.95
2026-06-29T00:00:00,Ratnapura,27.79,71.13,0.0,13.11
2026-06-29T01:00:00,Ratnapura,31.55,79.22,0.49,4.22
2026-06-29T02:00:00,Ratnapura,28.93,76.05,0.0,13.16
2026-06-29T03:00:00,Ratnapura,23.5,74.94,1.14,15.16
2026-06-29T04:00:00,Ratnapura,26.36,87.2,0.0,15.18
2026-06-29T05:00:00,Ratnapura,25.74,83.87,0.0,17.61
2026-06-29T06:00:00,Ratnapura,25.68,86.69,0.89,16.75
2026-06-29T07:00:00,Ratnapura,22,90.33,1.86,20.93
2026-06-29T08:00:00,Ratnapura,22,95.26,5.65,21.65
2026-06-29T09:00:00,Ratnapura,24.3,76.6,0.0,14.5
2026-06-29T10:00:00,Ratnapura,23.68,84.76,0.23,12.84
2026-06-29T11:00:00,Ratnapura,26.92,70.53,0.0,13.4
2026-06-29T12:00:00,Ratnapura,27.85,65.89,0.0,13.3
2026-06-29T13:00:00,Ratnapura,25.53,76.07,0.0,16.85
2026-06-29T14:00:00,Ratnapura,28.78,68.74,0.0,10.1
2026-06-29T15:00:00,Ratnapura,30.91,67.03,0.0,13.85
2026-06-29T16:00:00,Ratnapura,30.14,68.77,0.0,10.7
2026-06-29T17:00:00,Ratnapura,28.43,76.87,0.0,13.22
2026-06-29T18:00:00,Ratnapura,31.43,78.07,4.08,13.02
2026-06-29T19:00:00,Ratnapura,28.82,69.98,0.0,11.51
2026-06-29T20:00:00,Ratnapura,33.28,72.6,0.0,10.73
2026-06-29T21:00:00,Ratnapura,31.86,65.42,0.0,9.83
2026-06-29T22:00:00,Ratnapura,34.06,70.98,0.0,18.84
2026-06-29T23:00:00,Ratnapura,32.91,68.96,0.0,12.33
2026-06-30T00:00:00,Nuwara Eliya,15.31,78.6,0.23,17.74
2026-06-30T01:00:00,Nuwara Eliya,19.97,92.34,10.48,17.96
2026-06-30T02:00:00,Nuwara Eliya,14.86,81.74,0.0,8.47
2026-06-30T03:00:00,Nuwara Eliya,14.6,80.72,3.19,8.3
2026-06-30T04:00:00,Nuwara Eliya,11.54,95,7.13,12.18
2026-06-30T05:00:00,Nuwara Eliya,11.26,95,3.94,11.47
2026-06-30T06:00:00,Nuwara Eliya,14.96,94.35,5.36,16.2
2026-06-30T07:00:00,Nuwara Eliya,11.58,94.94,1.22,10.52
2026-06-30T08:00:00,Nuwara Eliya,10,95,0.0,14.22
2026-06-30T09:00:00,Nuwara Eliya,15.57,85.22,0.88,8.7
2026-06-30T10:00:00,Nuwara Eliya,10.57,91.4,0.0,15.89
2026-06-30T11:00:00,Nuwara Eliya,15.91,82.16,2.15,12.89
2026-06-30T12:00:00,Nuwara Eliya,16.23,63.65,0.51,7.27
2026-06-30T13:00:00,Nuwara Eliya,15.1,84.93,2.28,11.13
2026-06-30T14:00:00,Nuwara Eliya,17.45,72.94,0.0,12.48
2026-06-30T15:00:00,Nuwara Eliya,16.96,70.88,0.89,14.75
2026-06-30T16:00:00,Nuwara Eliya,21.28,69.67,0.0,12.08
2026-06-30T17:00:00,Nuwara Eliya,18.8,79.97,0.0,11.37
2026-06-30T18:00:00,Nuwara Eliya,19.88,78.76,1.68,13.91
2026-06-30T19:00:00,Nuwara Eliya,15.3,86.48,1.73,12.79
2026-06-30T20:00:00,Nuwara Eliya,20.51,79.41,0.0,13.33
2026-06-30T21:00:00,Nuwara Eliya,16.04,95,6.49,15.68
2026-06-30T22:00:00,Nuwara Eliya,19.68,80.73,0.0,10.09
2026-06-30T23:00:00,Nuwara Eliya,20.78,81.41,0.0,17.2
2026-06-30T00:00:00,Kandy,27.17,60.82,0.0,7.32
2026-06-30T01:00:00,Kandy,18.1,84.76,5.84,14.66
2026-06-30T02:00:00,Kandy,24.14,73.61,0.0,8.89
2026-06-30T03:00:00,Kandy,27.14,73.32,0.0,12.67
2026-06-30T04:00:00,Kandy,24.27,84.06,2.01,14.3
2026-06-30T05:00:00,Kandy,22.55,76.32,1.31,15.07
2026-06-30T06:00:00,Kandy,22.93,82.89,0.49,13.58
2026-06-30T07:00:00,Kandy,19.16,81.95,1.88,12.76
2026-06-30T08:00:00,Kandy,18,82.89,2.27,15.61
2026-06-30T09:00:00,Kandy,24.08,74.5,0.0,7.93
2026-06-30T10:00:00,Kandy,25.94,70.2,0.0,14.34
2026-06-30T11:00:00,Kandy,21.38,71.07,0.0,11.65
2026-06-30T12:00:00,Kandy,23.11,65.92,0.0,12.46
2026-06-30T13:00:00,Kandy,24.09,65.94,0.0,19.08
2026-06-30T14:00:00,Kandy,21.17,63.02,0.0,13.56
2026-06-30T15:00:00,Kandy,27.99,62.31,0.0,11.96
2026-06-30T16:00:00,Kandy,23.18,69.13,0.0,3.56
2026-06-30T17:00:00,Kandy,23.77,74.43,0.0,14.09
2026-06-30T18:00:00,Kandy,25.88,65.61,0.0,13.54
2026-06-30T19:00:00,Kandy,22.63,81.73,1.3,13.9
2026-06-30T20:00:00,Kandy,25.24,66.43,0.0,14.78
2026-06-30T21:00:00,Kandy,27.39,69.67,0.0,6.75
2026-06-30T22:00:00,Kandy,20.6,72.85,0.0,10.37
2026-06-30T23:00:00,Kandy,20.27,73.5,2.69,9.31
2026-06-30T00:00:00,Ratnapura,31.6,74.42,0.0,13.87
2026-06-30T01:00:00,Ratnapura,23.42,82.21,1.9,9.47
2026-06-30T02:00:00,Ratnapura,27.68,81.88,1.33,4.33
2026-06-30T03:00:00,Ratnapura,23.26,81.66,0.0,16.78
2026-06-30T04:00:00,Ratnapura,26.3,90.05,3.33,12.68
2026-06-30T05:00:00,Ratnapura,26.47,76.98,0.0,13.52
2026-06-30T06:00:00,Ratnapura,27.6,73.79,0.0,15.45
2026-06-30T07:00:00,Ratnapura,25.28,87.67,0.0,20.32
2026-06-30T08:00:00,Ratnapura,24.91,90.29,0.0,19.8
2026-06-30T09:00:00,Ratnapura,26.29,83.43,0.42,10.22
2026-06-30T10:00:00,Ratnapura,25.22,98,10.8,17.55
2026-06-30T11:00:00,Ratnapura,24.93,84.15,2.53,13.5
2026-06-30T12:00:00,Ratnapura,24.89,65.51,0.0,14.78
2026-06-30T13:00:00,Ratnapura,29.81,66.26,0.0,13.99
2026-06-30T14:00:00,Ratnapura,26.72,71.56,0.0,10.94
2026-06-30T15:00:00,Ratnapura,29.21,72.56,0.0,12.54
2026-06-30T16:00:00,Ratnapura,29.12,72.64,0.0,11.02
2026-06-30T17:00:00,Ratnapura,29.26,79.86,0.0,17.38
2026-06-30T18:00:00,Ratnapura,28.89,70.52,0.0,8.1
2026-06-30T19:00:00,Ratnapura,30.44,66.21,0.0,12.46
2026-06-30T20:00:00,Ratnapura,33.63,69.13,0.0,12.85
2026-06-30T21:00:00,Ratnapura,32.5,73.88,0.0,17.71
2026-06-30T22:00:00,Ratnapura,30.34,72.24,0.0,17.12
2026-06-30T23:00:00,Ratnapura,30.83,77.55,0.0,12.37
2026-07-01T00:00:00,Nuwara Eliya,15.07,90.74,2.05,14.71
2026-07-01T01:00:00,Nuwara Eliya,16.05,79.52,0.0,18.17
2026-07-01T02:00:00,Nuwara Eliya,12.17,90.12,2.66,14.65
2026-07-01T03:00:00,Nuwara Eliya,12.85,80.13,0.0,13.2
2026-07-01T04:00:00,Nuwara Eliya,16.19,87.79,0.0,11.92
2026-07-01T05:00:00,Nuwara Eliya,13.13,89.25,0.14,13.11
2026-07-01T06:00:00,Nuwara Eliya,13.91,95,6.7,19.99
2026-07-01T07:00:00,Nuwara Eliya,10.4,95,0.53,12.74
2026-07-01T08:00:00,Nuwara Eliya,13.09,87.47,0.0,9.24
2026-07-01T09:00:00,Nuwara Eliya,14.62,84.56,0.0,20.04
2026-07-01T10:00:00,Nuwara Eliya,10,84.49,0.23,11.96
2026-07-01T11:00:00,Nuwara Eliya,11.6,89.74,3.01,7.69
2026-07-01T12:00:00,Nuwara Eliya,16.11,93.81,7.27,24.47
2026-07-01T13:00:00,Nuwara Eliya,15.27,78.6,1.97,12.88
2026-07-01T14:00:00,Nuwara Eliya,18.53,77.35,2.6,14.83
2026-07-01T15:00:00,Nuwara Eliya,14.8,80.62,0.0,9.87
2026-07-01T16:00:00,Nuwara Eliya,18.75,69.43,0.0,5.06
2026-07-01T17:00:00,Nuwara Eliya,17.83,84.71,0.0,16.38
2026-07-01T18:00:00,Nuwara Eliya,15.48,85.69,0.0,16.05
2026-07-01T19:00:00,Nuwara Eliya,17.78,82.74,2.56,11.21
2026-07-01T20:00:00,Nuwara Eliya,22.21,76.37,0.77,16.99
2026-07-01T21:00:00,Nuwara Eliya,17.57,80.47,2.74,15.87
2026-07-01T22:00:00,Nuwara Eliya,19.03,76.46,0.0,13.86
2026-07-01T23:00:00,Nuwara Eliya,14.13,95,11.25,24.42
2026-07-01T00:00:00,Kandy,23.26,80.29,4.51,12.0
2026-07-01T01:00:00,Kandy,22.28,73.71,0.0,12.64
2026-07-01T02:00:00,Kandy,21.1,79.77,1.98,18.49
2026-07-01T03:00:00,Kandy,22.24,64.04,0.0,10.03
2026-07-01T04:00:00,Kandy,21.11,82.55,0.6,8.71
2026-07-01T05:00:00,Kandy,20.68,76.41,2.22,14.84
2026-07-01T06:00:00,Kandy,18.87,77.44,0.28,14.61
2026-07-01T07:00:00,Kandy,18.97,81.48,1.95,15.28
2026-07-01T08:00:00,Kandy,24.08,75.05,0.0,10.02
2026-07-01T09:00:00,Kandy,21.14,81.55,0.0,8.95
2026-07-01T10:00:00,Kandy,21.73,77.34,0.0,20.15
2026-07-01T11:00:00,Kandy,21.74,70.2,0.0,15.21
2026-07-01T12:00:00,Kandy,20.93,71.42,0.0,18.14
2026-07-01T13:00:00,Kandy,25.16,63.5,0.0,13.49
2026-07-01T14:00:00,Kandy,24.82,60.01,0.34,12.0
2026-07-01T15:00:00,Kandy,24.0,65.24,2.86,11.72
2026-07-01T16:00:00,Kandy,18.62,59.91,0.0,9.96
2026-07-01T17:00:00,Kandy,26.11,65.91,0.0,7.33
2026-07-01T18:00:00,Kandy,27.81,64.16,0.01,13.36
2026-07-01T19:00:00,Kandy,25.23,71.98,0.0,22.04
2026-07-01T20:00:00,Kandy,21.83,77.14,1.18,11.13
2026-07-01T21:00:00,Kandy,25.58,69.85,0.23,12.96
2026-07-01T22:00:00,Kandy,24.78,71.51,0.0,14.34
2026-07-01T23:00:00,Kandy,24.75,72.74,1.9,14.01
2026-07-01T00:00:00,Ratnapura,30.65,76.85,0.0,14.51
2026-07-01T01:00:00,Ratnapura,29.76,70.94,0.0,16.07
2026-07-01T02:00:00,Ratnapura,26.16,70.9,0.0,14.61
2026-07-01T03:00:00,Ratnapura,28.88,67.6,0.0,9.91
2026-07-01T04:00:00,Ratnapura,25.44,77.15,0.0,14.04
2026-07-01T05:00:00,Ratnapura,23.91,92.37,2.32,21.2
2026-07-01T06:00:00,Ratnapura,28.21,87.21,3.71,5.54
2026-07-01T07:00:00,Ratnapura,22.18,89.03,0.0,14.49
2026-07-01T08:00:00,Ratnapura,26.23,89.79,3.82,6.58
2026-07-01T09:00:00,Ratnapura,28.22,72.1,0.0,7.98
2026-07-01T10:00:00,Ratnapura,24.47,78.23,0.0,16.8
2026-07-01T11:00:00,Ratnapura,24.1,84.59,2.07,12.04
2026-07-01T12:00:00,Ratnapura,24.89,65,0.0,14.1
2026-07-01T13:00:00,Ratnapura,26.89,74.64,3.96,18.14
2026-07-01T14:00:00,Ratnapura,26.6,71.89,0.0,5.97
2026-07-01T15:00:00,Ratnapura,26.32,75.98,1.42,5.62
2026-07-01T16:00:00,Ratnapura,28.31,71.12,0.17,11.98
2026-07-01T17:00:00,Ratnapura,31.95,70.09,0.0,12.12
2026-07-01T18:00:00,Ratnapura,26.36,72.38,2.08,7.99
2026-07-01T19:00:00,Ratnapura,30.95,72.87,0.0,10.88
2026-07-01T20:00:00,Ratnapura,31.54,75.65,0.0,10.0
2026-07-01T21:00:00,Ratnapura,32.82,67.79,1.94,6.41
2026-07-01T22:00:00,Ratnapura,32.41,68.31,0.0,10.01
2026-07-01T23:00:00,Ratnapura,30.93,69.52,0.0,13.07
2026-07-02T00:00:00,Nuwara Eliya,18.14,84.02,0.22,8.81
2026-07-02T01:00:00,Nuwara Eliya,19.7,77.29,0.68,21.36
2026-07-02T02:00:00,Nuwara Eliya,13.26,82.27,0.0,10.48
2026-07-02T03:00:00,Nuwara Eliya,18.2,79.86,0.5,8.58
2026-07-02T04:00:00,Nuwara Eliya,14.29,95,3.01,13.91
2026-07-02T05:00:00,Nuwara Eliya,11.8,87.91,1.26,13.79
2026-07-02T06:00:00,Nuwara Eliya,12.78,95,0.76,17.79
2026-07-02T07:00:00,Nuwara Eliya,11.25,94.47,0.34,16.17
2026-07-02T08:00:00,Nuwara Eliya,13.59,95,0.81,21.22
2026-07-02T09:00:00,Nuwara Eliya,11.92,94.76,2.27,18.36
2026-07-02T10:00:00,Nuwara Eliya,12.88,88.19,1.08,15.29
2026-07-02T11:00:00,Nuwara Eliya,15.7,86.22,4.49,9.04
2026-07-02T12:00:00,Nuwara Eliya,14.29,80.13,2.05,9.81
2026-07-02T13:00:00,Nuwara Eliya,12.81,78.22,1.61,10.15
2026-07-02T14:00:00,Nuwara Eliya,18.11,78.52,0.0,17.46
2026-07-02T15:00:00,Nuwara Eliya,16.09,79.0,3.28,11.09
2026-07-02T16:00:00,Nuwara Eliya,18.15,79.95,2.3,14.7
2026-07-02T17:00:00,Nuwara Eliya,17.38,75.48,0.0,10.9
2026-07-02T18:00:00,Nuwara Eliya,14.59,95,6.41,20.43
2026-07-02T19:00:00,Nuwara Eliya,16.37,84.4,2.31,12.34
2026-07-02T20:00:00,Nuwara Eliya,17.7,82.83,0.21,12.08
2026-07-02T21:00:00,Nuwara Eliya,18.06,79.52,0.83,16.76
2026-07-02T22:00:00,Nuwara Eliya,19.32,95,5.96,15.88
2026-07-02T23:00:00,Nuwara Eliya,23.62,72.35,0.0,15.12
2026-07-02T00:00:00,Kandy,24.96,74.66,0.0,16.48
2026-07-02T01:00:00,Kandy,26.57,61.12,0.0,13.44
2026-07-02T02:00:00,Kandy,24.43,66.0,0.5,7.95
2026-07-02T03:00:00,Kandy,21.53,75.23,0.0,11.0
2026-07-02T04:00:00,Kandy,20.91,78.2,0.0,17.82
2026-07-02T05:00:00,Kandy,23.26,73.11,0.0,15.7
2026-07-02T06:00:00,Kandy,23.37,79.59,0.0,14.11
2026-07-02T07:00:00,Kandy,22.67,81.32,0.0,12.03
2026-07-02T08:00:00,Kandy,19.5,87.94,0.98,19.48
2026-07-02T09:00:00,Kandy,20.67,76.34,1.21,9.51
2026-07-02T10:00:00,Kandy,20.36,81.93,3.64,9.85
2026-07-02T11:00:00,Kandy,22.93,73.26,0.0,14.47
2026-07-02T12:00:00,Kandy,19.31,69.43,0.0,6.37
2026-07-02T13:00:00,Kandy,21.31,75.53,1.91,14.08
2026-07-02T14:00:00,Kandy,21.72,67.12,0.9,16.14
2026-07-02T15:00:00,Kandy,23.73,66.57,3.06,14.8
2026-07-02T16:00:00,Kandy,23.93,66.29,0.0,16.62
2026-07-02T17:00:00,Kandy,27.25,66.39,1.14,9.2
2026-07-02T18:00:00,Kandy,23.19,71.45,0.05,13.42
2026-07-02T19:00:00,Kandy,26.26,69.84,0.0,11.91
2026-07-02T20:00:00,Kandy,27.38,67.58,0.0,13.04
2026-07-02T21:00:00,Kandy,22.4,66.87,1.32,9.34
2026-07-02T22:00:00,Kandy,24.37,78.35,5.85,15.92
2026-07-02T23:00:00,Kandy,24.03,70.6,0.0,7.94
2026-07-02T00:00:00,Ratnapura,32.03,74.14,0.0,14.38
2026-07-02T01:00:00,Ratnapura,31.67,65,0.0,9.71
2026-07-02T02:00:00,Ratnapura,30.88,76.44,0.0,9.5
2026-07-02T03:00:00,Ratnapura,27.2,97.26,14.37,17.93
2026-07-02T04:00:00,Ratnapura,29.15,81.48,0.0,8.08
2026-07-02T05:00:00,Ratnapura,27.67,77.15,0.0,14.45
2026-07-02T06:00:00,Ratnapura,28.25,82.69,0.0,14.45
2026-07-02T07:00:00,Ratnapura,23.65,87.49,1.95,18.84
2026-07-02T08:00:00,Ratnapura,24.32,91.2,1.35,17.23
2026-07-02T09:00:00,Ratnapura,24.95,82.17,0.93,18.35
2026-07-02T10:00:00,Ratnapura,28.32,67.29,0.0,6.88
2026-07-02T11:00:00,Ratnapura,28.05,83.16,2.98,9.23
2026-07-02T12:00:00,Ratnapura,22,77.43,0.0,16.44
2026-07-02T13:00:00,Ratnapura,23.54,72.59,0.0,14.94
2026-07-02T14:00:00,Ratnapura,29.11,74.42,0.0,12.87
2026-07-02T15:00:00,Ratnapura,28.16,76.91,0.0,9.26
2026-07-02T16:00:00,Ratnapura,29.95,66.67,0.0,6.88
2026-07-02T17:00:00,Ratnapura,26.69,74.11,0.0,11.7
2026-07-02T18:00:00,Ratnapura,34.76,69.2,0.0,8.0
2026-07-02T19:00:00,Ratnapura,27.26,68.45,0.0,9.32
2026-07-02T20:00:00,Ratnapura,34.16,72.95,0.0,11.64
2026-07-02T21:00:00,Ratnapura,33.07,78.36,5.09,15.83
2026-07-02T22:00:00,Ratnapura,32.93,66.97,0.0,11.48
2026-07-02T23:00:00,Ratnapura,31.35,72.45,0.0,13.22
2026-07-03T00:00:00,Nuwara Eliya,14.76,92.69,3.88,15.49
2026-07-03T01:00:00,Nuwara Eliya,18.59,86.13,2.19,15.29
2026-07-03T02:00:00,Nuwara Eliya,17.82,81.74,0.0,7.83
2026-07-03T03:00:00,Nuwara Eliya,10.89,87.48,4.53,17.89
2026-07-03T04:00:00,Nuwara Eliya,12.14,92.02,0.0,15.89
2026-07-03T05:00:00,Nuwara Eliya,11.45,95,5.47,13.71
2026-07-03T06:00:00,Nuwara Eliya,12.54,89.0,0.0,12.79
2026-07-03T07:00:00,Nuwara Eliya,11.7,95,2.86,19.58
2026-07-03T08:00:00,Nuwara Eliya,16.12,95,6.86,15.07
2026-07-03T09:00:00,Nuwara Eliya,13.79,89.14,0.0,12.89
2026-07-03T10:00:00,Nuwara Eliya,12.34,86.22,1.0,16.72
2026-07-03T11:00:00,Nuwara Eliya,15.55,87.56,0.14,15.1
2026-07-03T12:00:00,Nuwara Eliya,14.89,71.53,0.0,16.21
2026-07-03T13:00:00,Nuwara Eliya,15.66,78.41,0.0,16.79
2026-07-03T14:00:00,Nuwara Eliya,12.34,76.33,1.61,11.43
2026-07-03T15:00:00,Nuwara Eliya,13.17,66.2,0.63,10.87
2026-07-03T16:00:00,Nuwara Eliya,17.04,68.99,0.0,11.62
2026-07-03T17:00:00,Nuwara Eliya,19.18,80.94,3.72,9.87
2026-07-03T18:00:00,Nuwara Eliya,17.8,74.41,0.0,9.89
2026-07-03T19:00:00,Nuwara Eliya,22.46,78.79,0.0,16.06
2026-07-03T20:00:00,Nuwara Eliya,17.7,81.63,0.0,11.59
2026-07-03T21:00:00,Nuwara Eliya,18.33,83.16,1.41,11.97
2026-07-03T22:00:00,Nuwara Eliya,20.3,82.15,1.26,14.16
2026-07-03T23:00:00,Nuwara Eliya,19.05,80.03,0.45,12.18
2026-07-03T00:00:00,Kandy,22.35,67.17,2.11,10.72
2026-07-03T01:00:00,Kandy,23.57,65.15,0.45,11.18
2026-07-03T02:00:00,Kandy,21.28,71.54,0.0,7.86
2026-07-03T03:00:00,Kandy,19.92,73.27,0.12,17.31
2026-07-03T04:00:00,Kandy,25.32,68.9,0.0,8.59
2026-07-03T05:00:00,Kandy,18,77.5,0.0,11.53
2026-07-03T06:00:00,Kandy,21.43,74.05,0.0,17.17
2026-07-03T07:00:00,Kandy,18,83.68,0.56,12.09
2026-07-03T08:00:00,Kandy,19.76,87.27,1.62,17.97
2026-07-03T09:00:00,Kandy,20.16,73.2,1.74,14.02
2026-07-03T10:00:00,Kandy,20.28,72.47,0.0,14.55
2026-07-03T11:00:00,Kandy,23.97,69.11,2.68,10.15
2026-07-03T12:00:00,Kandy,22.28,65.83,0.79,9.34
2026-07-03T13:00:00,Kandy,20.83,70.27,0.0,14.43
2026-07-03T14:00:00,Kandy,25.56,61.47,0.0,16.5
2026-07-03T15:00:00,Kandy,21.03,64.05,0.52,14.94
2026-07-03T16:00:00,Kandy,26.52,57.38,0.0,8.62
2026-07-03T17:00:00,Kandy,24.06,70.3,0.0,13.77
2026-07-03T18:00:00,Kandy,25.51,64.77,0.0,18.04
2026-07-03T19:00:00,Kandy,23.06,74.47,2.29,16.52
2026-07-03T20:00:00,Kandy,26.04,70.85,0.0,10.73
2026-07-03T21:00:00,Kandy,26.51,73.37,0.0,7.3
2026-07-03T22:00:00,Kandy,25.86,68.5,0.0,12.69
2026-07-03T23:00:00,Kandy,23.26,71.17,0.0,14.15
2026-07-03T00:00:00,Ratnapura,28.48,77.33,0.5,14.55
2026-07-03T01:00:00,Ratnapura,32.26,76.31,0.0,10.06
2026-07-03T02:00:00,Ratnapura,26.0,73.79,0.0,13.46
2026-07-03T03:00:00,Ratnapura,28.22,78.15,0.0,13.97
2026-07-03T04:00:00,Ratnapura,28.83,75.82,0.0,11.33
2026-07-03T05:00:00,Ratnapura,25.34,84.02,0.0,14.59
2026-07-03T06:00:00,Ratnapura,23.02,97.19,4.96,21.4
2026-07-03T07:00:00,Ratnapura,25.97,86.87,0.0,14.97
2026-07-03T08:00:00,Ratnapura,25.07,71.43,0.0,17.74
2026-07-03T09:00:00,Ratnapura,23.79,92.34,4.01,21.57
2026-07-03T10:00:00,Ratnapura,25.98,77.71,0.0,21.04
2026-07-03T11:00:00,Ratnapura,24.45,77.26,2.13,17.69
2026-07-03T12:00:00,Ratnapura,28.93,65,0.0,8.66
2026-07-03T13:00:00,Ratnapura,27.0,72.65,0.0,13.71
2026-07-03T14:00:00,Ratnapura,28.02,65,0.0,14.38
2026-07-03T15:00:00,Ratnapura,29.37,65,0.0,12.06
2026-07-03T16:00:00,Ratnapura,27.54,70.18,0.0,12.37
2026-07-03T17:00:00,Ratnapura,30.83,76.52,0.0,16.7
2026-07-03T18:00:00,Ratnapura,27.36,74.78,0.0,3.26
2026-07-03T19:00:00,Ratnapura,29.75,77.5,0.0,14.26
2026-07-03T20:00:00,Ratnapura,31.5,69.91,0.83,6.9
2026-07-03T21:00:00,Ratnapura,30.4,69.6,0.0,9.31
2026-07-03T22:00:00,Ratnapura,30.97,71.52,0.0,7.77
2026-07-03T23:00:00,Ratnapura,33.72,68.34,0.0,13.04
2026-07-04T00:00:00,Nuwara Eliya,18.73,84.98,0.0,14.64
2026-07-04T01:00:00,Nuwara Eliya,16.66,79.03,0.0,14.43
2026-07-04T02:00:00,Nuwara Eliya,14.47,83.48,0.0,12.07
2026-07-04T03:00:00,Nuwara Eliya,17.22,80.53,0.0,7.52
2026-07-04T04:00:00,Nuwara Eliya,13.56,95,1.18,14.55
2026-07-04T05:00:00,Nuwara Eliya,12.69,95,8.7,16.93
2026-07-04T06:00:00,Nuwara Eliya,10,95,2.68,17.0
2026-07-04T07:00:00,Nuwara Eliya,11.48,95,2.81,17.38
2026-07-04T08:00:00,Nuwara Eliya,12.63,90.8,0.0,19.26
2026-07-04T09:00:00,Nuwara Eliya,13.93,95,3.79,15.21
2026-07-04T10:00:00,Nuwara Eliya,13.76,84.98,1.85,12.47
2026-07-04T11:00:00,Nuwara Eliya,15.7,94.97,10.48,22.55
2026-07-04T12:00:00,Nuwara Eliya,15.53,80.2,1.25,13.06
2026-07-04T13:00:00,Nuwara Eliya,15.57,69.73,0.0,6.68
2026-07-04T14:00:00,Nuwara Eliya,14.38,88.8,4.93,12.21
2026-07-04T15:00:00,Nuwara Eliya,15.28,87.59,1.76,19.58
2026-07-04T16:00:00,Nuwara Eliya,19.92,65.93,0.0,15.12
2026-07-04T17:00:00,Nuwara Eliya,20.05,73.78,0.0,13.52
2026-07-04T18:00:00,Nuwara Eliya,20.6,79.12,0.0,17.05
2026-07-04T19:00:00,Nuwara Eliya,18.54,95,4.62,20.18
2026-07-04T20:00:00,Nuwara Eliya,16.89,85.56,5.06,13.46
2026-07-04T21:00:00,Nuwara Eliya,17.19,76.92,0.0,14.21
2026-07-04T22:00:00,Nuwara Eliya,18.93,82.37,0.98,10.41
2026-07-04T23:00:00,Nuwara Eliya,18.89,87.2,5.54,11.5
2026-07-04T00:00:00,Kandy,26.26,64.7,0.99,12.67
2026-07-04T01:00:00,Kandy,25.39,73.97,0.56,12.25
2026-07-04T02:00:00,Kandy,24.74,70.57,0.33,13.59
2026-07-04T03:00:00,Kandy,23.42,76.08,0.69,8.31
2026-07-04T04:00:00,Kandy,24.35,76.83,0.0,14.91
2026-07-04T05:00:00,Kandy,20.5,77.15,0.0,12.36
2026-07-04T06:00:00,Kandy,21.19,81.56,0.0,11.9
2026-07-04T07:00:00,Kandy,21.43,81.31,0.0,13.06
2026-07-04T08:00:00,Kandy,19.87,73.41,0.26,9.32
2026-07-04T09:00:00,Kandy,18,74.51,0.0,13.07
2026-07-04T10:00:00,Kandy,21.41,69.29,0.0,11.2
2026-07-04T11:00:00,Kandy,22.87,77.17,1.46,17.93
2026-07-04T12:00:00,Kandy,22.33,60.21,0.0,10.63
2026-07-04T13:00:00,Kandy,21.72,62.86,0.0,9.6
2026-07-04T14:00:00,Kandy,23.15,65.54,2.44,12.48
2026-07-04T15:00:00,Kandy,25.07,67.86,0.0,13.95
2026-07-04T16:00:00,Kandy,27.56,67.28,3.2,6.94
2026-07-04T17:00:00,Kandy,26.35,69.77,0.0,7.37
2026-07-04T18:00:00,Kandy,30,75.19,0.0,12.59
2026-07-04T19:00:00,Kandy,26.85,64.83,0.11,10.92
2026-07-04T20:00:00,Kandy,23.42,71.08,0.92,9.2
2026-07-04T21:00:00,Kandy,26.4,68.86,0.0,7.94
2026-07-04T22:00:00,Kandy,23.31,69.91,0.0,15.03
2026-07-04T23:00:00,Kandy,20.73,73.99,0.0,15.77
2026-07-04T00:00:00,Ratnapura,31.19,65.71,0.0,13.07
2026-07-04T01:00:00,Ratnapura,32.03,71.61,0.0,10.02
2026-07-04T02:00:00,Ratnapura,30.52,67.28,0.83,11.49
2026-07-04T03:00:00,Ratnapura,25.76,90.79,4.47,22.03
2026-07-04T04:00:00,Ratnapura,23.97,90.89,0.0,18.62
2026-07-04T05:00:00,Ratnapura,27.74,84.71,0.0,9.47
2026-07-04T06:00:00,Ratnapura,27.51,84.89,0.35,8.61
2026-07-04T07:00:00,Ratnapura,25.63,85.01,1.59,9.54
2026-07-04T08:00:00,Ratnapura,25.86,89.85,0.0,15.4
2026-07-04T09:00:00,Ratnapura,26.36,76.64,0.0,13.09
2026-07-04T10:00:00,Ratnapura,23.66,85.0,0.0,12.31
2026-07-04T11:00:00,Ratnapura,24.28,74.54,1.04,12.1
2026-07-04T12:00:00,Ratnapura,27.33,74.16,0.0,10.71
2026-07-04T13:00:00,Ratnapura,29.54,77.31,4.07,13.43
2026-07-04T14:00:00,Ratnapura,31.6,66.36,0.0,16.82
2026-07-04T15:00:00,Ratnapura,28.96,67.75,0.0,11.0
2026-07-04T16:00:00,Ratnapura,31.41,75.46,0.0,13.49
2026-07-04T17:00:00,Ratnapura,30.0,77.65,0.0,14.56
2026-07-04T18:00:00,Ratnapura,31.16,70.72,0.0,17.24
2026-07-04T19:00:00,Ratnapura,32.54,67.22,0.0,9.28
2026-07-04T20:00:00,Ratnapura,32.37,79.69,0.71,12.52
2026-07-04T21:00:00,Ratnapura,28.12,76.39,0.0,8.48
2026-07-04T22:00:00,Ratnapura,32.03,72.6,0.0,11.37
2026-07-04T23:00:00,Ratnapura,32.74,76.42,0.72,14.28
2026-07-05T00:00:00,Nuwara Eliya,14.45,80.59,0.42,11.48
2026-07-05T01:00:00,Nuwara Eliya,19.72,74.32,0.0,15.3
2026-07-05T02:00:00,Nuwara Eliya,16.59,84.18,0.0,16.02
2026-07-05T03:00:00,Nuwara Eliya,13.4,81.79,0.14,11.83
2026-07-05T04:00:00,Nuwara Eliya,10,95,0.0,11.66
2026-07-05T05:00:00,Nuwara Eliya,10.86,90.72,0.0,16.24
2026-07-05T06:00:00,Nuwara Eliya,16.05,90.16,0.0,13.65
2026-07-05T07:00:00,Nuwara Eliya,13.01,91.29,2.06,16.6
2026-07-05T08:00:00,Nuwara Eliya,14.3,89.55,1.52,17.59
2026-07-05T09:00:00,Nuwara Eliya,12.95,80.1,0.0,7.75
2026-07-05T10:00:00,Nuwara Eliya,11.2,88.39,2.38,8.71
2026-07-05T11:00:00,Nuwara Eliya,12.02,86.34,0.0,13.33
2026-07-05T12:00:00,Nuwara Eliya,16.81,83.85,0.0,17.78
2026-07-05T13:00:00,Nuwara Eliya,16.5,85.83,5.99,12.95
2026-07-05T14:00:00,Nuwara Eliya,15.14,78.78,2.65,16.09
2026-07-05T15:00:00,Nuwara Eliya,18.19,75.21,0.0,14.38
2026-07-05T16:00:00,Nuwara Eliya,17.83,72.98,1.21,17.5
2026-07-05T17:00:00,Nuwara Eliya,13.91,77.83,0.36,16.36
2026-07-05T18:00:00,Nuwara Eliya,18.81,80.09,0.51,9.54
2026-07-05T19:00:00,Nuwara Eliya,22.17,75.66,0.0,11.47
2026-07-05T20:00:00,Nuwara Eliya,16.65,87.16,0.7,13.8
2026-07-05T21:00:00,Nuwara Eliya,18.69,74.72,0.0,14.39
2026-07-05T22:00:00,Nuwara Eliya,20.95,77.2,0.0,15.86
2026-07-05T23:00:00,Nuwara Eliya,18.03,72.39,0.03,17.26
2026-07-05T00:00:00,Kandy,20.39,79.39,0.0,16.05
2026-07-05T01:00:00,Kandy,23.48,78.4,0.0,13.1
2026-07-05T02:00:00,Kandy,20.86,73.01,0.0,12.97
2026-07-05T03:00:00,Kandy,19.67,85.59,0.0,12.01
2026-07-05T04:00:00,Kandy,20.37,82.96,0.0,12.8
2026-07-05T05:00:00,Kandy,21.4,83.29,1.26,16.32
2026-07-05T06:00:00,Kandy,21.55,73.6,0.0,12.9
2026-07-05T07:00:00,Kandy,19.44,88.03,3.68,15.34
2026-07-05T08:00:00,Kandy,18,80.34,0.07,8.94
2026-07-05T09:00:00,Kandy,19.12,72.22,0.0,5.66
2026-07-05T10:00:00,Kandy,19.56,80.35,1.31,10.98
2026-07-05T11:00:00,Kandy,21.33,66.98,0.0,16.45
2026-07-05T12:00:00,Kandy,22.78,68.11,1.5,9.3
2026-07-05T13:00:00,Kandy,22.83,71.98,3.44,14.87
2026-07-05T14:00:00,Kandy,21.76,71.7,0.31,12.66
2026-07-05T15:00:00,Kandy,25.71,73.77,2.91,16.75
2026-07-05T16:00:00,Kandy,24.76,57.49,0.0,15.39
2026-07-05T17:00:00,Kandy,24.57,61.39,0.0,12.51
2026-07-05T18:00:00,Kandy,23.59,81.12,3.5,14.79
2026-07-05T19:00:00,Kandy,25.52,68.0,0.0,18.0
2026-07-05T20:00:00,Kandy,29.78,66.13,0.0,0.88
2026-07-05T21:00:00,Kandy,20.0,78.55,0.0,10.62
2026-07-05T22:00:00,Kandy,27.36,65.56,0.0,11.08
2026-07-05T23:00:00,Kandy,29.44,74.67,1.67,7.97
2026-07-05T00:00:00,Ratnapura,30.33,71.74,0.0,11.72
2026-07-05T01:00:00,Ratnapura,26.61,84.99,2.17,10.67
2026-07-05T02:00:00,Ratnapura,29.55,77.56,3.0,11.78
2026-07-05T03:00:00,Ratnapura,22.66,86.72,3.81,13.65
2026-07-05T04:00:00,Ratnapura,23.86,75.82,0.0,14.08
2026-07-05T05:00:00,Ratnapura,25.36,77.01,0.0,17.67
2026-07-05T06:00:00,Ratnapura,24.02,92.87,1.92,18.3
2026-07-05T07:00:00,Ratnapura,23.82,78.41,0.0,16.58
2026-07-05T08:00:00,Ratnapura,27.12,85.78,0.12,11.44
2026-07-05T09:00:00,Ratnapura,25.31,75.14,0.0,13.99
2026-07-05T10:00:00,Ratnapura,23.55,73.49,0.0,13.86
2026-07-05T11:00:00,Ratnapura,28.79,77.92,0.0,11.78
2026-07-05T12:00:00,Ratnapura,27.35,72.02,0.0,15.4
2026-07-05T13:00:00,Ratnapura,27.57,65,0.0,7.96
2026-07-05T14:00:00,Ratnapura,25.3,77.29,2.61,16.97
2026-07-05T15:00:00,Ratnapura,28.38,68.41,0.0,11.5
2026-07-05T16:00:00,Ratnapura,29.49,73.25,1.31,10.66
2026-07-05T17:00:00,Ratnapura,29.06,74.54,0.32,11.66
2026-07-05T18:00:00,Ratnapura,31.93,84.4,6.64,9.62
2026-07-05T19:00:00,Ratnapura,33.06,72.38,0.0,11.54
2026-07-05T20:00:00,Ratnapura,32.06,78.65,0.0,14.84
2026-07-05T21:00:00,Ratnapura,31.5,75.33,0.0,13.47
2026-07-05T22:00:00,Ratnapura,31.59,68.36,0.0,15.34
2026-07-05T23:00:00,Ratnapura,30.57,67.81,0.0,15.83
2026-07-06T00:00:00,Nuwara Eliya,19.05,82.01,0.15,12.69
2026-07-06T01:00:00,Nuwara Eliya,14.59,80.34,0.0,6.27
2026-07-06T02:00:00,Nuwara Eliya,13.59,85.24,0.0,11.48
2026-07-06T03:00:00,Nuwara Eliya,14.71,88.63,3.23,21.39
2026-07-06T04:00:00,Nuwara Eliya,13.81,94.33,1.03,20.9
2026-07-06T05:00:00,Nuwara Eliya,13.81,90.41,2.34,15.72
2026-07-06T06:00:00,Nuwara Eliya,11.11,95,0.0,11.13
2026-07-06T07:00:00,Nuwara Eliya,10,87.99,0.0,15.53
2026-07-06T08:00:00,Nuwara Eliya,13.26,91.3,1.75,17.61
2026-07-06T09:00:00,Nuwara Eliya,11.82,88.66,3.74,15.44
2026-07-06T10:00:00,Nuwara Eliya,15.92,82.94,0.0,14.36
2026-07-06T11:00:00,Nuwara Eliya,13.15,80.93,0.0,12.68
2026-07-06T12:00:00,Nuwara Eliya,14.84,87.18,4.49,16.96
2026-07-06T13:00:00,Nuwara Eliya,15.57,77.51,0.31,11.68
2026-07-06T14:00:00,Nuwara Eliya,13.76,73.92,0.34,7.14
2026-07-06T15:00:00,Nuwara Eliya,13.01,65.48,0.0,10.04
2026-07-06T16:00:00,Nuwara Eliya,19.64,73.93,0.0,13.03
2026-07-06T17:00:00,Nuwara Eliya,17.73,85.09,0.0,15.56
2026-07-06T18:00:00,Nuwara Eliya,17.46,82.51,0.87,13.99
2026-07-06T19:00:00,Nuwara Eliya,24,77.94,0.0,14.11
2026-07-06T20:00:00,Nuwara Eliya,18.04,81.07,0.54,13.58
2026-07-06T21:00:00,Nuwara Eliya,19.85,82.99,0.17,8.3
2026-07-06T22:00:00,Nuwara Eliya,16.09,83.98,2.66,15.48
2026-07-06T23:00:00,Nuwara Eliya,17.0,80.58,0.0,13.82
2026-07-06T00:00:00,Kandy,21.65,73.21,0.0,12.23
2026-07-06T01:00:00,Kandy,24.22,73.8,0.0,13.08
2026-07-06T02:00:00,Kandy,23.12,73.6,0.0,11.42
2026-07-06T03:00:00,Kandy,24.82,71.15,0.0,14.0
2026-07-06T04:00:00,Kandy,22.22,75.69,0.63,16.54
2026-07-06T05:00:00,Kandy,23.49,85.04,0.0,12.06
2026-07-06T06:00:00,Kandy,20.62,80.47,2.14,10.92
2026-07-06T07:00:00,Kandy,23.12,85.94,2.79,20.28
2026-07-06T08:00:00,Kandy,20.74,81.51,0.0,15.11
2026-07-06T09:00:00,Kandy,19.48,78.47,0.73,14.19
2026-07-06T10:00:00,Kandy,25.88,66.28,0.0,12.98
2026-07-06T11:00:00,Kandy,25.1,68.42,0.0,15.74
2026-07-06T12:00:00,Kandy,20.65,69.87,1.25,16.0
2026-07-06T13:00:00,Kandy,23.14,69.0,0.0,11.41
2026-07-06T14:00:00,Kandy,22.6,68.44,0.0,4.44
2026-07-06T15:00:00,Kandy,24.26,61.51,0.0,13.43
2026-07-06T16:00:00,Kandy,25.68,66.59,0.68,13.62
2026-07-06T17:00:00,Kandy,26.39,69.4,0.0,6.92
2026-07-06T18:00:00,Kandy,26.7,72.71,0.0,12.0
2026-07-06T19:00:00,Kandy,24.57,70.31,0.0,13.22
2026-07-06T20:00:00,Kandy,21.89,73.3,0.0,12.71
2026-07-06T21:00:00,Kandy,23.25,68.13,0.0,12.86
2026-07-06T22:00:00,Kandy,25.93,75.36,3.63,14.75
2026-07-06T23:00:00,Kandy,24.95,73.26,0.0,8.33
2026-07-06T00:00:00,Ratnapura,33.73,67.14,0.0,8.28
2026-07-06T01:00:00,Ratnapura,29.21,84.47,4.66,13.03
2026-07-06T02:00:00,Ratnapura,27.36,77.62,0.0,11.42
2026-07-06T03:00:00,Ratnapura,28.89,73.76,0.0,10.33
2026-07-06T04:00:00,Ratnapura,29.46,78.85,0.0,11.84
2026-07-06T05:00:00,Ratnapura,30.25,77.79,0.53,10.99
2026-07-06T06:00:00,Ratnapura,27.36,89.84,5.1,11.35
2026-07-06T07:00:00,Ratnapura,24.52,80.44,0.0,16.48
2026-07-06T08:00:00,Ratnapura,26.82,80.65,0.0,7.66
2026-07-06T09:00:00,Ratnapura,25.22,77.99,0.0,12.45
2026-07-06T10:00:00,Ratnapura,25.0,77.43,0.0,15.36
2026-07-06T11:00:00,Ratnapura,24.4,84.03,0.0,10.32
2026-07-06T12:00:00,Ratnapura,26.78,65,1.34,9.42
2026-07-06T13:00:00,Ratnapura,26.36,86.98,8.96,11.4
2026-07-06T14:00:00,Ratnapura,25.25,78.05,1.69,20.12
2026-07-06T15:00:00,Ratnapura,28.11,69.13,0.0,10.86
2026-07-06T16:00:00,Ratnapura,26.47,71.2,0.0,18.21
2026-07-06T17:00:00,Ratnapura,28.88,78.71,0.23,9.16
2026-07-06T18:00:00,Ratnapura,31.76,71.59,0.0,18.21
2026-07-06T19:00:00,Ratnapura,31.32,72.59,0.0,10.72
2026-07-06T20:00:00,Ratnapura,32.32,83.04,2.82,17.51
2026-07-06T21:00:00,Ratnapura,32.98,71.31,0.0,10.11
2026-07-06T22:00:00,Ratnapura,32.44,74.89,0.0,10.0
2026-07-06T23:00:00,Ratnapura,29.52,75.59,0.0,10.8
2026-07-07T00:00:00,Nuwara Eliya,18.97,77.34,3.61,8.6
2026-07-07T01:00:00,Nuwara Eliya,16.98,81.43,0.0,17.98
2026-07-07T02:00:00,Nuwara Eliya,16.07,87.02,0.0,16.26
2026-07-07T03:00:00,Nuwara Eliya,13.16,82.19,0.0,11.1
2026-07-07T04:00:00,Nuwara Eliya,14.2,95,6.8,16.66
2026-07-07T05:00:00,Nuwara Eliya,12.37,95,3.78,20.78
2026-07-07T06:00:00,Nuwara Eliya,12.34,95,3.82,23.45
2026-07-07T07:00:00,Nuwara Eliya,10.72,95,4.59,16.34
2026-07-07T08:00:00,Nuwara Eliya,11.42,95,9.66,14.54
2026-07-07T09:00:00,Nuwara Eliya,10,95,2.92,14.82
2026-07-07T10:00:00,Nuwara Eliya,12.57,89.91,0.0,17.34
2026-07-07T11:00:00,Nuwara Eliya,12.23,86.53,1.66,14.15
2026-07-07T12:00:00,Nuwara Eliya,13.94,75.52,0.61,13.75
2026-07-07T13:00:00,Nuwara Eliya,17.5,78.92,0.0,17.19
2026-07-07T14:00:00,Nuwara Eliya,16.95,68.03,0.0,7.74
2026-07-07T15:00:00,Nuwara Eliya,11.9,78.8,1.59,10.2
2026-07-07T16:00:00,Nuwara Eliya,14.77,71.95,0.38,12.58
2026-07-07T17:00:00,Nuwara Eliya,20.0,82.53,0.0,16.32
2026-07-07T18:00:00,Nuwara Eliya,17.88,76.83,0.0,6.54
2026-07-07T19:00:00,Nuwara Eliya,16.18,88.53,0.91,9.6
2026-07-07T20:00:00,Nuwara Eliya,21.33,76.44,0.0,12.84
2026-07-07T21:00:00,Nuwara Eliya,19.05,78.13,0.0,16.41
2026-07-07T22:00:00,Nuwara Eliya,20.96,76.18,0.0,13.59
2026-07-07T23:00:00,Nuwara Eliya,18.05,84.24,0.15,8.78
2026-07-07T00:00:00,Kandy,22.26,67.72,0.0,8.99
2026-07-07T01:00:00,Kandy,25.64,73.27,0.0,15.16
2026-07-07T02:00:00,Kandy,21.14,72.25,1.64,15.02
2026-07-07T03:00:00,Kandy,19.97,74.92,0.0,13.34
2026-07-07T04:00:00,Kandy,22.6,77.14,0.0,13.66
2026-07-07T05:00:00,Kandy,21.63,78.18,0.65,12.89
2026-07-07T06:00:00,Kandy,24.11,71.23,0.0,11.82
2026-07-07T07:00:00,Kandy,22.78,79.12,1.51,13.65
2026-07-07T08:00:00,Kandy,20.13,77.75,1.78,12.29
2026-07-07T09:00:00,Kandy,21.48,70.61,0.26,14.77
2026-07-07T10:00:00,Kandy,19.1,67.61,0.0,6.36
2026-07-07T11:00:00,Kandy,19.44,72.0,0.0,15.67
2026-07-07T12:00:00,Kandy,23.63,62.62,0.0,15.45
2026-07-07T13:00:00,Kandy,22.06,64.85,0.0,8.08
2026-07-07T14:00:00,Kandy,22.96,61.17,0.0,10.49
2026-07-07T15:00:00,Kandy,26.02,62.08,0.0,15.26
2026-07-07T16:00:00,Kandy,25.21,63.65,0.0,20.44
2026-07-07T17:00:00,Kandy,25.82,66.32,0.0,10.15
2026-07-07T18:00:00,Kandy,24.04,66.79,0.6,14.56
2026-07-07T19:00:00,Kandy,20.69,70.64,0.0,10.05
2026-07-07T20:00:00,Kandy,25.71,68.66,0.0,15.78
2026-07-07T21:00:00,Kandy,25.52,67.29,0.0,13.04
2026-07-07T22:00:00,Kandy,24.72,73.25,0.0,15.2
2026-07-07T23:00:00,Kandy,26.65,72.08,1.49,7.56
2026-07-07T00:00:00,Ratnapura,26.88,78.2,0.0,13.47
2026-07-07T01:00:00,Ratnapura,30.33,70.25,0.0,18.14
2026-07-07T02:00:00,Ratnapura,29.64,74.87,0.0,10.69
2026-07-07T03:00:00,Ratnapura,27.07,76.07,0.29,8.33
2026-07-07T04:00:00,Ratnapura,29.02,78.23,0.0,11.43
2026-07-07T05:00:00,Ratnapura,23.43,89.82,0.0,16.22
2026-07-07T06:00:00,Ratnapura,22.12,78.48,0.0,9.82
2026-07-07T07:00:00,Ratnapura,24.97,84.17,1.2,16.78
2026-07-07T08:00:00,Ratnapura,26.22,76.89,0.0,15.99
2026-07-07T09:00:00,Ratnapura,24.73,81.09,0.0,16.75
2026-07-07T10:00:00,Ratnapura,28.0,79.81,1.47,14.83
2026-07-07T11:00:00,Ratnapura,25.66,75.79,1.44,13.41
2026-07-07T12:00:00,Ratnapura,25.24,73.69,0.0,9.89
2026-07-07T13:00:00,Ratnapura,30.69,65,0.0,7.51
2026-07-07T14:00:00,Ratnapura,30.07,66.75,0.0,3.21
2026-07-07T15:00:00,Ratnapura,30.85,65,2.61,11.38
2026-07-07T16:00:00,Ratnapura,30.94,65,0.0,16.88
2026-07-07T17:00:00,Ratnapura,31.47,77.35,0.0,6.85
2026-07-07T18:00:00,Ratnapura,32.5,70.85,0.0,15.32
2026-07-07T19:00:00,Ratnapura,32.3,71.92,0.0,7.44
2026-07-07T20:00:00,Ratnapura,31.34,70.45,0.0,10.44
2026-07-07T21:00:00,Ratnapura,31.6,75.1,0.0,12.68
2026-07-07T22:00:00,Ratnapura,31.64,72.22,0.7,12.71
2026-07-07T23:00:00,Ratnapura,29.06,65.4,0.0,12.67
2026-07-08T00:00:00,Nuwara Eliya,20.93,75.46,1.37,11.5
2026-07-08T01:00:00,Nuwara Eliya,14.57,84.29,1.14,13.5
2026-07-08T02:00:00,Nuwara Eliya,16.65,85.84,1.83,8.24
2026-07-08T03:00:00,Nuwara Eliya,14.96,93.46,5.25,16.87
2026-07-08T04:00:00,Nuwara Eliya,11.86,93.34,0.0,10.95
2026-07-08T05:00:00,Nuwara Eliya,14.68,92.64,1.27,18.67
2026-07-08T06:00:00,Nuwara Eliya,13.39,95,0.0,19.79
2026-07-08T07:00:00,Nuwara Eliya,11.83,93.43,4.51,18.17
2026-07-08T08:00:00,Nuwara Eliya,16.09,94.61,4.11,21.23
2026-07-08T09:00:00,Nuwara Eliya,15.37,95,6.94,18.25
2026-07-08T10:00:00,Nuwara Eliya,11.31,95,8.86,20.59
2026-07-08T11:00:00,Nuwara Eliya,12.12,87.04,0.0,13.7
2026-07-08T12:00:00,Nuwara Eliya,11.07,77.25,0.0,9.17
2026-07-08T13:00:00,Nuwara Eliya,14.81,78.09,1.49,6.7
2026-07-08T14:00:00,Nuwara Eliya,12.7,85.88,3.08,14.02
2026-07-08T15:00:00,Nuwara Eliya,16.86,78.44,1.59,13.97
2026-07-08T16:00:00,Nuwara Eliya,15.14,77.81,0.0,9.48
2026-07-08T17:00:00,Nuwara Eliya,21.86,84.14,0.0,17.47
2026-07-08T18:00:00,Nuwara Eliya,19.6,81.68,0.0,5.83
2026-07-08T19:00:00,Nuwara Eliya,16.88,78.87,0.0,12.86
2026-07-08T20:00:00,Nuwara Eliya,16.85,95,7.97,19.62
2026-07-08T21:00:00,Nuwara Eliya,20.36,78.28,0.0,13.09
2026-07-08T22:00:00,Nuwara Eliya,16.91,90.41,4.09,18.12
2026-07-08T23:00:00,Nuwara Eliya,18.97,78.87,0.0,21.03
2026-07-08T00:00:00,Kandy,20.47,73.21,0.0,13.77
2026-07-08T01:00:00,Kandy,22.34,70.54,0.0,15.37
2026-07-08T02:00:00,Kandy,23.32,66.21,0.0,11.36
2026-07-08T03:00:00,Kandy,20.81,77.0,0.03,20.35
2026-07-08T04:00:00,Kandy,20.33,74.4,0.64,10.42
2026-07-08T05:00:00,Kandy,22.43,83.91,1.47,11.37
2026-07-08T06:00:00,Kandy,20.01,76.74,0.0,13.24
2026-07-08T07:00:00,Kandy,20.82,71.92,0.0,14.59
2026-07-08T08:00:00,Kandy,21.61,82.73,0.81,12.36
2026-07-08T09:00:00,Kandy,23.83,65.49,1.59,9.0
2026-07-08T10:00:00,Kandy,21.88,86.41,3.87,15.2
2026-07-08T11:00:00,Kandy,21.53,72.67,0.0,9.62
2026-07-08T12:00:00,Kandy,20.05,66.13,0.0,9.99
2026-07-08T13:00:00,Kandy,19.24,62.11,0.0,5.61
2026-07-08T14:00:00,Kandy,24.88,62.42,0.0,17.93
2026-07-08T15:00:00,Kandy,22.09,70.17,0.34,14.76
2026-07-08T16:00:00,Kandy,24.24,69.21,1.15,8.07
2026-07-08T17:00:00,Kandy,26.74,80.14,2.85,11.76
2026-07-08T18:00:00,Kandy,25.47,77.17,1.63,12.02
2026-07-08T19:00:00,Kandy,21.4,60.45,0.0,11.74
2026-07-08T20:00:00,Kandy,25.32,72.09,0.0,16.47
2026-07-08T21:00:00,Kandy,24.67,76.05,0.55,19.23
2026-07-08T22:00:00,Kandy,28.64,78.64,3.95,10.59
2026-07-08T23:00:00,Kandy,23.22,64.16,0.0,11.42
2026-07-08T00:00:00,Ratnapura,32.26,76.35,0.0,9.56
2026-07-08T01:00:00,Ratnapura,28.93,76.76,0.0,14.09
2026-07-08T02:00:00,Ratnapura,29.16,72.21,0.0,12.26
2026-07-08T03:00:00,Ratnapura,28.36,74.05,0.16,15.72
2026-07-08T04:00:00,Ratnapura,23.01,98,3.17,18.89
2026-07-08T05:00:00,Ratnapura,22.26,92.52,0.0,20.77
2026-07-08T06:00:00,Ratnapura,22,96.71,3.76,21.67
2026-07-08T07:00:00,Ratnapura,24.77,93.42,2.88,19.84
2026-07-08T08:00:00,Ratnapura,28.82,79.73,0.05,11.03
2026-07-08T09:00:00,Ratnapura,25.31,77.29,0.0,11.87
2026-07-08T10:00:00,Ratnapura,26.1,82.37,0.0,9.98
2026-07-08T11:00:00,Ratnapura,25.3,81.57,1.81,17.82
2026-07-08T12:00:00,Ratnapura,28.83,71.04,1.3,9.22
2026-07-08T13:00:00,Ratnapura,27.83,67.06,1.44,8.96
2026-07-08T14:00:00,Ratnapura,29.48,68.58,0.0,8.78
2026-07-08T15:00:00,Ratnapura,24.83,65,0.0,13.67
2026-07-08T16:00:00,Ratnapura,27.58,71.07,4.04,13.58
2026-07-08T17:00:00,Ratnapura,27.28,84.38,0.0,9.53
2026-07-08T18:00:00,Ratnapura,30.6,76.11,1.46,16.02
2026-07-08T19:00:00,Ratnapura,31.83,74.31,0.0,16.86
2026-07-08T20:00:00,Ratnapura,31.34,81.08,2.25,12.67
2026-07-08T21:00:00,Ratnapura,25.59,77.61,0.5,11.07
2026-07-08T22:00:00,Ratnapura,32.7,72.29,0.0,5.57
2026-07-08T23:00:00,Ratnapura,35.02,65.22,0.0,15.47
2026-07-09T00:00:00,Nuwara Eliya,14.51,95,3.05,19.06
2026-07-09T01:00:00,Nuwara Eliya,15.38,81.59,0.0,16.8
2026-07-09T02:00:00,Nuwara Eliya,13.88,81.13,1.11,11.62
2026-07-09T03:00:00,Nuwara Eliya,18.79,89.91,6.72,13.46
2026-07-09T04:00:00,Nuwara Eliya,13.11,95,3.94,17.98
2026-07-09T05:00:00,Nuwara Eliya,14.54,95,10.73,20.5
2026-07-09T06:00:00,Nuwara Eliya,14.83,88.23,0.35,16.95
2026-07-09T07:00:00,Nuwara Eliya,10.61,93.97,0.0,18.1
2026-07-09T08:00:00,Nuwara Eliya,10.11,89.41,0.03,14.07
2026-07-09T09:00:00,Nuwara Eliya,15.2,77.9,1.09,14.83
2026-07-09T10:00:00,Nuwara Eliya,10.63,90.06,0.0,15.05
2026-07-09T11:00:00,Nuwara Eliya,11.69,85.8,1.69,10.54
2026-07-09T12:00:00,Nuwara Eliya,13.34,73.09,0.0,9.24
2026-07-09T13:00:00,Nuwara Eliya,14.07,85.65,3.41,8.3
2026-07-09T14:00:00,Nuwara Eliya,17.19,79.87,1.29,13.64
2026-07-09T15:00:00,Nuwara Eliya,14.15,79.35,0.0,15.94
2026-07-09T16:00:00,Nuwara Eliya,17.41,75.91,0.8,12.02
2026-07-09T17:00:00,Nuwara Eliya,15.31,81.22,0.0,13.11
2026-07-09T18:00:00,Nuwara Eliya,21.11,74.47,0.32,15.46
2026-07-09T19:00:00,Nuwara Eliya,17.72,95,6.41,22.0
2026-07-09T20:00:00,Nuwara Eliya,18.46,88.02,0.0,15.26
2026-07-09T21:00:00,Nuwara Eliya,17.23,85.25,0.0,14.46
2026-07-09T22:00:00,Nuwara Eliya,16.85,77.45,1.9,14.77
2026-07-09T23:00:00,Nuwara Eliya,17.58,95,8.72,20.48
2026-07-09T00:00:00,Kandy,27.61,70.16,0.0,11.42
2026-07-09T01:00:00,Kandy,22.26,67.39,0.0,12.63
2026-07-09T02:00:00,Kandy,24.84,80.17,0.0,13.62
2026-07-09T03:00:00,Kandy,21.34,78.45,2.19,18.97
2026-07-09T04:00:00,Kandy,18.07,76.42,0.0,15.35
2026-07-09T05:00:00,Kandy,19.02,82.38,0.0,12.75
2026-07-09T06:00:00,Kandy,18.88,82.41,0.0,12.84
2026-07-09T07:00:00,Kandy,20.68,81.13,0.0,14.22
2026-07-09T08:00:00,Kandy,22.08,81.58,0.0,14.7
2026-07-09T09:00:00,Kandy,22.9,76.19,0.0,13.27
2026-07-09T10:00:00,Kandy,24.26,69.84,0.0,12.88
2026-07-09T11:00:00,Kandy,23.49,74.75,3.61,12.88
2026-07-09T12:00:00,Kandy,20.08,70.66,0.0,19.39
2026-07-09T13:00:00,Kandy,23.53,65.0,0.0,16.43
2026-07-09T14:00:00,Kandy,21.85,63.26,1.04,13.57
2026-07-09T15:00:00,Kandy,20.68,61.62,0.0,10.74
2026-07-09T16:00:00,Kandy,23.78,63.9,0.0,14.91
2026-07-09T17:00:00,Kandy,28.46,65.32,0.0,15.33
2026-07-09T18:00:00,Kandy,25.32,70.44,0.0,13.91
2026-07-09T19:00:00,Kandy,25.21,78.15,0.0,13.4
2026-07-09T20:00:00,Kandy,28.29,72.03,0.0,9.32
2026-07-09T21:00:00,Kandy,23.82,70.09,2.22,12.53
2026-07-09T22:00:00,Kandy,25.12,67.2,0.0,10.13
2026-07-09T23:00:00,Kandy,25.96,68.68,1.72,17.04
2026-07-09T00:00:00,Ratnapura,28.72,72.83,0.0,14.11
2026-07-09T01:00:00,Ratnapura,29.42,81.46,0.0,12.4
2026-07-09T02:00:00,Ratnapura,29.64,75.16,1.43,14.96
2026-07-09T03:00:00,Ratnapura,27.49,78.32,0.0,14.58
2026-07-09T04:00:00,Ratnapura,23.26,90.37,0.0,20.66
2026-07-09T05:00:00,Ratnapura,24.06,95.07,6.56,16.15
2026-07-09T06:00:00,Ratnapura,24.35,82.43,1.62,12.9
2026-07-09T07:00:00,Ratnapura,25.28,85.5,0.35,10.84
2026-07-09T08:00:00,Ratnapura,25.19,87.64,0.0,15.64
2026-07-09T09:00:00,Ratnapura,27.31,79.77,0.0,18.17
2026-07-09T10:00:00,Ratnapura,28.64,74.14,0.0,11.82
2026-07-09T11:00:00,Ratnapura,26.87,78.44,0.0,12.64
2026-07-09T12:00:00,Ratnapura,24.89,65.83,0.0,7.82
2026-07-09T13:00:00,Ratnapura,26.92,67.22,0.0,9.66
2026-07-09T14:00:00,Ratnapura,27.12,65.61,0.0,10.5
2026-07-09T15:00:00,Ratnapura,30.37,65,0.0,12.29
2026-07-09T16:00:00,Ratnapura,31.4,68.64,0.0,11.84
2026-07-09T17:00:00,Ratnapura,30.62,65.65,0.0,8.32
2026-07-09T18:00:00,Ratnapura,29.14,71.31,0.0,14.91
2026-07-09T19:00:00,Ratnapura,27.75,79.16,0.0,14.69
2026-07-09T20:00:00,Ratnapura,28.84,71.66,0.0,10.99
2026-07-09T21:00:00,Ratnapura,33.75,72.46,2.92,11.66
2026-07-09T22:00:00,Ratnapura,26.3,76.65,0.84,18.59
2026-07-09T23:00:00,Ratnapura,30.4,78.12,0.0,10.31
2026-07-10T00:00:00,Nuwara Eliya,16.57,90.14,1.73,12.06
2026-07-10T01:00:00,Nuwara Eliya,17.65,77.67,0.0,17.03
2026-07-10T02:00:00,Nuwara Eliya,18.6,81.83,0.0,12.61
2026-07-10T03:00:00,Nuwara Eliya,12.25,95,3.29,14.2
2026-07-10T04:00:00,Nuwara Eliya,15.96,85.5,1.63,8.54
2026-07-10T05:00:00,Nuwara Eliya,12.59,90.36,1.39,13.63
2026-07-10T06:00:00,Nuwara Eliya,17.35,88.49,0.0,10.09
2026-07-10T07:00:00,Nuwara Eliya,13.24,86.06,0.0,12.65
2026-07-10T08:00:00,Nuwara Eliya,11.68,95,3.56,20.9
2026-07-10T09:00:00,Nuwara Eliya,12.65,85.15,0.18,21.12
2026-07-10T10:00:00,Nuwara Eliya,10.42,93.85,8.69,12.9
2026-07-10T11:00:00,Nuwara Eliya,16.9,86.23,0.0,9.79
2026-07-10T12:00:00,Nuwara Eliya,10.53,74.24,0.0,12.07
2026-07-10T13:00:00,Nuwara Eliya,13.95,81.16,0.0,9.09
2026-07-10T14:00:00,Nuwara Eliya,16.14,80.28,3.71,14.85
2026-07-10T15:00:00,Nuwara Eliya,16.29,74.53,0.0,8.02
2026-07-10T16:00:00,Nuwara Eliya,16.36,81.07,0.0,12.03
2026-07-10T17:00:00,Nuwara Eliya,18.69,84.46,0.02,12.55
2026-07-10T18:00:00,Nuwara Eliya,21.58,80.89,2.18,14.49
2026-07-10T19:00:00,Nuwara Eliya,18.3,86.44,1.59,9.44
2026-07-10T20:00:00,Nuwara Eliya,20.46,82.34,0.83,11.7
2026-07-10T21:00:00,Nuwara Eliya,18.1,79.59,0.88,9.92
2026-07-10T22:00:00,Nuwara Eliya,16.15,95,5.18,20.77
2026-07-10T23:00:00,Nuwara Eliya,14.92,83.92,0.49,17.13
2026-07-10T00:00:00,Kandy,23.41,81.7,0.0,11.58
2026-07-10T01:00:00,Kandy,24.78,73.98,0.0,13.76
2026-07-10T02:00:00,Kandy,23.07,72.41,0.0,11.37
2026-07-10T03:00:00,Kandy,21.1,74.05,0.0,13.51
2026-07-10T04:00:00,Kandy,21.3,80.63,0.0,13.16
2026-07-10T05:00:00,Kandy,19.82,84.67,0.92,11.41
2026-07-10T06:00:00,Kandy,18,84.09,0.01,11.69
2026-07-10T07:00:00,Kandy,18.75,79.66,0.11,12.06
2026-07-10T08:00:00,Kandy,21.52,68.91,0.0,13.84
2026-07-10T09:00:00,Kandy,19.78,77.5,0.0,8.74
2026-07-10T10:00:00,Kandy,19.6,75.0,0.0,13.86
2026-07-10T11:00:00,Kandy,20.08,87.51,5.88,15.8
2026-07-10T12:00:00,Kandy,19.97,64.77,0.0,11.85
2026-07-10T13:00:00,Kandy,20.37,61.13,0.0,12.25
2026-07-10T14:00:00,Kandy,20.02,61.93,0.0,10.77
2026-07-10T15:00:00,Kandy,25.87,73.04,2.12,11.84
2026-07-10T16:00:00,Kandy,22.05,58.75,0.29,9.76
2026-07-10T17:00:00,Kandy,24.21,66.84,0.47,19.66
2026-07-10T18:00:00,Kandy,27.47,68.15,0.0,6.02
2026-07-10T19:00:00,Kandy,26.16,60.65,0.0,12.72
2026-07-10T20:00:00,Kandy,30,76.84,0.0,10.42
2026-07-10T21:00:00,Kandy,26.13,71.67,0.0,5.92
2026-07-10T22:00:00,Kandy,25.13,65.33,0.35,13.91
2026-07-10T23:00:00,Kandy,26.84,61.91,0.0,12.59
2026-07-10T00:00:00,Ratnapura,30.88,75.68,1.24,9.03
2026-07-10T01:00:00,Ratnapura,29.2,69.83,0.0,7.33
2026-07-10T02:00:00,Ratnapura,31.74,88.0,4.2,8.08
2026-07-10T03:00:00,Ratnapura,27.63,77.54,0.74,12.88
2026-07-10T04:00:00,Ratnapura,26.28,98,8.16,12.74
2026-07-10T05:00:00,Ratnapura,25.58,89.87,0.0,17.36
2026-07-10T06:00:00,Ratnapura,26.03,79.94,0.0,6.58
2026-07-10T07:00:00,Ratnapura,24.74,89.0,1.86,9.99
2026-07-10T08:00:00,Ratnapura,24.56,82.59,0.0,12.5
2026-07-10T09:00:00,Ratnapura,24.36,73.8,0.0,13.25
2026-07-10T10:00:00,Ratnapura,22.62,79.1,0.0,6.42
2026-07-10T11:00:00,Ratnapura,27.61,80.58,0.47,11.36
2026-07-10T12:00:00,Ratnapura,26.16,68.88,0.0,15.46
2026-07-10T13:00:00,Ratnapura,26.38,75.35,0.0,14.8
2026-07-10T14:00:00,Ratnapura,29.24,65,0.0,12.83
2026-07-10T15:00:00,Ratnapura,29.27,68.79,1.22,8.05
2026-07-10T16:00:00,Ratnapura,30.55,71.04,2.17,9.23
2026-07-10T17:00:00,Ratnapura,31.74,79.59,2.03,20.29
2026-07-10T18:00:00,Ratnapura,30.35,72.54,0.0,11.56
2026-07-10T19:00:00,Ratnapura,32.13,74.98,0.0,5.5
2026-07-10T20:00:00,Ratnapura,33.2,76.7,0.0,16.2
2026-07-10T21:00:00,Ratnapura,33.04,67.94,0.28,10.76
2026-07-10T22:00:00,Ratnapura,32.9,68.65,0.0,8.35
2026-07-10T23:00:00,Ratnapura,30.3,69.71,0.0,16.45
2026-07-11T00:00:00,Nuwara Eliya,17.48,82.56,0.0,12.17
2026-07-11T01:00:00,Nuwara Eliya,18.08,79.69,0.0,14.75
2026-07-11T02:00:00,Nuwara Eliya,15.44,95,13.42,15.0
2026-07-11T03:00:00,Nuwara Eliya,13.78,84.48,0.0,14.08
2026-07-11T04:00:00,Nuwara Eliya,13.79,85.55,0.85,10.69
2026-07-11T05:00:00,Nuwara Eliya,15.42,87.61,0.0,10.87
2026-07-11T06:00:00,Nuwara Eliya,11.64,95,2.25,20.76
2026-07-11T07:00:00,Nuwara Eliya,12.93,95,1.52,21.23
2026-07-11T08:00:00,Nuwara Eliya,11.7,95,5.97,16.26
2026-07-11T09:00:00,Nuwara Eliya,13.66,85.43,0.0,10.47
2026-07-11T10:00:00,Nuwara Eliya,11.96,83.77,0.23,10.63
2026-07-11T11:00:00,Nuwara Eliya,15.76,88.08,0.0,17.99
2026-07-11T12:00:00,Nuwara Eliya,12.03,76.77,0.0,16.26
2026-07-11T13:00:00,Nuwara Eliya,12.71,87.91,1.17,7.85
2026-07-11T14:00:00,Nuwara Eliya,15.02,84.32,0.0,13.06
2026-07-11T15:00:00,Nuwara Eliya,14.69,75.93,0.05,10.19
2026-07-11T16:00:00,Nuwara Eliya,13.99,77.2,0.0,13.9
2026-07-11T17:00:00,Nuwara Eliya,16.62,89.24,2.01,16.56
2026-07-11T18:00:00,Nuwara Eliya,17.82,81.45,0.0,4.49
2026-07-11T19:00:00,Nuwara Eliya,19.22,81.07,0.0,13.41
2026-07-11T20:00:00,Nuwara Eliya,17.83,82.11,1.5,18.97
2026-07-11T21:00:00,Nuwara Eliya,19.53,90.41,7.07,18.31
2026-07-11T22:00:00,Nuwara Eliya,19.31,82.74,0.14,17.21
2026-07-11T23:00:00,Nuwara Eliya,12.9,84.52,0.03,12.02
2026-07-11T00:00:00,Kandy,24.56,67.01,0.03,12.74
2026-07-11T01:00:00,Kandy,22.8,72.48,0.41,13.48
2026-07-11T02:00:00,Kandy,20.41,75.31,0.0,14.51
2026-07-11T03:00:00,Kandy,25.0,81.22,4.65,10.94
2026-07-11T04:00:00,Kandy,21.85,81.12,0.0,15.94
2026-07-11T05:00:00,Kandy,24.32,69.39,0.0,11.21
2026-07-11T06:00:00,Kandy,20.44,75.43,0.0,16.99
2026-07-11T07:00:00,Kandy,20.5,88.32,0.0,14.18
2026-07-11T08:00:00,Kandy,22.28,77.63,0.0,16.52
2026-07-11T09:00:00,Kandy,24.97,74.36,0.0,14.32
2026-07-11T10:00:00,Kandy,20.31,78.69,0.15,9.11
2026-07-11T11:00:00,Kandy,22.08,69.48,0.0,13.72
2026-07-11T12:00:00,Kandy,19.99,69.28,1.04,3.0
2026-07-11T13:00:00,Kandy,20.43,67.52,0.45,11.37
2026-07-11T14:00:00,Kandy,21.85,70.18,0.8,14.4
2026-07-11T15:00:00,Kandy,26.18,62.0,1.31,4.5
2026-07-11T16:00:00,Kandy,23.17,69.59,0.09,15.64
2026-07-11T17:00:00,Kandy,24.04,68.67,0.0,11.75
2026-07-11T18:00:00,Kandy,20.58,67.77,0.0,11.37
2026-07-11T19:00:00,Kandy,25.88,78.66,3.32,18.81
2026-07-11T20:00:00,Kandy,24.64,72.96,0.59,16.09
2026-07-11T21:00:00,Kandy,27.75,71.22,0.56,10.49
2026-07-11T22:00:00,Kandy,25.45,75.45,0.26,18.33
2026-07-11T23:00:00,Kandy,27.11,62.1,0.0,9.51
2026-07-11T00:00:00,Ratnapura,32.1,75.56,0.0,12.58
2026-07-11T01:00:00,Ratnapura,31.72,72.99,0.0,13.0
2026-07-11T02:00:00,Ratnapura,26.8,80.49,1.33,9.12
2026-07-11T03:00:00,Ratnapura,24.97,83.93,0.0,15.3
2026-07-11T04:00:00,Ratnapura,26.47,86.97,0.0,15.33
2026-07-11T05:00:00,Ratnapura,27.76,80.27,0.32,7.66
2026-07-11T06:00:00,Ratnapura,23.51,78.76,0.0,17.73
2026-07-11T07:00:00,Ratnapura,25.69,88.78,0.0,14.15
2026-07-11T08:00:00,Ratnapura,23.78,83.72,0.0,15.95
2026-07-11T09:00:00,Ratnapura,26.43,78.48,0.0,9.76
2026-07-11T10:00:00,Ratnapura,25.61,76.88,0.0,16.0
2026-07-11T11:00:00,Ratnapura,22.58,81.35,0.0,16.68
2026-07-11T12:00:00,Ratnapura,25.37,70.12,1.96,15.54
2026-07-11T13:00:00,Ratnapura,26.2,69.93,0.0,3.99
2026-07-11T14:00:00,Ratnapura,29.56,65,0.0,16.46
2026-07-11T15:00:00,Ratnapura,24.91,67.84,0.0,15.04
2026-07-11T16:00:00,Ratnapura,28.86,78.13,0.33,11.75
2026-07-11T17:00:00,Ratnapura,28.56,77.34,0.0,9.65
2026-07-11T18:00:00,Ratnapura,31.58,65,0.0,12.57
2026-07-11T19:00:00,Ratnapura,29.52,73.28,0.0,12.51
2026-07-11T20:00:00,Ratnapura,31.95,67.44,0.0,11.21
2026-07-11T21:00:00,Ratnapura,30.54,84.04,4.79,9.48
2026-07-11T22:00:00,Ratnapura,29.86,72.05,0.0,12.98
2026-07-11T23:00:00,Ratnapura,30.78,70.19,0.0,12.7
2026-07-12T00:00:00,Nuwara Eliya,16.86,89.69,1.8,22.73
2026-07-12T01:00:00,Nuwara Eliya,15.41,89.62,3.58,15.02
2026-07-12T02:00:00,Nuwara Eliya,14.92,81.64,1.68,10.86
2026-07-12T03:00:00,Nuwara Eliya,17.7,78.4,0.54,9.68
2026-07-12T04:00:00,Nuwara Eliya,10.0,95,4.51,16.4
2026-07-12T05:00:00,Nuwara Eliya,14.17,82.62,0.0,15.16
2026-07-12T06:00:00,Nuwara Eliya,16.75,89.73,0.0,15.83
2026-07-12T07:00:00,Nuwara Eliya,14.78,94.95,3.74,24.41
2026-07-12T08:00:00,Nuwara Eliya,14.05,90.49,1.8,20.24
2026-07-12T09:00:00,Nuwara Eliya,12.42,82.82,0.0,11.0
2026-07-12T10:00:00,Nuwara Eliya,12.39,95,9.19,18.48
2026-07-12T11:00:00,Nuwara Eliya,13.08,85.21,3.7,8.52
2026-07-12T12:00:00,Nuwara Eliya,14.82,89.68,5.85,22.27
2026-07-12T13:00:00,Nuwara Eliya,13.74,81.45,2.46,7.04
2026-07-12T14:00:00,Nuwara Eliya,12.66,88.31,3.19,17.0
2026-07-12T15:00:00,Nuwara Eliya,12.79,83.01,0.0,9.59
2026-07-12T16:00:00,Nuwara Eliya,14.52,83.67,1.49,14.89
2026-07-12T17:00:00,Nuwara Eliya,19.23,77.41,0.0,17.09
2026-07-12T18:00:00,Nuwara Eliya,19.11,82.55,1.21,16.23
2026-07-12T19:00:00,Nuwara Eliya,18.28,74.37,0.0,11.63
2026-07-12T20:00:00,Nuwara Eliya,19.77,72.78,0.31,14.57
2026-07-12T21:00:00,Nuwara Eliya,17.91,81.02,0.0,11.82
2026-07-12T22:00:00,Nuwara Eliya,17.74,82.7,0.0,11.99
2026-07-12T23:00:00,Nuwara Eliya,19.98,68.51,0.0,6.47
2026-07-12T00:00:00,Kandy,24.18,69.4,0.33,13.97
2026-07-12T01:00:00,Kandy,21.65,72.66,0.0,14.12
2026-07-12T02:00:00,Kandy,23.75,69.8,0.0,8.71
2026-07-12T03:00:00,Kandy,19.98,70.2,0.02,9.2
2026-07-12T04:00:00,Kandy,20.84,90,5.23,16.93
2026-07-12T05:00:00,Kandy,22.2,87.41,7.51,11.87
2026-07-12T06:00:00,Kandy,18,90,1.65,16.57
2026-07-12T07:00:00,Kandy,19.91,83.39,1.76,19.2
2026-07-12T08:00:00,Kandy,22.24,79.4,0.0,13.61
2026-07-12T09:00:00,Kandy,19.26,80.07,0.0,8.05
2026-07-12T10:00:00,Kandy,20.78,73.75,0.0,17.03
2026-07-12T11:00:00,Kandy,26.24,69.5,0.0,2.77
2026-07-12T12:00:00,Kandy,23.95,61.55,0.0,9.54
2026-07-12T13:00:00,Kandy,24.12,66.28,2.9,12.04
2026-07-12T14:00:00,Kandy,27.41,55,0.0,7.41
2026-07-12T15:00:00,Kandy,24.3,62.6,0.24,14.54
2026-07-12T16:00:00,Kandy,22.32,60.97,0.0,10.84
2026-07-12T17:00:00,Kandy,23.9,81.11,1.65,10.43
2026-07-12T18:00:00,Kandy,25.35,74.02,0.59,9.63
2026-07-12T19:00:00,Kandy,24.93,77.26,7.58,14.81
2026-07-12T20:00:00,Kandy,23.59,69.44,0.0,13.45
2026-07-12T21:00:00,Kandy,23.6,74.57,0.0,16.85
2026-07-12T22:00:00,Kandy,27.02,68.74,0.0,7.96
2026-07-12T23:00:00,Kandy,21.85,75.21,0.0,16.82
2026-07-12T00:00:00,Ratnapura,31.71,72.8,0.0,6.99
2026-07-12T01:00:00,Ratnapura,27.38,77.47,0.4,8.87
2026-07-12T02:00:00,Ratnapura,27.54,71.62,0.0,12.58
2026-07-12T03:00:00,Ratnapura,28.41,77.17,0.07,17.57
2026-07-12T04:00:00,Ratnapura,24.65,84.02,0.0,10.66
2026-07-12T05:00:00,Ratnapura,29.22,79.75,0.0,10.76
2026-07-12T06:00:00,Ratnapura,23.7,86.42,0.04,18.52
2026-07-12T07:00:00,Ratnapura,26.76,80.2,0.0,12.18
2026-07-12T08:00:00,Ratnapura,25.27,79.99,0.0,20.49
2026-07-12T09:00:00,Ratnapura,23.17,81.08,0.0,11.14
2026-07-12T10:00:00,Ratnapura,23.72,81.2,1.29,13.14
2026-07-12T11:00:00,Ratnapura,24.76,87.83,1.56,17.62
2026-07-12T12:00:00,Ratnapura,26.99,72.97,0.0,10.45
2026-07-12T13:00:00,Ratnapura,26.28,70.56,0.0,14.08
2026-07-12T14:00:00,Ratnapura,27.34,65,0.0,12.84
2026-07-12T15:00:00,Ratnapura,30.31,65,0.0,10.81
2026-07-12T16:00:00,Ratnapura,28.97,68.73,0.0,4.95
2026-07-12T17:00:00,Ratnapura,30.01,80.65,1.79,5.37
2026-07-12T18:00:00,Ratnapura,28.01,78.63,0.0,11.57
2026-07-12T19:00:00,Ratnapura,32.18,74.46,0.0,12.98
2026-07-12T20:00:00,Ratnapura,30.02,73.19,0.0,8.5
2026-07-12T21:00:00,Ratnapura,32.63,71.37,0.0,15.72
2026-07-12T22:00:00,Ratnapura,33.36,77.23,4.27,13.31
2026-07-12T23:00:00,Ratnapura,30.7,79.15,4.36,13.67
2026-07-13T00:00:00,Nuwara Eliya,18.16,81.2,0.0,12.67
2026-07-13T01:00:00,Nuwara Eliya,16.55,78.66,0.0,11.53
2026-07-13T02:00:00,Nuwara Eliya,11.38,86.69,0.38,10.82
2026-07-13T03:00:00,Nuwara Eliya,16.15,85.11,3.81,16.27
2026-07-13T04:00:00,Nuwara Eliya,15.22,89.9,1.94,14.85
2026-07-13T05:00:00,Nuwara Eliya,14.16,81.96,0.7,15.58
2026-07-13T06:00:00,Nuwara Eliya,10.61,95,13.57,21.76
2026-07-13T07:00:00,Nuwara Eliya,12.16,95,2.77,14.87
2026-07-13T08:00:00,Nuwara Eliya,15.01,89.16,0.0,14.46
2026-07-13T09:00:00,Nuwara Eliya,14.53,87.62,0.0,11.62
2026-07-13T10:00:00,Nuwara Eliya,14.45,85.2,0.43,11.74
2026-07-13T11:00:00,Nuwara Eliya,15.06,83.9,0.25,11.29
2026-07-13T12:00:00,Nuwara Eliya,13.61,77.07,0.0,13.02
2026-07-13T13:00:00,Nuwara Eliya,15.17,75.6,0.0,10.81
2026-07-13T14:00:00,Nuwara Eliya,19.33,63.21,0.0,6.09
2026-07-13T15:00:00,Nuwara Eliya,14.87,83.94,1.95,16.0
2026-07-13T16:00:00,Nuwara Eliya,19.33,79.39,0.0,18.51
2026-07-13T17:00:00,Nuwara Eliya,19.08,84.62,0.1,13.18
2026-07-13T18:00:00,Nuwara Eliya,17.16,80.32,1.14,12.56
2026-07-13T19:00:00,Nuwara Eliya,20.28,86.19,1.27,14.46
2026-07-13T20:00:00,Nuwara Eliya,18.19,79.4,0.08,11.18
2026-07-13T21:00:00,Nuwara Eliya,16.77,93.67,2.9,17.88
2026-07-13T22:00:00,Nuwara Eliya,18.34,79.56,0.02,13.42
2026-07-13T23:00:00,Nuwara Eliya,21.36,80.98,0.0,17.4
2026-07-13T00:00:00,Kandy,27.05,70.14,0.0,9.14
2026-07-13T01:00:00,Kandy,25.14,72.28,0.0,15.18
2026-07-13T02:00:00,Kandy,24.49,73.13,0.35,14.35
2026-07-13T03:00:00,Kandy,22.02,77.99,0.0,11.15
2026-07-13T04:00:00,Kandy,18.8,90,5.4,19.07
2026-07-13T05:00:00,Kandy,19.8,80.37,0.0,14.91
2026-07-13T06:00:00,Kandy,18.38,85.14,1.78,15.44
2026-07-13T07:00:00,Kandy,20.89,82.69,2.84,14.83
2026-07-13T08:00:00,Kandy,20.38,80.47,0.64,8.66
2026-07-13T09:00:00,Kandy,20.06,75.16,0.0,9.44
2026-07-13T10:00:00,Kandy,24.39,74.66,2.27,10.88
2026-07-13T11:00:00,Kandy,23.6,72.63,0.0,13.41
2026-07-13T12:00:00,Kandy,21.91,65.64,0.98,15.95
2026-07-13T13:00:00,Kandy,24.71,56.2,0.0,10.15
2026-07-13T14:00:00,Kandy,21.36,59.13,0.0,19.34
2026-07-13T15:00:00,Kandy,24.49,65.57,0.0,14.23
2026-07-13T16:00:00,Kandy,22.76,71.77,0.0,10.92
2026-07-13T17:00:00,Kandy,24.43,61.13,0.0,13.73
2026-07-13T18:00:00,Kandy,25.07,67.01,0.0,7.53
2026-07-13T19:00:00,Kandy,23.37,76.04,0.0,15.32
2026-07-13T20:00:00,Kandy,27.19,66.9,0.0,15.98
2026-07-13T21:00:00,Kandy,25.15,75.14,0.0,16.94
2026-07-13T22:00:00,Kandy,26.27,67.75,0.0,14.2
2026-07-13T23:00:00,Kandy,26.39,71.93,0.41,7.77
2026-07-13T00:00:00,Ratnapura,25.33,80.2,0.0,15.71
2026-07-13T01:00:00,Ratnapura,30.69,74.52,0.0,11.1
2026-07-13T02:00:00,Ratnapura,30.09,73.33,0.0,17.42
2026-07-13T03:00:00,Ratnapura,25.22,71.93,0.0,12.06
2026-07-13T04:00:00,Ratnapura,28.17,76.82,0.0,12.19
2026-07-13T05:00:00,Ratnapura,23.37,86.26,0.56,17.15
2026-07-13T06:00:00,Ratnapura,23.24,86.11,1.06,14.22
2026-07-13T07:00:00,Ratnapura,23.4,87.99,0.0,15.51
2026-07-13T08:00:00,Ratnapura,26.34,83.93,0.0,5.8
2026-07-13T09:00:00,Ratnapura,22,83.47,0.0,14.09
2026-07-13T10:00:00,Ratnapura,22.12,92.1,3.73,18.22
2026-07-13T11:00:00,Ratnapura,25.05,79.24,0.0,18.01
2026-07-13T12:00:00,Ratnapura,27.22,68.69,0.0,8.32
2026-07-13T13:00:00,Ratnapura,26.18,66.68,0.49,13.81
2026-07-13T14:00:00,Ratnapura,26.18,73.39,0.0,9.66
2026-07-13T15:00:00,Ratnapura,29.04,65,0.0,10.23
2026-07-13T16:00:00,Ratnapura,29.77,74.92,0.0,16.12
2026-07-13T17:00:00,Ratnapura,30.52,71.97,0.0,15.78
2026-07-13T18:00:00,Ratnapura,27.67,73.21,0.0,8.83
2026-07-13T19:00:00,Ratnapura,31.96,73.89,1.22,17.98
2026-07-13T20:00:00,Ratnapura,28.9,72.79,0.0,13.13
2026-07-13T21:00:00,Ratnapura,34.37,72.99,0.0,13.55
2026-07-13T22:00:00,Ratnapura,33.51,70.15,0.6,14.15
2026-07-13T23:00:00,Ratnapura,29.33,72.48,0.0,11.99
2026-07-14T00:00:00,Nuwara Eliya,15.35,91.57,0.1,15.38
2026-07-14T01:00:00,Nuwara Eliya,17.71,75.23,1.07,17.25
2026-07-14T02:00:00,Nuwara Eliya,15.46,95,7.8,16.56
2026-07-14T03:00:00,Nuwara Eliya,15.21,87.64,0.0,15.08
2026-07-14T04:00:00,Nuwara Eliya,14.17,92.63,0.33,13.17
2026-07-14T05:00:00,Nuwara Eliya,15.25,95,4.24,22.28
2026-07-14T06:00:00,Nuwara Eliya,17.59,92.41,1.16,18.97
2026-07-14T07:00:00,Nuwara Eliya,13.47,95,1.5,16.27
2026-07-14T08:00:00,Nuwara Eliya,13.64,95,2.22,15.79
2026-07-14T09:00:00,Nuwara Eliya,10.54,93.92,0.0,16.94
2026-07-14T10:00:00,Nuwara Eliya,13.29,93.9,3.42,18.37
2026-07-14T11:00:00,Nuwara Eliya,12.69,83.06,1.46,10.87
2026-07-14T12:00:00,Nuwara Eliya,17.8,71.42,0.0,10.96
2026-07-14T13:00:00,Nuwara Eliya,14.33,75.49,0.0,15.14
2026-07-14T14:00:00,Nuwara Eliya,14.28,79.77,1.44,16.89
2026-07-14T15:00:00,Nuwara Eliya,16.96,71.68,0.0,13.8
2026-07-14T16:00:00,Nuwara Eliya,10.75,88.25,4.35,10.81
2026-07-14T17:00:00,Nuwara Eliya,18.21,91.67,2.87,18.31
2026-07-14T18:00:00,Nuwara Eliya,19.22,78.63,0.0,19.27
2026-07-14T19:00:00,Nuwara Eliya,18.56,78.33,1.46,19.73
2026-07-14T20:00:00,Nuwara Eliya,13.74,85.06,1.04,15.33
2026-07-14T21:00:00,Nuwara Eliya,18.09,77.67,0.0,13.07
2026-07-14T22:00:00,Nuwara Eliya,16.57,86.1,0.76,10.72
2026-07-14T23:00:00,Nuwara Eliya,17.49,90.57,6.57,16.02
2026-07-14T00:00:00,Kandy,22.26,67.56,0.0,9.44
2026-07-14T01:00:00,Kandy,21.34,72.36,0.0,17.2
2026-07-14T02:00:00,Kandy,20.05,74.07,0.0,17.78
2026-07-14T03:00:00,Kandy,24.26,74.67,1.61,12.84
2026-07-14T04:00:00,Kandy,20.12,80.88,0.0,12.53
2026-07-14T05:00:00,Kandy,18,90,2.78,16.41
2026-07-14T06:00:00,Kandy,19.36,86.71,4.54,17.41
2026-07-14T07:00:00,Kandy,20.86,87.3,0.0,17.33
2026-07-14T08:00:00,Kandy,20.81,77.86,0.83,15.55
2026-07-14T09:00:00,Kandy,18.39,78.92,0.0,15.04
2026-07-14T10:00:00,Kandy,19.65,83.02,4.05,15.61
2026-07-14T11:00:00,Kandy,18,70.87,0.0,8.04
2026-07-14T12:00:00,Kandy,19.21,64.67,0.0,8.89
2026-07-14T13:00:00,Kandy,23.05,64.6,0.0,10.95
2026-07-14T14:00:00,Kandy,21.67,62.8,0.0,18.66
2026-07-14T15:00:00,Kandy,22.6,59.94,0.0,10.11
2026-07-14T16:00:00,Kandy,21.54,80.0,7.74,17.07
2026-07-14T17:00:00,Kandy,23.89,75.29,2.64,13.99
2026-07-14T18:00:00,Kandy,23.54,71.24,0.0,9.66
2026-07-14T19:00:00,Kandy,22.71,73.46,0.74,14.58
2026-07-14T20:00:00,Kandy,28.47,75.1,0.0,10.35
2026-07-14T21:00:00,Kandy,26.62,62.35,0.0,8.19
2026-07-14T22:00:00,Kandy,22.32,67.21,0.0,8.93
2026-07-14T23:00:00,Kandy,25.24,79.74,1.82,14.32
2026-07-14T00:00:00,Ratnapura,29.71,84.61,3.21,9.93
2026-07-14T01:00:00,Ratnapura,29.53,71.22,0.0,12.95
2026-07-14T02:00:00,Ratnapura,31.12,70.42,0.0,7.81
2026-07-14T03:00:00,Ratnapura,28.06,78.43,0.0,11.6
2026-07-14T04:00:00,Ratnapura,29.21,82.69,0.8,7.03
2026-07-14T05:00:00,Ratnapura,25.47,78.69,0.48,12.29
2026-07-14T06:00:00,Ratnapura,25.28,95.86,2.24,28.7
2026-07-14T07:00:00,Ratnapura,25.6,81.89,0.0,19.14
2026-07-14T08:00:00,Ratnapura,26.17,80.09,0.0,3.76
2026-07-14T09:00:00,Ratnapura,27.96,78.56,1.53,11.55
2026-07-14T10:00:00,Ratnapura,22.1,80.27,0.0,12.52
2026-07-14T11:00:00,Ratnapura,27.7,75.93,0.0,5.01
2026-07-14T12:00:00,Ratnapura,28.81,68.82,0.0,3.3
2026-07-14T13:00:00,Ratnapura,24.88,70.88,0.0,14.37
2026-07-14T14:00:00,Ratnapura,31.21,65,0.13,10.52
2026-07-14T15:00:00,Ratnapura,28.38,69.28,0.0,13.21
2026-07-14T16:00:00,Ratnapura,27.16,70.3,0.0,10.43
2026-07-14T17:00:00,Ratnapura,30.74,81.49,7.0,8.72
2026-07-14T18:00:00,Ratnapura,31.08,68.27,0.0,17.23
2026-07-14T19:00:00,Ratnapura,30.69,73.25,1.7,10.41
2026-07-14T20:00:00,Ratnapura,28.37,74.65,0.0,12.93
2026-07-14T21:00:00,Ratnapura,28.87,78.62,0.0,15.17
2026-07-14T22:00:00,Ratnapura,33.71,73.14,1.53,12.99
2026-07-14T23:00:00,Ratnapura,31.17,71.89,2.35,12.84
2026-07-15T00:00:00,Nuwara Eliya,19.16,75.4,0.0,8.47
2026-07-15T01:00:00,Nuwara Eliya,16.01,77.52,0.0,16.98
2026-07-15T02:00:00,Nuwara Eliya,14.37,89.91,3.62,16.26
2026-07-15T03:00:00,Nuwara Eliya,16.14,87.44,3.8,13.21
2026-07-15T04:00:00,Nuwara Eliya,12.94,95,0.07,21.27
2026-07-15T05:00:00,Nuwara Eliya,15.51,93.99,0.71,16.21
2026-07-15T06:00:00,Nuwara Eliya,10,89.78,1.01,16.79
2026-07-15T07:00:00,Nuwara Eliya,17.08,94.8,1.65,22.18
2026-07-15T08:00:00,Nuwara Eliya,12.28,94.97,4.2,19.53
2026-07-15T09:00:00,Nuwara Eliya,14.77,91.62,1.6,15.01
2026-07-15T10:00:00,Nuwara Eliya,16.9,79.95,0.0,20.82
2026-07-15T11:00:00,Nuwara Eliya,12.25,85.62,2.65,13.5
2026-07-15T12:00:00,Nuwara Eliya,12.4,65.01,0.0,15.44
2026-07-15T13:00:00,Nuwara Eliya,16.13,70.12,1.08,12.94
2026-07-15T14:00:00,Nuwara Eliya,17.51,77.22,0.0,16.81
2026-07-15T15:00:00,Nuwara Eliya,14.17,82.86,0.0,7.68
2026-07-15T16:00:00,Nuwara Eliya,17.43,75.73,1.95,14.51
2026-07-15T17:00:00,Nuwara Eliya,15.27,90.11,1.89,17.39
2026-07-15T18:00:00,Nuwara Eliya,20.5,79.24,4.68,22.61
2026-07-15T19:00:00,Nuwara Eliya,22.48,81.64,0.0,17.57
2026-07-15T20:00:00,Nuwara Eliya,14.58,84.02,0.51,7.97
2026-07-15T21:00:00,Nuwara Eliya,19.74,81.55,2.6,13.17
2026-07-15T22:00:00,Nuwara Eliya,19.94,78.6,0.6,15.26
2026-07-15T23:00:00,Nuwara Eliya,21.06,78.44,0.0,14.5
2026-07-15T00:00:00,Kandy,24.96,84.56,2.17,18.89
2026-07-15T01:00:00,Kandy,23.22,70.71,0.0,13.93
2026-07-15T02:00:00,Kandy,26.07,72.09,0.0,13.97
2026-07-15T03:00:00,Kandy,22.36,71.39,0.0,8.11
2026-07-15T04:00:00,Kandy,24.24,73.63,0.0,13.18
2026-07-15T05:00:00,Kandy,22.3,75.46,0.0,13.71
2026-07-15T06:00:00,Kandy,19.27,77.29,1.34,13.36
2026-07-15T07:00:00,Kandy,21.66,84.9,2.31,14.62
2026-07-15T08:00:00,Kandy,22.1,77.12,0.0,13.17
2026-07-15T09:00:00,Kandy,21.43,70.8,1.27,13.88
2026-07-15T10:00:00,Kandy,18.14,74.49,0.0,19.71
2026-07-15T11:00:00,Kandy,18,87.99,5.64,8.3
2026-07-15T12:00:00,Kandy,22.32,61.36,0.0,14.38
2026-07-15T13:00:00,Kandy,22.99,64.44,0.0,18.8
2026-07-15T14:00:00,Kandy,21.06,58.04,1.12,8.12
2026-07-15T15:00:00,Kandy,25.57,57.83,0.0,9.73
2026-07-15T16:00:00,Kandy,24.34,69.5,4.2,12.25
2026-07-15T17:00:00,Kandy,25.44,68.03,0.32,11.37
2026-07-15T18:00:00,Kandy,24.81,64.02,0.0,14.03
2026-07-15T19:00:00,Kandy,30,65.86,0.0,12.23
2026-07-15T20:00:00,Kandy,22.78,73.56,0.0,15.64
2026-07-15T21:00:00,Kandy,22.58,73.94,0.0,14.3
2026-07-15T22:00:00,Kandy,23.71,73.04,0.53,16.49
2026-07-15T23:00:00,Kandy,26.3,68.51,0.0,9.29
2026-07-15T00:00:00,Ratnapura,29.22,87.41,7.65,12.74
2026-07-15T01:00:00,Ratnapura,29.68,78.46,0.0,9.71
2026-07-15T02:00:00,Ratnapura,26.27,71.12,0.0,7.24
2026-07-15T03:00:00,Ratnapura,23.45,85.41,0.0,8.31
2026-07-15T04:00:00,Ratnapura,29.1,82.81,0.0,14.18
2026-07-15T05:00:00,Ratnapura,24.97,98,14.25,20.95
2026-07-15T06:00:00,Ratnapura,23.66,86.39,1.02,10.55
2026-07-15T07:00:00,Ratnapura,25.73,82.59,0.0,19.06
2026-07-15T08:00:00,Ratnapura,22.82,91.7,2.63,17.25
2026-07-15T09:00:00,Ratnapura,22.84,79.58,0.03,20.93
2026-07-15T10:00:00,Ratnapura,27.12,78.29,0.0,13.58
2026-07-15T11:00:00,Ratnapura,29.24,75.41,0.0,8.48
2026-07-15T12:00:00,Ratnapura,28.07,65,0.56,14.14
2026-07-15T13:00:00,Ratnapura,27.58,76.32,1.73,9.36
2026-07-15T14:00:00,Ratnapura,24.07,71.06,0.0,12.82
2026-07-15T15:00:00,Ratnapura,26.43,68.49,0.93,7.82
2026-07-15T16:00:00,Ratnapura,31.43,65,0.0,9.6
2026-07-15T17:00:00,Ratnapura,30.54,74.08,0.0,13.06
2026-07-15T18:00:00,Ratnapura,32.74,75.75,4.55,13.13
2026-07-15T19:00:00,Ratnapura,34.13,76.45,0.0,15.04
2026-07-15T20:00:00,Ratnapura,29.19,73.3,0.0,11.29
2026-07-15T21:00:00,Ratnapura,30.47,79.61,0.0,16.33
2026-07-15T22:00:00,Ratnapura,31.83,73.21,0.0,11.65
2026-07-15T23:00:00,Ratnapura,31.35,77.82,1.19,14.4
2026-07-16T00:00:00,Nuwara Eliya,16.71,79.9,0.37,15.96
2026-07-16T01:00:00,Nuwara Eliya,18.24,75.64,0.73,15.05
2026-07-16T02:00:00,Nuwara Eliya,16.62,84.7,1.93,13.19
2026-07-16T03:00:00,Nuwara Eliya,13.14,82.24,0.0,15.68
2026-07-16T04:00:00,Nuwara Eliya,14.66,95,7.78,11.9
2026-07-16T05:00:00,Nuwara Eliya,14.02,91.59,1.2,10.68
2026-07-16T06:00:00,Nuwara Eliya,10,95,1.91,10.66
2026-07-16T07:00:00,Nuwara Eliya,13.67,90.14,1.0,11.58
2026-07-16T08:00:00,Nuwara Eliya,14.18,91.81,0.0,18.82
2026-07-16T09:00:00,Nuwara Eliya,12.49,83.31,1.4,10.02
2026-07-16T10:00:00,Nuwara Eliya,13.32,88.3,1.41,11.4
2026-07-16T11:00:00,Nuwara Eliya,15.32,88.62,0.02,16.66
2026-07-16T12:00:00,Nuwara Eliya,14.65,75.83,0.0,13.73
2026-07-16T13:00:00,Nuwara Eliya,13.75,72.02,0.0,9.69
2026-07-16T14:00:00,Nuwara Eliya,16.19,73.22,0.0,11.49
2026-07-16T15:00:00,Nuwara Eliya,18.08,78.52,2.45,11.14
2026-07-16T16:00:00,Nuwara Eliya,15.45,75.47,0.0,14.88
2026-07-16T17:00:00,Nuwara Eliya,16.86,80.45,0.11,8.0
2026-07-16T18:00:00,Nuwara Eliya,21.6,85.78,5.9,15.64
2026-07-16T19:00:00,Nuwara Eliya,16.81,79.32,0.0,13.67
2026-07-16T20:00:00,Nuwara Eliya,17.11,80.27,0.0,13.4
2026-07-16T21:00:00,Nuwara Eliya,17.25,75.02,0.06,11.52
2026-07-16T22:00:00,Nuwara Eliya,16.57,88.18,0.5,11.44
2026-07-16T23:00:00,Nuwara Eliya,17.77,83.88,4.24,10.96
2026-07-16T00:00:00,Kandy,25.58,67.51,0.0,16.52
2026-07-16T01:00:00,Kandy,28.89,69.35,0.0,4.57
2026-07-16T02:00:00,Kandy,22.23,74.39,0.53,12.12
2026-07-16T03:00:00,Kandy,18.4,75.98,0.33,12.82
2026-07-16T04:00:00,Kandy,21.33,83.51,0.33,14.42
2026-07-16T05:00:00,Kandy,20.08,85.08,1.03,16.13
2026-07-16T06:00:00,Kandy,19.69,80.21,0.21,13.0
2026-07-16T07:00:00,Kandy,20.73,77.3,0.46,7.73
2026-07-16T08:00:00,Kandy,20.38,80.24,2.5,3.85
2026-07-16T09:00:00,Kandy,20.03,80.24,0.0,16.82
2026-07-16T10:00:00,Kandy,23.44,67.26,0.0,10.31
2026-07-16T11:00:00,Kandy,25.89,66.59,0.0,15.24
2026-07-16T12:00:00,Kandy,19.79,67.97,0.0,13.62
2026-07-16T13:00:00,Kandy,21.16,60.8,0.0,14.5
2026-07-16T14:00:00,Kandy,26.04,62.68,0.31,15.47
2026-07-16T15:00:00,Kandy,21.38,62.61,0.0,12.75
2026-07-16T16:00:00,Kandy,27.07,63.74,0.0,14.03
2026-07-16T17:00:00,Kandy,23.34,74.03,2.55,10.37
2026-07-16T18:00:00,Kandy,21.6,76.94,1.25,13.54
2026-07-16T19:00:00,Kandy,29.22,63.25,0.0,16.56
2026-07-16T20:00:00,Kandy,27.27,62.41,0.0,11.9
2026-07-16T21:00:00,Kandy,24.25,72.89,0.96,21.04
2026-07-16T22:00:00,Kandy,26.8,67.44,0.0,8.92
2026-07-16T23:00:00,Kandy,24.79,69.66,0.0,21.98
2026-07-16T00:00:00,Ratnapura,32.04,76.33,3.84,12.75
2026-07-16T01:00:00,Ratnapura,29.17,70.4,0.0,9.08
2026-07-16T02:00:00,Ratnapura,28.21,73.31,0.0,13.79
2026-07-16T03:00:00,Ratnapura,30.55,75.93,0.0,14.74
2026-07-16T04:00:00,Ratnapura,28.36,84.6,2.81,9.49
2026-07-16T05:00:00,Ratnapura,26.88,93.45,4.29,6.05
2026-07-16T06:00:00,Ratnapura,25.67,77.96,0.0,17.63
2026-07-16T07:00:00,Ratnapura,25.91,80.12,0.0,13.83
2026-07-16T08:00:00,Ratnapura,26.92,81.74,0.0,9.12
2026-07-16T09:00:00,Ratnapura,22,87.09,0.0,17.38
2026-07-16T10:00:00,Ratnapura,27.96,82.9,1.14,11.2
2026-07-16T11:00:00,Ratnapura,27.03,87.18,2.39,14.44
2026-07-16T12:00:00,Ratnapura,24.25,79.26,0.0,17.03
2026-07-16T13:00:00,Ratnapura,26.84,65,0.0,11.05
2026-07-16T14:00:00,Ratnapura,25.89,65,0.0,19.35
2026-07-16T15:00:00,Ratnapura,29.93,75.66,4.44,15.38
2026-07-16T16:00:00,Ratnapura,30.5,70.37,0.0,7.23
2026-07-16T17:00:00,Ratnapura,26.02,84.04,1.27,11.83
2026-07-16T18:00:00,Ratnapura,30.31,74.6,0.0,15.86
2026-07-16T19:00:00,Ratnapura,31.44,69.6,0.0,6.11
2026-07-16T20:00:00,Ratnapura,32.66,70.16,0.0,11.63
2026-07-16T21:00:00,Ratnapura,28.35,70.21,0.0,8.82
2026-07-16T22:00:00,Ratnapura,29.91,67.79,0.0,7.45
2026-07-16T23:00:00,Ratnapura,31.1,70.15,0.0,12.67
2026-07-17T00:00:00,Nuwara Eliya,17.96,81.68,0.0,10.86
2026-07-17T01:00:00,Nuwara Eliya,18.84,84.06,0.0,11.88
2026-07-17T02:00:00,Nuwara Eliya,13.79,81.99,0.0,13.43
2026-07-17T03:00:00,Nuwara Eliya,16.04,88.63,2.53,18.43
2026-07-17T04:00:00,Nuwara Eliya,13.68,91.36,0.0,17.56
2026-07-17T05:00:00,Nuwara Eliya,11.31,94.69,0.0,15.62
2026-07-17T06:00:00,Nuwara Eliya,15.04,86.09,1.06,14.78
2026-07-17T07:00:00,Nuwara Eliya,10,95,2.62,15.3
2026-07-17T08:00:00,Nuwara Eliya,10,87.12,0.21,5.29
2026-07-17T09:00:00,Nuwara Eliya,12.11,95,4.19,17.69
2026-07-17T10:00:00,Nuwara Eliya,12.47,86.08,0.77,8.97
2026-07-17T11:00:00,Nuwara Eliya,10,84.64,0.05,7.41
2026-07-17T12:00:00,Nuwara Eliya,12.92,78.02,0.0,11.21
2026-07-17T13:00:00,Nuwara Eliya,14.08,82.43,2.04,10.86
2026-07-17T14:00:00,Nuwara Eliya,14.7,83.51,0.0,14.77
2026-07-17T15:00:00,Nuwara Eliya,14.57,72.59,0.22,18.21
2026-07-17T16:00:00,Nuwara Eliya,16.67,73.45,0.0,16.31
2026-07-17T17:00:00,Nuwara Eliya,21.97,77.06,0.0,12.94
2026-07-17T18:00:00,Nuwara Eliya,17.18,80.73,0.0,14.41
2026-07-17T19:00:00,Nuwara Eliya,19.05,82.03,0.86,9.6
2026-07-17T20:00:00,Nuwara Eliya,17.45,78.05,0.0,16.61
2026-07-17T21:00:00,Nuwara Eliya,17.33,92.08,4.67,16.17
2026-07-17T22:00:00,Nuwara Eliya,18.43,79.22,0.0,16.33
2026-07-17T23:00:00,Nuwara Eliya,18.4,90.84,5.11,16.6
2026-07-17T00:00:00,Kandy,24.81,74.1,0.0,11.12
2026-07-17T01:00:00,Kandy,18.8,69.46,0.07,6.37
2026-07-17T02:00:00,Kandy,22.5,76.49,0.79,19.07
2026-07-17T03:00:00,Kandy,22.07,70.97,0.0,12.01
2026-07-17T04:00:00,Kandy,18.65,82.06,0.0,16.56
2026-07-17T05:00:00,Kandy,24.72,77.85,0.0,12.17
2026-07-17T06:00:00,Kandy,18,77.09,0.0,12.31
2026-07-17T07:00:00,Kandy,21.66,80.21,0.47,15.7
2026-07-17T08:00:00,Kandy,20.56,81.15,0.06,17.49
2026-07-17T09:00:00,Kandy,18.48,82.15,1.07,11.7
2026-07-17T10:00:00,Kandy,18.07,79.6,0.43,15.1
2026-07-17T11:00:00,Kandy,22.9,72.29,1.61,13.82
2026-07-17T12:00:00,Kandy,20.62,66.54,0.0,11.15
2026-07-17T13:00:00,Kandy,22.47,59.15,0.0,7.25
2026-07-17T14:00:00,Kandy,22.2,67.43,0.0,10.48
2026-07-17T15:00:00,Kandy,23.4,65.66,2.04,8.66
2026-07-17T16:00:00,Kandy,22.03,66.87,0.0,9.79
2026-07-17T17:00:00,Kandy,23.83,75.57,0.47,13.05
2026-07-17T18:00:00,Kandy,25.17,68.22,0.0,7.68
2026-07-17T19:00:00,Kandy,24.1,67.92,0.0,7.17
2026-07-17T20:00:00,Kandy,24.97,74.75,1.56,22.38
2026-07-17T21:00:00,Kandy,22.37,65.65,0.0,9.4
2026-07-17T22:00:00,Kandy,25.13,60.39,0.0,15.8
2026-07-17T23:00:00,Kandy,25.67,70.77,1.8,15.48
2026-07-17T00:00:00,Ratnapura,27.03,74.36,0.0,8.68
2026-07-17T01:00:00,Ratnapura,31.22,73.03,0.0,8.99
2026-07-17T02:00:00,Ratnapura,26.33,76.48,1.15,13.18
2026-07-17T03:00:00,Ratnapura,26.16,80.8,0.0,9.73
2026-07-17T04:00:00,Ratnapura,27.11,82.76,0.0,13.68
2026-07-17T05:00:00,Ratnapura,23.63,98,15.79,21.38
2026-07-17T06:00:00,Ratnapura,24.28,92.56,4.02,13.83
2026-07-17T07:00:00,Ratnapura,26.92,79.03,0.0,9.67
2026-07-17T08:00:00,Ratnapura,23.79,89.82,0.0,16.98
2026-07-17T09:00:00,Ratnapura,24.88,74.65,0.0,16.13
2026-07-17T10:00:00,Ratnapura,26.12,80.33,0.0,6.47
2026-07-17T11:00:00,Ratnapura,25.47,74.65,0.57,15.13
2026-07-17T12:00:00,Ratnapura,28.64,65,2.09,16.82
2026-07-17T13:00:00,Ratnapura,27.44,77.84,4.21,14.18
2026-07-17T14:00:00,Ratnapura,25.95,76.36,0.0,9.98
2026-07-17T15:00:00,Ratnapura,27.98,71.48,2.16,8.98
2026-07-17T16:00:00,Ratnapura,32.73,65,0.0,9.97
2026-07-17T17:00:00,Ratnapura,33.61,73.63,0.0,16.37
2026-07-17T18:00:00,Ratnapura,31.19,68.86,0.0,6.48
2026-07-17T19:00:00,Ratnapura,29.83,70.99,0.0,8.81
2026-07-17T20:00:00,Ratnapura,32.71,72.5,0.0,12.54
2026-07-17T21:00:00,Ratnapura,32.52,77.8,1.57,16.07
2026-07-17T22:00:00,Ratnapura,28.52,74.73,0.77,7.71
2026-07-17T23:00:00,Ratnapura,31.84,70.95,0.0,12.47
2026-07-18T00:00:00,Nuwara Eliya,16.86,77.69,1.29,10.03
2026-07-18T01:00:00,Nuwara Eliya,17.1,82.28,0.0,14.65
2026-07-18T02:00:00,Nuwara Eliya,12.11,95,4.71,12.26
2026-07-18T03:00:00,Nuwara Eliya,12.48,82.21,0.84,7.56
2026-07-18T04:00:00,Nuwara Eliya,14.24,85.62,0.0,16.74
2026-07-18T05:00:00,Nuwara Eliya,10.64,95,4.7,16.72
2026-07-18T06:00:00,Nuwara Eliya,12.79,95,2.49,25.36
2026-07-18T07:00:00,Nuwara Eliya,11.96,93.02,0.18,15.41
2026-07-18T08:00:00,Nuwara Eliya,13.33,95,1.36,18.58
2026-07-18T09:00:00,Nuwara Eliya,13.58,76.41,0.0,17.31
2026-07-18T10:00:00,Nuwara Eliya,12.13,92.33,2.14,13.58
2026-07-18T11:00:00,Nuwara Eliya,12.75,85.61,0.0,20.63
2026-07-18T12:00:00,Nuwara Eliya,14.94,72.53,0.0,12.36
2026-07-18T13:00:00,Nuwara Eliya,17.31,91.5,5.18,16.41
2026-07-18T14:00:00,Nuwara Eliya,12.01,78.58,0.0,11.76
2026-07-18T15:00:00,Nuwara Eliya,16.49,69.56,0.52,9.74
2026-07-18T16:00:00,Nuwara Eliya,18.27,68.81,0.0,13.43
2026-07-18T17:00:00,Nuwara Eliya,19.97,86.72,3.8,19.43
2026-07-18T18:00:00,Nuwara Eliya,21.45,76.02,0.08,14.73
2026-07-18T19:00:00,Nuwara Eliya,14.19,74.95,0.0,5.08
2026-07-18T20:00:00,Nuwara Eliya,18.68,87.63,4.05,14.67
2026-07-18T21:00:00,Nuwara Eliya,16.52,87.76,3.06,14.67
2026-07-18T22:00:00,Nuwara Eliya,16.76,80.22,1.02,11.29
2026-07-18T23:00:00,Nuwara Eliya,18.08,75.63,0.0,11.86
2026-07-18T00:00:00,Kandy,21.55,71.83,0.0,7.25
2026-07-18T01:00:00,Kandy,22.0,66.96,0.0,19.08
2026-07-18T02:00:00,Kandy,23.64,66.51,0.0,14.22
2026-07-18T03:00:00,Kandy,19.46,79.76,0.0,18.44
2026-07-18T04:00:00,Kandy,21.31,87.14,1.8,17.41
2026-07-18T05:00:00,Kandy,21.86,90,0.9,19.73
2026-07-18T06:00:00,Kandy,18.25,75.59,0.78,5.02
2026-07-18T07:00:00,Kandy,24.06,82.36,0.25,11.8
2026-07-18T08:00:00,Kandy,23.86,74.1,1.56,18.03
2026-07-18T09:00:00,Kandy,23.81,77.09,0.9,19.03
2026-07-18T10:00:00,Kandy,22.98,85.01,0.0,14.32
2026-07-18T11:00:00,Kandy,21.21,79.53,2.5,15.47
2026-07-18T12:00:00,Kandy,22.41,67.81,0.0,10.11
2026-07-18T13:00:00,Kandy,21.9,66.18,0.0,16.05
2026-07-18T14:00:00,Kandy,21.75,61.07,0.0,17.74
2026-07-18T15:00:00,Kandy,26.94,58.39,0.0,13.37
2026-07-18T16:00:00,Kandy,23.87,65.12,0.04,14.57
2026-07-18T17:00:00,Kandy,25.15,65.69,0.75,18.77
2026-07-18T18:00:00,Kandy,27.4,70.71,0.0,12.72
2026-07-18T19:00:00,Kandy,24.27,73.46,1.26,10.87
2026-07-18T20:00:00,Kandy,27.02,65.3,0.0,13.61
2026-07-18T21:00:00,Kandy,26.01,62.94,0.0,14.74
2026-07-18T22:00:00,Kandy,25.72,74.23,0.37,11.27
2026-07-18T23:00:00,Kandy,25.39,69.13,0.0,10.56
2026-07-18T00:00:00,Ratnapura,32.45,91.72,6.63,13.67
2026-07-18T01:00:00,Ratnapura,30.15,70.97,0.0,11.92
2026-07-18T02:00:00,Ratnapura,29.22,77.43,1.52,14.18
2026-07-18T03:00:00,Ratnapura,27.19,87.56,3.22,14.4
2026-07-18T04:00:00,Ratnapura,25.51,83.5,0.39,19.84
2026-07-18T05:00:00,Ratnapura,23.55,95.31,1.52,22.27
2026-07-18T06:00:00,Ratnapura,25.74,80.07,0.67,13.52
2026-07-18T07:00:00,Ratnapura,26.19,84.23,0.0,7.31
2026-07-18T08:00:00,Ratnapura,27.98,82.87,0.0,10.37
2026-07-18T09:00:00,Ratnapura,25.33,78.26,0.16,19.21
2026-07-18T10:00:00,Ratnapura,22.99,86.34,0.0,15.42
2026-07-18T11:00:00,Ratnapura,27.83,78.28,2.67,9.71
2026-07-18T12:00:00,Ratnapura,25.93,75.28,0.0,17.01
2026-07-18T13:00:00,Ratnapura,27.14,71.44,0.0,6.93
2026-07-18T14:00:00,Ratnapura,28.13,84.61,6.84,15.01
2026-07-18T15:00:00,Ratnapura,29.29,71.54,0.13,10.75
2026-07-18T16:00:00,Ratnapura,28.03,68.84,0.0,9.44
2026-07-18T17:00:00,Ratnapura,28.38,87.18,3.24,15.3
2026-07-18T18:00:00,Ratnapura,32.62,73.07,0.91,17.87
2026-07-18T19:00:00,Ratnapura,30.54,66.27,0.0,14.71
2026-07-18T20:00:00,Ratnapura,31.9,73.5,0.35,13.33
2026-07-18T21:00:00,Ratnapura,32.35,75.76,0.0,16.37
2026-07-18T22:00:00,Ratnapura,32.46,76.5,0.0,15.78
2026-07-18T23:00:00,Ratnapura,29.66,80.56,3.41,12.63
2026-07-19T00:00:00,Nuwara Eliya,17.15,83.31,0.4,15.34
2026-07-19T01:00:00,Nuwara Eliya,19.79,84.11,2.77,19.61
2026-07-19T02:00:00,Nuwara Eliya,14.11,82.48,1.27,11.55
2026-07-19T03:00:00,Nuwara Eliya,15.64,81.7,0.01,15.32
2026-07-19T04:00:00,Nuwara Eliya,12.57,95,4.58,16.77
2026-07-19T05:00:00,Nuwara Eliya,11.35,95,3.43,15.6
2026-07-19T06:00:00,Nuwara Eliya,11.57,89.84,0.68,14.74
2026-07-19T07:00:00,Nuwara Eliya,10,86.41,0.68,16.84
2026-07-19T08:00:00,Nuwara Eliya,11.26,90.85,0.0,19.61
2026-07-19T09:00:00,Nuwara Eliya,11.7,94.09,7.2,16.22
2026-07-19T10:00:00,Nuwara Eliya,11.44,94.06,5.34,17.91
2026-07-19T11:00:00,Nuwara Eliya,15.18,92.97,4.42,11.14
2026-07-19T12:00:00,Nuwara Eliya,15.78,73.16,0.0,10.39
2026-07-19T13:00:00,Nuwara Eliya,11.85,72.45,0.0,13.69
2026-07-19T14:00:00,Nuwara Eliya,17.42,73.63,0.0,11.15
2026-07-19T15:00:00,Nuwara Eliya,17.57,66.61,0.0,14.61
2026-07-19T16:00:00,Nuwara Eliya,17.55,68.73,0.36,10.97
2026-07-19T17:00:00,Nuwara Eliya,22.12,74.17,0.0,12.52
2026-07-19T18:00:00,Nuwara Eliya,17.46,81.96,2.78,11.98
2026-07-19T19:00:00,Nuwara Eliya,18.17,76.17,0.0,16.03
2026-07-19T20:00:00,Nuwara Eliya,17.86,75.33,0.0,10.05
2026-07-19T21:00:00,Nuwara Eliya,18.59,83.98,0.21,9.8
2026-07-19T22:00:00,Nuwara Eliya,17.17,78.23,0.0,14.04
2026-07-19T23:00:00,Nuwara Eliya,17.15,83.92,3.45,13.88
2026-07-19T00:00:00,Kandy,23.01,72.98,0.0,13.53
2026-07-19T01:00:00,Kandy,21.58,66.39,0.0,11.1
2026-07-19T02:00:00,Kandy,21.97,70.23,0.0,13.1
2026-07-19T03:00:00,Kandy,27.89,69.55,0.0,14.4
2026-07-19T04:00:00,Kandy,22.24,84.39,1.54,8.95
2026-07-19T05:00:00,Kandy,24.13,77.65,1.82,16.51
2026-07-19T06:00:00,Kandy,22.05,85.6,0.22,11.35
2026-07-19T07:00:00,Kandy,18,78.44,0.75,12.92
2026-07-19T08:00:00,Kandy,18,83.12,1.54,9.51
2026-07-19T09:00:00,Kandy,20.1,67.82,0.0,12.72
2026-07-19T10:00:00,Kandy,18,75.56,0.6,13.15
2026-07-19T11:00:00,Kandy,22.22,71.96,0.0,11.87
2026-07-19T12:00:00,Kandy,19.21,66.5,0.0,14.99
2026-07-19T13:00:00,Kandy,22.44,64.98,0.48,14.52
2026-07-19T14:00:00,Kandy,21.09,67.42,0.0,16.51
2026-07-19T15:00:00,Kandy,22.72,67.82,1.24,8.14
2026-07-19T16:00:00,Kandy,23.53,60.98,0.0,13.2
2026-07-19T17:00:00,Kandy,26.06,69.21,0.0,9.35
2026-07-19T18:00:00,Kandy,24.48,66.25,0.0,8.76
2026-07-19T19:00:00,Kandy,26.97,72.68,0.0,16.64
2026-07-19T20:00:00,Kandy,26.9,73.59,0.0,5.69
2026-07-19T21:00:00,Kandy,23.25,84.91,5.02,11.45
2026-07-19T22:00:00,Kandy,25.1,69.9,0.0,10.65
2026-07-19T23:00:00,Kandy,28.39,68.57,0.45,10.88
2026-07-19T00:00:00,Ratnapura,29.17,79.17,1.56,12.12
2026-07-19T01:00:00,Ratnapura,31.17,83.64,6.09,11.93
2026-07-19T02:00:00,Ratnapura,28.21,79.04,0.0,14.22
2026-07-19T03:00:00,Ratnapura,27.54,72.58,0.0,9.89
2026-07-19T04:00:00,Ratnapura,26.71,93.41,5.68,13.45
2026-07-19T05:00:00,Ratnapura,28.26,82.49,0.0,11.27
2026-07-19T06:00:00,Ratnapura,27.06,81.29,0.0,11.28
2026-07-19T07:00:00,Ratnapura,22.03,77.72,0.0,9.14
2026-07-19T08:00:00,Ratnapura,22.64,83.37,1.4,14.75
2026-07-19T09:00:00,Ratnapura,25.35,83.8,6.0,13.8
2026-07-19T10:00:00,Ratnapura,29.87,77.16,2.07,14.41
2026-07-19T11:00:00,Ratnapura,26.95,78.65,0.0,12.99
2026-07-19T12:00:00,Ratnapura,27.73,67.39,2.18,11.33
2026-07-19T13:00:00,Ratnapura,25.66,68.72,0.0,15.0
2026-07-19T14:00:00,Ratnapura,26.51,68.79,0.0,10.4
2026-07-19T15:00:00,Ratnapura,30.0,69.97,0.0,3.58
2026-07-19T16:00:00,Ratnapura,27.05,68.17,0.0,13.22
2026-07-19T17:00:00,Ratnapura,31.9,65,0.0,11.36
2026-07-19T18:00:00,Ratnapura,25.99,83.55,0.27,14.59
2026-07-19T19:00:00,Ratnapura,29.71,76.2,0.0,11.38
2026-07-19T20:00:00,Ratnapura,29.44,75.57,0.0,10.69
2026-07-19T21:00:00,Ratnapura,30.35,76.05,1.24,9.36
2026-07-19T22:00:00,Ratnapura,29.56,68.11,0.0,11.02
2026-07-19T23:00:00,Ratnapura,33.55,69.59,0.0,16.92
2026-07-20T00:00:00,Nuwara Eliya,20.69,88.93,6.55,17.68
2026-07-20T01:00:00,Nuwara Eliya,19.28,86.35,3.47,15.1
2026-07-20T02:00:00,Nuwara Eliya,13.13,82.34,1.92,3.02
2026-07-20T03:00:00,Nuwara Eliya,15.03,80.82,0.32,11.68
2026-07-20T04:00:00,Nuwara Eliya,13.03,95,5.51,19.42
2026-07-20T05:00:00,Nuwara Eliya,12.18,88.8,1.17,13.09
2026-07-20T06:00:00,Nuwara Eliya,14.53,94.65,3.26,18.26
2026-07-20T07:00:00,Nuwara Eliya,12.52,91.2,1.09,14.37
2026-07-20T08:00:00,Nuwara Eliya,10.06,95,9.62,16.86
2026-07-20T09:00:00,Nuwara Eliya,14.68,95,7.18,16.15
2026-07-20T10:00:00,Nuwara Eliya,14.37,95,9.0,18.8
2026-07-20T11:00:00,Nuwara Eliya,12.68,81.51,0.0,13.12
2026-07-20T12:00:00,Nuwara Eliya,16.68,74.38,0.0,14.67
2026-07-20T13:00:00,Nuwara Eliya,10.94,74.03,0.75,6.52
2026-07-20T14:00:00,Nuwara Eliya,15.08,80.97,2.0,10.05
2026-07-20T15:00:00,Nuwara Eliya,16.53,77.65,2.24,17.87
2026-07-20T16:00:00,Nuwara Eliya,17.51,74.34,0.0,13.69
2026-07-20T17:00:00,Nuwara Eliya,19.68,85.62,1.98,14.69
2026-07-20T18:00:00,Nuwara Eliya,14.94,95,4.34,20.89
2026-07-20T19:00:00,Nuwara Eliya,15.81,83.64,0.33,17.17
2026-07-20T20:00:00,Nuwara Eliya,18.01,91.09,5.24,21.34
2026-07-20T21:00:00,Nuwara Eliya,18.12,70.58,0.0,9.61
2026-07-20T22:00:00,Nuwara Eliya,21.11,75.35,0.0,19.68
2026-07-20T23:00:00,Nuwara Eliya,16.07,90.08,2.8,12.68
2026-07-20T00:00:00,Kandy,21.62,70.84,0.0,15.12
2026-07-20T01:00:00,Kandy,21.67,75.89,0.1,16.12
2026-07-20T02:00:00,Kandy,21.59,66.48,0.0,17.26
2026-07-20T03:00:00,Kandy,23.9,72.85,0.0,15.34
2026-07-20T04:00:00,Kandy,21.41,76.39,0.0,14.78
2026-07-20T05:00:00,Kandy,21.38,76.02,0.98,17.9
2026-07-20T06:00:00,Kandy,18.45,82.62,0.54,9.08
2026-07-20T07:00:00,Kandy,22.17,81.11,0.0,11.7
2026-07-20T08:00:00,Kandy,21.93,79.61,0.0,18.75
2026-07-20T09:00:00,Kandy,21.19,74.08,1.85,18.84
2026-07-20T10:00:00,Kandy,18.31,71.89,0.17,12.01
2026-07-20T11:00:00,Kandy,20.31,67.69,0.0,15.33
2026-07-20T12:00:00,Kandy,20.0,64.32,0.27,12.75
2026-07-20T13:00:00,Kandy,22.49,67.87,2.38,7.8
2026-07-20T14:00:00,Kandy,23.59,68.72,1.53,10.32
2026-07-20T15:00:00,Kandy,23.16,66.2,2.64,9.24
2026-07-20T16:00:00,Kandy,26.73,59.51,0.0,9.73
2026-07-20T17:00:00,Kandy,24.37,69.21,0.21,15.28
2026-07-20T18:00:00,Kandy,21.77,70.3,0.0,15.42
2026-07-20T19:00:00,Kandy,26.23,56.56,0.0,11.31
2026-07-20T20:00:00,Kandy,26.81,72.2,0.66,11.46
2026-07-20T21:00:00,Kandy,26.73,65.98,0.0,14.91
2026-07-20T22:00:00,Kandy,25.19,70.47,0.81,13.78
2026-07-20T23:00:00,Kandy,22.15,70.17,1.45,12.1
2026-07-20T00:00:00,Ratnapura,29.4,76.21,0.0,15.94
2026-07-20T01:00:00,Ratnapura,28.28,79.27,4.42,15.75
2026-07-20T02:00:00,Ratnapura,27.55,68.39,0.0,15.54
2026-07-20T03:00:00,Ratnapura,26.05,70.58,0.0,5.97
2026-07-20T04:00:00,Ratnapura,26.74,80.62,0.0,1.2
2026-07-20T05:00:00,Ratnapura,26.83,79.51,0.0,9.33
2026-07-20T06:00:00,Ratnapura,27.54,81.9,0.97,15.05
2026-07-20T07:00:00,Ratnapura,26.24,85.07,0.0,12.7
2026-07-20T08:00:00,Ratnapura,25.06,91.22,0.0,13.87
2026-07-20T09:00:00,Ratnapura,22.5,75.89,0.0,15.46
2026-07-20T10:00:00,Ratnapura,26.57,79.65,0.0,10.12
2026-07-20T11:00:00,Ratnapura,28.35,74.28,0.22,9.22
2026-07-20T12:00:00,Ratnapura,24.55,79.08,3.07,15.62
2026-07-20T13:00:00,Ratnapura,28.12,65,0.0,8.58
2026-07-20T14:00:00,Ratnapura,30.79,65,0.0,12.58
2026-07-20T15:00:00,Ratnapura,29.65,65,0.0,10.08
2026-07-20T16:00:00,Ratnapura,30.48,65,0.0,11.04
2026-07-20T17:00:00,Ratnapura,28.06,77.99,0.0,13.43
2026-07-20T18:00:00,Ratnapura,31.59,72.37,0.07,9.07
2026-07-20T19:00:00,Ratnapura,28.63,66.21,0.0,8.94
2026-07-20T20:00:00,Ratnapura,31.89,72.91,0.0,14.78
2026-07-20T21:00:00,Ratnapura,29.26,70.17,0.0,14.13
2026-07-20T22:00:00,Ratnapura,32.19,71.42,0.0,11.02
2026-07-20T23:00:00,Ratnapura,29.4,69.64,0.0,12.03
2026-07-21T00:00:00,Nuwara Eliya,18.35,84.8,1.56,13.72
2026-07-21T01:00:00,Nuwara Eliya,15.65,82.87,0.0,10.65
2026-07-21T02:00:00,Nuwara Eliya,14.0,95,4.22,14.59
2026-07-21T03:00:00,Nuwara Eliya,12.27,95,17.58,21.26
2026-07-21T04:00:00,Nuwara Eliya,18.26,91.93,3.78,15.47
2026-07-21T05:00:00,Nuwara Eliya,13.4,89.6,0.0,18.24
2026-07-21T06:00:00,Nuwara Eliya,12.33,95,5.89,15.03
2026-07-21T07:00:00,Nuwara Eliya,12.81,95,0.52,17.76
2026-07-21T08:00:00,Nuwara Eliya,14.28,93.55,2.67,18.88
2026-07-21T09:00:00,Nuwara Eliya,12.88,80.92,0.28,11.31
2026-07-21T10:00:00,Nuwara Eliya,10.21,93.4,1.35,15.65
2026-07-21T11:00:00,Nuwara Eliya,13.65,84.72,0.0,11.73
2026-07-21T12:00:00,Nuwara Eliya,12.49,72.85,0.0,5.98
2026-07-21T13:00:00,Nuwara Eliya,16.1,70.08,1.43,9.89
2026-07-21T14:00:00,Nuwara Eliya,18.34,81.71,0.0,12.16
2026-07-21T15:00:00,Nuwara Eliya,19.43,74.83,0.0,11.89
2026-07-21T16:00:00,Nuwara Eliya,18.09,70.52,0.0,12.54
2026-07-21T17:00:00,Nuwara Eliya,16.17,80.11,1.27,4.2
2026-07-21T18:00:00,Nuwara Eliya,19.21,81.44,1.24,10.32
2026-07-21T19:00:00,Nuwara Eliya,20.83,75.35,0.0,19.09
2026-07-21T20:00:00,Nuwara Eliya,16.9,83.72,0.0,12.93
2026-07-21T21:00:00,Nuwara Eliya,16.36,83.04,0.0,7.1
2026-07-21T22:00:00,Nuwara Eliya,17.93,81.5,0.31,10.06
2026-07-21T23:00:00,Nuwara Eliya,19.29,78.26,0.0,11.29
2026-07-21T00:00:00,Kandy,22.62,71.3,0.0,20.45
2026-07-21T01:00:00,Kandy,22.32,67.87,0.0,11.84
2026-07-21T02:00:00,Kandy,22.62,77.02,0.0,21.51
2026-07-21T03:00:00,Kandy,20.4,69.28,0.0,7.73
2026-07-21T04:00:00,Kandy,18.93,89.22,0.73,13.14
2026-07-21T05:00:00,Kandy,23.24,90,6.34,15.82
2026-07-21T06:00:00,Kandy,20.78,82.38,0.0,16.72
2026-07-21T07:00:00,Kandy,20.76,85.25,0.36,16.32
2026-07-21T08:00:00,Kandy,20.67,76.74,0.6,17.36
2026-07-21T09:00:00,Kandy,21.25,72.24,0.0,13.0
2026-07-21T10:00:00,Kandy,21.93,66.36,0.0,12.66
2026-07-21T11:00:00,Kandy,21.23,72.2,0.11,16.37
2026-07-21T12:00:00,Kandy,23.68,60.39,0.0,17.27
2026-07-21T13:00:00,Kandy,23.03,68.01,0.0,13.25
2026-07-21T14:00:00,Kandy,23.35,61.27,0.0,12.78
2026-07-21T15:00:00,Kandy,23.4,60.4,0.0,12.82
2026-07-21T16:00:00,Kandy,24.01,60.42,0.0,14.48
2026-07-21T17:00:00,Kandy,28.54,74.81,3.29,7.41
2026-07-21T18:00:00,Kandy,22.82,69.7,0.0,8.88
2026-07-21T19:00:00,Kandy,24.68,63.39,1.09,18.99
2026-07-21T20:00:00,Kandy,23.32,75.31,1.27,11.68
2026-07-21T21:00:00,Kandy,23.3,75.03,1.64,15.11
2026-07-21T22:00:00,Kandy,27.26,62.26,0.0,18.14
2026-07-21T23:00:00,Kandy,25.04,64.4,0.0,13.1
2026-07-21T00:00:00,Ratnapura,27.6,75.79,1.11,13.04
2026-07-21T01:00:00,Ratnapura,28.82,71.29,0.0,11.21
2026-07-21T02:00:00,Ratnapura,25.76,87.2,5.66,12.79
2026-07-21T03:00:00,Ratnapura,30.14,73.02,0.0,15.16
2026-07-21T04:00:00,Ratnapura,23.9,92.66,4.05,19.26
2026-07-21T05:00:00,Ratnapura,26.32,93.82,4.19,18.97
2026-07-21T06:00:00,Ratnapura,23.08,85.09,0.0,15.49
2026-07-21T07:00:00,Ratnapura,22.84,91.13,1.54,15.12
2026-07-21T08:00:00,Ratnapura,24.71,94.31,6.51,17.85
2026-07-21T09:00:00,Ratnapura,27.24,67.6,0.0,10.87
2026-07-21T10:00:00,Ratnapura,26.97,77.34,0.0,17.69
2026-07-21T11:00:00,Ratnapura,28.62,65.89,0.0,11.85
2026-07-21T12:00:00,Ratnapura,27.44,66.45,0.0,10.06
2026-07-21T13:00:00,Ratnapura,29.47,69.37,0.0,9.13
2026-07-21T14:00:00,Ratnapura,28.13,69.45,0.0,10.24
2026-07-21T15:00:00,Ratnapura,30.26,68.48,0.0,14.72
2026-07-21T16:00:00,Ratnapura,25.32,66.93,0.0,17.27
2026-07-21T17:00:00,Ratnapura,31.91,65.46,0.0,12.58
2026-07-21T18:00:00,Ratnapura,32.36,77.23,0.0,11.56
2026-07-21T19:00:00,Ratnapura,28.93,73.39,0.0,8.62
2026-07-21T20:00:00,Ratnapura,31.28,71.02,0.0,15.98
2026-07-21T21:00:00,Ratnapura,30.57,75.51,0.0,17.45
2026-07-21T22:00:00,Ratnapura,33.35,74.86,0.0,18.03
2026-07-21T23:00:00,Ratnapura,29.91,72.1,0.0,9.21
2026-07-22T00:00:00,Nuwara Eliya,17.53,83.72,0.0,18.0
2026-07-22T01:00:00,Nuwara Eliya,13.31,88.88,2.05,14.72
2026-07-22T02:00:00,Nuwara Eliya,14.7,86.58,0.11,16.44
2026-07-22T03:00:00,Nuwara Eliya,14.1,80.18,0.0,14.84
2026-07-22T04:00:00,Nuwara Eliya,14.62,95,8.41,18.93
2026-07-22T05:00:00,Nuwara Eliya,15.36,93.43,4.43,13.53
2026-07-22T06:00:00,Nuwara Eliya,15.18,90.81,0.0,15.48
2026-07-22T07:00:00,Nuwara Eliya,11.61,95,1.55,14.25
2026-07-22T08:00:00,Nuwara Eliya,14.53,89.62,0.34,17.93
2026-07-22T09:00:00,Nuwara Eliya,14.49,90.86,2.11,12.71
2026-07-22T10:00:00,Nuwara Eliya,12.97,95,0.0,22.9
2026-07-22T11:00:00,Nuwara Eliya,12.29,82.77,0.0,11.66
2026-07-22T12:00:00,Nuwara Eliya,12.29,85.65,0.64,8.39
2026-07-22T13:00:00,Nuwara Eliya,17.07,76.25,0.01,9.4
2026-07-22T14:00:00,Nuwara Eliya,15.22,80.75,1.04,11.93
2026-07-22T15:00:00,Nuwara Eliya,16.19,70.31,0.0,9.88
2026-07-22T16:00:00,Nuwara Eliya,16.28,78.68,4.41,17.66
2026-07-22T17:00:00,Nuwara Eliya,17.1,81.86,0.0,13.89
2026-07-22T18:00:00,Nuwara Eliya,21.2,73.0,0.0,17.43
2026-07-22T19:00:00,Nuwara Eliya,19.06,90.37,4.99,17.93
2026-07-22T20:00:00,Nuwara Eliya,22.01,80.96,0.0,12.66
2026-07-22T21:00:00,Nuwara Eliya,18.53,82.76,0.0,9.6
2026-07-22T22:00:00,Nuwara Eliya,20.45,78.99,0.0,20.23
2026-07-22T23:00:00,Nuwara Eliya,17.3,78.72,0.0,13.27
2026-07-22T00:00:00,Kandy,23.06,77.31,3.85,11.32
2026-07-22T01:00:00,Kandy,22.87,67.42,0.0,13.31
2026-07-22T02:00:00,Kandy,21.5,73.78,0.0,15.84
2026-07-22T03:00:00,Kandy,20.78,79.71,0.0,15.47
2026-07-22T04:00:00,Kandy,21.07,78.57,0.0,19.1
2026-07-22T05:00:00,Kandy,23.15,83.8,0.0,16.25
2026-07-22T06:00:00,Kandy,21.47,82.45,1.19,18.73
2026-07-22T07:00:00,Kandy,20.82,87.83,6.64,13.72
2026-07-22T08:00:00,Kandy,20.33,90,6.57,15.52
2026-07-22T09:00:00,Kandy,19.4,73.69,0.0,10.77
2026-07-22T10:00:00,Kandy,24.1,65.77,0.0,13.06
2026-07-22T11:00:00,Kandy,22.9,72.69,0.0,12.19
2026-07-22T12:00:00,Kandy,18.22,71.41,3.92,14.49
2026-07-22T13:00:00,Kandy,21.42,73.73,1.6,10.78
2026-07-22T14:00:00,Kandy,25.4,58.99,0.26,14.86
2026-07-22T15:00:00,Kandy,20.57,71.7,1.8,17.43
2026-07-22T16:00:00,Kandy,25.92,64.33,0.0,17.86
2026-07-22T17:00:00,Kandy,22.8,71.5,0.0,12.88
2026-07-22T18:00:00,Kandy,24.4,68.34,0.0,11.98
2026-07-22T19:00:00,Kandy,24.07,68.44,0.25,15.87
2026-07-22T20:00:00,Kandy,23.72,72.56,0.0,17.47
2026-07-22T21:00:00,Kandy,27.7,75.4,0.0,8.6
2026-07-22T22:00:00,Kandy,26.62,75.8,0.0,16.03
2026-07-22T23:00:00,Kandy,22.95,62.32,0.0,8.95
2026-07-22T00:00:00,Ratnapura,32.72,73.93,0.0,10.88
2026-07-22T01:00:00,Ratnapura,30.84,78.34,0.29,12.62
2026-07-22T02:00:00,Ratnapura,31.94,78.18,0.0,14.68
2026-07-22T03:00:00,Ratnapura,27.87,79.39,0.0,18.98
2026-07-22T04:00:00,Ratnapura,22.61,91.26,1.49,17.72
2026-07-22T05:00:00,Ratnapura,26.98,82.39,0.32,8.52
2026-07-22T06:00:00,Ratnapura,24.92,84.22,0.0,13.77
2026-07-22T07:00:00,Ratnapura,24.69,79.17,0.0,17.89
2026-07-22T08:00:00,Ratnapura,22,98,7.61,23.3
2026-07-22T09:00:00,Ratnapura,26.98,96.28,5.22,15.58
2026-07-22T10:00:00,Ratnapura,25.14,80.79,0.73,16.03
2026-07-22T11:00:00,Ratnapura,25.61,73.72,0.0,13.91
2026-07-22T12:00:00,Ratnapura,23.02,78.36,0.0,14.9
2026-07-22T13:00:00,Ratnapura,25.3,72.73,0.0,10.1
2026-07-22T14:00:00,Ratnapura,26.36,66.76,0.0,11.96
2026-07-22T15:00:00,Ratnapura,29.17,75.36,1.15,8.74
2026-07-22T16:00:00,Ratnapura,28.4,68.58,0.0,12.55
2026-07-22T17:00:00,Ratnapura,31.92,67.34,0.0,10.11
2026-07-22T18:00:00,Ratnapura,31.42,74.57,0.0,17.38
2026-07-22T19:00:00,Ratnapura,30.75,80.77,3.25,17.51
2026-07-22T20:00:00,Ratnapura,29.48,70.81,0.42,13.31
2026-07-22T21:00:00,Ratnapura,29.07,80.64,0.9,15.17
2026-07-22T22:00:00,Ratnapura,31.45,77.2,0.0,13.19
2026-07-22T23:00:00,Ratnapura,28.96,70.41,0.0,7.08
2026-07-23T00:00:00,Nuwara Eliya,15.92,81.83,0.0,14.04
2026-07-23T01:00:00,Nuwara Eliya,18.37,77.32,0.0,17.31
2026-07-23T02:00:00,Nuwara Eliya,13.4,95,1.35,21.24
2026-07-23T03:00:00,Nuwara Eliya,15.94,84.41,1.31,12.64
2026-07-23T04:00:00,Nuwara Eliya,12.43,91.0,0.0,10.18
2026-07-23T05:00:00,Nuwara Eliya,10.56,95,8.61,16.57
2026-07-23T06:00:00,Nuwara Eliya,14.61,95,8.93,11.72
2026-07-23T07:00:00,Nuwara Eliya,15.17,85.9,1.92,21.85
2026-07-23T08:00:00,Nuwara Eliya,12.93,95,4.18,18.56
2026-07-23T09:00:00,Nuwara Eliya,13.87,80.46,0.78,15.9
2026-07-23T10:00:00,Nuwara Eliya,14.33,89.83,4.03,14.34
2026-07-23T11:00:00,Nuwara Eliya,13.76,83.73,0.0,10.21
2026-07-23T12:00:00,Nuwara Eliya,14.94,73.39,0.32,9.6
2026-07-23T13:00:00,Nuwara Eliya,14.1,74.14,0.43,13.26
2026-07-23T14:00:00,Nuwara Eliya,11.87,77.99,0.42,11.38
2026-07-23T15:00:00,Nuwara Eliya,18.08,73.22,0.45,10.21
2026-07-23T16:00:00,Nuwara Eliya,15.69,88.07,2.97,14.39
2026-07-23T17:00:00,Nuwara Eliya,18.88,78.77,0.0,15.89
2026-07-23T18:00:00,Nuwara Eliya,15.81,77.75,0.0,18.02
2026-07-23T19:00:00,Nuwara Eliya,18.81,87.32,3.04,16.9
2026-07-23T20:00:00,Nuwara Eliya,19.67,70.85,1.23,19.66
2026-07-23T21:00:00,Nuwara Eliya,18.94,88.37,1.36,14.43
2026-07-23T22:00:00,Nuwara Eliya,18.36,79.83,0.0,16.26
2026-07-23T23:00:00,Nuwara Eliya,17.63,86.78,0.26,13.78
2026-07-23T00:00:00,Kandy,23.94,75.3,0.0,16.32
2026-07-23T01:00:00,Kandy,26.89,73.3,2.34,14.77
2026-07-23T02:00:00,Kandy,22.6,74.74,0.0,12.75
2026-07-23T03:00:00,Kandy,24.13,68.42,0.0,11.33
2026-07-23T04:00:00,Kandy,23.71,74.12,0.0,15.43
2026-07-23T05:00:00,Kandy,22.91,78.78,0.0,20.22
2026-07-23T06:00:00,Kandy,22.08,81.25,0.0,10.88
2026-07-23T07:00:00,Kandy,18.07,90.0,2.63,17.2
2026-07-23T08:00:00,Kandy,21.41,79.89,0.0,15.03
2026-07-23T09:00:00,Kandy,22.12,66.07,0.44,11.46
2026-07-23T10:00:00,Kandy,18.83,80.4,0.0,13.32
2026-07-23T11:00:00,Kandy,21.19,77.39,0.45,13.39
2026-07-23T12:00:00,Kandy,21.03,66.03,3.22,16.99
2026-07-23T13:00:00,Kandy,22.86,70.55,0.0,19.72
2026-07-23T14:00:00,Kandy,22.0,63.24,0.0,16.39
2026-07-23T15:00:00,Kandy,23.22,61.99,0.0,12.87
2026-07-23T16:00:00,Kandy,28.36,62.25,0.0,10.5
2026-07-23T17:00:00,Kandy,25.21,68.77,0.0,12.09
2026-07-23T18:00:00,Kandy,27.31,73.62,1.45,14.19
2026-07-23T19:00:00,Kandy,25.38,71.35,0.58,18.07
2026-07-23T20:00:00,Kandy,25.57,65.22,0.22,13.94
2026-07-23T21:00:00,Kandy,28.19,62.45,0.0,9.09
2026-07-23T22:00:00,Kandy,24.82,70.39,0.44,14.62
2026-07-23T23:00:00,Kandy,24.91,64.47,0.0,17.73
2026-07-23T00:00:00,Ratnapura,29.59,78.94,0.0,9.58
2026-07-23T01:00:00,Ratnapura,28.1,75.07,2.17,11.25
2026-07-23T02:00:00,Ratnapura,26.83,75.38,0.0,15.46
2026-07-23T03:00:00,Ratnapura,26.96,73.8,0.0,6.99
2026-07-23T04:00:00,Ratnapura,26.28,86.86,0.0,15.93
2026-07-23T05:00:00,Ratnapura,25.01,82.9,0.67,13.69
2026-07-23T06:00:00,Ratnapura,25.7,85.46,0.0,16.75
2026-07-23T07:00:00,Ratnapura,24.45,89.35,0.64,18.28
2026-07-23T08:00:00,Ratnapura,23.19,82.69,0.08,12.59
2026-07-23T09:00:00,Ratnapura,24.62,71.56,0.0,13.41
2026-07-23T10:00:00,Ratnapura,24.48,78.42,0.0,18.9
2026-07-23T11:00:00,Ratnapura,25.46,74.26,0.0,15.5
2026-07-23T12:00:00,Ratnapura,26.27,66.73,0.0,8.26
2026-07-23T13:00:00,Ratnapura,24.94,72.89,0.06,16.36
2026-07-23T14:00:00,Ratnapura,27.29,72.55,0.0,9.38
2026-07-23T15:00:00,Ratnapura,27.33,70.69,0.0,5.68
2026-07-23T16:00:00,Ratnapura,27.69,70.33,0.0,13.87
2026-07-23T17:00:00,Ratnapura,29.31,81.57,3.65,6.2
2026-07-23T18:00:00,Ratnapura,31.11,69.15,0.0,13.71
2026-07-23T19:00:00,Ratnapura,32.16,74.26,0.0,9.18
2026-07-23T20:00:00,Ratnapura,28.75,76.64,1.42,10.39
2026-07-23T21:00:00,Ratnapura,30.98,75.47,0.0,15.12
2026-07-23T22:00:00,Ratnapura,28.85,81.31,1.23,3.93
2026-07-23T23:00:00,Ratnapura,28.81,77.19,1.08,13.29
2026-07-24T00:00:00,Nuwara Eliya,13.24,87.83,0.71,14.11
2026-07-24T01:00:00,Nuwara Eliya,18.22,80.26,0.0,8.62
2026-07-24T02:00:00,Nuwara Eliya,14.95,81.29,1.04,13.78
2026-07-24T03:00:00,Nuwara Eliya,15.12,94.46,3.99,20.46
2026-07-24T04:00:00,Nuwara Eliya,14.55,91.26,2.33,18.34
2026-07-24T05:00:00,Nuwara Eliya,13.77,89.36,0.0,13.04
2026-07-24T06:00:00,Nuwara Eliya,14.28,89.27,1.01,18.65
2026-07-24T07:00:00,Nuwara Eliya,10.14,94.99,0.0,15.19
2026-07-24T08:00:00,Nuwara Eliya,10,88.34,0.1,11.72
2026-07-24T09:00:00,Nuwara Eliya,10.32,91.18,0.54,10.11
2026-07-24T10:00:00,Nuwara Eliya,11.78,86.33,0.0,7.85
2026-07-24T11:00:00,Nuwara Eliya,14.31,81.78,0.0,11.53
2026-07-24T12:00:00,Nuwara Eliya,13.32,93.24,5.01,18.31
2026-07-24T13:00:00,Nuwara Eliya,13.69,80.79,1.26,11.73
2026-07-24T14:00:00,Nuwara Eliya,13.1,75.34,1.61,13.57
2026-07-24T15:00:00,Nuwara Eliya,18.29,78.14,3.69,17.74
2026-07-24T16:00:00,Nuwara Eliya,14.32,71.94,0.0,7.33
2026-07-24T17:00:00,Nuwara Eliya,16.0,80.83,0.0,10.56
2026-07-24T18:00:00,Nuwara Eliya,20.23,77.91,0.46,21.1
2026-07-24T19:00:00,Nuwara Eliya,19.89,78.3,0.0,11.35
2026-07-24T20:00:00,Nuwara Eliya,17.59,84.7,0.0,12.65
2026-07-24T21:00:00,Nuwara Eliya,15.57,88.19,0.0,13.87
2026-07-24T22:00:00,Nuwara Eliya,16.86,81.66,0.0,12.98
2026-07-24T23:00:00,Nuwara Eliya,12.99,88.77,0.91,10.09
2026-07-24T00:00:00,Kandy,24.22,68.05,0.0,11.08
2026-07-24T01:00:00,Kandy,25.66,76.44,2.74,20.8
2026-07-24T02:00:00,Kandy,22.29,76.41,0.0,15.15
2026-07-24T03:00:00,Kandy,25.31,72.14,0.35,11.69
2026-07-24T04:00:00,Kandy,19.71,85.15,1.72,16.81
2026-07-24T05:00:00,Kandy,22.3,83.3,0.0,16.73
2026-07-24T06:00:00,Kandy,23.37,85.4,0.47,16.19
2026-07-24T07:00:00,Kandy,19.67,83.75,0.97,16.25
2026-07-24T08:00:00,Kandy,19.92,77.48,0.38,8.91
2026-07-24T09:00:00,Kandy,21.31,66.77,0.0,9.81
2026-07-24T10:00:00,Kandy,22.56,73.67,1.98,12.11
2026-07-24T11:00:00,Kandy,24.24,75.93,0.0,17.74
2026-07-24T12:00:00,Kandy,24.25,59.56,0.0,17.7
2026-07-24T13:00:00,Kandy,25.37,65.21,0.0,13.35
2026-07-24T14:00:00,Kandy,20.91,79.25,4.1,8.18
2026-07-24T15:00:00,Kandy,23.07,63.61,1.79,13.9
2026-07-24T16:00:00,Kandy,24.09,62.48,0.0,9.67
2026-07-24T17:00:00,Kandy,24.33,71.02,0.0,9.66
2026-07-24T18:00:00,Kandy,28.51,62.03,0.0,14.38
2026-07-24T19:00:00,Kandy,22.68,72.97,1.33,10.7
2026-07-24T20:00:00,Kandy,27.34,61.64,0.0,6.22
2026-07-24T21:00:00,Kandy,30,69.76,0.0,6.67
2026-07-24T22:00:00,Kandy,22.32,67.17,0.0,16.83
2026-07-24T23:00:00,Kandy,26.56,70.84,0.0,11.43
2026-07-24T00:00:00,Ratnapura,31.69,67.88,0.0,12.05
2026-07-24T01:00:00,Ratnapura,30.27,84.01,0.83,12.43
2026-07-24T02:00:00,Ratnapura,27.01,75.08,0.0,4.22
2026-07-24T03:00:00,Ratnapura,29.52,75.52,0.0,10.41
2026-07-24T04:00:00,Ratnapura,27.25,82.96,0.0,12.47
2026-07-24T05:00:00,Ratnapura,24.23,88.45,3.14,13.12
2026-07-24T06:00:00,Ratnapura,25.21,85.65,0.0,13.53
2026-07-24T07:00:00,Ratnapura,23.66,88.66,0.79,12.18
2026-07-24T08:00:00,Ratnapura,27.71,84.89,1.04,10.25
2026-07-24T09:00:00,Ratnapura,23.92,82.58,0.0,13.31
2026-07-24T10:00:00,Ratnapura,24.99,81.34,0.0,15.51
2026-07-24T11:00:00,Ratnapura,26.76,79.78,0.0,10.07
2026-07-24T12:00:00,Ratnapura,24.9,85.5,4.38,14.62
2026-07-24T13:00:00,Ratnapura,25.52,68.99,0.0,14.15
2026-07-24T14:00:00,Ratnapura,30.84,65,0.53,14.29
2026-07-24T15:00:00,Ratnapura,29.88,76.48,0.0,14.15
2026-07-24T16:00:00,Ratnapura,29.6,65,0.0,7.52
2026-07-24T17:00:00,Ratnapura,29.03,76.87,1.02,14.93
2026-07-24T18:00:00,Ratnapura,29.8,82.59,4.15,9.07
2026-07-24T19:00:00,Ratnapura,29.21,74.94,0.0,9.55
2026-07-24T20:00:00,Ratnapura,30.46,71.03,0.01,12.66
2026-07-24T21:00:00,Ratnapura,30.84,78.54,3.94,9.69
2026-07-24T22:00:00,Ratnapura,30.78,81.27,1.11,8.68
2026-07-24T23:00:00,Ratnapura,26.95,69.55,0.09,11.47
2026-07-25T00:00:00,Nuwara Eliya,17.47,79.94,1.73,17.36
2026-07-25T01:00:00,Nuwara Eliya,17.47,77.89,0.66,19.1
2026-07-25T02:00:00,Nuwara Eliya,13.87,86.91,0.0,10.46
2026-07-25T03:00:00,Nuwara Eliya,18.06,73.78,0.0,9.07
2026-07-25T04:00:00,Nuwara Eliya,17.39,86.72,0.0,17.51
2026-07-25T05:00:00,Nuwara Eliya,16.73,88.08,0.83,16.48
2026-07-25T06:00:00,Nuwara Eliya,14.22,95,2.14,14.88
2026-07-25T07:00:00,Nuwara Eliya,15.99,93.85,1.46,20.62
2026-07-25T08:00:00,Nuwara Eliya,10,92.24,0.0,10.5
2026-07-25T09:00:00,Nuwara Eliya,11.01,80.97,0.0,10.99
2026-07-25T10:00:00,Nuwara Eliya,11.72,82.72,2.53,12.21
2026-07-25T11:00:00,Nuwara Eliya,10.84,84.74,0.0,11.55
2026-07-25T12:00:00,Nuwara Eliya,15.58,84.13,0.0,16.75
2026-07-25T13:00:00,Nuwara Eliya,15.26,84.24,0.0,10.95
2026-07-25T14:00:00,Nuwara Eliya,13.78,75.2,0.93,14.06
2026-07-25T15:00:00,Nuwara Eliya,15.82,74.23,0.0,13.35
2026-07-25T16:00:00,Nuwara Eliya,18.92,75.52,1.74,11.85
2026-07-25T17:00:00,Nuwara Eliya,17.33,76.35,0.0,10.94
2026-07-25T18:00:00,Nuwara Eliya,15.88,95,7.87,17.55
2026-07-25T19:00:00,Nuwara Eliya,20.82,72.68,0.0,16.5
2026-07-25T20:00:00,Nuwara Eliya,18.87,82.72,0.1,8.25
2026-07-25T21:00:00,Nuwara Eliya,18.29,82.72,0.16,9.2
2026-07-25T22:00:00,Nuwara Eliya,18.98,82.98,0.75,13.39
2026-07-25T23:00:00,Nuwara Eliya,21.36,69.65,0.0,10.37
2026-07-25T00:00:00,Kandy,26.31,72.31,0.71,7.76
2026-07-25T01:00:00,Kandy,24.31,70.17,0.0,17.85
2026-07-25T02:00:00,Kandy,19.98,72.4,0.0,13.11
2026-07-25T03:00:00,Kandy,21.05,73.27,0.03,13.7
2026-07-25T04:00:00,Kandy,24.78,77.01,1.29,14.02
2026-07-25T05:00:00,Kandy,22.31,85.75,0.52,11.38
2026-07-25T06:00:00,Kandy,23.34,72.21,0.0,14.45
2026-07-25T07:00:00,Kandy,20.72,86.05,0.6,21.2
2026-07-25T08:00:00,Kandy,20.58,78.0,0.5,13.84
2026-07-25T09:00:00,Kandy,18,74.63,0.0,11.04
2026-07-25T10:00:00,Kandy,18.01,72.06,0.38,13.7
2026-07-25T11:00:00,Kandy,18,72.53,0.0,13.24
2026-07-25T12:00:00,Kandy,23.35,61.13,0.66,13.77
2026-07-25T13:00:00,Kandy,20.48,70.28,0.0,11.95
2026-07-25T14:00:00,Kandy,22.78,71.86,0.0,9.4
2026-07-25T15:00:00,Kandy,20.73,68.64,1.03,8.45
2026-07-25T16:00:00,Kandy,23.97,60.82,0.5,13.7
2026-07-25T17:00:00,Kandy,21.38,69.53,0.0,12.46
2026-07-25T18:00:00,Kandy,25.3,69.61,0.0,16.09
2026-07-25T19:00:00,Kandy,23.33,85.04,3.08,15.79
2026-07-25T20:00:00,Kandy,23.75,72.89,0.88,15.51
2026-07-25T21:00:00,Kandy,24.39,79.55,2.25,16.12
2026-07-25T22:00:00,Kandy,25.77,74.19,2.86,9.44
2026-07-25T23:00:00,Kandy,23.39,71.05,0.0,15.71
2026-07-25T00:00:00,Ratnapura,29.37,75.92,0.0,8.1
2026-07-25T01:00:00,Ratnapura,27.45,82.5,0.0,7.24
2026-07-25T02:00:00,Ratnapura,29.41,68.04,0.0,5.44
2026-07-25T03:00:00,Ratnapura,27.07,75.88,0.0,12.29
2026-07-25T04:00:00,Ratnapura,29.77,88.27,3.19,9.51
2026-07-25T05:00:00,Ratnapura,25.92,81.26,0.2,10.14
2026-07-25T06:00:00,Ratnapura,22.43,87.36,0.0,14.96
2026-07-25T07:00:00,Ratnapura,28.45,83.19,5.53,12.36
2026-07-25T08:00:00,Ratnapura,24.35,79.98,0.0,15.72
2026-07-25T09:00:00,Ratnapura,27.5,69.67,0.0,9.11
2026-07-25T10:00:00,Ratnapura,24.98,72.92,0.0,17.28
2026-07-25T11:00:00,Ratnapura,26.27,76.4,0.0,10.89
2026-07-25T12:00:00,Ratnapura,25.75,75.26,0.0,14.96
2026-07-25T13:00:00,Ratnapura,30.07,70.78,3.04,7.06
2026-07-25T14:00:00,Ratnapura,29.26,65,0.0,11.08
2026-07-25T15:00:00,Ratnapura,29.85,65,0.0,7.31
2026-07-25T16:00:00,Ratnapura,25.58,77.87,0.14,18.38
2026-07-25T17:00:00,Ratnapura,28.22,72.18,0.0,16.96
2026-07-25T18:00:00,Ratnapura,31.21,75.32,1.45,9.55
2026-07-25T19:00:00,Ratnapura,30.78,75.71,0.33,16.5
2026-07-25T20:00:00,Ratnapura,30.93,74.55,0.0,11.22
2026-07-25T21:00:00,Ratnapura,30.29,73.94,0.0,15.01
2026-07-25T22:00:00,Ratnapura,34.47,70.15,0.0,9.8
2026-07-25T23:00:00,Ratnapura,28.64,73.81,0.0,13.62
2026-07-26T00:00:00,Nuwara Eliya,21.4,85.94,2.36,15.79
2026-07-26T01:00:00,Nuwara Eliya,15.17,79.41,0.0,15.87
2026-07-26T02:00:00,Nuwara Eliya,16.23,87.98,0.0,12.96
2026-07-26T03:00:00,Nuwara Eliya,13.92,85.22,2.8,18.53
2026-07-26T04:00:00,Nuwara Eliya,14.24,95,1.27,14.65
2026-07-26T05:00:00,Nuwara Eliya,14.47,92.58,0.0,16.77
2026-07-26T06:00:00,Nuwara Eliya,14.26,92.61,0.0,19.16
2026-07-26T07:00:00,Nuwara Eliya,12.66,95,9.99,18.85
2026-07-26T08:00:00,Nuwara Eliya,10,95,7.77,11.28
2026-07-26T09:00:00,Nuwara Eliya,17.68,79.39,0.63,16.27
2026-07-26T10:00:00,Nuwara Eliya,11.27,95,5.17,19.12
2026-07-26T11:00:00,Nuwara Eliya,11.85,92.8,0.0,15.07
2026-07-26T12:00:00,Nuwara Eliya,15.75,73.5,0.14,16.01
2026-07-26T13:00:00,Nuwara Eliya,15.03,83.55,2.7,14.0
2026-07-26T14:00:00,Nuwara Eliya,14.08,87.64,3.97,14.21
2026-07-26T15:00:00,Nuwara Eliya,16.95,72.48,0.02,13.03
2026-07-26T16:00:00,Nuwara Eliya,16.0,77.92,0.0,12.16
2026-07-26T17:00:00,Nuwara Eliya,16.34,79.79,0.0,17.46
2026-07-26T18:00:00,Nuwara Eliya,19.23,75.16,0.0,22.3
2026-07-26T19:00:00,Nuwara Eliya,17.24,80.37,0.71,10.33
2026-07-26T20:00:00,Nuwara Eliya,22.16,76.14,0.0,14.6
2026-07-26T21:00:00,Nuwara Eliya,18.11,79.92,0.0,13.39
2026-07-26T22:00:00,Nuwara Eliya,17.28,76.54,0.0,16.63
2026-07-26T23:00:00,Nuwara Eliya,17.3,89.98,2.94,12.22
2026-07-26T00:00:00,Kandy,23.15,75.45,0.0,18.0
2026-07-26T01:00:00,Kandy,22.71,73.48,0.0,12.62
2026-07-26T02:00:00,Kandy,26.15,67.1,0.0,8.16
2026-07-26T03:00:00,Kandy,23.14,69.44,0.0,12.04
2026-07-26T04:00:00,Kandy,19.02,83.49,2.41,8.45
2026-07-26T05:00:00,Kandy,23.89,75.02,2.41,9.64
2026-07-26T06:00:00,Kandy,19.37,75.92,0.0,13.16
2026-07-26T07:00:00,Kandy,20.34,84.3,4.83,9.43
2026-07-26T08:00:00,Kandy,20.4,81.43,0.21,9.18
2026-07-26T09:00:00,Kandy,21.72,71.5,0.0,15.87
2026-07-26T10:00:00,Kandy,20.8,63.87,0.0,12.17
2026-07-26T11:00:00,Kandy,19.35,76.41,1.5,14.15
2026-07-26T12:00:00,Kandy,20.6,72.35,2.35,11.8
2026-07-26T13:00:00,Kandy,20.74,61.06,0.97,15.06
2026-07-26T14:00:00,Kandy,22.04,64.79,0.0,10.0
2026-07-26T15:00:00,Kandy,25.57,59.05,0.0,12.06
2026-07-26T16:00:00,Kandy,21.82,61.14,0.15,16.68
2026-07-26T17:00:00,Kandy,22.49,65.09,1.23,9.39
2026-07-26T18:00:00,Kandy,21.22,80.88,1.79,10.48
2026-07-26T19:00:00,Kandy,25.69,73.06,0.0,14.33
2026-07-26T20:00:00,Kandy,28.58,68.44,0.0,10.19
2026-07-26T21:00:00,Kandy,27.95,72.73,0.72,9.85
2026-07-26T22:00:00,Kandy,22.57,76.49,0.0,10.79
2026-07-26T23:00:00,Kandy,23.66,72.28,0.6,9.11
2026-07-26T00:00:00,Ratnapura,31.01,73.41,0.0,7.52
2026-07-26T01:00:00,Ratnapura,24.21,76.33,0.0,18.14
2026-07-26T02:00:00,Ratnapura,28.03,73.99,0.0,4.07
2026-07-26T03:00:00,Ratnapura,27.45,68.61,0.0,6.35
2026-07-26T04:00:00,Ratnapura,28.48,75.16,0.14,9.99
2026-07-26T05:00:00,Ratnapura,28.15,94.1,6.6,17.94
2026-07-26T06:00:00,Ratnapura,22,98,5.88,19.75
2026-07-26T07:00:00,Ratnapura,24.68,79.88,0.0,18.77
2026-07-26T08:00:00,Ratnapura,23.46,89.55,0.0,22.45
2026-07-26T09:00:00,Ratnapura,24.21,80.39,0.0,13.49
2026-07-26T10:00:00,Ratnapura,25.44,77.94,1.71,18.36
2026-07-26T11:00:00,Ratnapura,24.46,90.0,9.49,12.57
2026-07-26T12:00:00,Ratnapura,24.95,66.31,0.0,12.5
2026-07-26T13:00:00,Ratnapura,27.03,65.76,0.0,8.87
2026-07-26T14:00:00,Ratnapura,29.65,78.58,6.66,14.41
2026-07-26T15:00:00,Ratnapura,29.19,72.76,0.0,9.55
2026-07-26T16:00:00,Ratnapura,27.02,67.26,0.0,17.51
2026-07-26T17:00:00,Ratnapura,32.74,65.11,0.0,16.07
2026-07-26T18:00:00,Ratnapura,32.5,76.43,0.0,16.7
2026-07-26T19:00:00,Ratnapura,32.94,71.12,0.0,14.7
2026-07-26T20:00:00,Ratnapura,29.58,74.7,0.0,6.95
2026-07-26T21:00:00,Ratnapura,27.06,70.92,0.0,12.24
2026-07-26T22:00:00,Ratnapura,30.85,82.41,0.0,13.62
2026-07-26T23:00:00,Ratnapura,28.72,81.21,4.33,11.32
2026-07-27T00:00:00,Nuwara Eliya,20.28,79.5,1.35,14.14
2026-07-27T01:00:00,Nuwara Eliya,16.08,84.91,1.64,10.7
2026-07-27T02:00:00,Nuwara Eliya,14.87,81.67,1.69,10.0
2026-07-27T03:00:00,Nuwara Eliya,14.65,80.31,0.3,8.25
2026-07-27T04:00:00,Nuwara Eliya,14.25,95,8.43,17.99
2026-07-27T05:00:00,Nuwara Eliya,15.84,90.44,0.58,12.9
2026-07-27T06:00:00,Nuwara Eliya,10.22,95,1.49,19.14
2026-07-27T07:00:00,Nuwara Eliya,14.09,89.61,1.75,13.09
2026-07-27T08:00:00,Nuwara Eliya,15.36,83.22,0.0,15.19
2026-07-27T09:00:00,Nuwara Eliya,11.97,93.62,0.81,13.91
2026-07-27T10:00:00,Nuwara Eliya,12.11,91.31,4.11,10.51
2026-07-27T11:00:00,Nuwara Eliya,12.11,94.2,4.02,14.69
2026-07-27T12:00:00,Nuwara Eliya,19.43,82.11,0.0,10.13
2026-07-27T13:00:00,Nuwara Eliya,14.06,73.52,0.0,9.18
2026-07-27T14:00:00,Nuwara Eliya,17.42,77.23,0.0,11.26
2026-07-27T15:00:00,Nuwara Eliya,17.27,78.64,0.63,13.49
2026-07-27T16:00:00,Nuwara Eliya,14.63,72.85,1.06,13.75
2026-07-27T17:00:00,Nuwara Eliya,19.48,85.08,0.0,16.77
2026-07-27T18:00:00,Nuwara Eliya,15.7,81.27,1.48,12.17
2026-07-27T19:00:00,Nuwara Eliya,20.77,75.83,0.0,19.92
2026-07-27T20:00:00,Nuwara Eliya,17.55,85.84,0.22,11.88
2026-07-27T21:00:00,Nuwara Eliya,19.88,72.98,0.0,13.12
2026-07-27T22:00:00,Nuwara Eliya,16.92,80.92,1.2,13.03
2026-07-27T23:00:00,Nuwara Eliya,19.46,76.16,0.76,11.69
2026-07-27T00:00:00,Kandy,23.46,79.13,6.2,17.04
2026-07-27T01:00:00,Kandy,21.81,63.11,0.0,10.65
2026-07-27T02:00:00,Kandy,22.43,78.19,1.42,12.35
2026-07-27T03:00:00,Kandy,25.28,71.05,0.18,18.53
2026-07-27T04:00:00,Kandy,18,88.75,0.0,20.07
2026-07-27T05:00:00,Kandy,19.92,80.24,0.0,7.76
2026-07-27T06:00:00,Kandy,20.68,75.73,0.0,10.88
2026-07-27T07:00:00,Kandy,19.46,75.41,0.0,14.8
2026-07-27T08:00:00,Kandy,19.84,82.32,1.57,9.34
2026-07-27T09:00:00,Kandy,22.72,69.47,0.0,11.9
2026-07-27T10:00:00,Kandy,20.34,63.16,0.0,10.74
2026-07-27T11:00:00,Kandy,21.08,72.73,0.0,8.82
2026-07-27T12:00:00,Kandy,23.0,66.09,0.0,8.98
2026-07-27T13:00:00,Kandy,19.47,71.81,0.0,18.36
2026-07-27T14:00:00,Kandy,18.7,69.58,0.0,11.39
2026-07-27T15:00:00,Kandy,24.31,64.47,0.0,9.1
2026-07-27T16:00:00,Kandy,22.61,64.44,0.0,16.79
2026-07-27T17:00:00,Kandy,26.87,67.79,0.0,17.96
2026-07-27T18:00:00,Kandy,23.95,71.73,0.0,11.84
2026-07-27T19:00:00,Kandy,24.67,58.22,0.0,8.73
2026-07-27T20:00:00,Kandy,24.01,65.63,0.0,16.35
2026-07-27T21:00:00,Kandy,27.48,74.13,2.61,11.6
2026-07-27T22:00:00,Kandy,23.34,72.75,0.0,14.03
2026-07-27T23:00:00,Kandy,24.69,70.65,0.0,11.73
2026-07-27T00:00:00,Ratnapura,31.95,74.18,0.0,16.07
2026-07-27T01:00:00,Ratnapura,28.42,78.57,0.0,16.54
2026-07-27T02:00:00,Ratnapura,25.59,82.32,1.91,9.69
2026-07-27T03:00:00,Ratnapura,24.39,65,0.53,18.83
2026-07-27T04:00:00,Ratnapura,24.48,86.14,3.0,16.45
2026-07-27T05:00:00,Ratnapura,24.85,83.51,0.0,15.37
2026-07-27T06:00:00,Ratnapura,26.22,82.74,0.0,5.93
2026-07-27T07:00:00,Ratnapura,26.26,85.51,0.0,9.81
2026-07-27T08:00:00,Ratnapura,23.28,94.87,2.26,14.21
2026-07-27T09:00:00,Ratnapura,23.87,72.63,0.0,16.71
2026-07-27T10:00:00,Ratnapura,29.07,76.92,0.0,11.87
2026-07-27T11:00:00,Ratnapura,26.47,71.87,0.0,5.04
2026-07-27T12:00:00,Ratnapura,25.83,65,0.0,10.18
2026-07-27T13:00:00,Ratnapura,26.15,65,0.0,9.3
2026-07-27T14:00:00,Ratnapura,25.32,70.86,0.0,19.42
2026-07-27T15:00:00,Ratnapura,30.55,66.84,0.0,9.35
2026-07-27T16:00:00,Ratnapura,26.11,71.45,0.0,10.04
2026-07-27T17:00:00,Ratnapura,31.23,73.31,0.0,10.67
2026-07-27T18:00:00,Ratnapura,30.34,67.65,0.42,15.51
2026-07-27T19:00:00,Ratnapura,27.86,76.09,0.0,10.25
2026-07-27T20:00:00,Ratnapura,29.61,89.15,9.03,9.41
2026-07-27T21:00:00,Ratnapura,30.65,76.17,1.12,15.18
2026-07-27T22:00:00,Ratnapura,31.28,73.98,0.0,13.38
2026-07-27T23:00:00,Ratnapura,30.47,76.26,0.0,11.1
2026-07-28T00:00:00,Nuwara Eliya,18.02,94.32,11.87,17.32
2026-07-28T01:00:00,Nuwara Eliya,17.29,77.89,0.37,12.43
2026-07-28T02:00:00,Nuwara Eliya,17.52,81.6,0.22,9.35
2026-07-28T03:00:00,Nuwara Eliya,13.91,85.62,0.3,13.49
2026-07-28T04:00:00,Nuwara Eliya,13.21,93.9,1.09,17.55
2026-07-28T05:00:00,Nuwara Eliya,13.86,94.57,1.73,21.05
2026-07-28T06:00:00,Nuwara Eliya,14.35,95,8.35,19.54
2026-07-28T07:00:00,Nuwara Eliya,15.54,82.31,0.4,10.76
2026-07-28T08:00:00,Nuwara Eliya,10.15,93.64,2.31,11.73
2026-07-28T09:00:00,Nuwara Eliya,14.5,81.83,0.0,11.55
2026-07-28T10:00:00,Nuwara Eliya,10,85.37,0.11,14.44
2026-07-28T11:00:00,Nuwara Eliya,13.93,94.9,3.69,23.54
2026-07-28T12:00:00,Nuwara Eliya,11.98,78.78,1.18,16.53
2026-07-28T13:00:00,Nuwara Eliya,15.2,74.28,0.0,11.09
2026-07-28T14:00:00,Nuwara Eliya,14.68,77.34,0.0,10.08
2026-07-28T15:00:00,Nuwara Eliya,19.39,70.32,0.0,10.87
2026-07-28T16:00:00,Nuwara Eliya,19.5,70.5,0.0,8.8
2026-07-28T17:00:00,Nuwara Eliya,17.2,87.49,4.18,14.94
2026-07-28T18:00:00,Nuwara Eliya,16.1,87.56,1.31,14.83
2026-07-28T19:00:00,Nuwara Eliya,19.72,80.05,1.92,9.22
2026-07-28T20:00:00,Nuwara Eliya,21.13,77.43,0.0,15.62
2026-07-28T21:00:00,Nuwara Eliya,19.36,79.33,0.0,11.41
2026-07-28T22:00:00,Nuwara Eliya,16.19,87.75,0.02,9.72
2026-07-28T23:00:00,Nuwara Eliya,18.01,78.67,0.92,14.55
2026-07-28T00:00:00,Kandy,23.05,64.84,0.79,13.9
2026-07-28T01:00:00,Kandy,23.23,76.52,3.76,16.76
2026-07-28T02:00:00,Kandy,22.33,73.36,0.27,13.6
2026-07-28T03:00:00,Kandy,22.68,71.51,0.0,14.08
2026-07-28T04:00:00,Kandy,20.64,77.69,0.0,11.59
2026-07-28T05:00:00,Kandy,22.71,80.29,0.0,9.05
2026-07-28T06:00:00,Kandy,18.59,79.91,0.0,13.14
2026-07-28T07:00:00,Kandy,19.35,82.78,0.0,11.35
2026-07-28T08:00:00,Kandy,23.61,78.48,0.0,15.61
2026-07-28T09:00:00,Kandy,18.74,74.32,1.51,12.41
2026-07-28T10:00:00,Kandy,21.06,69.75,2.12,12.83
2026-07-28T11:00:00,Kandy,18,73.21,0.09,14.18
2026-07-28T12:00:00,Kandy,19.56,73.46,0.0,11.33
2026-07-28T13:00:00,Kandy,19.65,70.02,0.0,9.04
2026-07-28T14:00:00,Kandy,21.55,62.28,0.29,12.06
2026-07-28T15:00:00,Kandy,25.15,62.63,0.0,10.97
2026-07-28T16:00:00,Kandy,30,59.22,0.0,8.49
2026-07-28T17:00:00,Kandy,24.22,74.31,0.54,11.89
2026-07-28T18:00:00,Kandy,26.31,72.5,0.0,10.62
2026-07-28T19:00:00,Kandy,27.71,61.14,0.08,8.03
2026-07-28T20:00:00,Kandy,26.86,73.66,0.0,7.69
2026-07-28T21:00:00,Kandy,24.46,76.53,0.99,14.77
2026-07-28T22:00:00,Kandy,24.32,70.35,2.04,14.8
2026-07-28T23:00:00,Kandy,21.17,71.17,0.74,12.7
2026-07-28T00:00:00,Ratnapura,26.99,76.28,0.0,7.66
2026-07-28T01:00:00,Ratnapura,27.58,71.89,0.0,10.58
2026-07-28T02:00:00,Ratnapura,24.67,74.75,2.14,10.34
2026-07-28T03:00:00,Ratnapura,30.27,73.8,0.0,13.76
2026-07-28T04:00:00,Ratnapura,24.37,91.75,5.84,17.21
2026-07-28T05:00:00,Ratnapura,23.29,97.72,5.66,24.76
2026-07-28T06:00:00,Ratnapura,25.91,88.59,1.52,20.87
2026-07-28T07:00:00,Ratnapura,25.22,91.74,0.0,21.4
2026-07-28T08:00:00,Ratnapura,25.35,84.95,1.94,15.39
2026-07-28T09:00:00,Ratnapura,25.65,75.69,0.0,14.03
2026-07-28T10:00:00,Ratnapura,25.84,77.14,0.0,14.89
2026-07-28T11:00:00,Ratnapura,27.6,75.47,0.0,14.58
2026-07-28T12:00:00,Ratnapura,27.36,73.7,0.0,4.93
2026-07-28T13:00:00,Ratnapura,23.06,76.89,0.62,13.33
2026-07-28T14:00:00,Ratnapura,27.41,65,0.0,9.67
2026-07-28T15:00:00,Ratnapura,29.26,70.87,1.69,15.66
2026-07-28T16:00:00,Ratnapura,32.85,65,0.0,15.68
2026-07-28T17:00:00,Ratnapura,30.97,73.51,0.0,9.66
2026-07-28T18:00:00,Ratnapura,34.6,70.37,0.0,9.32
2026-07-28T19:00:00,Ratnapura,32.1,71.09,0.0,13.85
2026-07-28T20:00:00,Ratnapura,31.57,65,0.0,16.7
2026-07-28T21:00:00,Ratnapura,32.77,65,0.0,12.74
2026-07-28T22:00:00,Ratnapura,33.01,67.39,0.0,12.54
2026-07-28T23:00:00,Ratnapura,29.87,76.02,0.0,11.87
2026-07-29T00:00:00,Nuwara Eliya,17.0,95,4.88,23.88
2026-07-29T01:00:00,Nuwara Eliya,18.38,88.59,0.0,12.04
2026-07-29T02:00:00,Nuwara Eliya,15.97,79.96,1.34,14.09
2026-07-29T03:00:00,Nuwara Eliya,16.84,94.21,3.35,21.21
2026-07-29T04:00:00,Nuwara Eliya,14.89,92.09,0.0,21.99
2026-07-29T05:00:00,Nuwara Eliya,10.45,92.12,1.25,15.64
2026-07-29T06:00:00,Nuwara Eliya,13.06,95,2.23,17.88
2026-07-29T07:00:00,Nuwara Eliya,14.97,95,4.04,19.8
2026-07-29T08:00:00,Nuwara Eliya,11.14,90.93,0.01,11.1
2026-07-29T09:00:00,Nuwara Eliya,11.17,85.75,1.13,11.76
2026-07-29T10:00:00,Nuwara Eliya,13.4,83.39,0.0,14.87
2026-07-29T11:00:00,Nuwara Eliya,14.62,83.6,0.0,9.76
2026-07-29T12:00:00,Nuwara Eliya,11.49,81.08,0.68,7.83
2026-07-29T13:00:00,Nuwara Eliya,14.6,76.27,0.0,10.97
2026-07-29T14:00:00,Nuwara Eliya,10.94,83.57,0.03,9.88
2026-07-29T15:00:00,Nuwara Eliya,11.97,79.07,0.0,16.53
2026-07-29T16:00:00,Nuwara Eliya,15.7,77.42,0.0,11.96
2026-07-29T17:00:00,Nuwara Eliya,18.76,81.73,1.4,16.38
2026-07-29T18:00:00,Nuwara Eliya,16.39,86.8,2.16,14.98
2026-07-29T19:00:00,Nuwara Eliya,20.06,81.18,0.0,9.61
2026-07-29T20:00:00,Nuwara Eliya,20.37,89.31,1.78,18.32
2026-07-29T21:00:00,Nuwara Eliya,20.21,76.63,0.57,7.35
2026-07-29T22:00:00,Nuwara Eliya,17.93,86.1,2.19,17.34
2026-07-29T23:00:00,Nuwara Eliya,16.98,75.27,0.0,19.82
2026-07-29T00:00:00,Kandy,22.89,74.29,0.0,16.03
2026-07-29T01:00:00,Kandy,24.28,71.58,0.5,14.33
2026-07-29T02:00:00,Kandy,23.42,68.29,0.0,17.07
2026-07-29T03:00:00,Kandy,27.52,65.37,0.0,15.54
2026-07-29T04:00:00,Kandy,23.03,73.71,0.21,11.63
2026-07-29T05:00:00,Kandy,18.35,90,1.59,13.76
2026-07-29T06:00:00,Kandy,23.7,77.91,3.87,18.22
2026-07-29T07:00:00,Kandy,18,79.91,0.32,18.78
2026-07-29T08:00:00,Kandy,19.66,77.49,0.0,14.59
2026-07-29T09:00:00,Kandy,22.6,69.39,0.0,12.91
2026-07-29T10:00:00,Kandy,20.51,77.05,0.0,11.85
2026-07-29T11:00:00,Kandy,22.71,71.66,0.0,10.73
2026-07-29T12:00:00,Kandy,24.4,66.26,0.0,15.38
2026-07-29T13:00:00,Kandy,25.73,61.08,0.0,11.31
2026-07-29T14:00:00,Kandy,23.74,59.07,0.0,12.07
2026-07-29T15:00:00,Kandy,26.48,57.81,0.0,2.19
2026-07-29T16:00:00,Kandy,24.72,67.36,0.25,13.8
2026-07-29T17:00:00,Kandy,24.16,69.64,0.0,9.68
2026-07-29T18:00:00,Kandy,27.69,66.47,0.0,8.62
2026-07-29T19:00:00,Kandy,25.57,72.68,0.92,12.46
2026-07-29T20:00:00,Kandy,26.71,65.77,0.0,13.44
2026-07-29T21:00:00,Kandy,26.29,66.51,0.0,9.51
2026-07-29T22:00:00,Kandy,23.99,61.51,0.0,7.94
2026-07-29T23:00:00,Kandy,24.18,67.89,1.28,7.69
2026-07-29T00:00:00,Ratnapura,32.31,68.15,0.0,12.73
2026-07-29T01:00:00,Ratnapura,27.55,78.8,0.0,13.56
2026-07-29T02:00:00,Ratnapura,28.26,83.31,1.35,7.92
2026-07-29T03:00:00,Ratnapura,23.83,78.18,0.03,14.03
2026-07-29T04:00:00,Ratnapura,24.09,81.54,0.0,10.06
2026-07-29T05:00:00,Ratnapura,27.0,79.92,0.0,10.18
2026-07-29T06:00:00,Ratnapura,23.19,84.09,0.0,11.39
2026-07-29T07:00:00,Ratnapura,24.75,85.16,0.0,16.69
2026-07-29T08:00:00,Ratnapura,23.11,98,4.89,23.15
2026-07-29T09:00:00,Ratnapura,28.58,69.7,0.0,7.93
2026-07-29T10:00:00,Ratnapura,24.9,74.93,0.0,13.69
2026-07-29T11:00:00,Ratnapura,27.87,79.99,0.0,8.48
2026-07-29T12:00:00,Ratnapura,26.04,68.52,0.0,6.68
2026-07-29T13:00:00,Ratnapura,28.42,70.17,0.0,12.29
2026-07-29T14:00:00,Ratnapura,30.27,66.46,0.0,17.34
2026-07-29T15:00:00,Ratnapura,28.5,66.16,0.0,11.1
2026-07-29T16:00:00,Ratnapura,30.22,66.3,0.0,15.19
2026-07-29T17:00:00,Ratnapura,28.86,76.15,0.0,14.01
2026-07-29T18:00:00,Ratnapura,29.59,74.19,0.12,13.67
2026-07-29T19:00:00,Ratnapura,31.29,70.07,0.0,14.0
2026-07-29T20:00:00,Ratnapura,28.7,77.67,0.0,11.69
2026-07-29T21:00:00,Ratnapura,31.55,85.68,5.42,7.97
2026-07-29T22:00:00,Ratnapura,32.48,80.0,2.16,17.98
2026-07-29T23:00:00,Ratnapura,30.78,85.22,3.87,13.08
2026-07-30T00:00:00,Nuwara Eliya,14.36,85.96,0.0,9.24
2026-07-30T01:00:00,Nuwara Eliya,19.54,78.68,0.0,10.25
2026-07-30T02:00:00,Nuwara Eliya,13.62,89.17,0.0,14.23
2026-07-30T03:00:00,Nuwara Eliya,15.4,84.47,0.0,11.15
2026-07-30T04:00:00,Nuwara Eliya,12.98,87.58,0.0,14.64
2026-07-30T05:00:00,Nuwara Eliya,16.11,90.18,1.14,21.78
2026-07-30T06:00:00,Nuwara Eliya,10,95,6.69,10.71
2026-07-30T07:00:00,Nuwara Eliya,10.28,95,0.95,20.93
2026-07-30T08:00:00,Nuwara Eliya,14.64,91.16,0.15,18.65
2026-07-30T09:00:00,Nuwara Eliya,10.78,83.91,0.0,7.97
2026-07-30T10:00:00,Nuwara Eliya,10,93.22,4.05,12.84
2026-07-30T11:00:00,Nuwara Eliya,15.4,80.67,0.0,10.4
2026-07-30T12:00:00,Nuwara Eliya,15.44,74.41,0.0,7.31
2026-07-30T13:00:00,Nuwara Eliya,14.43,71.36,0.0,11.63
2026-07-30T14:00:00,Nuwara Eliya,17.69,84.83,3.37,11.18
2026-07-30T15:00:00,Nuwara Eliya,15.15,71.41,1.1,11.9
2026-07-30T16:00:00,Nuwara Eliya,16.91,71.55,0.0,14.78
2026-07-30T17:00:00,Nuwara Eliya,12.43,82.57,0.0,8.36
2026-07-30T18:00:00,Nuwara Eliya,21.47,73.33,0.37,15.03
2026-07-30T19:00:00,Nuwara Eliya,23.27,76.12,0.0,14.77
2026-07-30T20:00:00,Nuwara Eliya,16.86,84.22,0.0,12.18
2026-07-30T21:00:00,Nuwara Eliya,19.14,86.36,1.14,15.0
2026-07-30T22:00:00,Nuwara Eliya,17.65,87.53,1.6,15.55
2026-07-30T23:00:00,Nuwara Eliya,13.73,93.6,3.07,17.47
2026-07-30T00:00:00,Kandy,23.04,66.38,1.19,14.41
2026-07-30T01:00:00,Kandy,23.47,75.98,4.32,17.95
2026-07-30T02:00:00,Kandy,21.32,70.11,0.0,16.4
2026-07-30T03:00:00,Kandy,24.07,76.05,0.0,15.45
2026-07-30T04:00:00,Kandy,22.85,79.95,0.54,14.96
2026-07-30T05:00:00,Kandy,23.98,82.94,1.33,17.63
2026-07-30T06:00:00,Kandy,22.55,71.49,0.0,14.89
2026-07-30T07:00:00,Kandy,21.45,82.02,1.64,17.89
2026-07-30T08:00:00,Kandy,22.5,79.5,0.17,9.42
2026-07-30T09:00:00,Kandy,21.95,76.49,0.0,20.42
2026-07-30T10:00:00,Kandy,22.75,74.3,0.7,11.38
2026-07-30T11:00:00,Kandy,21.99,71.16,0.0,13.65
2026-07-30T12:00:00,Kandy,24.99,58.27,0.0,11.36
2026-07-30T13:00:00,Kandy,23.37,59.22,0.0,12.19
2026-07-30T14:00:00,Kandy,21.29,68.39,0.36,17.22
2026-07-30T15:00:00,Kandy,23.13,65.01,0.0,12.09
2026-07-30T16:00:00,Kandy,25.45,74.11,0.55,11.89
2026-07-30T17:00:00,Kandy,19.31,66.57,0.86,8.09
2026-07-30T18:00:00,Kandy,19.88,70.5,0.74,12.79
2026-07-30T19:00:00,Kandy,25.63,67.49,0.0,14.9
2026-07-30T20:00:00,Kandy,27.35,69.98,0.0,9.93
2026-07-30T21:00:00,Kandy,25.32,68.46,0.0,16.18
2026-07-30T22:00:00,Kandy,24.99,72.05,0.0,14.04
2026-07-30T23:00:00,Kandy,26.39,71.49,0.0,11.29
2026-07-30T00:00:00,Ratnapura,32.95,81.2,4.75,11.13
2026-07-30T01:00:00,Ratnapura,30.62,78.76,1.88,13.77
2026-07-30T02:00:00,Ratnapura,25.97,77.44,0.0,12.54
2026-07-30T03:00:00,Ratnapura,25.23,77.99,0.0,16.84
2026-07-30T04:00:00,Ratnapura,27.76,88.25,1.93,6.67
2026-07-30T05:00:00,Ratnapura,25.5,95.74,6.42,22.42
2026-07-30T06:00:00,Ratnapura,25.39,93.75,5.15,21.16
2026-07-30T07:00:00,Ratnapura,23.46,98,11.46,16.66
2026-07-30T08:00:00,Ratnapura,25.43,83.75,2.73,10.02
2026-07-30T09:00:00,Ratnapura,28.19,75.1,0.0,15.69
2026-07-30T10:00:00,Ratnapura,26.25,91.34,6.41,6.76
2026-07-30T11:00:00,Ratnapura,22.87,82.16,0.0,7.68
2026-07-30T12:00:00,Ratnapura,24.07,67.12,0.0,15.47
2026-07-30T13:00:00,Ratnapura,23.82,67.28,0.0,14.17
2026-07-30T14:00:00,Ratnapura,28.28,68.27,0.0,11.14
2026-07-30T15:00:00,Ratnapura,31.57,71.4,0.0,16.0
2026-07-30T16:00:00,Ratnapura,31.24,69.08,0.0,9.8
2026-07-30T17:00:00,Ratnapura,32.8,71.21,2.43,13.4
2026-07-30T18:00:00,Ratnapura,32.33,80.51,1.08,10.72
2026-07-30T19:00:00,Ratnapura,31.85,68.91,0.0,11.61
2026-07-30T20:00:00,Ratnapura,31.91,77.94,0.05,16.69
2026-07-30T21:00:00,Ratnapura,28.23,80.27,1.54,8.64
2026-07-30T22:00:00,Ratnapura,28.01,76.3,0.0,8.71
2026-07-30T23:00:00,Ratnapura,29.96,76.53,0.0,11.63
2026-07-31T00:00:00,Nuwara Eliya,15.06,82.21,0.0,11.96
2026-07-31T01:00:00,Nuwara Eliya,17.69,81.34,0.55,0.63
2026-07-31T02:00:00,Nuwara Eliya,15.19,83.94,0.0,12.64
2026-07-31T03:00:00,Nuwara Eliya,14.91,85.87,2.99,14.64
2026-07-31T04:00:00,Nuwara Eliya,16.64,94.8,2.35,17.92
2026-07-31T05:00:00,Nuwara Eliya,13.16,92.43,2.67,17.96
2026-07-31T06:00:00,Nuwara Eliya,12.16,91.89,1.77,16.99
2026-07-31T07:00:00,Nuwara Eliya,14.6,84.54,0.0,15.39
2026-07-31T08:00:00,Nuwara Eliya,13.9,92.46,3.07,16.89
2026-07-31T09:00:00,Nuwara Eliya,12.59,90.3,3.67,16.32
2026-07-31T10:00:00,Nuwara Eliya,17.4,83.44,1.33,9.27
2026-07-31T11:00:00,Nuwara Eliya,16.61,80.99,1.38,10.08
2026-07-31T12:00:00,Nuwara Eliya,14.44,80.82,0.0,11.83
2026-07-31T13:00:00,Nuwara Eliya,17.92,77.27,1.79,8.13
2026-07-31T14:00:00,Nuwara Eliya,17.11,84.23,5.35,15.48
2026-07-31T15:00:00,Nuwara Eliya,19.71,68.18,0.0,9.25
2026-07-31T16:00:00,Nuwara Eliya,17.21,72.14,0.0,16.11
2026-07-31T17:00:00,Nuwara Eliya,15.03,95,9.85,27.5
2026-07-31T18:00:00,Nuwara Eliya,15.1,81.97,0.0,9.07
2026-07-31T19:00:00,Nuwara Eliya,21.81,74.84,0.0,19.33
2026-07-31T20:00:00,Nuwara Eliya,17.42,83.42,0.0,12.37
2026-07-31T21:00:00,Nuwara Eliya,17.66,73.0,0.0,13.5
2026-07-31T22:00:00,Nuwara Eliya,18.69,84.14,2.94,16.44
2026-07-31T23:00:00,Nuwara Eliya,18.99,87.17,2.69,14.3
2026-07-31T00:00:00,Kandy,24.14,62.49,0.0,12.52
2026-07-31T01:00:00,Kandy,25.09,73.43,0.0,11.58
2026-07-31T02:00:00,Kandy,21.32,86.26,1.81,15.08
2026-07-31T03:00:00,Kandy,22.18,79.65,2.17,13.4
2026-07-31T04:00:00,Kandy,23.76,74.87,0.0,14.13
2026-07-31T05:00:00,Kandy,23.9,82.3,0.0,17.93
2026-07-31T06:00:00,Kandy,21.7,77.12,1.79,13.34
2026-07-31T07:00:00,Kandy,22.45,80.1,0.54,15.28
2026-07-31T08:00:00,Kandy,19.85,86.48,0.53,14.61
2026-07-31T09:00:00,Kandy,20.55,70.77,0.0,11.97
2026-07-31T10:00:00,Kandy,19.72,77.88,0.0,17.13
2026-07-31T11:00:00,Kandy,18,73.31,0.25,16.53
2026-07-31T12:00:00,Kandy,22.2,71.54,3.86,13.69
2026-07-31T13:00:00,Kandy,23.16,66.57,0.0,7.49
2026-07-31T14:00:00,Kandy,23.0,65.57,0.0,12.07
2026-07-31T15:00:00,Kandy,22.5,66.23,0.44,6.79
2026-07-31T16:00:00,Kandy,23.11,71.17,0.39,14.58
2026-07-31T17:00:00,Kandy,21.79,75.97,2.88,12.96
2026-07-31T18:00:00,Kandy,24.5,78.41,0.0,13.01
2026-07-31T19:00:00,Kandy,26.98,71.07,0.0,17.34
2026-07-31T20:00:00,Kandy,26.8,64.27,0.2,3.94
2026-07-31T21:00:00,Kandy,22.57,64.2,0.0,14.72
2026-07-31T22:00:00,Kandy,23.94,68.81,0.0,10.97
2026-07-31T23:00:00,Kandy,30,66.2,0.0,10.47
2026-07-31T00:00:00,Ratnapura,29.69,71.21,0.0,13.08
2026-07-31T01:00:00,Ratnapura,28.06,77.96,0.0,11.85
2026-07-31T02:00:00,Ratnapura,29.28,78.36,0.0,15.44
2026-07-31T03:00:00,Ratnapura,25.59,87.7,5.86,14.77
2026-07-31T04:00:00,Ratnapura,27.73,83.57,0.67,14.87
2026-07-31T05:00:00,Ratnapura,28.25,78.06,0.48,16.77
2026-07-31T06:00:00,Ratnapura,22,82.4,0.0,15.89
2026-07-31T07:00:00,Ratnapura,26.67,79.25,0.0,12.54
2026-07-31T08:00:00,Ratnapura,26.47,83.73,0.0,12.19
2026-07-31T09:00:00,Ratnapura,26.2,76.33,0.0,15.92
2026-07-31T10:00:00,Ratnapura,24.5,77.92,0.0,11.8
2026-07-31T11:00:00,Ratnapura,25.16,83.23,0.0,9.77
2026-07-31T12:00:00,Ratnapura,29.62,66.87,0.11,14.75
2026-07-31T13:00:00,Ratnapura,25.48,73.32,0.0,16.44
2026-07-31T14:00:00,Ratnapura,27.21,66.48,0.0,5.16
2026-07-31T15:00:00,Ratnapura,31.39,65,1.58,11.64
2026-07-31T16:00:00,Ratnapura,30.39,66.37,0.4,8.76
2026-07-31T17:00:00,Ratnapura,28.99,84.85,1.28,6.23
2026-07-31T18:00:00,Ratnapura,30.26,73.83,0.94,15.93
2026-07-31T19:00:00,Ratnapura,33.69,66.85,0.0,9.22
2026-07-31T20:00:00,Ratnapura,27.58,82.55,0.0,9.4
2026-07-31T21:00:00,Ratnapura,32.16,73.97,0.0,10.7
2026-07-31T22:00:00,Ratnapura,29.13,78.17,0.0,16.35
2026-07-31T23:00:00,Ratnapura,30.02,89.23,2.7,12.66
2026-08-01T00:00:00,Nuwara Eliya,15.65,76.58,0.34,19.8
2026-08-01T01:00:00,Nuwara Eliya,14.21,79.05,0.95,12.65
2026-08-01T02:00:00,Nuwara Eliya,16.23,77.96,0.0,13.4
2026-08-01T03:00:00,Nuwara Eliya,15.22,80.78,0.0,7.51
2026-08-01T04:00:00,Nuwara Eliya,14.77,79.86,0.53,16.34
2026-08-01T05:00:00,Nuwara Eliya,14.03,95,7.66,14.89
2026-08-01T06:00:00,Nuwara Eliya,13.26,95,4.41,17.91
2026-08-01T07:00:00,Nuwara Eliya,12.13,95,2.23,17.42
2026-08-01T08:00:00,Nuwara Eliya,13.92,94.63,2.22,16.99
2026-08-01T09:00:00,Nuwara Eliya,12.11,77.34,0.0,15.15
2026-08-01T10:00:00,Nuwara Eliya,11.68,89.1,2.76,16.35
2026-08-01T11:00:00,Nuwara Eliya,13.22,84.79,0.0,11.91
2026-08-01T12:00:00,Nuwara Eliya,15.28,79.54,0.62,17.08
2026-08-01T13:00:00,Nuwara Eliya,16.15,79.11,1.14,14.35
2026-08-01T14:00:00,Nuwara Eliya,15.53,74.88,0.0,13.21
2026-08-01T15:00:00,Nuwara Eliya,18.73,76.71,0.0,11.14
2026-08-01T16:00:00,Nuwara Eliya,17.72,63.39,0.0,7.1
2026-08-01T17:00:00,Nuwara Eliya,17.74,85.77,0.0,14.62
2026-08-01T18:00:00,Nuwara Eliya,20.27,84.09,1.15,12.08
2026-08-01T19:00:00,Nuwara Eliya,16.47,80.39,0.0,13.18
2026-08-01T20:00:00,Nuwara Eliya,19.46,83.97,0.61,12.72
2026-08-01T21:00:00,Nuwara Eliya,16.96,78.0,0.07,13.47
2026-08-01T22:00:00,Nuwara Eliya,17.85,89.18,2.74,17.46
2026-08-01T23:00:00,Nuwara Eliya,20.63,78.26,0.0,15.71
2026-08-01T00:00:00,Kandy,24.82,69.43,0.0,13.32
2026-08-01T01:00:00,Kandy,20.83,77.04,0.0,14.8
2026-08-01T02:00:00,Kandy,22.59,75.97,2.72,11.35
2026-08-01T03:00:00,Kandy,21.39,76.02,2.36,14.98
2026-08-01T04:00:00,Kandy,19.28,76.77,0.0,10.99
2026-08-01T05:00:00,Kandy,21.73,90,7.73,15.82
2026-08-01T06:00:00,Kandy,22.16,85.2,3.06,16.8
2026-08-01T07:00:00,Kandy,20.8,80.17,0.0,6.81
2026-08-01T08:00:00,Kandy,19.32,74.07,0.0,14.72
2026-08-01T09:00:00,Kandy,19.5,69.62,0.13,11.87
2026-08-01T10:00:00,Kandy,22.39,83.24,4.98,10.23
2026-08-01T11:00:00,Kandy,21.37,65.02,0.0,13.86
2026-08-01T12:00:00,Kandy,18.54,64.63,0.0,17.0
2026-08-01T13:00:00,Kandy,25.08,69.09,4.73,17.14
2026-08-01T14:00:00,Kandy,22.1,66.41,0.0,12.78
2026-08-01T15:00:00,Kandy,24.32,58.05,0.0,14.0
2026-08-01T16:00:00,Kandy,25.05,65.21,0.0,5.08
2026-08-01T17:00:00,Kandy,25.12,69.75,0.0,9.63
2026-08-01T18:00:00,Kandy,27.2,71.52,2.19,9.29
2026-08-01T19:00:00,Kandy,23.38,77.0,0.0,8.56
2026-08-01T20:00:00,Kandy,21.42,80.94,2.12,9.99
2026-08-01T21:00:00,Kandy,26.55,70.25,0.0,15.0
2026-08-01T22:00:00,Kandy,23.47,72.39,1.08,16.75
2026-08-01T23:00:00,Kandy,24.69,65.59,0.0,11.76
2026-08-01T00:00:00,Ratnapura,28.44,77.7,0.0,11.1
2026-08-01T01:00:00,Ratnapura,31.46,71.8,0.0,8.35
2026-08-01T02:00:00,Ratnapura,28.07,76.32,0.0,10.64
2026-08-01T03:00:00,Ratnapura,30.66,82.14,1.2,12.37
2026-08-01T04:00:00,Ratnapura,27.3,81.66,0.0,3.75
2026-08-01T05:00:00,Ratnapura,24.04,80.56,1.09,6.08
2026-08-01T06:00:00,Ratnapura,26.94,87.49,0.0,15.34
2026-08-01T07:00:00,Ratnapura,25.03,87.9,2.02,20.37
2026-08-01T08:00:00,Ratnapura,25.21,80.01,0.65,10.95
2026-08-01T09:00:00,Ratnapura,28.97,72.51,0.0,9.52
2026-08-01T10:00:00,Ratnapura,25.03,73.23,0.0,9.71
2026-08-01T11:00:00,Ratnapura,25.52,72.14,0.0,16.07
2026-08-01T12:00:00,Ratnapura,28.06,75.98,2.45,10.29
2026-08-01T13:00:00,Ratnapura,27.6,70.44,0.0,10.79
2026-08-01T14:00:00,Ratnapura,24.36,71.13,0.0,17.69
2026-08-01T15:00:00,Ratnapura,29.98,65,0.0,14.84
2026-08-01T16:00:00,Ratnapura,28.87,74.06,4.02,7.96
2026-08-01T17:00:00,Ratnapura,27.98,79.63,1.7,16.34
2026-08-01T18:00:00,Ratnapura,29.17,78.36,0.0,14.08
2026-08-01T19:00:00,Ratnapura,29.54,71.92,0.0,8.55
2026-08-01T20:00:00,Ratnapura,32.32,70.7,0.0,11.2
2026-08-01T21:00:00,Ratnapura,30.03,81.07,0.0,14.3
2026-08-01T22:00:00,Ratnapura,29.74,73.63,0.0,11.83
2026-08-01T23:00:00,Ratnapura,28.72,76.2,0.0,13.71
2026-08-02T00:00:00,Nuwara Eliya,16.58,86.72,4.93,17.39
2026-08-02T01:00:00,Nuwara Eliya,13.62,93.47,5.08,14.95
2026-08-02T02:00:00,Nuwara Eliya,15.98,80.19,0.0,8.21
2026-08-02T03:00:00,Nuwara Eliya,15.47,89.02,3.89,17.48
2026-08-02T04:00:00,Nuwara Eliya,13.17,91.78,0.19,17.28
2026-08-02T05:00:00,Nuwara Eliya,13.12,95,5.5,18.31
2026-08-02T06:00:00,Nuwara Eliya,12.98,95,4.15,18.21
2026-08-02T07:00:00,Nuwara Eliya,13.15,95,2.22,19.17
2026-08-02T08:00:00,Nuwara Eliya,10.79,95,2.9,11.46
2026-08-02T09:00:00,Nuwara Eliya,13.51,84.87,1.0,11.39
2026-08-02T10:00:00,Nuwara Eliya,11.39,87.2,0.0,7.09
2026-08-02T11:00:00,Nuwara Eliya,12.41,95,8.28,18.9
2026-08-02T12:00:00,Nuwara Eliya,16.87,71.54,0.0,10.17
2026-08-02T13:00:00,Nuwara Eliya,14.13,76.3,0.0,13.5
2026-08-02T14:00:00,Nuwara Eliya,15.42,73.33,0.0,15.08
2026-08-02T15:00:00,Nuwara Eliya,17.71,69.19,0.0,11.2
2026-08-02T16:00:00,Nuwara Eliya,14.52,73.3,0.0,17.48
2026-08-02T17:00:00,Nuwara Eliya,17.74,90.6,8.99,14.63
2026-08-02T18:00:00,Nuwara Eliya,17.8,82.94,2.57,7.22
2026-08-02T19:00:00,Nuwara Eliya,16.82,82.08,0.0,10.43
2026-08-02T20:00:00,Nuwara Eliya,22.57,79.0,0.0,19.08
2026-08-02T21:00:00,Nuwara Eliya,19.92,82.24,0.86,13.35
2026-08-02T22:00:00,Nuwara Eliya,18.18,80.81,0.0,11.02
2026-08-02T23:00:00,Nuwara Eliya,16.72,81.86,0.0,12.72
2026-08-02T00:00:00,Kandy,23.02,67.1,0.05,12.59
2026-08-02T01:00:00,Kandy,24.13,66.93,0.12,8.89
2026-08-02T02:00:00,Kandy,23.11,66.06,0.0,7.27
2026-08-02T03:00:00,Kandy,22.31,72.89,0.0,8.89
2026-08-02T04:00:00,Kandy,24.76,82.58,0.98,19.51
2026-08-02T05:00:00,Kandy,21.96,78.71,3.24,16.41
2026-08-02T06:00:00,Kandy,19.4,79.09,0.08,18.91
2026-08-02T07:00:00,Kandy,18.19,83.1,0.0,6.43
2026-08-02T08:00:00,Kandy,21.25,75.09,0.26,10.14
2026-08-02T09:00:00,Kandy,20.67,83.44,8.63,15.89
2026-08-02T10:00:00,Kandy,22.49,67.47,0.0,12.31
2026-08-02T11:00:00,Kandy,19.83,77.64,0.79,12.55
2026-08-02T12:00:00,Kandy,21.66,66.79,0.0,10.58
2026-08-02T13:00:00,Kandy,23.95,65.94,0.0,12.54
2026-08-02T14:00:00,Kandy,20.87,65.89,0.0,15.81
2026-08-02T15:00:00,Kandy,24.91,64.97,0.0,9.51
2026-08-02T16:00:00,Kandy,23.95,63.65,0.0,12.05
2026-08-02T17:00:00,Kandy,23.68,66.26,0.0,12.17
2026-08-02T18:00:00,Kandy,27.29,70.6,1.11,8.89
2026-08-02T19:00:00,Kandy,25.64,67.9,0.0,9.03
2026-08-02T20:00:00,Kandy,25.46,71.87,0.0,14.83
2026-08-02T21:00:00,Kandy,22.44,75.52,0.0,14.4
2026-08-02T22:00:00,Kandy,24.57,66.83,0.34,5.94
2026-08-02T23:00:00,Kandy,23.31,76.18,0.0,10.49
2026-08-02T00:00:00,Ratnapura,28.77,75.33,0.0,13.42
2026-08-02T01:00:00,Ratnapura,30.33,69.91,1.95,16.2
2026-08-02T02:00:00,Ratnapura,27.26,76.23,0.0,10.46
2026-08-02T03:00:00,Ratnapura,22.86,79.25,0.0,15.81
2026-08-02T04:00:00,Ratnapura,22.2,79.45,0.0,14.31
2026-08-02T05:00:00,Ratnapura,22.59,81.29,0.75,12.74
2026-08-02T06:00:00,Ratnapura,25.29,86.04,0.0,16.21
2026-08-02T07:00:00,Ratnapura,22.86,85.49,2.34,17.67
2026-08-02T08:00:00,Ratnapura,24.0,86.39,0.13,14.12
2026-08-02T09:00:00,Ratnapura,27.43,82.87,2.71,10.38
2026-08-02T10:00:00,Ratnapura,23.62,79.96,0.0,16.08
2026-08-02T11:00:00,Ratnapura,24.92,74.05,0.0,8.46
2026-08-02T12:00:00,Ratnapura,26.89,71.96,0.21,10.8
2026-08-02T13:00:00,Ratnapura,29.06,68.49,0.0,6.85
2026-08-02T14:00:00,Ratnapura,26.21,71.93,0.0,8.59
2026-08-02T15:00:00,Ratnapura,29.11,75.28,0.0,5.48
2026-08-02T16:00:00,Ratnapura,29.48,65,0.0,13.42
2026-08-02T17:00:00,Ratnapura,28.92,73.29,0.0,10.13
2026-08-02T18:00:00,Ratnapura,30.2,81.48,3.62,13.03
2026-08-02T19:00:00,Ratnapura,34.18,77.39,0.0,17.47
2026-08-02T20:00:00,Ratnapura,31.85,69.92,0.0,9.26
2026-08-02T21:00:00,Ratnapura,28.93,74.09,0.0,6.69
2026-08-02T22:00:00,Ratnapura,29.75,73.45,0.0,5.54
2026-08-02T23:00:00,Ratnapura,30.14,69.7,0.0,14.47
2026-08-03T00:00:00,Nuwara Eliya,17.79,84.01,0.0,13.75
2026-08-03T01:00:00,Nuwara Eliya,15.32,82.14,0.29,16.13
2026-08-03T02:00:00,Nuwara Eliya,14.13,81.18,0.0,13.6
2026-08-03T03:00:00,Nuwara Eliya,14.6,81.65,0.62,15.04
2026-08-03T04:00:00,Nuwara Eliya,12.11,94.28,1.64,18.31
2026-08-03T05:00:00,Nuwara Eliya,10.88,92.26,0.43,14.24
2026-08-03T06:00:00,Nuwara Eliya,12.32,87.25,0.26,12.64
2026-08-03T07:00:00,Nuwara Eliya,10.47,95,18.89,19.71
2026-08-03T08:00:00,Nuwara Eliya,13.25,85.99,0.0,14.91
2026-08-03T09:00:00,Nuwara Eliya,13.53,88.49,4.15,11.44
2026-08-03T10:00:00,Nuwara Eliya,13.06,85.85,0.0,11.76
2026-08-03T11:00:00,Nuwara Eliya,14.37,88.26,7.22,15.07
2026-08-03T12:00:00,Nuwara Eliya,17.9,82.77,3.68,9.61
2026-08-03T13:00:00,Nuwara Eliya,16.44,78.64,0.0,10.76
2026-08-03T14:00:00,Nuwara Eliya,15.96,72.7,0.0,20.47
2026-08-03T15:00:00,Nuwara Eliya,16.17,78.66,0.76,14.61
2026-08-03T16:00:00,Nuwara Eliya,17.03,84.62,2.68,11.14
2026-08-03T17:00:00,Nuwara Eliya,21.72,75.04,1.18,15.87
2026-08-03T18:00:00,Nuwara Eliya,14.55,84.87,0.33,11.59
2026-08-03T19:00:00,Nuwara Eliya,13.89,92.97,8.82,16.67
2026-08-03T20:00:00,Nuwara Eliya,16.39,83.21,1.34,14.98
2026-08-03T21:00:00,Nuwara Eliya,18.29,79.93,0.15,16.37
2026-08-03T22:00:00,Nuwara Eliya,13.08,78.78,0.0,11.15
2026-08-03T23:00:00,Nuwara Eliya,19.11,75.61,0.0,6.82
2026-08-03T00:00:00,Kandy,21.37,84.37,0.0,14.21
2026-08-03T01:00:00,Kandy,22.29,70.83,0.0,12.23
2026-08-03T02:00:00,Kandy,23.92,69.71,0.0,14.16
2026-08-03T03:00:00,Kandy,20.72,71.85,0.0,14.88
2026-08-03T04:00:00,Kandy,26.08,75.45,0.0,9.66
2026-08-03T05:00:00,Kandy,24.34,84.95,0.0,16.83
2026-08-03T06:00:00,Kandy,18.06,85.46,0.44,14.33
2026-08-03T07:00:00,Kandy,20.9,77.08,0.21,13.42
2026-08-03T08:00:00,Kandy,20.62,85.66,1.69,8.68
2026-08-03T09:00:00,Kandy,19.74,73.46,0.8,11.9
2026-08-03T10:00:00,Kandy,18,81.72,2.97,10.52
2026-08-03T11:00:00,Kandy,20.34,65.58,0.0,12.32
2026-08-03T12:00:00,Kandy,19.63,70.73,0.0,13.7
2026-08-03T13:00:00,Kandy,25.11,60.64,1.46,14.22
2026-08-03T14:00:00,Kandy,21.66,66.09,0.0,11.73
2026-08-03T15:00:00,Kandy,24.71,61.78,0.0,12.58
2026-08-03T16:00:00,Kandy,27.22,55.89,0.0,9.8
2026-08-03T17:00:00,Kandy,24.17,73.05,0.0,10.26
2026-08-03T18:00:00,Kandy,21.59,72.5,0.0,12.4
2026-08-03T19:00:00,Kandy,24.15,67.06,0.0,12.03
2026-08-03T20:00:00,Kandy,26.73,69.57,0.12,13.65
2026-08-03T21:00:00,Kandy,26.3,61.68,0.0,12.05
2026-08-03T22:00:00,Kandy,25.11,71.89,0.0,13.63
2026-08-03T23:00:00,Kandy,22.91,69.39,0.0,15.74
2026-08-03T00:00:00,Ratnapura,32.5,77.91,0.0,18.97
2026-08-03T01:00:00,Ratnapura,27.75,72.34,0.37,11.95
2026-08-03T02:00:00,Ratnapura,29.47,83.92,12.26,11.26
2026-08-03T03:00:00,Ratnapura,28.27,76.57,3.26,14.32
2026-08-03T04:00:00,Ratnapura,26.7,77.62,0.0,16.7
2026-08-03T05:00:00,Ratnapura,26.09,79.1,0.0,12.12
2026-08-03T06:00:00,Ratnapura,24.23,89.15,0.0,11.13
2026-08-03T07:00:00,Ratnapura,22.35,89.08,0.0,16.77
2026-08-03T08:00:00,Ratnapura,24.0,92.84,0.99,15.22
2026-08-03T09:00:00,Ratnapura,25.62,78.87,0.0,18.44
2026-08-03T10:00:00,Ratnapura,27.34,74.82,0.0,13.13
2026-08-03T11:00:00,Ratnapura,25.78,75.21,0.0,17.9
2026-08-03T12:00:00,Ratnapura,28.53,66.9,0.0,8.28
2026-08-03T13:00:00,Ratnapura,25.3,69.28,0.0,13.4
2026-08-03T14:00:00,Ratnapura,29.64,65,0.0,9.3
2026-08-03T15:00:00,Ratnapura,27.09,71.59,0.0,8.6
2026-08-03T16:00:00,Ratnapura,28.61,69.58,0.0,3.83
2026-08-03T17:00:00,Ratnapura,29.91,72.61,0.0,16.29
2026-08-03T18:00:00,Ratnapura,33.25,70.93,0.0,10.58
2026-08-03T19:00:00,Ratnapura,30.23,77.9,2.81,16.26
2026-08-03T20:00:00,Ratnapura,29.66,79.64,0.0,13.74
2026-08-03T21:00:00,Ratnapura,29.85,73.46,0.0,14.6
2026-08-03T22:00:00,Ratnapura,32.22,73.55,0.0,14.76
2026-08-03T23:00:00,Ratnapura,29.68,73.24,0.0,12.86
2026-08-04T00:00:00,Nuwara Eliya,19.2,91.42,6.52,17.03
2026-08-04T01:00:00,Nuwara Eliya,18.64,80.22,0.2,9.65
2026-08-04T02:00:00,Nuwara Eliya,15.81,86.24,0.19,11.75
2026-08-04T03:00:00,Nuwara Eliya,15.28,85.98,0.0,13.02
2026-08-04T04:00:00,Nuwara Eliya,14.44,90.36,0.0,18.83
2026-08-04T05:00:00,Nuwara Eliya,16.2,89.06,0.63,14.58
2026-08-04T06:00:00,Nuwara Eliya,12.08,94.32,3.78,20.79
2026-08-04T07:00:00,Nuwara Eliya,10,92.38,2.39,13.07
2026-08-04T08:00:00,Nuwara Eliya,11.18,89.06,0.0,17.45
2026-08-04T09:00:00,Nuwara Eliya,11.85,86.15,2.1,13.38
2026-08-04T10:00:00,Nuwara Eliya,10.13,90.59,0.0,11.52
2026-08-04T11:00:00,Nuwara Eliya,10,91.93,0.0,18.76
2026-08-04T12:00:00,Nuwara Eliya,14.89,83.62,0.0,10.42
2026-08-04T13:00:00,Nuwara Eliya,15.15,75.72,0.0,12.34
2026-08-04T14:00:00,Nuwara Eliya,14.97,81.12,2.08,13.82
2026-08-04T15:00:00,Nuwara Eliya,18.22,72.43,0.0,13.6
2026-08-04T16:00:00,Nuwara Eliya,18.0,69.31,0.0,10.13
2026-08-04T17:00:00,Nuwara Eliya,16.5,84.76,1.51,11.55
2026-08-04T18:00:00,Nuwara Eliya,19.33,77.92,0.0,12.73
2026-08-04T19:00:00,Nuwara Eliya,18.25,95,10.14,17.29
2026-08-04T20:00:00,Nuwara Eliya,18.4,86.69,3.11,19.23
2026-08-04T21:00:00,Nuwara Eliya,18.51,79.06,0.41,9.37
2026-08-04T22:00:00,Nuwara Eliya,19.64,81.22,0.0,15.2
2026-08-04T23:00:00,Nuwara Eliya,16.56,85.92,1.16,10.08
2026-08-04T00:00:00,Kandy,24.18,70.45,0.0,15.15
2026-08-04T01:00:00,Kandy,23.54,62.51,0.0,8.63
2026-08-04T02:00:00,Kandy,23.27,83.97,4.95,14.47
2026-08-04T03:00:00,Kandy,20.47,74.54,0.36,10.25
2026-08-04T04:00:00,Kandy,20.29,77.15,0.0,15.97
2026-08-04T05:00:00,Kandy,21.55,81.35,0.31,13.6
2026-08-04T06:00:00,Kandy,23.56,77.3,0.13,16.53
2026-08-04T07:00:00,Kandy,19.25,84.31,1.44,13.26
2026-08-04T08:00:00,Kandy,18.25,76.24,0.72,16.82
2026-08-04T09:00:00,Kandy,21.23,69.01,0.0,6.48
2026-08-04T10:00:00,Kandy,22.05,73.38,0.0,15.66
2026-08-04T11:00:00,Kandy,18,80.88,0.88,15.67
2026-08-04T12:00:00,Kandy,23.86,74.29,0.0,14.13
2026-08-04T13:00:00,Kandy,21.64,73.09,0.99,15.02
2026-08-04T14:00:00,Kandy,21.43,59.04,0.18,11.91
2026-08-04T15:00:00,Kandy,23.18,68.94,0.0,14.16
2026-08-04T16:00:00,Kandy,24.29,63.23,0.0,20.91
2026-08-04T17:00:00,Kandy,24.53,71.83,1.02,17.36
2026-08-04T18:00:00,Kandy,25.31,65.66,0.0,14.02
2026-08-04T19:00:00,Kandy,24.77,67.01,0.0,13.79
2026-08-04T20:00:00,Kandy,26.93,72.56,0.75,7.34
2026-08-04T21:00:00,Kandy,27.61,74.65,1.58,7.1
2026-08-04T22:00:00,Kandy,25.29,69.72,0.0,4.87
2026-08-04T23:00:00,Kandy,29.58,62.44,0.0,11.18
2026-08-04T00:00:00,Ratnapura,29.6,73.28,0.0,12.02
2026-08-04T01:00:00,Ratnapura,27.43,82.48,0.0,4.35
2026-08-04T02:00:00,Ratnapura,25.82,81.39,0.0,17.74
2026-08-04T03:00:00,Ratnapura,27.67,73.96,0.27,8.17
2026-08-04T04:00:00,Ratnapura,26.96,84.77,0.0,9.85
2026-08-04T05:00:00,Ratnapura,27.87,82.68,0.58,11.38
2026-08-04T06:00:00,Ratnapura,25.43,79.98,0.0,16.24
2026-08-04T07:00:00,Ratnapura,24.08,80.18,0.0,8.87
2026-08-04T08:00:00,Ratnapura,25.07,86.06,0.0,12.39
2026-08-04T09:00:00,Ratnapura,27.55,77.15,1.87,7.08
2026-08-04T10:00:00,Ratnapura,23.68,82.37,0.91,12.14
2026-08-04T11:00:00,Ratnapura,26.39,78.53,0.0,4.2
2026-08-04T12:00:00,Ratnapura,28.62,69.88,3.34,11.18
2026-08-04T13:00:00,Ratnapura,29.34,65,0.0,13.29
2026-08-04T14:00:00,Ratnapura,27.26,68.72,0.04,11.75
2026-08-04T15:00:00,Ratnapura,28.71,65,0.0,13.32
2026-08-04T16:00:00,Ratnapura,26.25,69.21,0.0,12.12
2026-08-04T17:00:00,Ratnapura,29.26,71.88,0.62,12.43
2026-08-04T18:00:00,Ratnapura,31.66,70.76,0.31,14.16
2026-08-04T19:00:00,Ratnapura,29.93,73.62,0.0,13.28
2026-08-04T20:00:00,Ratnapura,28.67,73.16,0.0,7.07
2026-08-04T21:00:00,Ratnapura,31.5,74.92,0.0,14.48
2026-08-04T22:00:00,Ratnapura,34.04,74.65,0.0,15.12
2026-08-04T23:00:00,Ratnapura,31.79,71.09,0.97,15.98
2026-08-05T00:00:00,Nuwara Eliya,15.65,84.75,2.84,13.42
2026-08-05T01:00:00,Nuwara Eliya,14.74,84.2,0.0,7.19
2026-08-05T02:00:00,Nuwara Eliya,15.75,82.93,0.0,10.5
2026-08-05T03:00:00,Nuwara Eliya,16.88,76.18,0.0,22.18
2026-08-05T04:00:00,Nuwara Eliya,15.08,95,1.93,19.0
2026-08-05T05:00:00,Nuwara Eliya,13.9,88.13,0.0,13.22
2026-08-05T06:00:00,Nuwara Eliya,11.76,95,2.59,13.85
2026-08-05T07:00:00,Nuwara Eliya,12.49,95,6.81,16.68
2026-08-05T08:00:00,Nuwara Eliya,13.45,86.95,0.92,17.79
2026-08-05T09:00:00,Nuwara Eliya,15.08,81.97,0.0,11.42
2026-08-05T10:00:00,Nuwara Eliya,13.23,85.64,2.64,11.6
2026-08-05T11:00:00,Nuwara Eliya,15.03,77.65,0.15,16.53
2026-08-05T12:00:00,Nuwara Eliya,13.75,75.97,0.07,16.57
2026-08-05T13:00:00,Nuwara Eliya,14.7,82.95,0.0,10.9
2026-08-05T14:00:00,Nuwara Eliya,18.5,69.89,1.4,7.41
2026-08-05T15:00:00,Nuwara Eliya,12.65,81.37,3.5,9.3
2026-08-05T16:00:00,Nuwara Eliya,16.27,77.35,0.84,15.16
2026-08-05T17:00:00,Nuwara Eliya,17.46,79.44,0.0,11.93
2026-08-05T18:00:00,Nuwara Eliya,16.01,85.96,0.02,14.19
2026-08-05T19:00:00,Nuwara Eliya,22.19,76.55,0.0,12.8
2026-08-05T20:00:00,Nuwara Eliya,19.85,83.64,1.82,8.92
2026-08-05T21:00:00,Nuwara Eliya,17.86,78.5,0.26,15.5
2026-08-05T22:00:00,Nuwara Eliya,18.26,80.53,2.77,8.41
2026-08-05T23:00:00,Nuwara Eliya,16.45,86.92,0.2,14.81
2026-08-05T00:00:00,Kandy,25.18,68.22,0.0,17.63
2026-08-05T01:00:00,Kandy,18.95,74.96,0.0,19.62
2026-08-05T02:00:00,Kandy,25.44,68.21,0.0,15.8
2026-08-05T03:00:00,Kandy,21.14,70.88,1.83,8.63
2026-08-05T04:00:00,Kandy,21.89,80.02,0.0,6.6
2026-08-05T05:00:00,Kandy,22.35,73.87,0.28,12.57
2026-08-05T06:00:00,Kandy,19.63,90,7.56,18.33
2026-08-05T07:00:00,Kandy,22.48,72.51,0.48,14.35
2026-08-05T08:00:00,Kandy,21.29,77.45,0.21,7.02
2026-08-05T09:00:00,Kandy,22.74,77.22,0.0,13.4
2026-08-05T10:00:00,Kandy,18.26,85.28,1.92,13.61
2026-08-05T11:00:00,Kandy,25.65,67.66,0.54,15.15
2026-08-05T12:00:00,Kandy,21.61,66.52,1.31,12.24
2026-08-05T13:00:00,Kandy,20.69,67.12,1.97,17.69
2026-08-05T14:00:00,Kandy,23.75,58.59,0.0,11.46
2026-08-05T15:00:00,Kandy,22.57,65.6,0.0,25.37
2026-08-05T16:00:00,Kandy,21.62,68.72,0.0,8.11
2026-08-05T17:00:00,Kandy,24.04,74.67,0.0,11.18
2026-08-05T18:00:00,Kandy,24.41,73.76,0.0,18.38
2026-08-05T19:00:00,Kandy,24.95,80.19,5.21,9.07
2026-08-05T20:00:00,Kandy,23.01,69.11,0.0,8.15
2026-08-05T21:00:00,Kandy,27.8,66.84,0.0,8.12
2026-08-05T22:00:00,Kandy,28.83,65.61,0.0,11.5
2026-08-05T23:00:00,Kandy,23.51,72.07,0.0,14.69
2026-08-05T00:00:00,Ratnapura,28.73,82.17,11.92,10.85
2026-08-05T01:00:00,Ratnapura,28.76,74.93,0.11,15.57
2026-08-05T02:00:00,Ratnapura,30.62,67.62,0.0,13.15
2026-08-05T03:00:00,Ratnapura,27.51,75.76,0.0,12.48
2026-08-05T04:00:00,Ratnapura,27.61,73.93,0.0,8.71
2026-08-05T05:00:00,Ratnapura,24.29,83.53,0.4,10.55
2026-08-05T06:00:00,Ratnapura,24.97,85.9,0.0,14.45
2026-08-05T07:00:00,Ratnapura,24.51,82.18,0.0,19.03
2026-08-05T08:00:00,Ratnapura,25.76,80.92,1.34,16.0
2026-08-05T09:00:00,Ratnapura,27.38,79.4,0.26,12.24
2026-08-05T10:00:00,Ratnapura,23.57,79.66,0.0,14.04
2026-08-05T11:00:00,Ratnapura,25.34,82.28,0.49,13.59
2026-08-05T12:00:00,Ratnapura,27.93,69.66,4.48,14.25
2026-08-05T13:00:00,Ratnapura,27.18,71.57,0.0,10.28
2026-08-05T14:00:00,Ratnapura,32.39,69.14,0.0,10.98
2026-08-05T15:00:00,Ratnapura,29.02,67.07,0.0,8.28
2026-08-05T16:00:00,Ratnapura,31.56,65,0.39,12.78
2026-08-05T17:00:00,Ratnapura,29.42,76.15,0.0,17.13
2026-08-05T18:00:00,Ratnapura,25.49,89.34,3.85,11.55
2026-08-05T19:00:00,Ratnapura,27.23,90.24,6.41,15.83
2026-08-05T20:00:00,Ratnapura,31.77,73.37,1.83,14.42
2026-08-05T21:00:00,Ratnapura,31.4,74.99,0.36,7.05
2026-08-05T22:00:00,Ratnapura,31.18,79.62,3.34,14.0
2026-08-05T23:00:00,Ratnapura,31.29,71.91,0.0,7.47
2026-08-06T00:00:00,Nuwara Eliya,19.37,82.21,0.32,19.51
2026-08-06T01:00:00,Nuwara Eliya,19.5,80.63,0.46,17.06
2026-08-06T02:00:00,Nuwara Eliya,14.34,90.93,3.5,19.08
2026-08-06T03:00:00,Nuwara Eliya,11.98,83.12,1.56,11.07
2026-08-06T04:00:00,Nuwara Eliya,15.4,82.79,0.37,11.69
2026-08-06T05:00:00,Nuwara Eliya,11.03,95,0.42,15.48
2026-08-06T06:00:00,Nuwara Eliya,12.63,88.17,0.0,12.06
2026-08-06T07:00:00,Nuwara Eliya,13.65,95,6.24,20.2
2026-08-06T08:00:00,Nuwara Eliya,11.24,95,3.39,19.26
2026-08-06T09:00:00,Nuwara Eliya,11.2,82.48,2.09,2.89
2026-08-06T10:00:00,Nuwara Eliya,10.96,86.47,0.48,10.66
2026-08-06T11:00:00,Nuwara Eliya,14.76,88.08,0.0,15.89
2026-08-06T12:00:00,Nuwara Eliya,11.93,75.92,0.0,8.71
2026-08-06T13:00:00,Nuwara Eliya,15.0,77.98,0.0,14.42
2026-08-06T14:00:00,Nuwara Eliya,13.89,71.76,0.0,4.89
2026-08-06T15:00:00,Nuwara Eliya,17.31,73.46,0.0,11.29
2026-08-06T16:00:00,Nuwara Eliya,19.13,71.88,0.0,9.27
2026-08-06T17:00:00,Nuwara Eliya,15.41,89.51,1.29,15.47
2026-08-06T18:00:00,Nuwara Eliya,14.12,78.94,0.0,12.26
2026-08-06T19:00:00,Nuwara Eliya,18.45,84.0,2.01,13.14
2026-08-06T20:00:00,Nuwara Eliya,17.24,84.38,1.33,14.23
2026-08-06T21:00:00,Nuwara Eliya,16.37,87.97,3.96,19.39
2026-08-06T22:00:00,Nuwara Eliya,19.53,72.29,0.0,8.79
2026-08-06T23:00:00,Nuwara Eliya,17.3,82.23,0.81,9.12
2026-08-06T00:00:00,Kandy,21.49,73.64,0.0,15.01
2026-08-06T01:00:00,Kandy,23.12,79.08,2.87,15.64
2026-08-06T02:00:00,Kandy,23.78,75.09,1.67,19.43
2026-08-06T03:00:00,Kandy,23.99,64.22,0.0,14.11
2026-08-06T04:00:00,Kandy,22.37,76.67,0.0,17.54
2026-08-06T05:00:00,Kandy,21.15,75.12,0.0,16.15
2026-08-06T06:00:00,Kandy,21.69,74.24,0.02,13.86
2026-08-06T07:00:00,Kandy,20.08,81.61,0.0,18.4
2026-08-06T08:00:00,Kandy,21.57,71.87,0.0,15.73
2026-08-06T09:00:00,Kandy,22.81,70.88,0.95,15.2
2026-08-06T10:00:00,Kandy,21.73,74.18,0.0,9.75
2026-08-06T11:00:00,Kandy,20.98,65.47,0.15,15.89
2026-08-06T12:00:00,Kandy,22.19,66.66,0.0,9.97
2026-08-06T13:00:00,Kandy,21.64,64.4,0.0,10.08
2026-08-06T14:00:00,Kandy,26.69,65.6,1.02,17.15
2026-08-06T15:00:00,Kandy,23.84,69.96,0.0,13.38
2026-08-06T16:00:00,Kandy,26.65,73.43,4.31,11.48
2026-08-06T17:00:00,Kandy,20.57,65.61,0.32,10.55
2026-08-06T18:00:00,Kandy,24.94,74.05,0.0,13.1
2026-08-06T19:00:00,Kandy,25.5,77.25,0.46,17.28
2026-08-06T20:00:00,Kandy,22.63,66.25,0.0,14.04
2026-08-06T21:00:00,Kandy,26.7,63.41,0.0,8.77
2026-08-06T22:00:00,Kandy,24.32,72.44,0.0,13.37
2026-08-06T23:00:00,Kandy,26.22,65.54,0.0,12.76
2026-08-06T00:00:00,Ratnapura,28.47,81.51,4.12,7.42
2026-08-06T01:00:00,Ratnapura,29.82,80.72,1.77,10.55
2026-08-06T02:00:00,Ratnapura,26.97,73.81,0.0,16.34
2026-08-06T03:00:00,Ratnapura,27.7,77.89,1.48,7.68
2026-08-06T04:00:00,Ratnapura,24.22,87.92,0.49,17.08
2026-08-06T05:00:00,Ratnapura,27.35,79.1,0.0,7.95
2026-08-06T06:00:00,Ratnapura,27.91,86.0,1.68,10.86
2026-08-06T07:00:00,Ratnapura,22.47,97.57,4.23,23.6
2026-08-06T08:00:00,Ratnapura,25.25,88.38,3.14,11.87
2026-08-06T09:00:00,Ratnapura,28.78,74.54,0.0,11.93
2026-08-06T10:00:00,Ratnapura,26.19,78.25,0.0,10.12
2026-08-06T11:00:00,Ratnapura,24.94,80.15,0.0,13.24
2026-08-06T12:00:00,Ratnapura,25.99,71.52,0.0,14.73
2026-08-06T13:00:00,Ratnapura,26.75,68.21,0.0,8.42
2026-08-06T14:00:00,Ratnapura,27.27,70.28,0.0,13.55
2026-08-06T15:00:00,Ratnapura,29.19,65,0.0,14.27
2026-08-06T16:00:00,Ratnapura,27.95,70.86,0.0,7.62
2026-08-06T17:00:00,Ratnapura,29.31,73.3,0.0,10.81
2026-08-06T18:00:00,Ratnapura,30.9,77.99,0.0,11.75
2026-08-06T19:00:00,Ratnapura,31.24,77.55,0.0,12.09
2026-08-06T20:00:00,Ratnapura,30.25,70.31,0.0,14.23
2026-08-06T21:00:00,Ratnapura,31.68,75.3,0.0,16.15
2026-08-06T22:00:00,Ratnapura,30.89,72.2,0.0,14.87
2026-08-06T23:00:00,Ratnapura,30.69,77.67,0.0,8.72
2026-08-07T00:00:00,Nuwara Eliya,17.63,82.36,0.0,18.01
2026-08-07T01:00:00,Nuwara Eliya,20.4,80.03,1.55,13.27
2026-08-07T02:00:00,Nuwara Eliya,13.13,81.77,0.39,4.95
2026-08-07T03:00:00,Nuwara Eliya,19.04,78.99,0.0,10.16
2026-08-07T04:00:00,Nuwara Eliya,11.37,85.19,0.0,8.58
2026-08-07T05:00:00,Nuwara Eliya,15.36,92.91,0.34,20.09
2026-08-07T06:00:00,Nuwara Eliya,15.64,95,8.03,17.36
2026-08-07T07:00:00,Nuwara Eliya,11.19,95,3.98,11.62
2026-08-07T08:00:00,Nuwara Eliya,12.92,95,7.27,17.44
2026-08-07T09:00:00,Nuwara Eliya,12.4,87.81,0.34,15.27
2026-08-07T10:00:00,Nuwara Eliya,11.49,86.23,2.44,2.76
2026-08-07T11:00:00,Nuwara Eliya,14.92,81.05,0.0,7.28
2026-08-07T12:00:00,Nuwara Eliya,12.16,89.86,7.16,16.67
2026-08-07T13:00:00,Nuwara Eliya,15.66,71.82,0.51,14.2
2026-08-07T14:00:00,Nuwara Eliya,14.18,80.54,2.45,10.63
2026-08-07T15:00:00,Nuwara Eliya,16.16,73.32,0.09,12.52
2026-08-07T16:00:00,Nuwara Eliya,13.66,80.75,3.43,10.35
2026-08-07T17:00:00,Nuwara Eliya,16.04,94.51,4.37,19.71
2026-08-07T18:00:00,Nuwara Eliya,15.02,86.76,0.0,8.55
2026-08-07T19:00:00,Nuwara Eliya,22.06,73.44,0.0,13.62
2026-08-07T20:00:00,Nuwara Eliya,16.17,75.91,0.0,8.49
2026-08-07T21:00:00,Nuwara Eliya,16.71,83.9,0.53,12.89
2026-08-07T22:00:00,Nuwara Eliya,19.83,75.2,2.03,15.98
2026-08-07T23:00:00,Nuwara Eliya,15.07,87.9,3.96,11.85
2026-08-07T00:00:00,Kandy,23.72,75.28,0.0,16.81
2026-08-07T01:00:00,Kandy,23.28,73.01,0.0,11.79
2026-08-07T02:00:00,Kandy,26.6,68.52,0.95,14.14
2026-08-07T03:00:00,Kandy,23.73,75.24,0.0,18.65
2026-08-07T04:00:00,Kandy,21.39,80.11,0.0,12.17
2026-08-07T05:00:00,Kandy,21.41,74.33,0.0,13.91
2026-08-07T06:00:00,Kandy,21.12,87.27,0.47,14.01
2026-08-07T07:00:00,Kandy,18.34,75.97,0.0,15.99
2026-08-07T08:00:00,Kandy,21.96,74.03,1.03,15.04
2026-08-07T09:00:00,Kandy,21.37,81.54,0.0,10.3
2026-08-07T10:00:00,Kandy,21.78,73.81,0.24,16.62
2026-08-07T11:00:00,Kandy,23.48,64.36,0.05,11.71
2026-08-07T12:00:00,Kandy,19.05,70.53,0.0,10.2
2026-08-07T13:00:00,Kandy,26.27,69.8,2.22,8.73
2026-08-07T14:00:00,Kandy,22.84,63.68,0.14,8.26
2026-08-07T15:00:00,Kandy,22.19,70.27,0.0,11.03
2026-08-07T16:00:00,Kandy,23.93,67.22,1.94,11.34
2026-08-07T17:00:00,Kandy,25.67,68.66,0.0,15.81
2026-08-07T18:00:00,Kandy,24.96,68.58,0.0,17.71
2026-08-07T19:00:00,Kandy,25.81,80.08,3.5,11.64
2026-08-07T20:00:00,Kandy,25.93,71.38,0.0,20.44
2026-08-07T21:00:00,Kandy,21.61,66.43,0.0,11.43
2026-08-07T22:00:00,Kandy,23.97,72.83,0.18,13.54
2026-08-07T23:00:00,Kandy,26.64,74.0,0.0,6.3
2026-08-07T00:00:00,Ratnapura,27.15,82.88,0.0,9.05
2026-08-07T01:00:00,Ratnapura,27.73,79.04,0.0,11.81
2026-08-07T02:00:00,Ratnapura,24.65,75.31,0.0,15.56
2026-08-07T03:00:00,Ratnapura,26.05,81.83,0.8,8.86
2026-08-07T04:00:00,Ratnapura,27.46,71.83,0.0,10.93
2026-08-07T05:00:00,Ratnapura,27.94,82.27,0.0,8.87
2026-08-07T06:00:00,Ratnapura,24.16,86.68,1.55,15.13
2026-08-07T07:00:00,Ratnapura,22.71,88.31,0.83,16.09
2026-08-07T08:00:00,Ratnapura,25.01,98,5.33,26.39
2026-08-07T09:00:00,Ratnapura,28.3,75.2,1.54,13.37
2026-08-07T10:00:00,Ratnapura,26.41,72.95,0.0,10.98
2026-08-07T11:00:00,Ratnapura,25.1,87.03,2.63,16.38
2026-08-07T12:00:00,Ratnapura,27.3,67.94,0.0,6.8
2026-08-07T13:00:00,Ratnapura,26.4,69.48,0.0,7.51
2026-08-07T14:00:00,Ratnapura,30.02,73.17,4.42,5.03
2026-08-07T15:00:00,Ratnapura,28.56,77.81,2.42,15.59
2026-08-07T16:00:00,Ratnapura,33.44,65,0.0,8.92
2026-08-07T17:00:00,Ratnapura,28.86,71.0,0.0,17.75
2026-08-07T18:00:00,Ratnapura,31.21,65.4,0.0,12.16
2026-08-07T19:00:00,Ratnapura,30.13,73.96,0.67,16.21
2026-08-07T20:00:00,Ratnapura,28.34,73.21,0.0,11.78
2026-08-07T21:00:00,Ratnapura,30.9,71.8,0.0,14.43
2026-08-07T22:00:00,Ratnapura,28.7,71.02,0.0,10.53
2026-08-07T23:00:00,Ratnapura,28.16,71.09,1.82,10.34
2026-08-08T00:00:00,Nuwara Eliya,14.99,89.88,0.0,15.84
2026-08-08T01:00:00,Nuwara Eliya,17.58,77.47,0.0,14.02
2026-08-08T02:00:00,Nuwara Eliya,10.19,91.75,0.48,12.31
2026-08-08T03:00:00,Nuwara Eliya,19.04,83.27,0.37,18.73
2026-08-08T04:00:00,Nuwara Eliya,12.89,87.22,0.0,14.44
2026-08-08T05:00:00,Nuwara Eliya,13.65,95,9.95,11.68
2026-08-08T06:00:00,Nuwara Eliya,13.3,93.49,2.16,13.6
2026-08-08T07:00:00,Nuwara Eliya,12.98,95,1.85,17.37
2026-08-08T08:00:00,Nuwara Eliya,12.36,86.14,0.0,15.98
2026-08-08T09:00:00,Nuwara Eliya,15.88,89.51,0.0,21.17
2026-08-08T10:00:00,Nuwara Eliya,13.57,94.52,1.83,14.9
2026-08-08T11:00:00,Nuwara Eliya,10,92.87,2.29,10.11
2026-08-08T12:00:00,Nuwara Eliya,15.04,73.41,0.0,11.67
2026-08-08T13:00:00,Nuwara Eliya,16.41,65.63,0.0,2.0
2026-08-08T14:00:00,Nuwara Eliya,14.41,79.35,0.0,12.47
2026-08-08T15:00:00,Nuwara Eliya,16.78,76.29,0.91,15.79
2026-08-08T16:00:00,Nuwara Eliya,16.93,77.01,0.87,11.86
2026-08-08T17:00:00,Nuwara Eliya,19.48,79.23,1.55,20.63
2026-08-08T18:00:00,Nuwara Eliya,17.27,81.19,0.0,12.13
2026-08-08T19:00:00,Nuwara Eliya,17.28,81.19,0.19,10.93
2026-08-08T20:00:00,Nuwara Eliya,15.5,80.73,0.99,8.87
2026-08-08T21:00:00,Nuwara Eliya,20.18,72.79,0.9,20.55
2026-08-08T22:00:00,Nuwara Eliya,15.45,95,5.65,22.24
2026-08-08T23:00:00,Nuwara Eliya,14.27,85.2,0.0,18.85
2026-08-08T00:00:00,Kandy,25.26,67.01,1.03,13.56
2026-08-08T01:00:00,Kandy,21.36,74.28,0.0,19.78
2026-08-08T02:00:00,Kandy,21.78,74.79,0.0,16.24
2026-08-08T03:00:00,Kandy,20.19,68.95,2.52,8.1
2026-08-08T04:00:00,Kandy,19.74,86.05,2.32,13.36
2026-08-08T05:00:00,Kandy,21.05,79.92,0.0,14.97
2026-08-08T06:00:00,Kandy,21.27,82.04,0.38,15.15
2026-08-08T07:00:00,Kandy,22.36,83.0,0.33,12.16
2026-08-08T08:00:00,Kandy,21.04,77.41,0.0,14.65
2026-08-08T09:00:00,Kandy,22.28,73.0,0.0,10.12
2026-08-08T10:00:00,Kandy,22.49,71.39,0.0,12.07
2026-08-08T11:00:00,Kandy,24.29,68.6,0.0,11.81
2026-08-08T12:00:00,Kandy,24.08,66.8,0.0,11.13
2026-08-08T13:00:00,Kandy,20.4,66.8,0.0,15.06
2026-08-08T14:00:00,Kandy,25.62,64.53,0.0,14.88
2026-08-08T15:00:00,Kandy,24.06,71.18,1.68,14.16
2026-08-08T16:00:00,Kandy,22.24,71.79,0.0,8.52
2026-08-08T17:00:00,Kandy,23.06,71.22,0.0,10.17
2026-08-08T18:00:00,Kandy,26.94,71.95,2.19,10.48
2026-08-08T19:00:00,Kandy,26.67,76.8,0.0,15.99
2026-08-08T20:00:00,Kandy,24.79,68.8,0.0,7.09
2026-08-08T21:00:00,Kandy,30,63.04,0.0,15.64
2026-08-08T22:00:00,Kandy,23.55,69.5,0.0,11.87
2026-08-08T23:00:00,Kandy,26.89,58.67,0.0,10.67
2026-08-08T00:00:00,Ratnapura,23.64,83.02,0.0,7.8
2026-08-08T01:00:00,Ratnapura,25.62,87.96,0.0,11.62
2026-08-08T02:00:00,Ratnapura,26.65,77.6,0.0,13.46
2026-08-08T03:00:00,Ratnapura,23.4,83.99,0.0,10.65
2026-08-08T04:00:00,Ratnapura,25.32,83.03,0.0,16.95
2026-08-08T05:00:00,Ratnapura,22.79,85.05,1.2,12.81
2026-08-08T06:00:00,Ratnapura,24.65,88.4,2.38,12.97
2026-08-08T07:00:00,Ratnapura,23.67,82.99,0.15,12.01
2026-08-08T08:00:00,Ratnapura,25.23,83.08,0.0,14.04
2026-08-08T09:00:00,Ratnapura,24.63,75.23,0.0,13.02
2026-08-08T10:00:00,Ratnapura,25.8,70.25,0.07,16.75
2026-08-08T11:00:00,Ratnapura,25.13,88.67,13.75,15.52
2026-08-08T12:00:00,Ratnapura,25.2,75.14,0.0,13.41
2026-08-08T13:00:00,Ratnapura,28.29,65.23,0.0,9.08
2026-08-08T14:00:00,Ratnapura,27.96,68.6,0.0,9.11
2026-08-08T15:00:00,Ratnapura,29.02,68.6,0.0,9.2
2026-08-08T16:00:00,Ratnapura,33.62,69.64,4.0,5.65
2026-08-08T17:00:00,Ratnapura,29.88,76.09,0.0,14.64
2026-08-08T18:00:00,Ratnapura,30.9,70.43,0.0,12.68
2026-08-08T19:00:00,Ratnapura,30.38,70.96,1.34,1.57
2026-08-08T20:00:00,Ratnapura,32.92,74.0,0.0,13.51
2026-08-08T21:00:00,Ratnapura,31.57,74.62,0.0,9.21
2026-08-08T22:00:00,Ratnapura,29.64,75.16,0.0,7.6
2026-08-08T23:00:00,Ratnapura,30.2,75.07,0.0,12.8
2026-08-09T00:00:00,Nuwara Eliya,18.0,93.31,3.42,22.17
2026-08-09T01:00:00,Nuwara Eliya,15.34,81.69,0.0,17.9
2026-08-09T02:00:00,Nuwara Eliya,12.7,86.62,0.76,18.96
2026-08-09T03:00:00,Nuwara Eliya,13.32,89.16,1.36,12.42
2026-08-09T04:00:00,Nuwara Eliya,13.38,95,6.76,18.61
2026-08-09T05:00:00,Nuwara Eliya,11.51,95,0.71,18.02
2026-08-09T06:00:00,Nuwara Eliya,14.9,91.58,1.42,15.63
2026-08-09T07:00:00,Nuwara Eliya,15.93,95,3.99,20.51
2026-08-09T08:00:00,Nuwara Eliya,14.21,90.31,0.35,17.31
2026-08-09T09:00:00,Nuwara Eliya,13.45,87.75,3.62,14.3
2026-08-09T10:00:00,Nuwara Eliya,11.44,87.99,0.0,11.93
2026-08-09T11:00:00,Nuwara Eliya,11.38,89.37,8.7,13.7
2026-08-09T12:00:00,Nuwara Eliya,13.26,79.09,3.41,16.51
2026-08-09T13:00:00,Nuwara Eliya,15.09,80.0,0.09,15.51
2026-08-09T14:00:00,Nuwara Eliya,16.19,68.6,0.0,11.54
2026-08-09T15:00:00,Nuwara Eliya,14.96,78.89,0.62,12.22
2026-08-09T16:00:00,Nuwara Eliya,18.06,71.05,0.7,6.91
2026-08-09T17:00:00,Nuwara Eliya,19.62,79.99,1.52,14.1
2026-08-09T18:00:00,Nuwara Eliya,19.8,78.95,0.0,19.72
2026-08-09T19:00:00,Nuwara Eliya,13.89,92.55,10.36,19.23
2026-08-09T20:00:00,Nuwara Eliya,17.22,92.92,0.0,14.51
2026-08-09T21:00:00,Nuwara Eliya,20.33,89.27,0.0,10.89
2026-08-09T22:00:00,Nuwara Eliya,17.72,81.45,0.0,11.47
2026-08-09T23:00:00,Nuwara Eliya,16.27,84.52,2.62,15.94
2026-08-09T00:00:00,Kandy,23.73,74.72,0.0,19.35
2026-08-09T01:00:00,Kandy,21.08,68.18,0.0,9.54
2026-08-09T02:00:00,Kandy,21.97,73.08,0.0,12.99
2026-08-09T03:00:00,Kandy,22.48,75.53,0.46,13.99
2026-08-09T04:00:00,Kandy,19.13,84.2,0.65,8.32
2026-08-09T05:00:00,Kandy,22.32,84.22,0.27,17.42
2026-08-09T06:00:00,Kandy,19.62,90,5.62,17.34
2026-08-09T07:00:00,Kandy,21.24,79.33,0.0,16.74
2026-08-09T08:00:00,Kandy,24.52,82.12,0.0,17.86
2026-08-09T09:00:00,Kandy,19.4,76.96,0.0,14.97
2026-08-09T10:00:00,Kandy,25.22,63.26,0.0,13.5
2026-08-09T11:00:00,Kandy,21.79,70.66,2.61,10.25
2026-08-09T12:00:00,Kandy,19.71,66.0,0.0,16.22
2026-08-09T13:00:00,Kandy,21.23,71.86,0.0,17.53
2026-08-09T14:00:00,Kandy,20.75,67.83,0.0,15.15
2026-08-09T15:00:00,Kandy,26.62,55,0.0,7.26
2026-08-09T16:00:00,Kandy,25.69,59.08,0.0,16.0
2026-08-09T17:00:00,Kandy,22.56,70.96,0.0,9.87
2026-08-09T18:00:00,Kandy,24.77,66.2,1.08,10.89
2026-08-09T19:00:00,Kandy,26.99,67.66,0.0,13.22
2026-08-09T20:00:00,Kandy,23.12,74.17,0.0,9.39
2026-08-09T21:00:00,Kandy,23.7,76.43,0.0,11.21
2026-08-09T22:00:00,Kandy,24.88,67.81,0.44,14.66
2026-08-09T23:00:00,Kandy,24.84,72.91,0.0,11.3
2026-08-09T00:00:00,Ratnapura,27.25,78.68,0.0,5.41
2026-08-09T01:00:00,Ratnapura,27.56,78.56,0.0,9.37
2026-08-09T02:00:00,Ratnapura,27.3,76.31,0.0,9.2
2026-08-09T03:00:00,Ratnapura,27.47,71.77,0.0,11.15
2026-08-09T04:00:00,Ratnapura,27.85,83.39,0.0,12.22
2026-08-09T05:00:00,Ratnapura,22.18,87.01,0.0,12.54
2026-08-09T06:00:00,Ratnapura,23.13,84.61,0.15,16.8
2026-08-09T07:00:00,Ratnapura,22,87.4,1.49,13.58
2026-08-09T08:00:00,Ratnapura,28.59,84.05,0.0,13.24
2026-08-09T09:00:00,Ratnapura,25.94,74.34,0.0,12.54
2026-08-09T10:00:00,Ratnapura,26.48,93.82,5.57,11.59
2026-08-09T11:00:00,Ratnapura,24.46,81.39,0.0,13.15
2026-08-09T12:00:00,Ratnapura,27.39,65,0.0,10.63
2026-08-09T13:00:00,Ratnapura,26.16,69.95,0.8,10.2
2026-08-09T14:00:00,Ratnapura,26.88,75.77,0.0,9.09
2026-08-09T15:00:00,Ratnapura,30.31,65,0.0,9.43
2026-08-09T16:00:00,Ratnapura,27.81,72.76,0.0,5.34
2026-08-09T17:00:00,Ratnapura,31.72,65,0.0,8.82
2026-08-09T18:00:00,Ratnapura,31.02,69.4,0.0,6.64
2026-08-09T19:00:00,Ratnapura,32.22,65.34,0.0,9.8
2026-08-09T20:00:00,Ratnapura,30.85,72.85,0.0,10.9
2026-08-09T21:00:00,Ratnapura,27.52,72.87,0.54,11.8
2026-08-09T22:00:00,Ratnapura,29.51,71.11,0.41,8.81
2026-08-09T23:00:00,Ratnapura,28.89,79.76,0.0,9.34
2026-08-10T00:00:00,Nuwara Eliya,13.13,82.04,0.0,8.21
2026-08-10T01:00:00,Nuwara Eliya,11.34,90.53,0.0,14.03
2026-08-10T02:00:00,Nuwara Eliya,15.23,85.62,0.97,10.34
2026-08-10T03:00:00,Nuwara Eliya,14.0,88.29,0.48,15.6
2026-08-10T04:00:00,Nuwara Eliya,16.62,95,3.96,21.38
2026-08-10T05:00:00,Nuwara Eliya,12.03,95,0.72,17.36
2026-08-10T06:00:00,Nuwara Eliya,13.12,85.86,0.65,6.98
2026-08-10T07:00:00,Nuwara Eliya,10.03,95,1.17,14.6
2026-08-10T08:00:00,Nuwara Eliya,12.53,94.15,1.81,14.37
2026-08-10T09:00:00,Nuwara Eliya,13.2,83.4,0.56,11.72
2026-08-10T10:00:00,Nuwara Eliya,12.0,86.29,1.21,17.22
2026-08-10T11:00:00,Nuwara Eliya,12.01,82.99,2.18,9.09
2026-08-10T12:00:00,Nuwara Eliya,14.32,73.43,0.0,13.37
2026-08-10T13:00:00,Nuwara Eliya,12.31,75.69,0.0,8.63
2026-08-10T14:00:00,Nuwara Eliya,11.82,79.83,1.76,16.29
2026-08-10T15:00:00,Nuwara Eliya,15.39,71.19,0.0,14.92
2026-08-10T16:00:00,Nuwara Eliya,19.58,71.97,0.0,18.62
2026-08-10T17:00:00,Nuwara Eliya,16.58,81.99,0.54,11.74
2026-08-10T18:00:00,Nuwara Eliya,19.22,79.66,0.0,9.42
2026-08-10T19:00:00,Nuwara Eliya,21.75,87.06,6.52,18.31
2026-08-10T20:00:00,Nuwara Eliya,20.92,86.32,0.0,21.6
2026-08-10T21:00:00,Nuwara Eliya,18.85,83.12,0.0,16.39
2026-08-10T22:00:00,Nuwara Eliya,14.91,82.15,0.0,15.75
2026-08-10T23:00:00,Nuwara Eliya,20.43,74.14,0.49,14.65
2026-08-10T00:00:00,Kandy,23.5,75.22,0.0,15.95
2026-08-10T01:00:00,Kandy,21.93,68.53,0.0,12.11
2026-08-10T02:00:00,Kandy,22.35,67.66,0.6,8.2
2026-08-10T03:00:00,Kandy,23.9,67.45,0.0,8.46
2026-08-10T04:00:00,Kandy,20.02,81.08,0.0,9.0
2026-08-10T05:00:00,Kandy,21.18,74.59,0.0,19.66
2026-08-10T06:00:00,Kandy,22.28,75.97,0.0,11.89
2026-08-10T07:00:00,Kandy,20.59,81.45,0.8,16.36
2026-08-10T08:00:00,Kandy,19.96,74.55,0.0,18.99
2026-08-10T09:00:00,Kandy,21.07,77.99,0.25,15.24
2026-08-10T10:00:00,Kandy,18.85,79.27,0.69,15.95
2026-08-10T11:00:00,Kandy,20.71,67.5,0.0,17.75
2026-08-10T12:00:00,Kandy,23.61,66.0,0.0,13.42
2026-08-10T13:00:00,Kandy,24.2,63.31,0.14,15.33
2026-08-10T14:00:00,Kandy,23.5,66.87,0.0,9.33
2026-08-10T15:00:00,Kandy,20.83,68.81,2.89,7.03
2026-08-10T16:00:00,Kandy,25.75,65.53,1.19,13.86
2026-08-10T17:00:00,Kandy,28.26,73.58,0.0,14.16
2026-08-10T18:00:00,Kandy,26.91,67.85,0.13,12.96
2026-08-10T19:00:00,Kandy,27.15,61.91,0.0,8.47
2026-08-10T20:00:00,Kandy,23.65,71.21,0.0,13.92
2026-08-10T21:00:00,Kandy,26.49,75.35,0.0,9.88
2026-08-10T22:00:00,Kandy,26.01,66.37,0.32,15.31
2026-08-10T23:00:00,Kandy,23.11,70.72,0.0,11.4
2026-08-10T00:00:00,Ratnapura,30.27,78.18,0.0,18.06
2026-08-10T01:00:00,Ratnapura,30.07,71.86,0.0,17.08
2026-08-10T02:00:00,Ratnapura,28.67,79.77,1.42,11.87
2026-08-10T03:00:00,Ratnapura,27.05,78.34,0.8,10.31
2026-08-10T04:00:00,Ratnapura,24.84,84.94,0.0,16.47
2026-08-10T05:00:00,Ratnapura,27.65,82.94,1.71,10.88
2026-08-10T06:00:00,Ratnapura,23.68,90.39,2.44,18.44
2026-08-10T07:00:00,Ratnapura,25.24,80.55,0.24,14.0
2026-08-10T08:00:00,Ratnapura,29.19,90.19,3.31,9.94
2026-08-10T09:00:00,Ratnapura,22.97,77.7,0.01,15.12
2026-08-10T10:00:00,Ratnapura,26.53,79.68,0.0,13.61
2026-08-10T11:00:00,Ratnapura,27.72,79.18,0.0,11.78
2026-08-10T12:00:00,Ratnapura,27.24,75.19,2.86,15.13
2026-08-10T13:00:00,Ratnapura,25.54,66.97,0.0,6.28
2026-08-10T14:00:00,Ratnapura,29.43,71.11,0.0,12.63
2026-08-10T15:00:00,Ratnapura,28.45,74.56,1.8,11.7
2026-08-10T16:00:00,Ratnapura,28.25,69.2,0.0,5.62
2026-08-10T17:00:00,Ratnapura,28.8,75.22,0.0,12.6
2026-08-10T18:00:00,Ratnapura,33.73,69.11,0.0,13.7
2026-08-10T19:00:00,Ratnapura,27.42,81.6,2.24,12.3
2026-08-10T20:00:00,Ratnapura,30.0,74.46,0.0,14.33
2026-08-10T21:00:00,Ratnapura,29.64,67.73,0.87,11.95
2026-08-10T22:00:00,Ratnapura,34.3,75.18,0.0,17.13
2026-08-10T23:00:00,Ratnapura,29.94,82.79,2.45,14.91
2026-08-11T00:00:00,Nuwara Eliya,22.2,78.63,0.13,12.05
2026-08-11T01:00:00,Nuwara Eliya,15.42,89.74,2.39,10.39
2026-08-11T02:00:00,Nuwara Eliya,17.97,75.63,1.34,15.16
2026-08-11T03:00:00,Nuwara Eliya,12.82,85.31,1.0,12.67
2026-08-11T04:00:00,Nuwara Eliya,12.15,95,12.03,15.57
2026-08-11T05:00:00,Nuwara Eliya,13.44,87.95,1.49,18.29
2026-08-11T06:00:00,Nuwara Eliya,14.59,90.07,0.73,14.91
2026-08-11T07:00:00,Nuwara Eliya,10,95,3.61,17.31
2026-08-11T08:00:00,Nuwara Eliya,13.8,90.23,0.91,11.64
2026-08-11T09:00:00,Nuwara Eliya,16.24,85.18,0.0,13.19
2026-08-11T10:00:00,Nuwara Eliya,14.03,95,3.82,11.43
2026-08-11T11:00:00,Nuwara Eliya,13.53,89.57,0.42,15.46
2026-08-11T12:00:00,Nuwara Eliya,12.74,76.62,0.0,9.36
2026-08-11T13:00:00,Nuwara Eliya,11.5,79.1,0.0,4.39
2026-08-11T14:00:00,Nuwara Eliya,16.91,74.69,0.0,12.2
2026-08-11T15:00:00,Nuwara Eliya,14.05,76.3,0.0,12.48
2026-08-11T16:00:00,Nuwara Eliya,13.28,83.36,3.83,11.72
2026-08-11T17:00:00,Nuwara Eliya,17.16,84.97,0.0,14.82
2026-08-11T18:00:00,Nuwara Eliya,19.36,81.59,2.46,9.24
2026-08-11T19:00:00,Nuwara Eliya,16.24,82.57,4.1,14.19
2026-08-11T20:00:00,Nuwara Eliya,20.58,76.77,2.33,16.16
2026-08-11T21:00:00,Nuwara Eliya,14.28,81.42,1.74,13.0
2026-08-11T22:00:00,Nuwara Eliya,17.69,77.88,0.06,14.26
2026-08-11T23:00:00,Nuwara Eliya,16.51,87.8,5.6,6.44
2026-08-11T00:00:00,Kandy,24.67,72.97,0.0,9.08
2026-08-11T01:00:00,Kandy,25.51,81.76,3.94,7.7
2026-08-11T02:00:00,Kandy,21.14,73.8,0.0,10.39
2026-08-11T03:00:00,Kandy,22.0,66.1,0.0,15.29
2026-08-11T04:00:00,Kandy,24.12,72.56,0.0,14.18
2026-08-11T05:00:00,Kandy,22.07,81.51,1.95,14.78
2026-08-11T06:00:00,Kandy,23.26,68.86,0.0,17.35
2026-08-11T07:00:00,Kandy,23.35,74.99,0.0,12.23
2026-08-11T08:00:00,Kandy,18.72,74.99,0.0,10.94
2026-08-11T09:00:00,Kandy,21.17,74.83,0.13,19.18
2026-08-11T10:00:00,Kandy,22.56,75.88,0.0,18.38
2026-08-11T11:00:00,Kandy,21.96,69.8,0.0,11.22
2026-08-11T12:00:00,Kandy,19.74,67.47,0.12,7.82
2026-08-11T13:00:00,Kandy,22.74,69.22,0.0,14.47
2026-08-11T14:00:00,Kandy,22.63,63.64,0.6,14.41
2026-08-11T15:00:00,Kandy,24.13,64.89,0.0,5.56
2026-08-11T16:00:00,Kandy,24.15,59.29,1.23,15.1
2026-08-11T17:00:00,Kandy,23.29,66.0,0.0,12.95
2026-08-11T18:00:00,Kandy,25.61,74.11,0.0,17.4
2026-08-11T19:00:00,Kandy,23.51,72.18,0.0,9.91
2026-08-11T20:00:00,Kandy,24.86,64.99,0.0,17.38
2026-08-11T21:00:00,Kandy,24.28,68.53,0.0,9.09
2026-08-11T22:00:00,Kandy,21.24,75.54,0.54,15.82
2026-08-11T23:00:00,Kandy,24.16,67.5,0.0,15.33
2026-08-11T00:00:00,Ratnapura,29.25,69.49,0.0,14.73
2026-08-11T01:00:00,Ratnapura,32.11,70.08,2.32,11.21
2026-08-11T02:00:00,Ratnapura,29.01,70.84,0.0,12.19
2026-08-11T03:00:00,Ratnapura,23.63,83.76,0.53,16.42
2026-08-11T04:00:00,Ratnapura,29.23,81.94,0.0,7.15
2026-08-11T05:00:00,Ratnapura,24.97,84.88,0.0,21.52
2026-08-11T06:00:00,Ratnapura,24.41,89.97,0.0,17.97
2026-08-11T07:00:00,Ratnapura,26.22,82.59,0.0,6.6
2026-08-11T08:00:00,Ratnapura,23.67,89.95,0.0,22.81
2026-08-11T09:00:00,Ratnapura,29.0,66.21,0.0,10.41
2026-08-11T10:00:00,Ratnapura,23.34,77.18,0.0,13.36
2026-08-11T11:00:00,Ratnapura,28.05,75.29,0.0,15.03
2026-08-11T12:00:00,Ratnapura,27.81,65,0.0,10.42
2026-08-11T13:00:00,Ratnapura,28.65,69.75,0.0,7.75
2026-08-11T14:00:00,Ratnapura,27.55,77.02,9.13,13.95
2026-08-11T15:00:00,Ratnapura,29.64,73.66,4.28,14.19
2026-08-11T16:00:00,Ratnapura,28.47,75.14,0.0,10.51
2026-08-11T17:00:00,Ratnapura,29.29,82.94,2.96,14.35
2026-08-11T18:00:00,Ratnapura,30.44,77.01,0.0,14.38
2026-08-11T19:00:00,Ratnapura,30.17,81.11,0.0,7.11
2026-08-11T20:00:00,Ratnapura,32.45,71.29,0.0,16.99
2026-08-11T21:00:00,Ratnapura,30.78,84.87,3.76,10.52
2026-08-11T22:00:00,Ratnapura,31.25,72.89,0.0,10.92
2026-08-11T23:00:00,Ratnapura,30.52,82.23,3.45,11.95
2026-08-12T00:00:00,Nuwara Eliya,18.03,76.15,0.0,13.88
2026-08-12T01:00:00,Nuwara Eliya,15.84,76.49,0.0,15.46
2026-08-12T02:00:00,Nuwara Eliya,18.28,79.65,0.0,16.72
2026-08-12T03:00:00,Nuwara Eliya,13.74,92.77,3.42,19.45
2026-08-12T04:00:00,Nuwara Eliya,17.34,93.9,4.94,13.14
2026-08-12T05:00:00,Nuwara Eliya,11.34,95,3.85,13.61
2026-08-12T06:00:00,Nuwara Eliya,10.04,95,5.69,15.03
2026-08-12T07:00:00,Nuwara Eliya,14.17,91.87,0.0,18.06
2026-08-12T08:00:00,Nuwara Eliya,10,93.8,0.42,15.76
2026-08-12T09:00:00,Nuwara Eliya,15.78,80.57,0.0,8.32
2026-08-12T10:00:00,Nuwara Eliya,11.75,91.33,4.05,16.62
2026-08-12T11:00:00,Nuwara Eliya,16.5,85.7,0.0,14.44
2026-08-12T12:00:00,Nuwara Eliya,14.89,72.29,0.0,12.34
2026-08-12T13:00:00,Nuwara Eliya,13.75,87.21,6.78,15.78
2026-08-12T14:00:00,Nuwara Eliya,15.27,83.03,1.31,10.8
2026-08-12T15:00:00,Nuwara Eliya,16.31,72.01,0.0,16.05
2026-08-12T16:00:00,Nuwara Eliya,18.67,70.85,0.0,8.7
2026-08-12T17:00:00,Nuwara Eliya,22.84,81.42,0.34,15.2
2026-08-12T18:00:00,Nuwara Eliya,18.81,82.34,0.79,13.71
2026-08-12T19:00:00,Nuwara Eliya,15.04,95,7.64,20.62
2026-08-12T20:00:00,Nuwara Eliya,18.49,86.76,0.47,10.56
2026-08-12T21:00:00,Nuwara Eliya,20.16,76.84,0.0,15.03
2026-08-12T22:00:00,Nuwara Eliya,18.26,81.2,0.53,17.43
2026-08-12T23:00:00,Nuwara Eliya,17.69,85.03,1.16,8.13
2026-08-12T00:00:00,Kandy,23.72,65.87,0.0,8.99
2026-08-12T01:00:00,Kandy,21.98,67.84,0.0,10.65
2026-08-12T02:00:00,Kandy,20.2,69.88,0.0,13.08
2026-08-12T03:00:00,Kandy,24.74,72.87,0.0,11.84
2026-08-12T04:00:00,Kandy,22.18,79.3,0.0,16.93
2026-08-12T05:00:00,Kandy,21.15,76.07,0.0,9.2
2026-08-12T06:00:00,Kandy,20.39,81.93,0.0,8.36
2026-08-12T07:00:00,Kandy,20.17,78.53,0.0,18.61
2026-08-12T08:00:00,Kandy,22.42,82.17,0.64,10.35
2026-08-12T09:00:00,Kandy,22.92,71.93,0.0,14.93
2026-08-12T10:00:00,Kandy,23.06,71.29,0.0,8.3
2026-08-12T11:00:00,Kandy,19.77,80.26,1.22,14.01
2026-08-12T12:00:00,Kandy,22.47,68.2,0.72,14.73
2026-08-12T13:00:00,Kandy,24.28,62.43,0.0,13.93
2026-08-12T14:00:00,Kandy,25.45,65.5,0.3,12.16
2026-08-12T15:00:00,Kandy,26.58,59.32,1.1,6.56
2026-08-12T16:00:00,Kandy,24.94,60.38,0.0,13.91
2026-08-12T17:00:00,Kandy,25.84,71.92,1.84,11.75
2026-08-12T18:00:00,Kandy,27.36,72.28,0.0,11.14
2026-08-12T19:00:00,Kandy,27.87,71.53,0.0,8.87
2026-08-12T20:00:00,Kandy,23.91,64.83,0.0,15.83
2026-08-12T21:00:00,Kandy,23.04,65.29,0.0,14.28
2026-08-12T22:00:00,Kandy,25.44,72.45,0.0,13.41
2026-08-12T23:00:00,Kandy,21.84,71.92,0.0,11.79
2026-08-12T00:00:00,Ratnapura,31.54,71.0,0.0,13.82
2026-08-12T01:00:00,Ratnapura,29.51,78.94,0.95,14.0
2026-08-12T02:00:00,Ratnapura,26.81,81.27,0.0,12.82
2026-08-12T03:00:00,Ratnapura,28.04,71.5,0.0,11.19
2026-08-12T04:00:00,Ratnapura,23.93,80.8,0.0,14.1
2026-08-12T05:00:00,Ratnapura,24.2,83.73,0.0,14.11
2026-08-12T06:00:00,Ratnapura,26.75,84.03,0.0,9.81
2026-08-12T07:00:00,Ratnapura,24.96,87.52,0.0,11.44
2026-08-12T08:00:00,Ratnapura,22,98,4.94,19.24
2026-08-12T09:00:00,Ratnapura,26.43,77.5,0.0,12.57
2026-08-12T10:00:00,Ratnapura,28.67,70.03,0.0,7.76
2026-08-12T11:00:00,Ratnapura,25.88,73.9,0.0,10.97
2026-08-12T12:00:00,Ratnapura,27.55,78.96,4.13,12.88
2026-08-12T13:00:00,Ratnapura,27.2,69.06,0.0,5.94
2026-08-12T14:00:00,Ratnapura,28.31,69.43,0.0,8.0
2026-08-12T15:00:00,Ratnapura,29.72,65,1.84,15.16
2026-08-12T16:00:00,Ratnapura,31.51,66.43,0.0,7.42
2026-08-12T17:00:00,Ratnapura,29.9,77.09,4.04,11.78
2026-08-12T18:00:00,Ratnapura,33.7,76.69,0.0,12.26
2026-08-12T19:00:00,Ratnapura,28.93,75.69,1.67,16.01
2026-08-12T20:00:00,Ratnapura,31.85,77.04,1.75,12.47
2026-08-12T21:00:00,Ratnapura,29.4,74.77,0.0,10.2
2026-08-12T22:00:00,Ratnapura,30.69,65,0.0,12.26
2026-08-12T23:00:00,Ratnapura,33.07,70.06,0.0,16.67
2026-08-13T00:00:00,Nuwara Eliya,16.21,80.9,0.0,12.8
2026-08-13T01:00:00,Nuwara Eliya,18.1,81.25,0.0,9.19
2026-08-13T02:00:00,Nuwara Eliya,14.92,84.23,0.0,13.99
2026-08-13T03:00:00,Nuwara Eliya,13.79,93.77,2.96,21.06
2026-08-13T04:00:00,Nuwara Eliya,14.45,91.06,0.0,17.88
2026-08-13T05:00:00,Nuwara Eliya,15.41,87.52,0.0,13.28
2026-08-13T06:00:00,Nuwara Eliya,14.58,95,4.34,15.31
2026-08-13T07:00:00,Nuwara Eliya,12.86,95,2.64,14.54
2026-08-13T08:00:00,Nuwara Eliya,10.23,95,1.62,17.4
2026-08-13T09:00:00,Nuwara Eliya,11.82,95,3.26,21.48
2026-08-13T10:00:00,Nuwara Eliya,13.27,84.41,0.61,15.76
2026-08-13T11:00:00,Nuwara Eliya,15.22,79.67,0.0,19.12
2026-08-13T12:00:00,Nuwara Eliya,11.98,73.69,0.0,7.14
2026-08-13T13:00:00,Nuwara Eliya,15.4,76.83,1.7,10.43
2026-08-13T14:00:00,Nuwara Eliya,18.39,72.73,0.0,11.96
2026-08-13T15:00:00,Nuwara Eliya,13.78,73.09,0.0,12.35
2026-08-13T16:00:00,Nuwara Eliya,16.36,77.19,3.06,13.69
2026-08-13T17:00:00,Nuwara Eliya,15.94,94.08,4.85,15.44
2026-08-13T18:00:00,Nuwara Eliya,18.38,78.3,0.0,12.11
2026-08-13T19:00:00,Nuwara Eliya,20.42,86.58,3.95,15.82
2026-08-13T20:00:00,Nuwara Eliya,21.74,80.55,0.0,14.17
2026-08-13T21:00:00,Nuwara Eliya,15.57,83.58,2.44,16.55
2026-08-13T22:00:00,Nuwara Eliya,17.05,81.21,0.81,16.65
2026-08-13T23:00:00,Nuwara Eliya,20.91,76.31,0.0,10.69
2026-08-13T00:00:00,Kandy,21.22,62.06,0.0,12.05
2026-08-13T01:00:00,Kandy,20.14,75.21,0.0,13.39
2026-08-13T02:00:00,Kandy,23.93,70.19,0.0,10.1
2026-08-13T03:00:00,Kandy,24.27,76.84,0.0,15.23
2026-08-13T04:00:00,Kandy,20.55,81.69,0.33,15.72
2026-08-13T05:00:00,Kandy,20.58,85.2,1.77,13.1
2026-08-13T06:00:00,Kandy,21.33,76.97,0.0,18.38
2026-08-13T07:00:00,Kandy,18.27,83.96,0.48,12.77
2026-08-13T08:00:00,Kandy,19.62,82.79,0.0,13.91
2026-08-13T09:00:00,Kandy,18.53,78.12,0.02,16.71
2026-08-13T10:00:00,Kandy,21.18,77.65,0.93,16.52
2026-08-13T11:00:00,Kandy,20.35,72.78,0.42,16.58
2026-08-13T12:00:00,Kandy,19.62,71.04,0.0,9.79
2026-08-13T13:00:00,Kandy,22.23,64.99,0.0,6.53
2026-08-13T14:00:00,Kandy,26.35,75.09,6.08,7.35
2026-08-13T15:00:00,Kandy,20.9,63.09,0.0,11.87
2026-08-13T16:00:00,Kandy,24.84,61.73,0.0,18.03
2026-08-13T17:00:00,Kandy,28.39,57.33,0.15,14.16
2026-08-13T18:00:00,Kandy,25.13,74.9,0.0,12.98
2026-08-13T19:00:00,Kandy,25.68,70.98,0.0,17.27
2026-08-13T20:00:00,Kandy,28.62,67.88,0.42,15.27
2026-08-13T21:00:00,Kandy,24.9,77.81,3.29,12.07
2026-08-13T22:00:00,Kandy,28.68,65.63,0.0,8.71
2026-08-13T23:00:00,Kandy,25.26,70.55,0.0,15.77
2026-08-13T00:00:00,Ratnapura,30.17,79.21,0.0,16.76
2026-08-13T01:00:00,Ratnapura,31.1,78.01,0.03,16.06
2026-08-13T02:00:00,Ratnapura,27.2,74.5,0.0,12.59
2026-08-13T03:00:00,Ratnapura,29.89,70.55,2.5,14.22
2026-08-13T04:00:00,Ratnapura,23.76,82.82,0.0,15.2
2026-08-13T05:00:00,Ratnapura,25.77,88.5,0.0,20.56
2026-08-13T06:00:00,Ratnapura,27.76,76.8,0.0,8.63
2026-08-13T07:00:00,Ratnapura,23.88,86.55,4.84,15.36
2026-08-13T08:00:00,Ratnapura,24.34,87.62,0.0,15.13
2026-08-13T09:00:00,Ratnapura,27.1,77.49,2.46,14.06
2026-08-13T10:00:00,Ratnapura,25.06,71.77,0.0,8.04
2026-08-13T11:00:00,Ratnapura,26.41,74.12,1.94,7.4
2026-08-13T12:00:00,Ratnapura,23.43,71.39,0.0,9.15
2026-08-13T13:00:00,Ratnapura,28.1,65,0.0,16.45
2026-08-13T14:00:00,Ratnapura,27.39,67.82,0.0,8.66
2026-08-13T15:00:00,Ratnapura,27.13,70.25,0.0,8.03
2026-08-13T16:00:00,Ratnapura,30.39,65,0.0,13.16
2026-08-13T17:00:00,Ratnapura,29.42,72.14,0.0,18.09
2026-08-13T18:00:00,Ratnapura,29.16,78.4,0.0,13.26
2026-08-13T19:00:00,Ratnapura,31.12,83.12,2.02,6.43
2026-08-13T20:00:00,Ratnapura,29.06,73.86,3.25,13.1
2026-08-13T21:00:00,Ratnapura,31.65,73.89,0.0,7.24
2026-08-13T22:00:00,Ratnapura,26.6,74.09,0.0,8.73
2026-08-13T23:00:00,Ratnapura,29.17,85.58,4.5,12.3
2026-08-14T00:00:00,Nuwara Eliya,14.67,82.79,0.77,12.85
2026-08-14T01:00:00,Nuwara Eliya,13.89,87.97,0.0,10.06
2026-08-14T02:00:00,Nuwara Eliya,17.28,77.29,0.11,12.81
2026-08-14T03:00:00,Nuwara Eliya,16.67,84.88,0.0,15.47
2026-08-14T04:00:00,Nuwara Eliya,14.92,86.38,0.86,17.48
2026-08-14T05:00:00,Nuwara Eliya,13.74,95,3.07,22.67
2026-08-14T06:00:00,Nuwara Eliya,10.44,95,0.0,15.01
2026-08-14T07:00:00,Nuwara Eliya,11.56,85.04,0.0,14.0
2026-08-14T08:00:00,Nuwara Eliya,10,95,4.53,21.43
2026-08-14T09:00:00,Nuwara Eliya,10,94.28,2.05,11.69
2026-08-14T10:00:00,Nuwara Eliya,13.78,82.87,0.0,8.25
2026-08-14T11:00:00,Nuwara Eliya,15.5,83.56,0.0,9.64
2026-08-14T12:00:00,Nuwara Eliya,15.13,78.44,0.0,13.28
2026-08-14T13:00:00,Nuwara Eliya,16.09,70.07,0.0,14.59
2026-08-14T14:00:00,Nuwara Eliya,16.86,84.5,5.26,13.87
2026-08-14T15:00:00,Nuwara Eliya,13.49,85.59,5.38,15.37
2026-08-14T16:00:00,Nuwara Eliya,19.22,73.08,0.17,13.72
2026-08-14T17:00:00,Nuwara Eliya,18.7,83.96,0.0,16.75
2026-08-14T18:00:00,Nuwara Eliya,19.29,77.6,0.0,12.2
2026-08-14T19:00:00,Nuwara Eliya,16.2,91.25,0.0,15.67
2026-08-14T20:00:00,Nuwara Eliya,14.17,87.47,2.3,16.41
2026-08-14T21:00:00,Nuwara Eliya,19.17,94.54,4.88,11.03
2026-08-14T22:00:00,Nuwara Eliya,14.97,90.39,1.22,15.19
2026-08-14T23:00:00,Nuwara Eliya,17.95,94.05,6.68,18.49
2026-08-14T00:00:00,Kandy,22.52,73.97,0.0,14.21
2026-08-14T01:00:00,Kandy,22.57,61.63,0.0,10.87
2026-08-14T02:00:00,Kandy,19.81,77.04,0.0,13.51
2026-08-14T03:00:00,Kandy,22.91,69.35,0.0,10.88
2026-08-14T04:00:00,Kandy,23.05,83.65,1.23,14.78
2026-08-14T05:00:00,Kandy,24.88,80.99,0.0,14.47
2026-08-14T06:00:00,Kandy,22.14,79.45,0.0,13.9
2026-08-14T07:00:00,Kandy,22.24,90,4.39,15.21
2026-08-14T08:00:00,Kandy,19.95,82.92,0.0,17.17
2026-08-14T09:00:00,Kandy,18,78.16,0.0,10.14
2026-08-14T10:00:00,Kandy,18.89,75.88,0.0,13.97
2026-08-14T11:00:00,Kandy,21.58,64.31,0.0,13.96
2026-08-14T12:00:00,Kandy,22.75,64.45,0.0,9.08
2026-08-14T13:00:00,Kandy,23.53,61.94,0.0,15.69
2026-08-14T14:00:00,Kandy,24.42,59.21,0.6,8.96
2026-08-14T15:00:00,Kandy,21.34,68.37,0.0,13.97
2026-08-14T16:00:00,Kandy,24.32,67.68,0.02,11.17
2026-08-14T17:00:00,Kandy,26.7,75.17,1.39,9.66
2026-08-14T18:00:00,Kandy,30,67.64,0.0,12.06
2026-08-14T19:00:00,Kandy,27.46,62.5,0.0,12.93
2026-08-14T20:00:00,Kandy,21.93,70.57,0.0,11.37
2026-08-14T21:00:00,Kandy,27.98,70.18,0.0,12.47
2026-08-14T22:00:00,Kandy,23.99,73.03,3.47,17.45
2026-08-14T23:00:00,Kandy,24.23,69.25,0.84,15.5
2026-08-14T00:00:00,Ratnapura,31.92,76.65,0.89,12.88
2026-08-14T01:00:00,Ratnapura,25.56,86.68,0.0,17.97
2026-08-14T02:00:00,Ratnapura,27.88,85.16,5.02,12.74
2026-08-14T03:00:00,Ratnapura,26.08,78.3,0.0,10.85
2026-08-14T04:00:00,Ratnapura,27.46,84.94,0.0,9.17
2026-08-14T05:00:00,Ratnapura,28.0,73.58,0.0,9.22
2026-08-14T06:00:00,Ratnapura,23.31,92.82,0.0,16.04
2026-08-14T07:00:00,Ratnapura,27.43,87.95,2.33,11.71
2026-08-14T08:00:00,Ratnapura,22.11,97.39,4.1,20.32
2026-08-14T09:00:00,Ratnapura,26.93,72.0,2.08,8.98
2026-08-14T10:00:00,Ratnapura,25.87,70.42,0.42,12.09
2026-08-14T11:00:00,Ratnapura,28.42,77.95,2.66,11.54
2026-08-14T12:00:00,Ratnapura,30.96,65.2,0.0,11.59
2026-08-14T13:00:00,Ratnapura,25.67,66.7,0.0,12.34
2026-08-14T14:00:00,Ratnapura,30.17,65,0.0,13.64
2026-08-14T15:00:00,Ratnapura,33.05,65,0.0,12.8
2026-08-14T16:00:00,Ratnapura,32.91,65,0.0,5.66
2026-08-14T17:00:00,Ratnapura,32.8,71.69,0.0,11.13
2026-08-14T18:00:00,Ratnapura,27.83,77.65,0.0,11.95
2026-08-14T19:00:00,Ratnapura,30.9,68.3,0.0,11.66
2026-08-14T20:00:00,Ratnapura,27.87,75.89,0.64,10.11
2026-08-14T21:00:00,Ratnapura,31.21,76.33,1.86,12.2
2026-08-14T22:00:00,Ratnapura,33.7,71.99,0.0,17.18
2026-08-14T23:00:00,Ratnapura,34.87,79.98,5.57,19.31
2026-08-15T00:00:00,Nuwara Eliya,20.67,85.93,2.23,17.84
2026-08-15T01:00:00,Nuwara Eliya,11.99,93.66,7.73,12.91
2026-08-15T02:00:00,Nuwara Eliya,17.9,84.91,0.0,14.01
2026-08-15T03:00:00,Nuwara Eliya,15.3,95,5.86,20.04
2026-08-15T04:00:00,Nuwara Eliya,14.26,88.62,0.18,18.95
2026-08-15T05:00:00,Nuwara Eliya,13.0,92.74,0.0,14.89
2026-08-15T06:00:00,Nuwara Eliya,11.27,95,3.55,14.84
2026-08-15T07:00:00,Nuwara Eliya,10,95,7.28,12.59
2026-08-15T08:00:00,Nuwara Eliya,11.56,91.14,0.0,12.56
2026-08-15T09:00:00,Nuwara Eliya,10.94,89.78,2.59,17.54
2026-08-15T10:00:00,Nuwara Eliya,12.16,91.99,1.48,12.63
2026-08-15T11:00:00,Nuwara Eliya,13.36,90.04,2.43,17.13
2026-08-15T12:00:00,Nuwara Eliya,13.87,78.03,0.37,15.71
2026-08-15T13:00:00,Nuwara Eliya,17.31,78.59,0.0,8.69
2026-08-15T14:00:00,Nuwara Eliya,17.35,77.53,1.3,12.05
2026-08-15T15:00:00,Nuwara Eliya,19.17,80.51,2.66,11.03
2026-08-15T16:00:00,Nuwara Eliya,17.4,69.9,0.0,9.83
2026-08-15T17:00:00,Nuwara Eliya,18.36,73.89,0.0,14.16
2026-08-15T18:00:00,Nuwara Eliya,16.8,85.1,1.87,14.59
2026-08-15T19:00:00,Nuwara Eliya,20.87,73.91,0.0,17.5
2026-08-15T20:00:00,Nuwara Eliya,14.99,75.62,0.0,15.16
2026-08-15T21:00:00,Nuwara Eliya,21.75,71.24,0.0,17.91
2026-08-15T22:00:00,Nuwara Eliya,16.11,75.73,0.28,13.57
2026-08-15T23:00:00,Nuwara Eliya,16.06,91.03,1.3,11.79
2026-08-15T00:00:00,Kandy,25.92,66.91,1.46,13.12
2026-08-15T01:00:00,Kandy,21.66,68.97,0.0,12.69
2026-08-15T02:00:00,Kandy,22.8,69.4,0.0,7.01
2026-08-15T03:00:00,Kandy,21.65,68.18,0.0,10.26
2026-08-15T04:00:00,Kandy,22.1,82.31,2.31,13.28
2026-08-15T05:00:00,Kandy,21.64,88.28,4.83,18.52
2026-08-15T06:00:00,Kandy,23.03,82.59,0.09,15.49
2026-08-15T07:00:00,Kandy,24.39,82.78,2.58,11.92
2026-08-15T08:00:00,Kandy,23.67,73.86,0.03,17.1
2026-08-15T09:00:00,Kandy,19.6,73.77,0.21,15.42
2026-08-15T10:00:00,Kandy,19.49,72.66,0.8,14.12
2026-08-15T11:00:00,Kandy,18,70.43,0.11,13.12
2026-08-15T12:00:00,Kandy,19.02,72.6,0.0,11.09
2026-08-15T13:00:00,Kandy,19.89,70.33,0.0,11.18
2026-08-15T14:00:00,Kandy,25.09,66.81,2.76,9.23
2026-08-15T15:00:00,Kandy,22.81,64.34,0.0,14.95
2026-08-15T16:00:00,Kandy,23.12,63.17,0.0,12.79
2026-08-15T17:00:00,Kandy,26.68,73.96,0.0,14.71
2026-08-15T18:00:00,Kandy,24.98,72.75,0.0,13.66
2026-08-15T19:00:00,Kandy,22.25,74.4,0.33,9.08
2026-08-15T20:00:00,Kandy,24.34,68.84,0.0,13.52
2026-08-15T21:00:00,Kandy,27.48,60.6,0.0,9.06
2026-08-15T22:00:00,Kandy,25.56,74.99,0.0,15.48
2026-08-15T23:00:00,Kandy,28.22,65.94,0.0,9.77
2026-08-15T00:00:00,Ratnapura,30.13,73.05,0.0,6.04
2026-08-15T01:00:00,Ratnapura,29.44,72.28,0.0,12.09
2026-08-15T02:00:00,Ratnapura,30.39,69.89,0.0,7.28
2026-08-15T03:00:00,Ratnapura,24.37,72.56,0.0,17.75
2026-08-15T04:00:00,Ratnapura,27.78,86.22,0.48,12.68
2026-08-15T05:00:00,Ratnapura,24.63,74.56,0.0,9.39
2026-08-15T06:00:00,Ratnapura,23.94,92.34,5.26,20.51
2026-08-15T07:00:00,Ratnapura,24.7,82.96,0.64,11.81
2026-08-15T08:00:00,Ratnapura,27.53,80.32,0.0,13.87
2026-08-15T09:00:00,Ratnapura,25.66,74.52,0.0,14.99
2026-08-15T10:00:00,Ratnapura,26.0,82.08,0.04,13.1
2026-08-15T11:00:00,Ratnapura,25.76,69.06,0.13,9.9
2026-08-15T12:00:00,Ratnapura,23.25,82.65,0.74,13.57
2026-08-15T13:00:00,Ratnapura,27.35,66.96,0.0,10.21
2026-08-15T14:00:00,Ratnapura,26.63,65.79,0.0,3.39
2026-08-15T15:00:00,Ratnapura,31.56,65,0.0,8.9
2026-08-15T16:00:00,Ratnapura,28.56,65,0.0,11.96
2026-08-15T17:00:00,Ratnapura,28.71,82.07,1.96,12.05
2026-08-15T18:00:00,Ratnapura,34.18,73.13,0.27,11.88
2026-08-15T19:00:00,Ratnapura,31.6,74.51,0.0,14.4
2026-08-15T20:00:00,Ratnapura,30.37,78.99,0.17,14.64
2026-08-15T21:00:00,Ratnapura,31.3,69.17,0.0,7.72
2026-08-15T22:00:00,Ratnapura,28.51,69.45,0.0,8.75
2026-08-15T23:00:00,Ratnapura,31.9,73.81,0.0,9.54
2026-08-16T00:00:00,Nuwara Eliya,17.9,88.4,6.23,12.75
2026-08-16T01:00:00,Nuwara Eliya,18.38,86.34,1.93,16.75
2026-08-16T02:00:00,Nuwara Eliya,13.4,81.52,0.0,14.9
2026-08-16T03:00:00,Nuwara Eliya,16.13,95,3.28,22.92
2026-08-16T04:00:00,Nuwara Eliya,14.48,86.87,0.0,8.46
2026-08-16T05:00:00,Nuwara Eliya,13.06,89.67,0.01,17.12
2026-08-16T06:00:00,Nuwara Eliya,10,95,1.2,17.66
2026-08-16T07:00:00,Nuwara Eliya,13.24,94.09,0.2,20.98
2026-08-16T08:00:00,Nuwara Eliya,15.61,95,2.18,24.2
2026-08-16T09:00:00,Nuwara Eliya,14.55,83.37,0.81,12.8
2026-08-16T10:00:00,Nuwara Eliya,10,89.69,0.0,12.05
2026-08-16T11:00:00,Nuwara Eliya,12.7,86.96,0.0,17.9
2026-08-16T12:00:00,Nuwara Eliya,14.07,81.12,0.0,8.33
2026-08-16T13:00:00,Nuwara Eliya,16.02,75.04,4.59,17.56
2026-08-16T14:00:00,Nuwara Eliya,19.28,70.21,0.97,14.53
2026-08-16T15:00:00,Nuwara Eliya,14.65,79.14,0.0,14.75
2026-08-16T16:00:00,Nuwara Eliya,17.94,80.06,2.61,8.45
2026-08-16T17:00:00,Nuwara Eliya,18.44,82.0,0.0,10.24
2026-08-16T18:00:00,Nuwara Eliya,18.42,82.7,1.11,13.8
2026-08-16T19:00:00,Nuwara Eliya,17.88,80.59,0.0,5.63
2026-08-16T20:00:00,Nuwara Eliya,17.55,84.57,0.0,13.08
2026-08-16T21:00:00,Nuwara Eliya,17.54,77.19,0.0,16.96
2026-08-16T22:00:00,Nuwara Eliya,17.14,95,5.54,15.43
2026-08-16T23:00:00,Nuwara Eliya,17.81,83.31,0.0,15.77
2026-08-16T00:00:00,Kandy,22.94,74.06,0.23,13.91
2026-08-16T01:00:00,Kandy,24.65,65.4,0.46,18.89
2026-08-16T02:00:00,Kandy,20.45,76.83,1.54,17.83
2026-08-16T03:00:00,Kandy,23.11,73.37,0.84,15.78
2026-08-16T04:00:00,Kandy,22.15,85.56,2.34,17.27
2026-08-16T05:00:00,Kandy,21.53,74.03,0.0,18.53
2026-08-16T06:00:00,Kandy,18.83,78.36,0.41,12.97
2026-08-16T07:00:00,Kandy,25.83,79.69,0.0,14.72
2026-08-16T08:00:00,Kandy,22.64,79.76,2.45,11.29
2026-08-16T09:00:00,Kandy,21.17,72.34,1.18,13.41
2026-08-16T10:00:00,Kandy,22.59,66.13,0.0,12.07
2026-08-16T11:00:00,Kandy,26.52,66.88,0.0,12.52
2026-08-16T12:00:00,Kandy,23.73,60.58,1.24,14.95
2026-08-16T13:00:00,Kandy,27.62,61.51,0.0,14.15
2026-08-16T14:00:00,Kandy,24.64,62.24,0.0,10.45
2026-08-16T15:00:00,Kandy,22.98,59.55,0.0,12.44
2026-08-16T16:00:00,Kandy,24.72,64.45,0.0,12.06
2026-08-16T17:00:00,Kandy,25.65,70.91,0.0,11.57
2026-08-16T18:00:00,Kandy,23.93,66.2,0.0,14.42
2026-08-16T19:00:00,Kandy,24.68,75.56,0.0,16.34
2026-08-16T20:00:00,Kandy,24.12,70.63,0.0,17.66
2026-08-16T21:00:00,Kandy,29.23,69.16,0.0,11.77
2026-08-16T22:00:00,Kandy,26.63,64.49,0.0,12.72
2026-08-16T23:00:00,Kandy,28.71,61.59,0.0,12.01
2026-08-16T00:00:00,Ratnapura,29.66,83.07,0.0,9.26
2026-08-16T01:00:00,Ratnapura,27.87,66.1,0.0,4.99
2026-08-16T02:00:00,Ratnapura,30.57,74.81,0.0,8.28
2026-08-16T03:00:00,Ratnapura,28.81,68.93,0.0,12.04
2026-08-16T04:00:00,Ratnapura,25.76,81.87,0.0,19.81
2026-08-16T05:00:00,Ratnapura,27.3,85.17,0.0,8.6
2026-08-16T06:00:00,Ratnapura,24.42,85.7,0.0,17.65
2026-08-16T07:00:00,Ratnapura,22,86.67,0.0,14.25
2026-08-16T08:00:00,Ratnapura,27.65,77.76,0.0,9.01
2026-08-16T09:00:00,Ratnapura,25.41,82.33,0.0,19.82
2026-08-16T10:00:00,Ratnapura,27.35,82.84,3.47,10.58
2026-08-16T11:00:00,Ratnapura,27.38,79.54,0.58,11.38
2026-08-16T12:00:00,Ratnapura,27.81,66.92,0.0,7.85
2026-08-16T13:00:00,Ratnapura,29.76,70.8,1.59,12.48
2026-08-16T14:00:00,Ratnapura,26.25,79.73,4.31,14.39
2026-08-16T15:00:00,Ratnapura,32.63,65,2.61,12.57
2026-08-16T16:00:00,Ratnapura,27.39,69.12,0.0,9.52
2026-08-16T17:00:00,Ratnapura,32.21,71.75,0.0,5.07
2026-08-16T18:00:00,Ratnapura,29.29,75.74,0.0,17.12
2026-08-16T19:00:00,Ratnapura,34.51,69.87,0.0,13.59
2026-08-16T20:00:00,Ratnapura,33.88,69.41,0.0,12.22
2026-08-16T21:00:00,Ratnapura,30.39,68.39,0.29,11.53
2026-08-16T22:00:00,Ratnapura,33.05,72.63,0.0,14.06
2026-08-16T23:00:00,Ratnapura,34.38,75.38,0.0,15.05
2026-08-17T00:00:00,Nuwara Eliya,15.2,84.53,4.14,12.53
2026-08-17T01:00:00,Nuwara Eliya,15.62,84.03,0.69,14.54
2026-08-17T02:00:00,Nuwara Eliya,15.34,85.57,1.93,11.75
2026-08-17T03:00:00,Nuwara Eliya,13.91,85.36,2.8,17.0
2026-08-17T04:00:00,Nuwara Eliya,12.59,92.28,0.15,17.84
2026-08-17T05:00:00,Nuwara Eliya,15.21,82.29,1.2,10.75
2026-08-17T06:00:00,Nuwara Eliya,13.82,89.72,0.09,14.06
2026-08-17T07:00:00,Nuwara Eliya,11.69,95,15.26,19.27
2026-08-17T08:00:00,Nuwara Eliya,10,95,0.0,16.17
2026-08-17T09:00:00,Nuwara Eliya,11.42,85.57,0.0,8.69
2026-08-17T10:00:00,Nuwara Eliya,12.94,86.86,2.0,16.45
2026-08-17T11:00:00,Nuwara Eliya,15.05,89.51,4.09,20.86
2026-08-17T12:00:00,Nuwara Eliya,13.15,76.78,0.0,14.0
2026-08-17T13:00:00,Nuwara Eliya,14.48,72.99,0.81,12.03
2026-08-17T14:00:00,Nuwara Eliya,16.36,71.76,0.0,13.06
2026-08-17T15:00:00,Nuwara Eliya,14.76,78.11,1.42,10.13
2026-08-17T16:00:00,Nuwara Eliya,16.0,70.21,0.0,14.64
2026-08-17T17:00:00,Nuwara Eliya,18.51,81.33,0.82,11.63
2026-08-17T18:00:00,Nuwara Eliya,16.9,88.34,2.15,15.02
2026-08-17T19:00:00,Nuwara Eliya,18.0,77.48,0.26,8.0
2026-08-17T20:00:00,Nuwara Eliya,19.79,80.91,0.36,10.22
2026-08-17T21:00:00,Nuwara Eliya,17.21,85.03,0.07,10.83
2026-08-17T22:00:00,Nuwara Eliya,17.27,86.48,0.79,15.79
2026-08-17T23:00:00,Nuwara Eliya,17.26,82.84,0.0,7.8
2026-08-17T00:00:00,Kandy,21.32,75.48,0.65,12.18
2026-08-17T01:00:00,Kandy,21.42,74.44,0.0,18.88
2026-08-17T02:00:00,Kandy,25.58,71.22,0.0,11.9
2026-08-17T03:00:00,Kandy,22.14,70.31,0.0,11.7
2026-08-17T04:00:00,Kandy,21.93,83.93,2.15,14.13
2026-08-17T05:00:00,Kandy,21.38,76.41,0.0,17.94
2026-08-17T06:00:00,Kandy,21.5,82.73,0.0,11.63
2026-08-17T07:00:00,Kandy,19.85,74.64,0.04,14.46
2026-08-17T08:00:00,Kandy,21.15,85.44,0.12,11.62
2026-08-17T09:00:00,Kandy,18,75.8,0.25,13.85
2026-08-17T10:00:00,Kandy,20.39,78.12,0.9,13.26
2026-08-17T11:00:00,Kandy,20.33,71.05,0.24,11.42
2026-08-17T12:00:00,Kandy,19.2,62.2,0.0,11.37
2026-08-17T13:00:00,Kandy,22.78,66.4,0.0,14.09
2026-08-17T14:00:00,Kandy,24.3,64.56,0.0,17.93
2026-08-17T15:00:00,Kandy,22.33,69.19,0.0,15.56
2026-08-17T16:00:00,Kandy,27.81,61.12,1.05,9.28
2026-08-17T17:00:00,Kandy,22.77,70.64,0.0,15.02
2026-08-17T18:00:00,Kandy,26.53,69.08,0.0,14.03
2026-08-17T19:00:00,Kandy,22.97,77.79,0.41,17.26
2026-08-17T20:00:00,Kandy,23.5,77.89,5.32,15.71
2026-08-17T21:00:00,Kandy,26.74,73.31,0.56,11.22
2026-08-17T22:00:00,Kandy,27.21,68.92,0.0,11.73
2026-08-17T23:00:00,Kandy,26.15,72.06,0.0,12.32
2026-08-17T00:00:00,Ratnapura,30.87,76.5,0.0,18.27
2026-08-17T01:00:00,Ratnapura,29.07,71.97,0.0,10.87
2026-08-17T02:00:00,Ratnapura,28.39,71.73,0.77,15.51
2026-08-17T03:00:00,Ratnapura,30.46,72.13,0.0,14.21
2026-08-17T04:00:00,Ratnapura,26.22,85.15,1.51,14.48
2026-08-17T05:00:00,Ratnapura,25.19,86.33,1.36,13.87
2026-08-17T06:00:00,Ratnapura,22.4,89.48,2.36,18.29
2026-08-17T07:00:00,Ratnapura,26.58,86.95,0.28,11.5
2026-08-17T08:00:00,Ratnapura,25.04,83.06,0.7,15.48
2026-08-17T09:00:00,Ratnapura,23.16,79.99,0.7,13.22
2026-08-17T10:00:00,Ratnapura,23.79,71.77,0.0,13.89
2026-08-17T11:00:00,Ratnapura,24.97,70.54,0.01,15.53
2026-08-17T12:00:00,Ratnapura,26.11,70.53,0.0,8.39
2026-08-17T13:00:00,Ratnapura,26.5,75.33,2.79,13.46
2026-08-17T14:00:00,Ratnapura,23.91,73.88,0.94,15.84
2026-08-17T15:00:00,Ratnapura,28.63,76.29,0.0,11.27
2026-08-17T16:00:00,Ratnapura,29.66,68.68,0.0,7.65
2026-08-17T17:00:00,Ratnapura,30.79,84.0,4.09,12.87
2026-08-17T18:00:00,Ratnapura,28.78,72.91,0.0,10.81
2026-08-17T19:00:00,Ratnapura,34.49,65,0.0,15.09
2026-08-17T20:00:00,Ratnapura,33.34,75.69,0.0,18.14
2026-08-17T21:00:00,Ratnapura,34.97,69.29,0.0,10.96
2026-08-17T22:00:00,Ratnapura,29.49,73.84,0.0,13.21
2026-08-17T23:00:00,Ratnapura,29.31,73.24,0.0,13.3
2026-08-18T00:00:00,Nuwara Eliya,17.82,90.63,5.05,14.38
2026-08-18T01:00:00,Nuwara Eliya,17.47,77.62,0.0,11.91
2026-08-18T02:00:00,Nuwara Eliya,19.46,77.77,0.0,13.66
2026-08-18T03:00:00,Nuwara Eliya,15.91,81.31,0.0,16.18
2026-08-18T04:00:00,Nuwara Eliya,12.95,91.49,2.17,17.65
2026-08-18T05:00:00,Nuwara Eliya,11.12,88.59,0.0,13.22
2026-08-18T06:00:00,Nuwara Eliya,13.6,91.48,0.31,14.79
2026-08-18T07:00:00,Nuwara Eliya,10.37,95,2.35,22.12
2026-08-18T08:00:00,Nuwara Eliya,13.15,87.93,0.0,13.14
2026-08-18T09:00:00,Nuwara Eliya,11.52,83.99,0.0,7.19
2026-08-18T10:00:00,Nuwara Eliya,11.2,95,2.01,12.84
2026-08-18T11:00:00,Nuwara Eliya,12.57,83.12,0.55,14.33
2026-08-18T12:00:00,Nuwara Eliya,11.38,71.12,0.0,9.05
2026-08-18T13:00:00,Nuwara Eliya,13.08,85.59,2.67,14.55
2026-08-18T14:00:00,Nuwara Eliya,15.81,75.25,0.0,13.53
2026-08-18T15:00:00,Nuwara Eliya,15.53,86.24,7.77,18.76
2026-08-18T16:00:00,Nuwara Eliya,16.8,74.78,0.0,9.01
2026-08-18T17:00:00,Nuwara Eliya,13.84,81.55,0.03,9.67
2026-08-18T18:00:00,Nuwara Eliya,17.31,85.34,0.0,14.0
2026-08-18T19:00:00,Nuwara Eliya,20.41,77.64,0.19,18.13
2026-08-18T20:00:00,Nuwara Eliya,17.49,80.19,0.0,12.32
2026-08-18T21:00:00,Nuwara Eliya,21.87,75.23,0.0,17.25
2026-08-18T22:00:00,Nuwara Eliya,12.4,85.09,0.0,15.19
2026-08-18T23:00:00,Nuwara Eliya,17.69,82.6,0.59,7.31
2026-08-18T00:00:00,Kandy,25.89,68.18,0.0,10.65
2026-08-18T01:00:00,Kandy,22.83,68.59,0.0,11.28
2026-08-18T02:00:00,Kandy,24.08,71.46,0.0,10.81
2026-08-18T03:00:00,Kandy,23.4,67.85,0.28,16.42
2026-08-18T04:00:00,Kandy,20.23,81.06,1.35,11.37
2026-08-18T05:00:00,Kandy,19.53,73.87,0.26,14.37
2026-08-18T06:00:00,Kandy,23.25,77.84,0.0,5.79
2026-08-18T07:00:00,Kandy,20.12,77.05,0.0,16.27
2026-08-18T08:00:00,Kandy,24.03,77.71,0.0,14.76
2026-08-18T09:00:00,Kandy,21.07,77.37,0.86,16.5
2026-08-18T10:00:00,Kandy,23.12,74.72,0.21,17.18
2026-08-18T11:00:00,Kandy,19.52,74.16,1.78,17.56
2026-08-18T12:00:00,Kandy,23.22,61.89,0.0,14.17
2026-08-18T13:00:00,Kandy,23.25,62.2,0.21,13.31
2026-08-18T14:00:00,Kandy,22.68,66.05,0.76,13.59
2026-08-18T15:00:00,Kandy,22.99,61.65,0.0,12.06
2026-08-18T16:00:00,Kandy,24.98,59.44,0.0,16.31
2026-08-18T17:00:00,Kandy,26.12,70.5,0.0,10.77
2026-08-18T18:00:00,Kandy,25.79,66.1,3.24,20.15
2026-08-18T19:00:00,Kandy,26.43,69.01,0.0,12.77
2026-08-18T20:00:00,Kandy,24.26,68.87,0.0,15.25
2026-08-18T21:00:00,Kandy,26.03,66.28,0.0,5.89
2026-08-18T22:00:00,Kandy,25.82,67.76,0.0,13.47
2026-08-18T23:00:00,Kandy,27.08,63.21,0.41,13.17
2026-08-18T00:00:00,Ratnapura,29.15,75.19,0.0,8.84
2026-08-18T01:00:00,Ratnapura,29.88,71.0,0.0,13.59
2026-08-18T02:00:00,Ratnapura,27.16,79.14,0.69,11.91
2026-08-18T03:00:00,Ratnapura,25.29,79.35,1.06,14.15
2026-08-18T04:00:00,Ratnapura,27.39,78.24,0.0,10.74
2026-08-18T05:00:00,Ratnapura,25.94,82.87,0.0,12.56
2026-08-18T06:00:00,Ratnapura,25.41,84.93,0.0,19.41
2026-08-18T07:00:00,Ratnapura,26.82,79.52,0.0,16.63
2026-08-18T08:00:00,Ratnapura,25.42,87.94,0.04,20.37
2026-08-18T09:00:00,Ratnapura,27.25,69.45,0.0,19.54
2026-08-18T10:00:00,Ratnapura,25.36,75.0,0.0,15.51
2026-08-18T11:00:00,Ratnapura,29.83,71.18,0.0,20.05
2026-08-18T12:00:00,Ratnapura,26.35,77.95,2.87,7.71
2026-08-18T13:00:00,Ratnapura,27.23,65.53,0.0,11.24
2026-08-18T14:00:00,Ratnapura,26.8,70.27,0.08,15.91
2026-08-18T15:00:00,Ratnapura,31.07,71.68,1.49,13.52
2026-08-18T16:00:00,Ratnapura,30.16,65,0.0,8.88
2026-08-18T17:00:00,Ratnapura,26.6,79.56,0.0,11.28
2026-08-18T18:00:00,Ratnapura,26.68,75.39,0.0,7.22
2026-08-18T19:00:00,Ratnapura,33.76,67.73,0.0,16.79
2026-08-18T20:00:00,Ratnapura,30.08,73.5,0.0,14.73
2026-08-18T21:00:00,Ratnapura,31.09,70.75,0.18,13.84
2026-08-18T22:00:00,Ratnapura,32.87,66.69,0.0,11.08
2026-08-18T23:00:00,Ratnapura,29.1,75.42,0.0,8.65
2026-08-19T00:00:00,Nuwara Eliya,14.73,83.0,0.0,10.73
2026-08-19T01:00:00,Nuwara Eliya,15.5,82.15,0.0,7.82
2026-08-19T02:00:00,Nuwara Eliya,15.55,85.81,2.16,14.71
2026-08-19T03:00:00,Nuwara Eliya,16.36,87.63,3.35,16.42
2026-08-19T04:00:00,Nuwara Eliya,10.87,88.73,0.0,13.31
2026-08-19T05:00:00,Nuwara Eliya,13.73,93.95,1.87,19.76
2026-08-19T06:00:00,Nuwara Eliya,12.84,95,4.05,21.46
2026-08-19T07:00:00,Nuwara Eliya,11.56,90.5,1.48,10.57
2026-08-19T08:00:00,Nuwara Eliya,11.79,88.37,0.47,12.51
2026-08-19T09:00:00,Nuwara Eliya,11.7,91.08,0.0,13.75
2026-08-19T10:00:00,Nuwara Eliya,10,87.77,2.48,16.43
2026-08-19T11:00:00,Nuwara Eliya,14.75,82.08,0.0,10.7
2026-08-19T12:00:00,Nuwara Eliya,11.74,82.56,0.75,11.28
2026-08-19T13:00:00,Nuwara Eliya,16.08,74.51,2.14,18.44
2026-08-19T14:00:00,Nuwara Eliya,14.3,87.15,4.98,19.01
2026-08-19T15:00:00,Nuwara Eliya,15.16,89.75,4.97,15.31
2026-08-19T16:00:00,Nuwara Eliya,15.09,81.54,0.29,10.37
2026-08-19T17:00:00,Nuwara Eliya,15.28,86.35,0.0,11.75
2026-08-19T18:00:00,Nuwara Eliya,18.35,75.31,0.0,12.34
2026-08-19T19:00:00,Nuwara Eliya,15.02,89.13,0.0,15.3
2026-08-19T20:00:00,Nuwara Eliya,20.31,78.86,0.9,15.78
2026-08-19T21:00:00,Nuwara Eliya,17.89,82.81,0.0,12.18
2026-08-19T22:00:00,Nuwara Eliya,16.62,84.22,1.01,20.07
2026-08-19T23:00:00,Nuwara Eliya,18.7,79.53,0.0,14.53
2026-08-19T00:00:00,Kandy,22.85,69.85,1.4,8.55
2026-08-19T01:00:00,Kandy,21.62,77.15,0.0,16.02
2026-08-19T02:00:00,Kandy,22.29,69.77,0.0,10.7
2026-08-19T03:00:00,Kandy,23.11,65.48,0.0,12.49
2026-08-19T04:00:00,Kandy,20.47,85.91,1.97,18.46
2026-08-19T05:00:00,Kandy,21.04,84.33,0.0,10.62
2026-08-19T06:00:00,Kandy,20.57,78.39,0.0,15.61
2026-08-19T07:00:00,Kandy,20.71,80.66,1.85,16.66
2026-08-19T08:00:00,Kandy,18.17,87.3,2.88,17.56
2026-08-19T09:00:00,Kandy,19.83,73.75,0.0,13.31
2026-08-19T10:00:00,Kandy,21.17,81.95,2.78,9.96
2026-08-19T11:00:00,Kandy,20.97,70.96,0.0,14.37
2026-08-19T12:00:00,Kandy,23.45,71.82,0.0,12.27
2026-08-19T13:00:00,Kandy,22.16,63.25,0.0,11.08
2026-08-19T14:00:00,Kandy,20.29,67.38,0.0,14.49
2026-08-19T15:00:00,Kandy,22.54,67.72,0.0,9.62
2026-08-19T16:00:00,Kandy,24.55,67.64,0.8,9.81
2026-08-19T17:00:00,Kandy,24.64,68.48,1.73,9.21
2026-08-19T18:00:00,Kandy,23.74,73.41,0.0,14.61
2026-08-19T19:00:00,Kandy,24.13,69.34,0.0,10.8
2026-08-19T20:00:00,Kandy,26.36,72.81,0.0,14.12
2026-08-19T21:00:00,Kandy,27.03,72.59,0.0,13.47
2026-08-19T22:00:00,Kandy,28.54,66.78,0.0,13.22
2026-08-19T23:00:00,Kandy,22.15,77.55,0.0,16.06
2026-08-19T00:00:00,Ratnapura,29.76,75.82,0.0,10.38
2026-08-19T01:00:00,Ratnapura,28.03,76.83,0.0,8.14
2026-08-19T02:00:00,Ratnapura,25.62,84.44,0.0,11.45
2026-08-19T03:00:00,Ratnapura,28.13,71.24,0.0,12.25
2026-08-19T04:00:00,Ratnapura,25.16,80.35,0.0,14.62
2026-08-19T05:00:00,Ratnapura,24.3,98,21.29,18.09
2026-08-19T06:00:00,Ratnapura,26.07,79.47,0.0,8.2
2026-08-19T07:00:00,Ratnapura,24.44,91.75,0.0,12.13
2026-08-19T08:00:00,Ratnapura,22.63,95.63,3.62,25.48
2026-08-19T09:00:00,Ratnapura,26.4,69.26,0.0,9.85
2026-08-19T10:00:00,Ratnapura,23.71,79.02,0.0,19.55
2026-08-19T11:00:00,Ratnapura,26.9,77.77,0.0,4.41
2026-08-19T12:00:00,Ratnapura,29.2,70.47,0.0,12.88
2026-08-19T13:00:00,Ratnapura,26.07,73.44,0.0,17.57
2026-08-19T14:00:00,Ratnapura,25.33,71.23,0.0,7.08
2026-08-19T15:00:00,Ratnapura,28.92,69.45,0.0,10.03
2026-08-19T16:00:00,Ratnapura,29.66,70.73,0.0,12.08
2026-08-19T17:00:00,Ratnapura,28.47,70.13,0.08,10.36
2026-08-19T18:00:00,Ratnapura,32.75,79.19,0.36,10.14
2026-08-19T19:00:00,Ratnapura,33.72,65,0.0,10.08
2026-08-19T20:00:00,Ratnapura,32.84,65,0.0,14.6
2026-08-19T21:00:00,Ratnapura,29.63,72.26,0.04,10.06
2026-08-19T22:00:00,Ratnapura,30.96,69.87,0.0,12.63
2026-08-19T23:00:00,Ratnapura,32.98,70.0,0.0,9.78
2026-08-20T00:00:00,Nuwara Eliya,16.04,85.88,0.0,8.98
2026-08-20T01:00:00,Nuwara Eliya,14.31,85.53,0.63,11.7
2026-08-20T02:00:00,Nuwara Eliya,15.58,94.37,0.02,15.12
2026-08-20T03:00:00,Nuwara Eliya,14.45,88.29,2.66,12.75
2026-08-20T04:00:00,Nuwara Eliya,12.22,94.35,2.44,16.75
2026-08-20T05:00:00,Nuwara Eliya,14.11,95,12.0,15.79
2026-08-20T06:00:00,Nuwara Eliya,13.67,93.18,2.39,17.06
2026-08-20T07:00:00,Nuwara Eliya,14.35,92.03,0.05,18.13
2026-08-20T08:00:00,Nuwara Eliya,13.75,95,5.12,17.99
2026-08-20T09:00:00,Nuwara Eliya,15.18,86.36,0.0,12.67
2026-08-20T10:00:00,Nuwara Eliya,10,90.83,2.04,11.79
2026-08-20T11:00:00,Nuwara Eliya,12.53,81.52,1.8,7.75
2026-08-20T12:00:00,Nuwara Eliya,13.66,78.18,0.0,14.4
2026-08-20T13:00:00,Nuwara Eliya,10,80.27,0.15,9.84
2026-08-20T14:00:00,Nuwara Eliya,17.3,74.51,2.27,9.91
2026-08-20T15:00:00,Nuwara Eliya,15.8,80.13,0.19,8.46
2026-08-20T16:00:00,Nuwara Eliya,17.62,77.16,2.89,13.19
2026-08-20T17:00:00,Nuwara Eliya,16.98,79.78,1.75,11.13
2026-08-20T18:00:00,Nuwara Eliya,15.37,88.6,3.1,19.5
2026-08-20T19:00:00,Nuwara Eliya,16.43,95,4.02,20.26
2026-08-20T20:00:00,Nuwara Eliya,20.38,86.17,0.0,12.75
2026-08-20T21:00:00,Nuwara Eliya,20.61,78.47,0.0,15.06
2026-08-20T22:00:00,Nuwara Eliya,18.74,74.91,0.0,12.47
2026-08-20T23:00:00,Nuwara Eliya,16.94,83.35,0.08,13.78
2026-08-20T00:00:00,Kandy,24.42,66.41,0.34,9.85
2026-08-20T01:00:00,Kandy,23.37,67.38,0.0,14.01
2026-08-20T02:00:00,Kandy,24.62,69.31,0.0,13.73
2026-08-20T03:00:00,Kandy,21.73,77.99,0.0,19.3
2026-08-20T04:00:00,Kandy,21.12,83.04,0.89,11.21
2026-08-20T05:00:00,Kandy,18,83.17,0.0,8.96
2026-08-20T06:00:00,Kandy,18.26,83.16,0.0,13.25
2026-08-20T07:00:00,Kandy,26.71,73.27,0.0,11.33
2026-08-20T08:00:00,Kandy,18,88.77,1.71,15.51
2026-08-20T09:00:00,Kandy,19.01,75.14,1.35,11.84
2026-08-20T10:00:00,Kandy,18.51,75.99,0.59,10.62
2026-08-20T11:00:00,Kandy,22.06,79.41,0.8,13.34
2026-08-20T12:00:00,Kandy,24.54,56.46,0.0,14.79
2026-08-20T13:00:00,Kandy,20.42,64.13,0.0,17.6
2026-08-20T14:00:00,Kandy,24.1,60.49,0.0,18.15
2026-08-20T15:00:00,Kandy,20.88,67.76,0.0,12.35
2026-08-20T16:00:00,Kandy,19.37,68.66,0.0,11.59
2026-08-20T17:00:00,Kandy,24.49,71.85,0.4,13.19
2026-08-20T18:00:00,Kandy,23.49,76.59,0.0,14.74
2026-08-20T19:00:00,Kandy,27.24,68.35,0.0,9.59
2026-08-20T20:00:00,Kandy,24.36,78.03,0.0,14.56
2026-08-20T21:00:00,Kandy,25.67,71.09,0.0,17.9
2026-08-20T22:00:00,Kandy,22.97,73.98,1.47,7.19
2026-08-20T23:00:00,Kandy,22.51,72.49,0.0,9.08
2026-08-20T00:00:00,Ratnapura,29.6,78.34,0.0,16.64
2026-08-20T01:00:00,Ratnapura,27.04,83.82,5.1,12.87
2026-08-20T02:00:00,Ratnapura,23.15,72.93,0.51,12.2
2026-08-20T03:00:00,Ratnapura,27.58,82.53,2.71,8.65
2026-08-20T04:00:00,Ratnapura,27.32,78.49,0.0,7.5
2026-08-20T05:00:00,Ratnapura,25.22,76.68,0.0,20.34
2026-08-20T06:00:00,Ratnapura,26.87,98,3.93,13.19
2026-08-20T07:00:00,Ratnapura,24.8,76.65,0.0,23.01
2026-08-20T08:00:00,Ratnapura,22,84.6,0.0,12.22
2026-08-20T09:00:00,Ratnapura,30.15,72.17,0.31,10.75
2026-08-20T10:00:00,Ratnapura,23.94,77.87,0.0,13.84
2026-08-20T11:00:00,Ratnapura,27.26,73.18,0.0,5.49
2026-08-20T12:00:00,Ratnapura,26.85,65,0.66,7.44
2026-08-20T13:00:00,Ratnapura,29.18,66.27,0.0,11.44
2026-08-20T14:00:00,Ratnapura,26.84,65,0.0,8.94
2026-08-20T15:00:00,Ratnapura,28.88,76.48,5.31,13.19
2026-08-20T16:00:00,Ratnapura,30.79,65,0.0,12.21
2026-08-20T17:00:00,Ratnapura,28.12,84.22,9.9,7.82
2026-08-20T18:00:00,Ratnapura,32.4,73.81,4.23,12.64
2026-08-20T19:00:00,Ratnapura,30.4,76.48,3.23,15.2
2026-08-20T20:00:00,Ratnapura,32.16,70.58,0.0,14.54
2026-08-20T21:00:00,Ratnapura,29.71,71.9,0.0,8.36
2026-08-20T22:00:00,Ratnapura,32.34,78.82,2.06,10.17
2026-08-20T23:00:00,Ratnapura,31.32,71.44,0.0,15.39
2026-08-21T00:00:00,Nuwara Eliya,17.98,82.63,1.06,17.98
2026-08-21T01:00:00,Nuwara Eliya,16.12,89.68,2.86,15.65
2026-08-21T02:00:00,Nuwara Eliya,15.68,90.88,4.65,18.2
2026-08-21T03:00:00,Nuwara Eliya,15.47,77.02,0.0,13.89
2026-08-21T04:00:00,Nuwara Eliya,12.56,90.4,0.0,19.35
2026-08-21T05:00:00,Nuwara Eliya,14.56,95,10.01,21.38
2026-08-21T06:00:00,Nuwara Eliya,14.59,95,1.98,17.49
2026-08-21T07:00:00,Nuwara Eliya,10.73,92.54,0.26,11.51
2026-08-21T08:00:00,Nuwara Eliya,11.15,93.87,0.0,15.54
2026-08-21T09:00:00,Nuwara Eliya,14.07,83.54,0.0,12.32
2026-08-21T10:00:00,Nuwara Eliya,12.1,95,4.6,13.02
2026-08-21T11:00:00,Nuwara Eliya,13.15,90.32,1.04,15.28
2026-08-21T12:00:00,Nuwara Eliya,14.93,82.55,2.27,17.59
2026-08-21T13:00:00,Nuwara Eliya,11.61,79.98,0.0,11.96
2026-08-21T14:00:00,Nuwara Eliya,15.2,72.49,1.03,12.66
2026-08-21T15:00:00,Nuwara Eliya,15.32,76.65,0.0,12.39
2026-08-21T16:00:00,Nuwara Eliya,18.65,75.39,0.0,12.44
2026-08-21T17:00:00,Nuwara Eliya,20.37,74.55,0.0,18.34
2026-08-21T18:00:00,Nuwara Eliya,18.29,85.7,0.15,11.91
2026-08-21T19:00:00,Nuwara Eliya,18.5,82.67,0.0,16.33
2026-08-21T20:00:00,Nuwara Eliya,20.32,82.48,0.0,13.84
2026-08-21T21:00:00,Nuwara Eliya,16.96,88.4,5.59,10.84
2026-08-21T22:00:00,Nuwara Eliya,17.28,82.72,3.0,16.5
2026-08-21T23:00:00,Nuwara Eliya,19.98,76.34,0.0,14.03
2026-08-21T00:00:00,Kandy,24.26,79.65,2.58,21.31
2026-08-21T01:00:00,Kandy,24.25,72.2,0.0,17.03
2026-08-21T02:00:00,Kandy,24.92,78.76,2.79,12.32
2026-08-21T03:00:00,Kandy,25.06,66.29,0.0,14.84
2026-08-21T04:00:00,Kandy,23.51,82.95,2.0,13.26
2026-08-21T05:00:00,Kandy,21.3,81.54,1.38,15.34
2026-08-21T06:00:00,Kandy,24.17,76.14,0.0,12.5
2026-08-21T07:00:00,Kandy,20.67,85.52,5.43,13.6
2026-08-21T08:00:00,Kandy,20.48,89.24,0.0,14.32
2026-08-21T09:00:00,Kandy,21.91,71.84,0.0,18.25
2026-08-21T10:00:00,Kandy,19.95,73.95,0.0,9.0
2026-08-21T11:00:00,Kandy,22.72,72.95,0.79,14.81
2026-08-21T12:00:00,Kandy,19.06,66.31,0.0,10.49
2026-08-21T13:00:00,Kandy,22.21,64.91,0.0,8.41
2026-08-21T14:00:00,Kandy,21.13,65.22,0.0,13.23
2026-08-21T15:00:00,Kandy,22.61,62.12,0.0,12.22
2026-08-21T16:00:00,Kandy,24.81,61.04,0.45,13.68
2026-08-21T17:00:00,Kandy,25.3,78.12,4.21,15.32
2026-08-21T18:00:00,Kandy,25.55,67.13,0.0,10.56
2026-08-21T19:00:00,Kandy,24.5,70.64,1.68,13.48
2026-08-21T20:00:00,Kandy,24.96,69.35,0.0,13.17
2026-08-21T21:00:00,Kandy,26.64,69.14,0.0,3.45
2026-08-21T22:00:00,Kandy,25.51,69.13,1.23,12.43
2026-08-21T23:00:00,Kandy,23.33,66.07,0.0,16.49
2026-08-21T00:00:00,Ratnapura,30.26,72.71,0.0,14.52
2026-08-21T01:00:00,Ratnapura,25.76,71.6,0.04,18.09
2026-08-21T02:00:00,Ratnapura,25.43,81.97,4.68,15.48
2026-08-21T03:00:00,Ratnapura,31.65,75.13,3.24,13.98
2026-08-21T04:00:00,Ratnapura,24.3,89.93,4.31,15.24
2026-08-21T05:00:00,Ratnapura,25.95,93.85,3.76,16.31
2026-08-21T06:00:00,Ratnapura,25.45,90.88,2.35,16.69
2026-08-21T07:00:00,Ratnapura,22.9,81.4,0.0,14.48
2026-08-21T08:00:00,Ratnapura,23.21,97.16,3.93,16.08
2026-08-21T09:00:00,Ratnapura,24.1,82.36,1.17,9.22
2026-08-21T10:00:00,Ratnapura,24.99,77.23,0.0,13.43
2026-08-21T11:00:00,Ratnapura,27.37,74.85,0.0,15.43
2026-08-21T12:00:00,Ratnapura,24.55,65.65,0.0,12.42
2026-08-21T13:00:00,Ratnapura,24.89,68.33,0.0,16.04
2026-08-21T14:00:00,Ratnapura,25.39,79.44,6.36,10.75
2026-08-21T15:00:00,Ratnapura,28.77,70.99,5.46,9.02
2026-08-21T16:00:00,Ratnapura,25.54,70.08,0.0,12.07
2026-08-21T17:00:00,Ratnapura,32.44,69.46,0.0,14.81
2026-08-21T18:00:00,Ratnapura,30.36,72.77,0.0,10.32
2026-08-21T19:00:00,Ratnapura,33.31,65.07,0.0,11.95
2026-08-21T20:00:00,Ratnapura,31.96,76.75,0.0,11.31
2026-08-21T21:00:00,Ratnapura,29.09,76.32,1.27,12.93
2026-08-21T22:00:00,Ratnapura,33.03,80.1,0.0,10.91
2026-08-21T23:00:00,Ratnapura,26.05,75.38,0.38,14.27
2026-08-22T00:00:00,Nuwara Eliya,19.03,81.43,0.54,6.52
2026-08-22T01:00:00,Nuwara Eliya,17.44,81.21,2.15,10.96
2026-08-22T02:00:00,Nuwara Eliya,14.58,78.07,0.0,11.89
2026-08-22T03:00:00,Nuwara Eliya,12.37,84.72,4.44,22.13
2026-08-22T04:00:00,Nuwara Eliya,14.72,95,2.62,20.63
2026-08-22T05:00:00,Nuwara Eliya,14.33,91.66,2.64,18.91
2026-08-22T06:00:00,Nuwara Eliya,10.57,95,4.87,15.23
2026-08-22T07:00:00,Nuwara Eliya,11.64,95,0.77,17.25
2026-08-22T08:00:00,Nuwara Eliya,12.02,91.88,0.16,21.47
2026-08-22T09:00:00,Nuwara Eliya,14.91,81.47,5.23,14.68
2026-08-22T10:00:00,Nuwara Eliya,10.26,87.13,0.62,8.73
2026-08-22T11:00:00,Nuwara Eliya,16.05,85.16,1.27,15.7
2026-08-22T12:00:00,Nuwara Eliya,17.15,73.75,0.0,11.22
2026-08-22T13:00:00,Nuwara Eliya,15.37,79.31,0.0,12.89
2026-08-22T14:00:00,Nuwara Eliya,16.2,83.52,0.0,6.19
2026-08-22T15:00:00,Nuwara Eliya,11.81,88.95,3.79,10.44
2026-08-22T16:00:00,Nuwara Eliya,21.87,82.13,2.31,10.34
2026-08-22T17:00:00,Nuwara Eliya,18.56,79.68,0.0,13.26
2026-08-22T18:00:00,Nuwara Eliya,16.5,79.77,0.0,11.39
2026-08-22T19:00:00,Nuwara Eliya,19.68,84.54,0.0,14.06
2026-08-22T20:00:00,Nuwara Eliya,13.96,82.97,0.0,19.55
2026-08-22T21:00:00,Nuwara Eliya,19.46,80.98,0.0,12.49
2026-08-22T22:00:00,Nuwara Eliya,19.76,78.91,1.43,17.88
2026-08-22T23:00:00,Nuwara Eliya,19.77,82.63,0.0,10.39
2026-08-22T00:00:00,Kandy,23.38,72.38,0.84,11.17
2026-08-22T01:00:00,Kandy,20.6,83.1,11.67,15.22
2026-08-22T02:00:00,Kandy,22.66,70.45,1.08,9.87
2026-08-22T03:00:00,Kandy,21.95,80.53,3.0,10.76
2026-08-22T04:00:00,Kandy,22.94,69.63,0.11,3.52
2026-08-22T05:00:00,Kandy,19.74,83.01,0.82,12.43
2026-08-22T06:00:00,Kandy,18,84.9,0.94,12.53
2026-08-22T07:00:00,Kandy,18.95,79.84,0.03,13.82
2026-08-22T08:00:00,Kandy,19.83,83.63,2.52,14.39
2026-08-22T09:00:00,Kandy,20.54,71.42,0.0,13.68
2026-08-22T10:00:00,Kandy,23.27,73.51,0.0,9.52
2026-08-22T11:00:00,Kandy,19.71,73.75,0.0,14.0
2026-08-22T12:00:00,Kandy,22.08,64.35,1.48,6.58
2026-08-22T13:00:00,Kandy,20.18,72.42,0.38,20.43
2026-08-22T14:00:00,Kandy,22.87,62.37,0.0,9.61
2026-08-22T15:00:00,Kandy,24.76,66.32,0.0,13.92
2026-08-22T16:00:00,Kandy,24.36,65.85,0.0,7.48
2026-08-22T17:00:00,Kandy,24.9,68.64,0.0,15.63
2026-08-22T18:00:00,Kandy,23.65,71.27,0.0,13.58
2026-08-22T19:00:00,Kandy,25.04,79.87,0.0,16.28
2026-08-22T20:00:00,Kandy,28.08,61.51,0.76,11.96
2026-08-22T21:00:00,Kandy,25.06,70.93,3.95,11.39
2026-08-22T22:00:00,Kandy,27.54,71.88,0.0,17.26
2026-08-22T23:00:00,Kandy,22.2,71.93,0.0,15.74
2026-08-22T00:00:00,Ratnapura,32.32,69.58,0.0,13.25
2026-08-22T01:00:00,Ratnapura,25.41,77.48,0.0,11.07
2026-08-22T02:00:00,Ratnapura,25.38,87.37,5.04,17.98
2026-08-22T03:00:00,Ratnapura,32.31,73.1,0.53,10.52
2026-08-22T04:00:00,Ratnapura,28.16,85.58,0.16,11.69
2026-08-22T05:00:00,Ratnapura,26.59,84.42,3.46,13.44
2026-08-22T06:00:00,Ratnapura,26.41,88.4,0.0,9.79
2026-08-22T07:00:00,Ratnapura,25.14,91.88,4.5,23.8
2026-08-22T08:00:00,Ratnapura,22,98,15.69,23.45
2026-08-22T09:00:00,Ratnapura,24.66,82.47,0.0,15.16
2026-08-22T10:00:00,Ratnapura,24.92,81.93,0.0,10.54
2026-08-22T11:00:00,Ratnapura,25.96,70.42,0.0,13.15
2026-08-22T12:00:00,Ratnapura,28.63,69.28,0.0,10.94
2026-08-22T13:00:00,Ratnapura,26.44,69.03,0.0,9.01
2026-08-22T14:00:00,Ratnapura,31.89,65,0.0,10.67
2026-08-22T15:00:00,Ratnapura,30.02,67.75,0.0,10.52
2026-08-22T16:00:00,Ratnapura,29.76,85.4,2.99,13.1
2026-08-22T17:00:00,Ratnapura,27.01,78.84,0.0,10.32
2026-08-22T18:00:00,Ratnapura,33.72,66.6,0.0,8.21
2026-08-22T19:00:00,Ratnapura,28.89,76.97,0.0,12.74
2026-08-22T20:00:00,Ratnapura,32.16,71.49,1.27,13.31
2026-08-22T21:00:00,Ratnapura,31.97,77.34,0.0,19.62
2026-08-22T22:00:00,Ratnapura,30.06,75.95,1.32,15.63
2026-08-22T23:00:00,Ratnapura,31.92,65,0.0,9.31
2026-08-23T00:00:00,Nuwara Eliya,16.06,83.32,3.47,9.22
2026-08-23T01:00:00,Nuwara Eliya,16.6,80.45,0.0,7.08
2026-08-23T02:00:00,Nuwara Eliya,16.64,83.07,0.0,14.25
2026-08-23T03:00:00,Nuwara Eliya,18.11,72.93,0.0,18.51
2026-08-23T04:00:00,Nuwara Eliya,12.07,91.17,0.0,12.15
2026-08-23T05:00:00,Nuwara Eliya,10,95,0.36,17.34
2026-08-23T06:00:00,Nuwara Eliya,10.13,95,9.17,14.14
2026-08-23T07:00:00,Nuwara Eliya,12.37,84.84,0.14,16.07
2026-08-23T08:00:00,Nuwara Eliya,11.8,95,5.53,18.08
2026-08-23T09:00:00,Nuwara Eliya,12.94,84.87,1.11,3.79
2026-08-23T10:00:00,Nuwara Eliya,14.62,86.04,0.43,15.13
2026-08-23T11:00:00,Nuwara Eliya,14.65,83.73,0.0,9.18
2026-08-23T12:00:00,Nuwara Eliya,13.14,75.05,0.03,15.53
2026-08-23T13:00:00,Nuwara Eliya,13.19,73.23,0.0,11.51
2026-08-23T14:00:00,Nuwara Eliya,12.45,75.59,0.0,9.1
2026-08-23T15:00:00,Nuwara Eliya,13.74,78.35,0.0,14.92
2026-08-23T16:00:00,Nuwara Eliya,15.2,70.26,0.46,16.87
2026-08-23T17:00:00,Nuwara Eliya,16.67,88.82,2.45,17.91
2026-08-23T18:00:00,Nuwara Eliya,18.42,81.57,0.92,15.8
2026-08-23T19:00:00,Nuwara Eliya,16.32,79.51,0.0,16.87
2026-08-23T20:00:00,Nuwara Eliya,22.29,76.96,0.0,13.33
2026-08-23T21:00:00,Nuwara Eliya,21.29,82.31,0.0,8.34
2026-08-23T22:00:00,Nuwara Eliya,22.05,83.8,2.38,13.23
2026-08-23T23:00:00,Nuwara Eliya,16.47,88.33,4.84,12.74
2026-08-23T00:00:00,Kandy,24.04,70.77,0.0,14.63
2026-08-23T01:00:00,Kandy,25.72,68.3,0.0,13.09
2026-08-23T02:00:00,Kandy,24.01,73.89,0.0,16.36
2026-08-23T03:00:00,Kandy,24.12,73.84,0.0,10.55
2026-08-23T04:00:00,Kandy,23.4,76.73,0.0,11.52
2026-08-23T05:00:00,Kandy,20.65,90,3.92,20.85
2026-08-23T06:00:00,Kandy,20.21,75.28,0.43,15.29
2026-08-23T07:00:00,Kandy,18,82.48,1.48,6.89
2026-08-23T08:00:00,Kandy,20.65,89.22,4.06,16.88
2026-08-23T09:00:00,Kandy,19.47,76.17,0.0,16.03
2026-08-23T10:00:00,Kandy,18.75,76.07,2.2,14.67
2026-08-23T11:00:00,Kandy,19.59,75.91,0.17,10.9
2026-08-23T12:00:00,Kandy,21.31,64.87,0.0,15.34
2026-08-23T13:00:00,Kandy,23.81,58.37,0.0,11.19
2026-08-23T14:00:00,Kandy,20.29,70.38,0.0,7.72
2026-08-23T15:00:00,Kandy,25.18,63.39,0.0,12.0
2026-08-23T16:00:00,Kandy,22.71,60.06,0.0,10.37
2026-08-23T17:00:00,Kandy,23.09,66.84,0.0,12.5
2026-08-23T18:00:00,Kandy,26.99,70.91,0.0,6.75
2026-08-23T19:00:00,Kandy,26.12,78.08,1.53,17.71
2026-08-23T20:00:00,Kandy,24.56,68.5,0.0,8.14
2026-08-23T21:00:00,Kandy,20.48,78.95,0.0,15.27
2026-08-23T22:00:00,Kandy,21.57,72.7,0.0,10.7
2026-08-23T23:00:00,Kandy,21.78,74.69,0.0,16.0
2026-08-23T00:00:00,Ratnapura,27.02,68.79,0.0,3.16
2026-08-23T01:00:00,Ratnapura,26.1,80.51,2.99,11.31
2026-08-23T02:00:00,Ratnapura,28.36,80.18,0.0,11.01
2026-08-23T03:00:00,Ratnapura,24.96,81.52,0.0,16.86
2026-08-23T04:00:00,Ratnapura,23.01,91.06,4.26,25.46
2026-08-23T05:00:00,Ratnapura,29.73,74.14,0.0,10.07
2026-08-23T06:00:00,Ratnapura,22.74,85.63,0.0,13.78
2026-08-23T07:00:00,Ratnapura,22.37,85.72,0.07,12.26
2026-08-23T08:00:00,Ratnapura,26.21,79.86,0.0,13.55
2026-08-23T09:00:00,Ratnapura,24.33,73.71,0.7,11.76
2026-08-23T10:00:00,Ratnapura,28.39,82.33,2.4,1.09
2026-08-23T11:00:00,Ratnapura,28.26,80.95,0.74,8.78
2026-08-23T12:00:00,Ratnapura,25.23,76.71,0.46,10.55
2026-08-23T13:00:00,Ratnapura,25.77,74.04,0.0,14.52
2026-08-23T14:00:00,Ratnapura,27.7,65,0.0,9.86
2026-08-23T15:00:00,Ratnapura,30.53,65,0.0,10.41
2026-08-23T16:00:00,Ratnapura,28.88,81.69,5.78,16.56
2026-08-23T17:00:00,Ratnapura,27.87,72.58,0.0,7.23
2026-08-23T18:00:00,Ratnapura,29.22,74.71,0.0,10.48
2026-08-23T19:00:00,Ratnapura,31.94,70.8,0.0,12.32
2026-08-23T20:00:00,Ratnapura,30.86,68.35,0.0,8.52
2026-08-23T21:00:00,Ratnapura,30.8,68.78,0.0,7.28
2026-08-23T22:00:00,Ratnapura,31.58,65,0.0,15.33
2026-08-23T23:00:00,Ratnapura,32.81,71.0,0.0,15.5
